"date.value","campaign.id","adProduct.value","metric.totalCost","budgetCurrency.value"
"2026-04-21","224639482376841","Sponsored Products","1.23","USD"
"2026-04-18","55109131448748","Sponsored Products","0.00","USD"
"2026-04-02","141648422510979","Sponsored Products","0.00","USD"
"2026-04-23","48433117829801","Sponsored Products","1.53","USD"
"2026-04-27","140453739775668","Sponsored Products","0.00","USD"
"2026-04-30","272711015971799","Sponsored Products","3.47","USD"
"2026-04-05","153491409585454","Sponsored Products","0.00","USD"
"2026-04-05","259323671730401","Sponsored Products","6.12","USD"
"2026-04-01","81320226496883","Sponsored Products","0.00","USD"
"2026-04-09","243504419948461","Sponsored Products","0.00","USD"
"2026-04-29","203521351461363","Sponsored Products","0.00","USD"
"2026-04-17","452065263384491","Sponsored Brands","0.90","USD"
"2026-04-20","177040838827269","Sponsored Products","0.00","CAD"
"2026-04-27","116965962095342","Sponsored Products","0.00","USD"
"2026-04-28","31806545713281","Sponsored Products","0.00","CAD"
"2026-04-30","42141939819441","Sponsored Products","0.00","USD"
"2026-04-16","22515666501366","Sponsored Products","0.00","USD"
"2026-04-16","215176800738804","Sponsored Products","0.00","USD"
"2026-04-19","207367106415924","Sponsored Products","21.19","GBP"
"2026-04-01","495677195822245","Sponsored Brands","2.21","USD"
"2026-04-28","254109808305934","Sponsored Products","1.46","USD"
"2026-04-24","30179169319725","Sponsored Products","5.90","AUD"
"2026-04-19","120274159023818","Sponsored Products","0.00","USD"
"2026-04-23","202228555422966","Sponsored Products","0.00","USD"
"2026-04-22","7858512618685","Sponsored Products","0.00","CAD"
"2026-04-25","239175797857758","Sponsored Products","0.76","USD"
"2026-04-08","158724595401869","Sponsored Products","0.00","USD"
"2026-04-22","259323671730401","Sponsored Products","9.94","USD"
"2026-04-06","284096201830626","Sponsored Display","0.01","USD"
"2026-04-13","61837188685116","Sponsored Products","0.00","USD"
"2026-04-27","82064097659476","Sponsored Products","4.53","USD"
"2026-04-24","263026275901184","Sponsored Products","0.00","USD"
"2026-04-16","152555236474228","Sponsored Products","0.00","USD"
"2026-04-17","120274159023818","Sponsored Products","0.00","USD"
"2026-04-23","215176800738804","Sponsored Products","1.14","USD"
"2026-04-11","271002646812055","Sponsored Products","0.00","USD"
"2026-04-09","61090477012622","Sponsored Products","0.00","USD"
"2026-04-23","121312597844930","Sponsored Products","0.00","CAD"
"2026-04-04","140453739775668","Sponsored Products","0.00","USD"
"2026-04-21","267283875717235","Sponsored Products","1.04","USD"
"2026-04-28","198809778193730","Sponsored Products","48.68","USD"
"2026-04-28","121559999896526","Sponsored Products","0.59","CAD"
"2026-04-09","175777768252798","Sponsored Products","0.00","USD"
"2026-04-17","261659564571062","Sponsored Products","0.00","USD"
"2026-04-13","204544178017947","Sponsored Products","0.00","USD"
"2026-04-28","380662946968621","Sponsored Display","0.13","USD"
"2026-04-14","455688132780953","Sponsored Brands","0.00","USD"
"2026-04-23","138135222992233","Sponsored Products","0.00","USD"
"2026-04-07","269935586939823","Sponsored Products","6.97","CAD"
"2026-04-21","162781488442631","Sponsored Products","0.00","CAD"
"2026-04-19","141552428309171","Sponsored Products","16.33","USD"
"2026-04-15","269935586939823","Sponsored Products","1.13","CAD"
"2026-04-25","455100983218716","Sponsored Brands","5.40","USD"
"2026-04-02","186804517918072","Sponsored Products","1.56","USD"
"2026-04-11","210638600694486","Sponsored Products","0.53","USD"
"2026-04-01","434170639918769","Sponsored Brands","2.41","USD"
"2026-04-04","115758363210245","Sponsored Products","1.18","USD"
"2026-04-10","82064097659476","Sponsored Products","1.92","USD"
"2026-04-18","205922105032655","Sponsored Products","0.00","USD"
"2026-04-04","495677195822245","Sponsored Brands","0.00","USD"
"2026-04-05","152555236474228","Sponsored Products","0.00","USD"
"2026-04-09","115758363210245","Sponsored Products","4.46","USD"
"2026-04-17","1861066386589","Sponsored Products","0.00","USD"
"2026-04-17","276797522102375","Sponsored Products","2.21","USD"
"2026-04-04","83677388471868","Sponsored Products","0.00","USD"
"2026-04-29","128770506922317","Sponsored Products","4.41","USD"
"2026-04-21","39061317933304","Sponsored Products","0.00","USD"
"2026-04-28","160686618044289","Sponsored Products","2.90","CAD"
"2026-04-20","124202126398060","Sponsored Products","0.39","USD"
"2026-04-03","452065263384491","Sponsored Brands","0.67","USD"
"2026-04-25","1069464513580","Sponsored Products","0.00","USD"
"2026-04-08","407444835513369","Sponsored Brands","0.00","CAD"
"2026-04-23","108717111045331","Sponsored Products","2.72","CAD"
"2026-04-01","560000811916391","Sponsored Brands","4.57","USD"
"2026-04-29","145958940968220","Sponsored Products","0.00","USD"
"2026-04-20","219243809439026","Sponsored Products","0.00","CAD"
"2026-04-07","241960271286519","Sponsored Products","0.00","USD"
"2026-04-07","96060745446945","Sponsored Products","0.00","USD"
"2026-04-29","8347630917879","Sponsored Products","10.14","USD"
"2026-04-01","28565058702355","Sponsored Products","0.00","USD"
"2026-04-30","113130631865997","Sponsored Products","0.00","CAD"
"2026-04-14","203521351461363","Sponsored Products","0.58","USD"
"2026-04-17","245335884201020","Sponsored Products","0.00","USD"
"2026-04-29","262727752997615","Sponsored Products","0.00","USD"
"2026-04-02","495677195822245","Sponsored Brands","0.47","USD"
"2026-04-21","1861066386589","Sponsored Products","0.00","USD"
"2026-04-27","452065263384491","Sponsored Brands","4.96","USD"
"2026-04-22","239772993878028","Sponsored Products","0.00","USD"
"2026-04-30","173362871105297","Sponsored Products","0.00","USD"
"2026-04-16","263531397076178","Sponsored Products","0.00","USD"
"2026-04-29","9627520751858","Sponsored Products","0.00","USD"
"2026-04-28","357384467879967","Sponsored Brands","4.50","USD"
"2026-04-18","194838680698310","Sponsored Products","0.00","USD"
"2026-04-22","271002646812055","Sponsored Products","0.00","USD"
"2026-04-09","259323671730401","Sponsored Products","0.00","USD"
"2026-04-18","515637010546761","Sponsored Brands","5.61","USD"
"2026-04-30","65861573413220","Sponsored Products","0.00","USD"
"2026-04-01","174719285602701","Sponsored Products","0.00","USD"
"2026-04-15","101459965063202","Sponsored Products","2.79","USD"
"2026-04-26","28565058702355","Sponsored Products","0.00","USD"
"2026-04-13","154085784178560","Sponsored Products","3.65","USD"
"2026-04-28","72921898703277","Sponsored Products","0.00","USD"
"2026-04-23","116965962095342","Sponsored Products","0.00","USD"
"2026-04-22","238790977416237","Sponsored Products","0.00","USD"
"2026-04-01","96060745446945","Sponsored Products","0.00","USD"
"2026-04-14","216925562826343","Sponsored Products","0.36","USD"
"2026-04-13","188545556962991","Sponsored Products","0.00","USD"
"2026-04-25","116965962095342","Sponsored Products","0.00","USD"
"2026-04-28","173362871105297","Sponsored Products","0.00","USD"
"2026-04-18","259323671730401","Sponsored Products","3.29","USD"
"2026-04-24","455688132780953","Sponsored Brands","0.00","USD"
"2026-04-12","452065263384491","Sponsored Brands","0.92","USD"
"2026-04-22","48758698369103","Sponsored Products","4.65","USD"
"2026-04-22","67855357390881","Sponsored Products","0.00","USD"
"2026-04-16","142436966717939","Sponsored Products","3.73","USD"
"2026-04-17","11588448157956","Sponsored Products","0.00","USD"
"2026-04-21","102825844325514","Sponsored Products","0.00","USD"
"2026-04-03","539931100075119","Sponsored Brands","2.03","USD"
"2026-04-20","291680855614624","Sponsored Brands","1.38","GBP"
"2026-04-24","101459965063202","Sponsored Products","1.60","USD"
"2026-04-23","56338703455249","Sponsored Products","0.85","USD"
"2026-04-30","154085784178560","Sponsored Products","0.00","USD"
"2026-04-06","199698435439447","Sponsored Products","0.00","USD"
"2026-04-07","194838680698310","Sponsored Products","0.00","USD"
"2026-04-28","118760086623663","Sponsored Products","0.00","USD"
"2026-04-21","72921898703277","Sponsored Products","0.00","USD"
"2026-04-26","31806545713281","Sponsored Products","0.82","CAD"
"2026-04-27","102825844325514","Sponsored Products","0.00","USD"
"2026-04-30","8347630917879","Sponsored Products","1.98","USD"
"2026-04-14","207367106415924","Sponsored Products","26.37","GBP"
"2026-04-03","54673378227395","Sponsored Products","0.00","USD"
"2026-04-06","261580610725925","Sponsored Products","1.67","AUD"
"2026-04-13","271780514756108","Sponsored Products","0.00","USD"
"2026-04-02","243038183553247","Sponsored Products","0.00","USD"
"2026-04-05","452065263384491","Sponsored Brands","0.91","USD"
"2026-04-01","241960271286519","Sponsored Products","0.00","USD"
"2026-04-26","113013759920940","Sponsored Products","0.00","USD"
"2026-04-02","14582572617569","Sponsored Products","0.00","USD"
"2026-04-02","102474552529229","Sponsored Products","0.00","USD"
"2026-04-05","19228716944861","Sponsored Products","0.00","USD"
"2026-04-17","192420944790293","Sponsored Products","0.66","GBP"
"2026-04-10","199076365376964","Sponsored Products","0.00","USD"
"2026-04-28","176992507771254","Sponsored Products","0.54","USD"
"2026-04-14","560000811916391","Sponsored Brands","4.62","USD"
"2026-04-22","38682977693457","Sponsored Products","0.00","USD"
"2026-04-05","11588448157956","Sponsored Products","1.87","USD"
"2026-04-16","116575981038290","Sponsored Products","0.00","USD"
"2026-04-19","168803396873792","Sponsored Products","0.00","USD"
"2026-04-04","515637010546761","Sponsored Brands","1.19","USD"
"2026-04-11","243038183553247","Sponsored Products","0.00","USD"
"2026-04-16","3690623984567","Sponsored Products","0.00","USD"
"2026-04-12","245503802057093","Sponsored Products","0.00","USD"
"2026-04-27","97079585612330","Sponsored Products","1.60","USD"
"2026-04-28","9570951337154","Sponsored Products","1.32","CAD"
"2026-04-20","272711015971799","Sponsored Products","1.25","USD"
"2026-04-22","11689270553056","Sponsored Products","11.43","CAD"
"2026-04-25","194512325763287","Sponsored Products","0.00","USD"
"2026-04-12","141552428309171","Sponsored Products","9.58","USD"
"2026-04-03","83042096012825","Sponsored Products","0.00","USD"
"2026-04-05","121446500477002","Sponsored Products","0.00","USD"
"2026-04-07","272711015971799","Sponsored Products","0.00","USD"
"2026-04-29","539931100075119","Sponsored Brands","0.44","USD"
"2026-04-29","213530912619228","Sponsored Products","0.00","USD"
"2026-04-08","172779439196738","Sponsored Products","0.00","USD"
"2026-04-11","271780514756108","Sponsored Products","1.90","USD"
"2026-04-10","199698435439447","Sponsored Products","0.00","USD"
"2026-04-28","94943402078065","Sponsored Products","0.36","CAD"
"2026-04-14","153491409585454","Sponsored Products","1.33","USD"
"2026-04-17","54386198712419","Sponsored Products","0.00","USD"
"2026-04-07","203521351461363","Sponsored Products","0.00","USD"
"2026-04-19","245335884201020","Sponsored Products","0.00","USD"
"2026-04-15","186804517918072","Sponsored Products","0.00","USD"
"2026-04-02","39061317933304","Sponsored Products","0.00","USD"
"2026-04-23","245335884201020","Sponsored Products","0.00","USD"
"2026-04-15","83042096012825","Sponsored Products","0.00","USD"
"2026-04-25","113013759920940","Sponsored Products","0.00","USD"
"2026-04-19","178714420604320","Sponsored Products","0.00","USD"
"2026-04-28","186804517918072","Sponsored Products","0.00","USD"
"2026-04-01","206968068657618","Sponsored Products","0.00","USD"
"2026-04-16","149818563042691","Sponsored Products","4.11","USD"
"2026-04-17","130912331972988","Sponsored Products","1.19","USD"
"2026-04-25","115764500761375","Sponsored Products","0.00","USD"
"2026-04-10","204544178017947","Sponsored Products","0.00","USD"
"2026-04-11","380662946968621","Sponsored Display","0.00","USD"
"2026-04-22","189380234928822","Sponsored Products","0.00","USD"
"2026-04-08","560000811916391","Sponsored Brands","5.79","USD"
"2026-04-02","154118694541854","Sponsored Products","0.00","USD"
"2026-04-26","123968831058562","Sponsored Products","0.00","CAD"
"2026-04-11","2514549308563","Sponsored Products","0.00","USD"
"2026-04-17","281024885672869","Sponsored Products","0.00","USD"
"2026-04-20","243038183553247","Sponsored Products","0.00","USD"
"2026-04-07","54673378227395","Sponsored Products","0.00","USD"
"2026-04-11","452065263384491","Sponsored Brands","1.32","USD"
"2026-04-28","11588448157956","Sponsored Products","0.57","USD"
"2026-04-30","206968068657618","Sponsored Products","0.00","USD"
"2026-04-24","219243809439026","Sponsored Products","0.00","CAD"
"2026-04-29","61503627186513","Sponsored Products","0.00","USD"
"2026-04-12","188279469264899","Sponsored Products","0.43","USD"
"2026-04-23","259323671730401","Sponsored Products","4.97","USD"
"2026-04-04","2514549308563","Sponsored Products","0.00","USD"
"2026-04-20","97079585612330","Sponsored Products","0.00","USD"
"2026-04-20","263531397076178","Sponsored Products","0.00","USD"
"2026-04-07","121446500477002","Sponsored Products","0.00","USD"
"2026-04-25","56338703455249","Sponsored Products","0.00","USD"
"2026-04-27","303344079444236","Sponsored Brands","0.00","GBP"
"2026-04-10","101965336081409","Sponsored Products","0.00","USD"
"2026-04-22","156285188540724","Sponsored Products","3.03","USD"
"2026-04-30","56338703455249","Sponsored Products","0.61","USD"
"2026-04-29","141648422510979","Sponsored Products","0.00","USD"
"2026-04-25","224639482376841","Sponsored Products","0.00","USD"
"2026-04-19","560000811916391","Sponsored Brands","2.56","USD"
"2026-04-28","239175797857758","Sponsored Products","0.00","USD"
"2026-04-01","101965336081409","Sponsored Products","0.00","USD"
"2026-04-20","192968792078402","Sponsored Products","0.00","USD"
"2026-04-25","147738393779477","Sponsored Products","14.74","USD"
"2026-04-08","55109131448748","Sponsored Products","0.00","USD"
"2026-04-30","203903826395","Sponsored Products","0.00","USD"
"2026-04-17","189380234928822","Sponsored Products","0.00","USD"
"2026-04-28","261580610725925","Sponsored Products","3.56","AUD"
"2026-04-22","346023186686134","Sponsored Brands","0.00","USD"
"2026-04-30","186804517918072","Sponsored Products","4.80","USD"
"2026-04-01","189380234928822","Sponsored Products","0.98","USD"
"2026-04-01","77231525415892","Sponsored Products","0.55","USD"
"2026-04-29","276488907454289","Sponsored Products","1.27","USD"
"2026-04-19","34478632960968","Sponsored Products","0.00","USD"
"2026-04-28","93539819506468","Sponsored Products","0.00","USD"
"2026-04-23","434170639918769","Sponsored Brands","0.00","USD"
"2026-04-23","276797522102375","Sponsored Products","14.32","USD"
"2026-04-15","267283875717235","Sponsored Products","0.56","USD"
"2026-04-26","3690623984567","Sponsored Products","0.00","USD"
"2026-04-16","116154511455108","Sponsored Products","0.00","GBP"
"2026-04-17","8078369968995","Sponsored Products","0.50","USD"
"2026-04-29","185646462591669","Sponsored Products","1.05","USD"
"2026-04-13","271002646812055","Sponsored Products","0.00","USD"
"2026-04-22","245335884201020","Sponsored Products","1.19","USD"
"2026-04-09","245335884201020","Sponsored Products","0.00","USD"
"2026-04-02","346023186686134","Sponsored Brands","0.00","USD"
"2026-04-27","192968792078402","Sponsored Products","3.16","USD"
"2026-04-21","2414736156339","Sponsored Products","0.00","USD"
"2026-04-16","81320226496883","Sponsored Products","0.00","USD"
"2026-04-16","65192845861072","Sponsored Products","0.45","USD"
"2026-04-17","116575981038290","Sponsored Products","2.09","USD"
"2026-04-23","239772993878028","Sponsored Products","0.00","USD"
"2026-04-22","48192245895031","Sponsored Products","0.00","USD"
"2026-04-16","133243849204741","Sponsored Products","0.00","USD"
"2026-04-17","280513164622908","Sponsored Products","0.77","USD"
"2026-04-06","101965336081409","Sponsored Products","4.71","USD"
"2026-04-06","48433117829801","Sponsored Products","0.46","USD"
"2026-04-22","267283875717235","Sponsored Products","0.00","USD"
"2026-04-16","50912117972815","Sponsored Products","2.51","USD"
"2026-04-13","72921898703277","Sponsored Products","0.00","USD"
"2026-04-17","357384467879967","Sponsored Brands","0.00","USD"
"2026-04-12","28565058702355","Sponsored Products","2.58","USD"
"2026-04-22","28565058702355","Sponsored Products","4.83","USD"
"2026-04-04","185646462591669","Sponsored Products","0.00","USD"
"2026-04-06","118760086623663","Sponsored Products","0.00","USD"
"2026-04-25","205764417979436","Sponsored Products","0.00","USD"
"2026-04-25","32571611634774","Sponsored Products","0.00","USD"
"2026-04-28","132476300811824","Sponsored Products","11.53","CAD"
"2026-04-08","269935586939823","Sponsored Products","7.13","CAD"
"2026-04-21","15212099085836","Sponsored Products","0.00","USD"
"2026-04-27","81320226496883","Sponsored Products","0.00","USD"
"2026-04-01","245503802057093","Sponsored Products","0.00","USD"
"2026-04-14","202228555422966","Sponsored Products","0.00","USD"
"2026-04-28","158724595401869","Sponsored Products","0.00","USD"
"2026-04-02","218351835233699","Sponsored Products","1.80","GBP"
"2026-04-13","141648422510979","Sponsored Products","0.00","USD"
"2026-04-08","281235849108344","Sponsored Products","2.01","USD"
"2026-04-20","42141939819441","Sponsored Products","0.68","USD"
"2026-04-19","205764417979436","Sponsored Products","2.29","USD"
"2026-04-10","133243849204741","Sponsored Products","0.00","USD"
"2026-04-27","179014488125547","Sponsored Products","2.58","USD"
"2026-04-11","77231525415892","Sponsored Products","0.00","USD"
"2026-04-11","239175797857758","Sponsored Products","0.00","USD"
"2026-04-17","239175797857758","Sponsored Products","0.00","USD"
"2026-04-29","96060745446945","Sponsored Products","0.00","USD"
"2026-04-28","27661898820374","Sponsored Products","0.00","USD"
"2026-04-12","94121140300347","Sponsored Products","0.45","USD"
"2026-04-03","141648422510979","Sponsored Products","0.00","USD"
"2026-04-16","153491409585454","Sponsored Products","0.00","USD"
"2026-04-05","2514549308563","Sponsored Products","0.00","USD"
"2026-04-05","96060745446945","Sponsored Products","0.00","USD"
"2026-04-21","189380234928822","Sponsored Products","0.00","USD"
"2026-04-25","515637010546761","Sponsored Brands","4.59","USD"
"2026-04-22","61837188685116","Sponsored Products","3.20","USD"
"2026-04-24","1069464513580","Sponsored Products","1.32","USD"
"2026-04-01","441925918527435","Sponsored Brands","5.70","USD"
"2026-04-01","48758698369103","Sponsored Products","5.77","USD"
"2026-04-18","154118694541854","Sponsored Products","0.80","USD"
"2026-04-22","192420944790293","Sponsored Products","1.14","GBP"
"2026-04-15","250087227199112","Sponsored Products","0.00","GBP"
"2026-04-05","77231525415892","Sponsored Products","0.00","USD"
"2026-04-20","116154511455108","Sponsored Products","0.00","GBP"
"2026-04-29","142436966717939","Sponsored Products","1.39","USD"
"2026-04-06","81320226496883","Sponsored Products","0.00","USD"
"2026-04-19","18193170148935","Sponsored Products","0.43","USD"
"2026-04-23","77231525415892","Sponsored Products","0.00","USD"
"2026-04-22","271780514756108","Sponsored Products","0.00","USD"
"2026-04-01","82064097659476","Sponsored Products","8.05","USD"
"2026-04-20","121446500477002","Sponsored Products","0.62","USD"
"2026-04-08","194838680698310","Sponsored Products","0.00","USD"
"2026-04-03","81320226496883","Sponsored Products","0.00","USD"
"2026-04-04","116154511455108","Sponsored Products","0.00","GBP"
"2026-04-08","243038183553247","Sponsored Products","0.00","USD"
"2026-04-01","198809778193730","Sponsored Products","38.67","USD"
"2026-04-28","276797522102375","Sponsored Products","3.15","USD"
"2026-04-27","126638359335345","Sponsored Products","17.03","USD"
"2026-04-30","121446500477002","Sponsored Products","0.00","USD"
"2026-04-20","241960271286519","Sponsored Products","0.00","USD"
"2026-04-07","154118694541854","Sponsored Products","0.00","USD"
"2026-04-29","56338703455249","Sponsored Products","0.00","USD"
"2026-04-28","224639482376841","Sponsored Products","0.00","USD"
"2026-04-12","133846876580591","Sponsored Products","0.00","USD"
"2026-04-04","39061317933304","Sponsored Products","0.00","USD"
"2026-04-18","140453739775668","Sponsored Products","0.00","USD"
"2026-04-12","194512325763287","Sponsored Products","0.00","USD"
"2026-04-20","102692108916415","Sponsored Products","0.00","USD"
"2026-04-19","495677195822245","Sponsored Brands","0.58","USD"
"2026-04-27","71761066879367","Sponsored Products","0.00","USD"
"2026-04-28","124202126398060","Sponsored Products","0.00","USD"
"2026-04-24","452065263384491","Sponsored Brands","0.96","USD"
"2026-04-23","128770506922317","Sponsored Products","0.93","USD"
"2026-04-07","413308568322873","Sponsored Brands","1.22","USD"
"2026-04-13","178714420604320","Sponsored Products","0.00","USD"
"2026-04-25","243204708497477","Sponsored Products","0.00","USD"
"2026-04-19","121446500477002","Sponsored Products","0.53","USD"
"2026-04-03","153491409585454","Sponsored Products","2.46","USD"
"2026-04-15","276797522102375","Sponsored Products","1.69","USD"
"2026-04-21","188545556962991","Sponsored Products","0.00","USD"
"2026-04-09","452065263384491","Sponsored Brands","1.46","USD"
"2026-04-18","560000811916391","Sponsored Brands","0.76","USD"
"2026-04-27","142436966717939","Sponsored Products","0.00","USD"
"2026-04-11","170402912830961","Sponsored Products","0.00","USD"
"2026-04-01","116154511455108","Sponsored Products","0.78","GBP"
"2026-04-24","241960271286519","Sponsored Products","0.00","USD"
"2026-04-14","65192845861072","Sponsored Products","0.00","USD"
"2026-04-13","280513164622908","Sponsored Products","0.00","USD"
"2026-04-28","102825844325514","Sponsored Products","0.00","USD"
"2026-04-27","93539819506468","Sponsored Products","0.00","USD"
"2026-04-13","380662946968621","Sponsored Display","0.01","USD"
"2026-04-25","14582572617569","Sponsored Products","2.76","USD"
"2026-04-12","225946958740637","Sponsored Products","0.00","USD"
"2026-04-11","130912331972988","Sponsored Products","1.70","USD"
"2026-04-22","185646462591669","Sponsored Products","0.00","USD"
"2026-04-30","216925562826343","Sponsored Products","0.57","USD"
"2026-04-01","156989235380210","Sponsored Products","228.14","USD"
"2026-04-26","140453739775668","Sponsored Products","0.00","USD"
"2026-04-19","116575981038290","Sponsored Products","0.00","USD"
"2026-04-26","192968792078402","Sponsored Products","0.00","USD"
"2026-04-29","495677195822245","Sponsored Brands","0.00","USD"
"2026-04-03","276797522102375","Sponsored Products","1.17","USD"
"2026-04-09","239677460933975","Sponsored Products","0.56","USD"
"2026-04-28","7858512618685","Sponsored Products","3.57","CAD"
"2026-04-05","174719285602701","Sponsored Products","0.00","USD"
"2026-04-05","225946958740637","Sponsored Products","0.00","USD"
"2026-04-01","263531397076178","Sponsored Products","0.97","USD"
"2026-04-11","176992507771254","Sponsored Products","2.65","USD"
"2026-04-18","262727752997615","Sponsored Products","0.00","USD"
"2026-04-08","103686525154537","Sponsored Products","0.00","GBP"
"2026-04-26","138135222992233","Sponsored Products","0.00","USD"
"2026-04-07","560000811916391","Sponsored Brands","3.01","USD"
"2026-04-18","168803396873792","Sponsored Products","0.18","USD"
"2026-04-01","40237294180920","Sponsored Products","0.00","USD"
"2026-04-15","1861066386589","Sponsored Products","0.00","USD"
"2026-04-18","303344079444236","Sponsored Brands","0.39","GBP"
"2026-04-19","132476300811824","Sponsored Products","7.16","CAD"
"2026-04-18","172779439196738","Sponsored Products","0.00","USD"
"2026-04-03","156285188540724","Sponsored Products","1.34","USD"
"2026-04-03","174719285602701","Sponsored Products","0.00","USD"
"2026-04-23","271002646812055","Sponsored Products","0.00","USD"
"2026-04-14","296615200458181","Sponsored Brands","11.84","USD"
"2026-04-22","216925562826343","Sponsored Products","0.00","USD"
"2026-04-20","11588448157956","Sponsored Products","0.00","USD"
"2026-04-12","67855357390881","Sponsored Products","0.00","USD"
"2026-04-03","18193170148935","Sponsored Products","0.00","USD"
"2026-04-01","262727752997615","Sponsored Products","0.00","USD"
"2026-04-21","413308568322873","Sponsored Brands","0.00","USD"
"2026-04-03","491366396962687","Sponsored Brands","0.00","USD"
"2026-04-30","188279469264899","Sponsored Products","0.00","USD"
"2026-04-20","203521351461363","Sponsored Products","0.00","USD"
"2026-04-01","93539819506468","Sponsored Products","0.00","USD"
"2026-04-09","152555236474228","Sponsored Products","1.41","USD"
"2026-04-30","162781488442631","Sponsored Products","0.00","CAD"
"2026-04-15","82064097659476","Sponsored Products","0.90","USD"
"2026-04-21","128770506922317","Sponsored Products","24.18","USD"
"2026-04-13","224639482376841","Sponsored Products","0.65","USD"
"2026-04-28","67855357390881","Sponsored Products","0.00","USD"
"2026-04-05","28565058702355","Sponsored Products","2.13","USD"
"2026-04-06","357384467879967","Sponsored Brands","0.00","USD"
"2026-04-05","113013759920940","Sponsored Products","0.00","USD"
"2026-04-15","271002646812055","Sponsored Products","0.00","USD"
"2026-04-14","210638600694486","Sponsored Products","0.63","USD"
"2026-04-17","38682977693457","Sponsored Products","0.00","USD"
"2026-04-30","207367106415924","Sponsored Products","18.36","GBP"
"2026-04-27","43460676635147","Sponsored Products","0.00","USD"
"2026-04-22","101965336081409","Sponsored Products","3.25","USD"
"2026-04-18","101965336081409","Sponsored Products","0.83","USD"
"2026-04-02","271002646812055","Sponsored Products","0.00","USD"
"2026-04-03","243504419948461","Sponsored Products","0.00","USD"
"2026-04-12","2514549308563","Sponsored Products","2.04","USD"
"2026-04-10","269935586939823","Sponsored Products","7.01","CAD"
"2026-04-25","132476300811824","Sponsored Products","0.88","CAD"
"2026-04-09","72790979016813","Sponsored Products","0.00","USD"
"2026-04-17","168803396873792","Sponsored Products","0.00","USD"
"2026-04-20","72790979016813","Sponsored Products","0.00","USD"
"2026-04-26","158171452508120","Sponsored Products","0.00","USD"
"2026-04-22","108717111045331","Sponsored Products","0.00","CAD"
"2026-04-20","48433117829801","Sponsored Products","1.37","USD"
"2026-04-21","239772993878028","Sponsored Products","0.00","USD"
"2026-04-06","77231525415892","Sponsored Products","0.00","USD"
"2026-04-25","94943402078065","Sponsored Products","0.00","CAD"
"2026-04-07","61837188685116","Sponsored Products","0.00","USD"
"2026-04-06","126638359335345","Sponsored Products","0.00","USD"
"2026-04-19","72790979016813","Sponsored Products","0.00","USD"
"2026-04-30","160686618044289","Sponsored Products","0.00","CAD"
"2026-04-29","230713195634518","Sponsored Products","0.00","CAD"
"2026-04-20","303344079444236","Sponsored Brands","0.00","GBP"
"2026-04-23","30179169319725","Sponsored Products","8.78","AUD"
"2026-04-15","141648422510979","Sponsored Products","0.00","USD"
"2026-04-17","34478632960968","Sponsored Products","0.00","USD"
"2026-04-17","90153090750124","Sponsored Products","11.30","CAD"
"2026-04-11","439663157752722","Sponsored Brands","0.93","USD"
"2026-04-03","39061317933304","Sponsored Products","0.00","USD"
"2026-04-27","281024885672869","Sponsored Products","0.00","USD"
"2026-04-30","175777768252798","Sponsored Products","0.00","USD"
"2026-04-20","43460676635147","Sponsored Products","0.00","USD"
"2026-04-07","245335884201020","Sponsored Products","0.00","USD"
"2026-04-23","126638359335345","Sponsored Products","7.56","USD"
"2026-04-30","89763253163155","Sponsored Products","4.34","CAD"
"2026-04-15","113013759920940","Sponsored Products","0.00","USD"
"2026-04-03","281024885672869","Sponsored Products","0.00","USD"
"2026-04-13","133243849204741","Sponsored Products","0.00","USD"
"2026-04-27","224639482376841","Sponsored Products","1.29","USD"
"2026-04-09","133846876580591","Sponsored Products","0.00","USD"
"2026-04-23","82064097659476","Sponsored Products","2.83","USD"
"2026-04-16","188545556962991","Sponsored Products","0.00","USD"
"2026-04-16","102825844325514","Sponsored Products","0.00","USD"
"2026-04-21","96060745446945","Sponsored Products","0.00","USD"
"2026-04-02","434170639918769","Sponsored Brands","1.00","USD"
"2026-04-09","202228555422966","Sponsored Products","0.00","USD"
"2026-04-04","245335884201020","Sponsored Products","0.00","USD"
"2026-04-14","172779439196738","Sponsored Products","0.00","USD"
"2026-04-20","277250351840071","Sponsored Products","0.45","USD"
"2026-04-25","83042096012825","Sponsored Products","0.00","USD"
"2026-04-18","153491409585454","Sponsored Products","0.00","USD"
"2026-04-22","128835884603962","Sponsored Products","0.00","USD"
"2026-04-26","15212099085836","Sponsored Products","0.00","USD"
"2026-04-26","116575981038290","Sponsored Products","0.00","USD"
"2026-04-24","8078369968995","Sponsored Products","0.00","USD"
"2026-04-17","22515666501366","Sponsored Products","0.00","USD"
"2026-04-21","239677460933975","Sponsored Products","0.00","USD"
"2026-04-27","222624990185469","Sponsored Products","0.00","CAD"
"2026-04-12","423471492340141","Sponsored Brands","0.00","USD"
"2026-04-15","239175797857758","Sponsored Products","0.00","USD"
"2026-04-04","224639482376841","Sponsored Products","0.00","USD"
"2026-04-08","48433117829801","Sponsored Products","1.01","USD"
"2026-04-10","126638359335345","Sponsored Products","0.00","USD"
"2026-04-07","261580610725925","Sponsored Products","0.02","AUD"
"2026-04-01","94121140300347","Sponsored Products","0.00","USD"
"2026-04-15","149818563042691","Sponsored Products","0.00","USD"
"2026-04-15","154085784178560","Sponsored Products","0.00","USD"
"2026-04-17","205922105032655","Sponsored Products","0.00","USD"
"2026-04-21","32030113168570","Sponsored Products","0.60","USD"
"2026-04-19","187735718741416","Sponsored Products","0.00","USD"
"2026-04-27","276797522102375","Sponsored Products","3.24","USD"
"2026-04-16","276488907454289","Sponsored Products","1.38","USD"
"2026-04-06","55613271497964","Sponsored Products","0.00","USD"
"2026-04-18","130912331972988","Sponsored Products","2.74","USD"
"2026-04-03","176992507771254","Sponsored Products","1.21","USD"
"2026-04-22","491366396962687","Sponsored Brands","0.00","USD"
"2026-04-24","102692108916415","Sponsored Products","0.00","USD"
"2026-04-06","194512325763287","Sponsored Products","0.00","USD"
"2026-04-29","257373022214500","Sponsored Products","0.00","USD"
"2026-04-25","32030113168570","Sponsored Products","0.57","USD"
"2026-04-19","225946958740637","Sponsored Products","0.00","USD"
"2026-04-10","27661898820374","Sponsored Products","0.00","USD"
"2026-04-04","199076365376964","Sponsored Products","0.77","USD"
"2026-04-03","8078369968995","Sponsored Products","0.00","USD"
"2026-04-20","101459965063202","Sponsored Products","1.17","USD"
"2026-04-06","210638600694486","Sponsored Products","4.17","USD"
"2026-04-19","280513164622908","Sponsored Products","0.00","USD"
"2026-04-21","216925562826343","Sponsored Products","0.00","USD"
"2026-04-25","348184859637636","Sponsored Brands","4.27","USD"
"2026-04-10","560000811916391","Sponsored Brands","4.10","USD"
"2026-04-04","413308568322873","Sponsored Brands","0.00","USD"
"2026-04-26","441925918527435","Sponsored Brands","2.86","USD"
"2026-04-24","346023186686134","Sponsored Brands","0.00","USD"
"2026-04-19","188545556962991","Sponsored Products","0.00","USD"
"2026-04-26","218351835233699","Sponsored Products","5.52","GBP"
"2026-04-15","262727752997615","Sponsored Products","0.00","USD"
"2026-04-14","77231525415892","Sponsored Products","0.00","USD"
"2026-04-16","482686146435604","Sponsored Brands","2.18","USD"
"2026-04-05","186804517918072","Sponsored Products","0.00","USD"
"2026-04-01","141648422510979","Sponsored Products","0.00","USD"
"2026-04-24","238790977416237","Sponsored Products","0.00","USD"
"2026-04-17","140453739775668","Sponsored Products","0.45","USD"
"2026-04-25","50912117972815","Sponsored Products","0.00","USD"
"2026-04-18","115758363210245","Sponsored Products","0.36","USD"
"2026-04-02","27661898820374","Sponsored Products","0.00","USD"
"2026-04-26","180613053354315","Sponsored Products","0.00","CAD"
"2026-04-19","261580610725925","Sponsored Products","13.82","AUD"
"2026-04-24","271002646812055","Sponsored Products","0.00","USD"
"2026-04-16","380662946968621","Sponsored Display","0.00","USD"
"2026-04-21","102692108916415","Sponsored Products","0.00","USD"
"2026-04-08","8347630917879","Sponsored Products","3.07","USD"
"2026-04-25","121446500477002","Sponsored Products","0.00","USD"
"2026-04-10","19228716944861","Sponsored Products","0.00","USD"
"2026-04-12","2414736156339","Sponsored Products","4.35","USD"
"2026-04-11","175777768252798","Sponsored Products","0.00","USD"
"2026-04-30","115758363210245","Sponsored Products","0.29","USD"
"2026-04-15","188545556962991","Sponsored Products","0.00","USD"
"2026-04-14","116154511455108","Sponsored Products","0.78","GBP"
"2026-04-25","138135222992233","Sponsored Products","0.00","USD"
"2026-04-28","205764417979436","Sponsored Products","0.00","USD"
"2026-04-28","2514549308563","Sponsored Products","0.00","USD"
"2026-04-08","30179169319725","Sponsored Products","4.19","AUD"
"2026-04-14","39061317933304","Sponsored Products","0.00","USD"
"2026-04-06","185646462591669","Sponsored Products","0.00","USD"
"2026-04-28","169062646257915","Sponsored Products","2.24","USD"
"2026-04-11","303344079444236","Sponsored Brands","0.20","GBP"
"2026-04-21","30179169319725","Sponsored Products","7.43","AUD"
"2026-04-02","216925562826343","Sponsored Products","0.00","USD"
"2026-04-30","152555236474228","Sponsored Products","1.86","USD"
"2026-04-15","245335884201020","Sponsored Products","0.00","USD"
"2026-04-17","279125239605082","Sponsored Products","0.00","USD"
"2026-04-16","154085784178560","Sponsored Products","0.77","USD"
"2026-04-17","272711015971799","Sponsored Products","1.35","USD"
"2026-04-07","19228716944861","Sponsored Products","1.10","USD"
"2026-04-27","241259046045612","Sponsored Products","0.95","USD"
"2026-04-20","199076365376964","Sponsored Products","3.72","USD"
"2026-04-12","58475731073369","Sponsored Products","0.00","USD"
"2026-04-23","198809778193730","Sponsored Products","14.83","USD"
"2026-04-05","203521351461363","Sponsored Products","0.00","USD"
"2026-04-30","141552428309171","Sponsored Products","26.90","USD"
"2026-04-09","205922105032655","Sponsored Products","0.00","USD"
"2026-04-10","271002646812055","Sponsored Products","0.00","USD"
"2026-04-12","202228555422966","Sponsored Products","0.00","USD"
"2026-04-17","48758698369103","Sponsored Products","3.83","USD"
"2026-04-26","423471492340141","Sponsored Brands","2.44","USD"
"2026-04-26","81320226496883","Sponsored Products","0.00","USD"
"2026-04-29","178714420604320","Sponsored Products","0.00","USD"
"2026-04-21","188279469264899","Sponsored Products","0.00","USD"
"2026-04-25","413308568322873","Sponsored Brands","0.00","USD"
"2026-04-19","261659564571062","Sponsored Products","0.60","USD"
"2026-04-30","30179169319725","Sponsored Products","6.95","AUD"
"2026-04-11","126638359335345","Sponsored Products","0.00","USD"
"2026-04-15","192968792078402","Sponsored Products","1.20","USD"
"2026-04-26","168803396873792","Sponsored Products","0.00","USD"
"2026-04-07","156989235380210","Sponsored Products","207.99","USD"
"2026-04-29","67855357390881","Sponsored Products","0.00","USD"
"2026-04-18","346023186686134","Sponsored Brands","0.00","USD"
"2026-04-23","254109808305934","Sponsored Products","0.00","USD"
"2026-04-09","158171452508120","Sponsored Products","0.00","USD"
"2026-04-20","224639482376841","Sponsored Products","9.84","USD"
"2026-04-25","90153090750124","Sponsored Products","1.56","CAD"
"2026-04-04","255100442617527","Sponsored Products","0.00","USD"
"2026-04-17","246452377117901","Sponsored Products","0.00","USD"
"2026-04-06","116575981038290","Sponsored Products","0.00","USD"
"2026-04-04","101965336081409","Sponsored Products","3.28","USD"
"2026-04-20","198809778193730","Sponsored Products","9.21","USD"
"2026-04-10","276797522102375","Sponsored Products","0.60","USD"
"2026-04-08","303344079444236","Sponsored Brands","0.00","GBP"
"2026-04-07","215966552761313","Sponsored Products","0.00","USD"
"2026-04-12","118760086623663","Sponsored Products","0.00","USD"
"2026-04-02","8347630917879","Sponsored Products","6.96","USD"
"2026-04-24","61837188685116","Sponsored Products","0.00","USD"
"2026-04-16","204544178017947","Sponsored Products","0.00","USD"
"2026-04-04","42141939819441","Sponsored Products","0.00","USD"
"2026-04-06","276797522102375","Sponsored Products","0.60","USD"
"2026-04-28","38682977693457","Sponsored Products","0.00","USD"
"2026-04-23","189380234928822","Sponsored Products","0.00","USD"
"2026-04-22","210638600694486","Sponsored Products","0.26","USD"
"2026-04-10","175777768252798","Sponsored Products","0.00","USD"
"2026-04-18","215176800738804","Sponsored Products","0.43","USD"
"2026-04-02","11588448157956","Sponsored Products","2.10","USD"
"2026-04-27","276488907454289","Sponsored Products","0.00","USD"
"2026-04-15","43460676635147","Sponsored Products","0.00","USD"
"2026-04-07","145958940968220","Sponsored Products","0.00","USD"
"2026-04-13","27661898820374","Sponsored Products","0.00","USD"
"2026-04-28","178142854797337","Sponsored Products","0.00","CAD"
"2026-04-24","135764557907638","Sponsored Products","1.31","USD"
"2026-04-29","3690623984567","Sponsored Products","0.00","USD"
"2026-04-25","539931100075119","Sponsored Brands","4.20","USD"
"2026-04-10","54386198712419","Sponsored Products","0.00","USD"
"2026-04-01","65861573413220","Sponsored Products","0.00","USD"
"2026-04-25","133846876580591","Sponsored Products","1.21","USD"
"2026-04-19","175777768252798","Sponsored Products","0.00","USD"
"2026-04-08","216925562826343","Sponsored Products","0.00","USD"
"2026-04-12","128835884603962","Sponsored Products","0.81","USD"
"2026-04-03","121446500477002","Sponsored Products","0.00","USD"
"2026-04-10","103686525154537","Sponsored Products","0.00","GBP"
"2026-04-05","54673378227395","Sponsored Products","0.00","USD"
"2026-04-10","187735718741416","Sponsored Products","0.00","USD"
"2026-04-01","130912331972988","Sponsored Products","1.29","USD"
"2026-04-07","152555236474228","Sponsored Products","0.00","USD"
"2026-04-06","53404531347848","Sponsored Products","0.92","USD"
"2026-04-21","121446500477002","Sponsored Products","0.00","USD"
"2026-04-26","149702501735187","Sponsored Products","3.24","USD"
"2026-04-09","1069464513580","Sponsored Products","0.00","USD"
"2026-04-21","168803396873792","Sponsored Products","0.00","USD"
"2026-04-08","245335884201020","Sponsored Products","0.00","USD"
"2026-04-23","206968068657618","Sponsored Products","0.00","USD"
"2026-04-18","158171452508120","Sponsored Products","0.00","USD"
"2026-04-04","61503627186513","Sponsored Products","0.00","USD"
"2026-04-21","198809778193730","Sponsored Products","15.77","USD"
"2026-04-24","281110747056753","Sponsored Products","0.00","USD"
"2026-04-13","243504419948461","Sponsored Products","0.00","USD"
"2026-04-23","491366396962687","Sponsored Brands","0.00","USD"
"2026-04-21","42141939819441","Sponsored Products","0.00","USD"
"2026-04-25","11588448157956","Sponsored Products","0.00","USD"
"2026-04-09","54673378227395","Sponsored Products","1.00","USD"
"2026-04-17","156989235380210","Sponsored Products","166.95","USD"
"2026-04-04","225946958740637","Sponsored Products","0.00","USD"
"2026-04-22","198809778193730","Sponsored Products","15.47","USD"
"2026-04-21","160686618044289","Sponsored Products","0.00","CAD"
"2026-04-13","281024885672869","Sponsored Products","0.00","USD"
"2026-04-27","141552428309171","Sponsored Products","10.59","USD"
"2026-04-26","61090477012622","Sponsored Products","0.00","USD"
"2026-04-20","176992507771254","Sponsored Products","2.84","USD"
"2026-04-29","77231525415892","Sponsored Products","0.00","USD"
"2026-04-20","254995232992568","Sponsored Products","0.00","CAD"
"2026-04-02","239677460933975","Sponsored Products","1.18","USD"
"2026-04-05","81320226496883","Sponsored Products","0.00","USD"
"2026-04-09","246452377117901","Sponsored Products","0.00","USD"
"2026-04-16","130912331972988","Sponsored Products","0.00","USD"
"2026-04-17","225946958740637","Sponsored Products","0.00","USD"
"2026-04-14","82064097659476","Sponsored Products","0.45","USD"
"2026-04-17","132476300811824","Sponsored Products","4.79","CAD"
"2026-04-15","156989235380210","Sponsored Products","215.58","USD"
"2026-04-18","278626821184075","Sponsored Products","0.00","USD"
"2026-04-09","55109131448748","Sponsored Products","1.41","USD"
"2026-04-26","48192245895031","Sponsored Products","0.00","USD"
"2026-04-20","243504419948461","Sponsored Products","0.00","USD"
"2026-04-19","32030113168570","Sponsored Products","0.53","USD"
"2026-04-05","82064097659476","Sponsored Products","5.28","USD"
"2026-04-14","54386198712419","Sponsored Products","0.00","USD"
"2026-04-21","108717111045331","Sponsored Products","1.10","CAD"
"2026-04-19","28565058702355","Sponsored Products","0.00","USD"
"2026-04-11","102474552529229","Sponsored Products","0.00","USD"
"2026-04-30","263026275901184","Sponsored Products","0.00","USD"
"2026-04-13","203521351461363","Sponsored Products","0.00","USD"
"2026-04-19","94121140300347","Sponsored Products","0.00","USD"
"2026-04-25","7858512618685","Sponsored Products","1.10","CAD"
"2026-04-03","101459965063202","Sponsored Products","0.00","USD"
"2026-04-24","154085784178560","Sponsored Products","1.82","USD"
"2026-04-16","198809778193730","Sponsored Products","1.96","USD"
"2026-04-14","176992507771254","Sponsored Products","2.21","USD"
"2026-04-17","133243849204741","Sponsored Products","0.00","USD"
"2026-04-17","81320226496883","Sponsored Products","2.34","USD"
"2026-04-07","312632253610695","Sponsored Brands","0.00","USD"
"2026-04-05","32030113168570","Sponsored Products","0.00","USD"
"2026-04-04","281235849108344","Sponsored Products","0.00","USD"
"2026-04-01","11588448157956","Sponsored Products","3.58","USD"
"2026-04-26","271002646812055","Sponsored Products","0.00","USD"
"2026-04-25","40237294180920","Sponsored Products","18.94","USD"
"2026-04-24","218351835233699","Sponsored Products","3.67","GBP"
"2026-04-24","202228555422966","Sponsored Products","0.00","USD"
"2026-04-08","277250351840071","Sponsored Products","0.00","USD"
"2026-04-08","54673378227395","Sponsored Products","0.00","USD"
"2026-04-30","153491409585454","Sponsored Products","0.00","USD"
"2026-04-07","259323671730401","Sponsored Products","2.99","USD"
"2026-04-10","93539819506468","Sponsored Products","5.18","USD"
"2026-04-27","169062646257915","Sponsored Products","0.29","USD"
"2026-04-01","141552428309171","Sponsored Products","11.25","USD"
"2026-04-27","177040838827269","Sponsored Products","1.08","CAD"
"2026-04-19","43460676635147","Sponsored Products","0.00","USD"
"2026-04-03","97079585612330","Sponsored Products","0.00","USD"
"2026-04-11","145958940968220","Sponsored Products","0.00","USD"
"2026-04-10","149818563042691","Sponsored Products","0.00","USD"
"2026-04-27","42141939819441","Sponsored Products","0.00","USD"
"2026-04-05","172779439196738","Sponsored Products","0.00","USD"
"2026-04-30","174719285602701","Sponsored Products","4.38","USD"
"2026-04-25","380662946968621","Sponsored Display","1.31","USD"
"2026-04-30","560000811916391","Sponsored Brands","6.73","USD"
"2026-04-20","250087227199112","Sponsored Products","1.04","GBP"
"2026-04-06","205764417979436","Sponsored Products","0.00","USD"
"2026-04-06","156989235380210","Sponsored Products","231.43","USD"
"2026-04-10","272711015971799","Sponsored Products","0.00","USD"
"2026-04-23","102474552529229","Sponsored Products","0.00","USD"
"2026-04-23","61503627186513","Sponsored Products","1.28","USD"
"2026-04-22","72921898703277","Sponsored Products","0.00","USD"
"2026-04-24","101965336081409","Sponsored Products","0.00","USD"
"2026-04-17","206968068657618","Sponsored Products","0.00","USD"
"2026-04-06","133846876580591","Sponsored Products","0.00","USD"
"2026-04-01","255100442617527","Sponsored Products","0.00","USD"
"2026-04-27","61503627186513","Sponsored Products","0.58","USD"
"2026-04-15","101965336081409","Sponsored Products","1.84","USD"
"2026-04-14","58475731073369","Sponsored Products","0.00","USD"
"2026-04-06","124202126398060","Sponsored Products","10.02","USD"
"2026-04-02","61090477012622","Sponsored Products","0.00","USD"
"2026-04-14","241960271286519","Sponsored Products","0.00","USD"
"2026-04-02","194512325763287","Sponsored Products","1.48","USD"
"2026-04-24","83677388471868","Sponsored Products","0.78","USD"
"2026-04-22","121446500477002","Sponsored Products","1.24","USD"
"2026-04-19","176992507771254","Sponsored Products","3.08","USD"
"2026-04-24","11588448157956","Sponsored Products","2.08","USD"
"2026-04-21","241259046045612","Sponsored Products","1.21","USD"
"2026-04-10","101459965063202","Sponsored Products","0.34","USD"
"2026-04-03","199076365376964","Sponsored Products","4.38","USD"
"2026-04-07","149818563042691","Sponsored Products","0.00","USD"
"2026-04-24","160686618044289","Sponsored Products","0.00","CAD"
"2026-04-09","101965336081409","Sponsored Products","0.78","USD"
"2026-04-15","124202126398060","Sponsored Products","0.84","USD"
"2026-04-17","141648422510979","Sponsored Products","0.00","USD"
"2026-04-22","9570951337154","Sponsored Products","0.00","CAD"
"2026-04-07","77231525415892","Sponsored Products","0.00","USD"
"2026-04-01","325883174926875","Sponsored Brands","0.63","USD"
"2026-04-08","65192845861072","Sponsored Products","0.00","USD"
"2026-04-18","133243849204741","Sponsored Products","0.80","USD"
"2026-04-27","158724595401869","Sponsored Products","0.00","USD"
"2026-04-27","267283875717235","Sponsored Products","0.72","USD"
"2026-04-14","441925918527435","Sponsored Brands","2.18","USD"
"2026-04-01","48433117829801","Sponsored Products","1.84","USD"
"2026-04-29","215966552761313","Sponsored Products","2.59","USD"
"2026-04-10","61090477012622","Sponsored Products","0.00","USD"
"2026-04-30","81320226496883","Sponsored Products","0.59","USD"
"2026-04-19","218351835233699","Sponsored Products","4.69","GBP"
"2026-04-05","103686525154537","Sponsored Products","0.53","GBP"
"2026-04-06","263531397076178","Sponsored Products","0.00","USD"
"2026-04-12","261580610725925","Sponsored Products","7.61","AUD"
"2026-04-11","113013759920940","Sponsored Products","0.00","USD"
"2026-04-17","491366396962687","Sponsored Brands","0.53","USD"
"2026-04-17","174719285602701","Sponsored Products","2.80","USD"
"2026-04-29","176992507771254","Sponsored Products","0.72","USD"
"2026-04-29","82064097659476","Sponsored Products","7.03","USD"
"2026-04-16","455100983218716","Sponsored Brands","1.92","USD"
"2026-04-06","58475731073369","Sponsored Products","0.00","USD"
"2026-04-23","281024885672869","Sponsored Products","0.00","USD"
"2026-04-12","269935586939823","Sponsored Products","10.56","CAD"
"2026-04-07","246452377117901","Sponsored Products","0.00","USD"
"2026-04-14","90153090750124","Sponsored Products","3.61","CAD"
"2026-04-03","30651955945418","Sponsored Products","0.00","USD"
"2026-04-08","281110747056753","Sponsored Products","0.00","USD"
"2026-04-15","132476300811824","Sponsored Products","13.35","CAD"
"2026-04-03","1069464513580","Sponsored Products","0.00","USD"
"2026-04-17","185646462591669","Sponsored Products","0.00","USD"
"2026-04-19","243038183553247","Sponsored Products","0.00","USD"
"2026-04-18","93539819506468","Sponsored Products","3.06","USD"
"2026-04-27","206968068657618","Sponsored Products","0.96","USD"
"2026-04-24","115943131527635","Sponsored Products","2.24","USD"
"2026-04-07","455100983218716","Sponsored Brands","2.97","USD"
"2026-04-29","164743561215297","Sponsored Products","0.00","USD"
"2026-04-06","43460676635147","Sponsored Products","0.00","USD"
"2026-04-10","83677388471868","Sponsored Products","0.00","USD"
"2026-04-03","120274159023818","Sponsored Products","0.00","USD"
"2026-04-04","199698435439447","Sponsored Products","0.00","USD"
"2026-04-17","101459965063202","Sponsored Products","0.75","USD"
"2026-04-10","346023186686134","Sponsored Brands","0.88","USD"
"2026-04-10","291680855614624","Sponsored Brands","0.00","GBP"
"2026-04-03","239677460933975","Sponsored Products","0.42","USD"
"2026-04-27","55109131448748","Sponsored Products","1.38","USD"
"2026-04-25","263026275901184","Sponsored Products","0.00","USD"
"2026-04-27","115943131527635","Sponsored Products","3.63","USD"
"2026-04-16","194838680698310","Sponsored Products","0.00","USD"
"2026-04-16","1861066386589","Sponsored Products","0.00","USD"
"2026-04-25","213530912619228","Sponsored Products","0.00","USD"
"2026-04-20","11689270553056","Sponsored Products","8.15","CAD"
"2026-04-04","192968792078402","Sponsored Products","0.00","USD"
"2026-04-06","30651955945418","Sponsored Products","0.00","USD"
"2026-04-25","61837188685116","Sponsored Products","0.00","USD"
"2026-04-22","452065263384491","Sponsored Brands","1.39","USD"
"2026-04-08","254109808305934","Sponsored Products","1.48","USD"
"2026-04-29","219243809439026","Sponsored Products","0.76","CAD"
"2026-04-16","27661898820374","Sponsored Products","0.00","USD"
"2026-04-07","194512325763287","Sponsored Products","0.00","USD"
"2026-04-12","134777743429986","Sponsored Products","0.00","USD"
"2026-04-15","96060745446945","Sponsored Products","0.89","USD"
"2026-04-14","238790977416237","Sponsored Products","0.00","USD"
"2026-04-29","55613271497964","Sponsored Products","0.00","USD"
"2026-04-23","133243849204741","Sponsored Products","0.00","USD"
"2026-04-23","263531397076178","Sponsored Products","0.00","USD"
"2026-04-05","262727752997615","Sponsored Products","0.00","USD"
"2026-04-26","42141939819441","Sponsored Products","0.00","USD"
"2026-04-16","188279469264899","Sponsored Products","0.00","USD"
"2026-04-19","239677460933975","Sponsored Products","0.00","USD"
"2026-04-14","37226214720536","Sponsored Products","4.49","CAD"
"2026-04-02","278626821184075","Sponsored Products","0.00","USD"
"2026-04-16","145958940968220","Sponsored Products","0.00","USD"
"2026-04-07","126638359335345","Sponsored Products","0.00","USD"
"2026-04-27","123968831058562","Sponsored Products","0.00","CAD"
"2026-04-16","441925918527435","Sponsored Brands","0.38","USD"
"2026-04-17","263026275901184","Sponsored Products","0.00","USD"
"2026-04-14","452065263384491","Sponsored Brands","0.84","USD"
"2026-04-18","145958940968220","Sponsored Products","0.86","USD"
"2026-04-18","204544178017947","Sponsored Products","1.11","USD"
"2026-04-23","102825844325514","Sponsored Products","0.00","USD"
"2026-04-01","281024885672869","Sponsored Products","0.00","USD"
"2026-04-15","175777768252798","Sponsored Products","0.00","USD"
"2026-04-14","245335884201020","Sponsored Products","0.00","USD"
"2026-04-13","83042096012825","Sponsored Products","0.00","USD"
"2026-04-25","225946958740637","Sponsored Products","0.00","USD"
"2026-04-23","8347630917879","Sponsored Products","0.00","USD"
"2026-04-03","19228716944861","Sponsored Products","0.63","USD"
"2026-04-16","186804517918072","Sponsored Products","0.00","USD"
"2026-04-20","115943131527635","Sponsored Products","1.88","USD"
"2026-04-07","2414736156339","Sponsored Products","1.04","USD"
"2026-04-28","194838680698310","Sponsored Products","0.00","USD"
"2026-04-01","168803396873792","Sponsored Products","0.57","USD"
"2026-04-17","263531397076178","Sponsored Products","0.00","USD"
"2026-04-23","205764417979436","Sponsored Products","1.65","USD"
"2026-04-23","102692108916415","Sponsored Products","0.00","USD"
"2026-04-26","452065263384491","Sponsored Brands","2.26","USD"
"2026-04-16","241960271286519","Sponsored Products","0.00","USD"
"2026-04-09","263531397076178","Sponsored Products","0.00","USD"
"2026-04-17","210638600694486","Sponsored Products","0.00","USD"
"2026-04-20","271002646812055","Sponsored Products","0.00","USD"
"2026-04-03","2414736156339","Sponsored Products","1.08","USD"
"2026-04-22","173362871105297","Sponsored Products","0.00","USD"
"2026-04-25","303344079444236","Sponsored Brands","0.57","GBP"
"2026-04-24","243204708497477","Sponsored Products","0.00","USD"
"2026-04-20","61837188685116","Sponsored Products","3.66","USD"
"2026-04-04","192420944790293","Sponsored Products","1.93","GBP"
"2026-04-16","207367106415924","Sponsored Products","33.61","GBP"
"2026-04-28","194512325763287","Sponsored Products","0.00","USD"
"2026-04-05","142436966717939","Sponsored Products","0.00","USD"
"2026-04-06","11143044290906","Sponsored Products","0.00","USD"
"2026-04-11","121446500477002","Sponsored Products","0.00","USD"
"2026-04-01","296615200458181","Sponsored Brands","9.35","USD"
"2026-04-01","32030113168570","Sponsored Products","0.00","USD"
"2026-04-28","56338703455249","Sponsored Products","0.00","USD"
"2026-04-12","153491409585454","Sponsored Products","0.00","USD"
"2026-04-04","207367106415924","Sponsored Products","22.41","GBP"
"2026-04-08","185646462591669","Sponsored Products","0.00","USD"
"2026-04-18","269935586939823","Sponsored Products","1.15","CAD"
"2026-04-24","124202126398060","Sponsored Products","0.56","USD"
"2026-04-28","30651955945418","Sponsored Products","0.00","USD"
"2026-04-15","272711015971799","Sponsored Products","0.00","USD"
"2026-04-02","206968068657618","Sponsored Products","0.00","USD"
"2026-04-25","243038183553247","Sponsored Products","0.00","USD"
"2026-04-17","121559999896526","Sponsored Products","5.19","CAD"
"2026-04-12","1861066386589","Sponsored Products","0.00","USD"
"2026-04-02","1069464513580","Sponsored Products","0.00","USD"
"2026-04-07","72790979016813","Sponsored Products","0.00","USD"
"2026-04-27","145958940968220","Sponsored Products","0.00","USD"
"2026-04-24","158724595401869","Sponsored Products","0.00","USD"
"2026-04-20","30651955945418","Sponsored Products","0.00","USD"
"2026-04-13","259323671730401","Sponsored Products","6.82","USD"
"2026-04-28","149942312994880","Sponsored Products","0.00","USD"
"2026-04-12","277250351840071","Sponsored Products","0.00","USD"
"2026-04-30","133846876580591","Sponsored Products","0.00","USD"
"2026-04-14","28565058702355","Sponsored Products","0.00","USD"
"2026-04-13","132476300811824","Sponsored Products","20.04","CAD"
"2026-04-27","154118694541854","Sponsored Products","0.83","USD"
"2026-04-30","269935586939823","Sponsored Products","3.28","CAD"
"2026-04-14","126638359335345","Sponsored Products","0.00","USD"
"2026-04-19","204544178017947","Sponsored Products","0.71","USD"
"2026-04-18","11143044290906","Sponsored Products","0.00","USD"
"2026-04-22","2414736156339","Sponsored Products","0.00","USD"
"2026-04-01","115764500761375","Sponsored Products","0.00","USD"
"2026-04-09","113013759920940","Sponsored Products","0.00","USD"
"2026-04-18","156285188540724","Sponsored Products","0.00","USD"
"2026-04-02","173362871105297","Sponsored Products","0.00","USD"
"2026-04-10","174719285602701","Sponsored Products","1.32","USD"
"2026-04-01","101459965063202","Sponsored Products","0.00","USD"
"2026-04-29","94943402078065","Sponsored Products","0.67","CAD"
"2026-04-26","8347630917879","Sponsored Products","0.87","USD"
"2026-04-17","188545556962991","Sponsored Products","0.00","USD"
"2026-04-07","93539819506468","Sponsored Products","0.00","USD"
"2026-04-20","491366396962687","Sponsored Brands","0.00","USD"
"2026-04-28","263026275901184","Sponsored Products","0.00","USD"
"2026-04-04","58475731073369","Sponsored Products","0.00","USD"
"2026-04-14","121446500477002","Sponsored Products","0.44","USD"
"2026-04-13","194512325763287","Sponsored Products","0.00","USD"
"2026-04-23","153491409585454","Sponsored Products","0.00","USD"
"2026-04-30","296615200458181","Sponsored Brands","6.23","USD"
"2026-04-09","102825844325514","Sponsored Products","0.00","USD"
"2026-04-21","202838039381314","Sponsored Products","0.00","USD"
"2026-04-13","121446500477002","Sponsored Products","0.00","USD"
"2026-04-02","79620432535917","Sponsored Products","0.00","USD"
"2026-04-20","116575981038290","Sponsored Products","2.26","USD"
"2026-04-13","94121140300347","Sponsored Products","0.00","USD"
"2026-04-25","233888031600237","Sponsored Products","0.00","USD"
"2026-04-23","187735718741416","Sponsored Products","0.00","USD"
"2026-04-06","277250351840071","Sponsored Products","0.00","USD"
"2026-04-19","185646462591669","Sponsored Products","1.40","USD"
"2026-04-25","423471492340141","Sponsored Brands","1.21","USD"
"2026-04-10","77231525415892","Sponsored Products","0.00","USD"
"2026-04-21","215176800738804","Sponsored Products","0.00","USD"
"2026-04-15","128770506922317","Sponsored Products","12.14","USD"
"2026-04-23","156989235380210","Sponsored Products","329.50","USD"
"2026-04-11","263531397076178","Sponsored Products","0.53","USD"
"2026-04-30","245503802057093","Sponsored Products","0.00","USD"
"2026-04-29","162781488442631","Sponsored Products","0.00","CAD"
"2026-04-07","434170639918769","Sponsored Brands","0.00","USD"
"2026-04-26","54985710671674","Sponsored Products","0.00","CAD"
"2026-04-27","138135222992233","Sponsored Products","0.00","USD"
"2026-04-01","132476300811824","Sponsored Products","23.49","CAD"
"2026-04-04","271002646812055","Sponsored Products","0.00","USD"
"2026-04-20","188545556962991","Sponsored Products","0.00","USD"
"2026-04-25","156989235380210","Sponsored Products","378.30","USD"
"2026-04-15","243038183553247","Sponsored Products","0.00","USD"
"2026-04-10","380662946968621","Sponsored Display","0.00","USD"
"2026-04-05","246452377117901","Sponsored Products","0.00","USD"
"2026-04-15","67855357390881","Sponsored Products","0.00","USD"
"2026-04-24","380662946968621","Sponsored Display","0.16","USD"
"2026-04-19","279125239605082","Sponsored Products","0.00","USD"
"2026-04-24","279125239605082","Sponsored Products","0.00","USD"
"2026-04-12","198809778193730","Sponsored Products","14.42","USD"
"2026-04-22","14582572617569","Sponsored Products","1.05","USD"
"2026-04-18","72790979016813","Sponsored Products","0.00","USD"
"2026-04-02","126638359335345","Sponsored Products","0.00","USD"
"2026-04-11","72790979016813","Sponsored Products","0.00","USD"
"2026-04-01","245335884201020","Sponsored Products","0.00","USD"
"2026-04-01","54673378227395","Sponsored Products","0.00","USD"
"2026-04-26","560000811916391","Sponsored Brands","5.35","USD"
"2026-04-17","192968792078402","Sponsored Products","0.00","USD"
"2026-04-20","133243849204741","Sponsored Products","0.00","USD"
"2026-04-08","239677460933975","Sponsored Products","0.70","USD"
"2026-04-14","495677195822245","Sponsored Brands","0.61","USD"
"2026-04-19","116154511455108","Sponsored Products","0.00","GBP"
"2026-04-26","85314305519427","Sponsored Products","0.00","USD"
"2026-04-23","303344079444236","Sponsored Brands","0.24","GBP"
"2026-04-23","11588448157956","Sponsored Products","1.29","USD"
"2026-04-20","79620432535917","Sponsored Products","0.00","USD"
"2026-04-25","30651955945418","Sponsored Products","0.00","USD"
"2026-04-10","357384467879967","Sponsored Brands","0.00","USD"
"2026-04-16","539931100075119","Sponsored Brands","2.24","USD"
"2026-04-11","132476300811824","Sponsored Products","4.76","CAD"
"2026-04-14","187735718741416","Sponsored Products","0.00","USD"
"2026-04-15","48758698369103","Sponsored Products","2.36","USD"
"2026-04-27","34478632960968","Sponsored Products","1.16","USD"
"2026-04-30","135764557907638","Sponsored Products","2.43","USD"
"2026-04-14","233888031600237","Sponsored Products","0.00","USD"
"2026-04-27","205922105032655","Sponsored Products","0.00","USD"
"2026-04-26","348184859637636","Sponsored Brands","1.07","USD"
"2026-04-07","11588448157956","Sponsored Products","0.00","USD"
"2026-04-13","189380234928822","Sponsored Products","0.00","USD"
"2026-04-15","153491409585454","Sponsored Products","3.64","USD"
"2026-04-03","65861573413220","Sponsored Products","0.00","USD"
"2026-04-11","206968068657618","Sponsored Products","0.00","USD"
"2026-04-06","116154511455108","Sponsored Products","0.00","GBP"
"2026-04-21","194512325763287","Sponsored Products","0.00","USD"
"2026-04-06","102825844325514","Sponsored Products","0.00","USD"
"2026-04-10","303344079444236","Sponsored Brands","0.00","GBP"
"2026-04-28","123968831058562","Sponsored Products","0.00","CAD"
"2026-04-03","241960271286519","Sponsored Products","0.00","USD"
"2026-04-20","199698435439447","Sponsored Products","0.00","USD"
"2026-04-01","238790977416237","Sponsored Products","0.00","USD"
"2026-04-24","239175797857758","Sponsored Products","1.64","USD"
"2026-04-02","296615200458181","Sponsored Brands","17.40","USD"
"2026-04-12","207367106415924","Sponsored Products","13.19","GBP"
"2026-04-05","277250351840071","Sponsored Products","0.00","USD"
"2026-04-07","128770506922317","Sponsored Products","0.00","USD"
"2026-04-03","28565058702355","Sponsored Products","0.50","USD"
"2026-04-03","423471492340141","Sponsored Brands","1.15","USD"
"2026-04-30","30651955945418","Sponsored Products","0.00","USD"
"2026-04-01","145958940968220","Sponsored Products","0.00","USD"
"2026-04-01","243204708497477","Sponsored Products","0.00","USD"
"2026-04-09","124202126398060","Sponsored Products","0.00","USD"
"2026-04-21","219243809439026","Sponsored Products","0.00","CAD"
"2026-04-19","254109808305934","Sponsored Products","0.00","USD"
"2026-04-02","284096201830626","Sponsored Display","0.16","USD"
"2026-04-22","124202126398060","Sponsored Products","3.45","USD"
"2026-04-15","141552428309171","Sponsored Products","8.71","USD"
"2026-04-18","18193170148935","Sponsored Products","0.00","USD"
"2026-04-03","269935586939823","Sponsored Products","25.45","CAD"
"2026-04-23","168803396873792","Sponsored Products","0.00","USD"
"2026-04-09","103686525154537","Sponsored Products","0.00","GBP"
"2026-04-26","65192845861072","Sponsored Products","0.00","USD"
"2026-04-09","357384467879967","Sponsored Brands","1.29","USD"
"2026-04-28","190621879613931","Sponsored Products","0.81","USD"
"2026-04-16","101459965063202","Sponsored Products","4.83","USD"
"2026-04-06","281235849108344","Sponsored Products","0.00","USD"
"2026-04-13","515637010546761","Sponsored Brands","5.53","USD"
"2026-04-22","154085784178560","Sponsored Products","0.00","USD"
"2026-04-29","108717111045331","Sponsored Products","0.76","CAD"
"2026-04-21","251648059669526","Sponsored Products","0.00","USD"
"2026-04-15","296615200458181","Sponsored Brands","14.94","USD"
"2026-04-13","199698435439447","Sponsored Products","0.00","USD"
"2026-04-24","259323671730401","Sponsored Products","3.27","USD"
"2026-04-04","189380234928822","Sponsored Products","0.00","USD"
"2026-04-14","72790979016813","Sponsored Products","0.00","USD"
"2026-04-10","124202126398060","Sponsored Products","0.44","USD"
"2026-04-25","162781488442631","Sponsored Products","0.00","CAD"
"2026-04-24","141552428309171","Sponsored Products","6.04","USD"
"2026-04-20","55613271497964","Sponsored Products","0.00","USD"
"2026-04-13","39061317933304","Sponsored Products","0.00","USD"
"2026-04-25","262727752997615","Sponsored Products","0.00","USD"
"2026-04-12","138135222992233","Sponsored Products","0.00","USD"
"2026-04-04","357384467879967","Sponsored Brands","0.00","USD"
"2026-04-21","291680855614624","Sponsored Brands","0.75","GBP"
"2026-04-24","199076365376964","Sponsored Products","0.00","USD"
"2026-04-12","380662946968621","Sponsored Display","0.18","USD"
"2026-04-19","241960271286519","Sponsored Products","0.00","USD"
"2026-04-02","277250351840071","Sponsored Products","0.45","USD"
"2026-04-23","439663157752722","Sponsored Brands","1.53","USD"
"2026-04-01","1069464513580","Sponsored Products","0.00","USD"
"2026-04-06","188545556962991","Sponsored Products","0.00","USD"
"2026-04-06","115758363210245","Sponsored Products","3.41","USD"
"2026-04-27","515637010546761","Sponsored Brands","1.05","USD"
"2026-04-03","50912117972815","Sponsored Products","0.00","USD"
"2026-04-23","101459965063202","Sponsored Products","0.79","USD"
"2026-04-20","11143044290906","Sponsored Products","0.00","USD"
"2026-04-27","261580610725925","Sponsored Products","1.95","AUD"
"2026-04-24","56338703455249","Sponsored Products","0.00","USD"
"2026-04-28","3690623984567","Sponsored Products","0.00","USD"
"2026-04-28","61837188685116","Sponsored Products","1.06","USD"
"2026-04-04","134777743429986","Sponsored Products","0.00","USD"
"2026-04-07","267283875717235","Sponsored Products","0.00","USD"
"2026-04-25","169062646257915","Sponsored Products","4.09","USD"
"2026-04-10","115764500761375","Sponsored Products","0.00","USD"
"2026-04-08","213530912619228","Sponsored Products","0.00","USD"
"2026-04-12","56338703455249","Sponsored Products","0.00","USD"
"2026-04-27","15212099085836","Sponsored Products","0.00","USD"
"2026-04-01","186804517918072","Sponsored Products","4.92","USD"
"2026-04-16","133846876580591","Sponsored Products","0.00","USD"
"2026-04-08","272711015971799","Sponsored Products","0.65","USD"
"2026-04-13","205764417979436","Sponsored Products","0.00","USD"
"2026-04-27","439663157752722","Sponsored Brands","7.48","USD"
"2026-04-08","133243849204741","Sponsored Products","0.00","USD"
"2026-04-25","184342897537658","Sponsored Products","1.10","CAD"
"2026-04-02","259323671730401","Sponsored Products","2.51","USD"
"2026-04-30","121559999896526","Sponsored Products","0.26","CAD"
"2026-04-25","48758698369103","Sponsored Products","0.00","USD"
"2026-04-12","168803396873792","Sponsored Products","0.42","USD"
"2026-04-12","257373022214500","Sponsored Products","0.00","USD"
"2026-04-27","8078369968995","Sponsored Products","0.00","USD"
"2026-04-09","65192845861072","Sponsored Products","0.00","USD"
"2026-04-16","271002646812055","Sponsored Products","0.00","USD"
"2026-04-16","115764500761375","Sponsored Products","11.62","USD"
"2026-04-14","27661898820374","Sponsored Products","0.00","USD"
"2026-04-12","154118694541854","Sponsored Products","0.00","USD"
"2026-04-29","243038183553247","Sponsored Products","0.00","USD"
"2026-04-29","48192245895031","Sponsored Products","0.00","USD"
"2026-04-15","18193170148935","Sponsored Products","0.37","USD"
"2026-04-07","54386198712419","Sponsored Products","0.00","USD"
"2026-04-06","203521351461363","Sponsored Products","0.00","USD"
"2026-04-08","199698435439447","Sponsored Products","0.00","USD"
"2026-04-06","218351835233699","Sponsored Products","1.62","GBP"
"2026-04-05","539931100075119","Sponsored Brands","15.53","USD"
"2026-04-05","263531397076178","Sponsored Products","0.00","USD"
"2026-04-30","123968831058562","Sponsored Products","0.00","CAD"
"2026-04-26","158724595401869","Sponsored Products","0.00","USD"
"2026-04-17","72921898703277","Sponsored Products","0.00","USD"
"2026-04-02","439663157752722","Sponsored Brands","1.09","USD"
"2026-04-30","239772993878028","Sponsored Products","0.00","USD"
"2026-04-13","54673378227395","Sponsored Products","0.00","USD"
"2026-04-13","434170639918769","Sponsored Brands","13.26","USD"
"2026-04-27","176992507771254","Sponsored Products","0.00","USD"
"2026-04-09","133243849204741","Sponsored Products","0.43","USD"
"2026-04-14","102825844325514","Sponsored Products","0.00","USD"
"2026-04-25","153491409585454","Sponsored Products","0.00","USD"
"2026-04-25","192968792078402","Sponsored Products","0.00","USD"
"2026-04-12","149626049979530","Sponsored Products","0.50","USD"
"2026-04-03","132476300811824","Sponsored Products","22.69","CAD"
"2026-04-11","54386198712419","Sponsored Products","0.00","USD"
"2026-04-07","281235849108344","Sponsored Products","0.00","USD"
"2026-04-16","261580610725925","Sponsored Products","0.43","AUD"
"2026-04-27","149702501735187","Sponsored Products","0.00","USD"
"2026-04-09","38682977693457","Sponsored Products","0.44","USD"
"2026-04-15","115764500761375","Sponsored Products","3.85","USD"
"2026-04-13","267283875717235","Sponsored Products","1.40","USD"
"2026-04-06","207367106415924","Sponsored Products","7.68","GBP"
"2026-04-18","83677388471868","Sponsored Products","1.24","USD"
"2026-04-30","192968792078402","Sponsored Products","0.00","USD"
"2026-04-15","116575981038290","Sponsored Products","0.00","USD"
"2026-04-16","61503627186513","Sponsored Products","0.00","USD"
"2026-04-20","227786840580952","Sponsored Products","0.00","USD"
"2026-04-28","140453739775668","Sponsored Products","0.00","USD"
"2026-04-11","238790977416237","Sponsored Products","0.00","USD"
"2026-04-27","254995232992568","Sponsored Products","0.00","CAD"
"2026-04-25","281024885672869","Sponsored Products","0.00","USD"
"2026-04-08","296615200458181","Sponsored Brands","2.85","USD"
"2026-04-08","271002646812055","Sponsored Products","0.00","USD"
"2026-04-23","291680855614624","Sponsored Brands","1.22","GBP"
"2026-04-19","77231525415892","Sponsored Products","0.00","USD"
"2026-04-28","55109131448748","Sponsored Products","0.00","USD"
"2026-04-26","246452377117901","Sponsored Products","0.82","USD"
"2026-04-14","18193170148935","Sponsored Products","0.43","USD"
"2026-04-21","77231525415892","Sponsored Products","0.00","USD"
"2026-04-30","72790979016813","Sponsored Products","0.00","USD"
"2026-04-20","54673378227395","Sponsored Products","0.00","USD"
"2026-04-20","413308568322873","Sponsored Brands","0.00","USD"
"2026-04-17","173362871105297","Sponsored Products","0.22","USD"
"2026-04-22","123968831058562","Sponsored Products","0.00","CAD"
"2026-04-25","8347630917879","Sponsored Products","2.80","USD"
"2026-04-28","14582572617569","Sponsored Products","2.10","USD"
"2026-04-17","204544178017947","Sponsored Products","0.00","USD"
"2026-04-17","243204708497477","Sponsored Products","0.00","USD"
"2026-04-13","115943131527635","Sponsored Products","1.27","USD"
"2026-04-08","149626049979530","Sponsored Products","0.00","USD"
"2026-04-18","281024885672869","Sponsored Products","0.00","USD"
"2026-04-09","115943131527635","Sponsored Products","1.66","USD"
"2026-04-23","243038183553247","Sponsored Products","0.00","USD"
"2026-04-04","8347630917879","Sponsored Products","3.85","USD"
"2026-04-20","245335884201020","Sponsored Products","0.00","USD"
"2026-04-13","65192845861072","Sponsored Products","0.00","USD"
"2026-04-28","115758363210245","Sponsored Products","0.64","USD"
"2026-04-20","158171452508120","Sponsored Products","0.00","USD"
"2026-04-25","495677195822245","Sponsored Brands","0.00","USD"
"2026-04-19","90153090750124","Sponsored Products","5.88","CAD"
"2026-04-10","239175797857758","Sponsored Products","0.00","USD"
"2026-04-03","154085784178560","Sponsored Products","0.00","USD"
"2026-04-26","199698435439447","Sponsored Products","0.00","USD"
"2026-04-16","134777743429986","Sponsored Products","0.00","USD"
"2026-04-03","243038183553247","Sponsored Products","0.00","USD"
"2026-04-05","194512325763287","Sponsored Products","0.00","USD"
"2026-04-24","296615200458181","Sponsored Brands","36.71","USD"
"2026-04-03","455100983218716","Sponsored Brands","5.12","USD"
"2026-04-25","22515666501366","Sponsored Products","0.00","USD"
"2026-04-18","50912117972815","Sponsored Products","0.00","USD"
"2026-04-05","42141939819441","Sponsored Products","0.70","USD"
"2026-04-26","267283875717235","Sponsored Products","0.00","USD"
"2026-04-24","186804517918072","Sponsored Products","0.00","USD"
"2026-04-22","89763253163155","Sponsored Products","3.74","CAD"
"2026-04-06","245503802057093","Sponsored Products","0.00","USD"
"2026-04-06","173362871105297","Sponsored Products","0.00","USD"
"2026-04-11","54673378227395","Sponsored Products","0.00","USD"
"2026-04-07","515637010546761","Sponsored Brands","2.28","USD"
"2026-04-11","141552428309171","Sponsored Products","8.49","USD"
"2026-04-05","48192245895031","Sponsored Products","0.00","USD"
"2026-04-01","124202126398060","Sponsored Products","1.49","USD"
"2026-04-09","239772993878028","Sponsored Products","0.00","USD"
"2026-04-25","203903826395","Sponsored Products","0.35","USD"
"2026-04-18","210638600694486","Sponsored Products","0.00","USD"
"2026-04-23","239677460933975","Sponsored Products","2.00","USD"
"2026-04-23","241960271286519","Sponsored Products","0.00","USD"
"2026-04-30","188545556962991","Sponsored Products","0.00","USD"
"2026-04-16","96060745446945","Sponsored Products","0.00","USD"
"2026-04-29","42141939819441","Sponsored Products","0.00","USD"
"2026-04-27","132476300811824","Sponsored Products","9.42","CAD"
"2026-04-05","116154511455108","Sponsored Products","0.00","GBP"
"2026-04-14","198809778193730","Sponsored Products","12.17","USD"
"2026-04-13","187735718741416","Sponsored Products","0.00","USD"
"2026-04-08","43460676635147","Sponsored Products","0.00","USD"
"2026-04-27","56338703455249","Sponsored Products","0.00","USD"
"2026-04-14","149626049979530","Sponsored Products","6.28","USD"
"2026-04-28","407444835513369","Sponsored Brands","0.00","CAD"
"2026-04-10","198809778193730","Sponsored Products","23.46","USD"
"2026-04-02","279125239605082","Sponsored Products","0.00","USD"
"2026-04-01","11143044290906","Sponsored Products","0.00","USD"
"2026-04-08","77231525415892","Sponsored Products","0.00","USD"
"2026-04-12","158171452508120","Sponsored Products","0.00","USD"
"2026-04-12","271002646812055","Sponsored Products","0.00","USD"
"2026-04-26","94943402078065","Sponsored Products","0.00","CAD"
"2026-04-11","154118694541854","Sponsored Products","0.00","USD"
"2026-04-25","15212099085836","Sponsored Products","0.00","USD"
"2026-04-28","82064097659476","Sponsored Products","7.40","USD"
"2026-04-18","216925562826343","Sponsored Products","0.00","USD"
"2026-04-24","94121140300347","Sponsored Products","0.00","USD"
"2026-04-10","54673378227395","Sponsored Products","0.00","USD"
"2026-04-27","198809778193730","Sponsored Products","11.57","USD"
"2026-04-04","175777768252798","Sponsored Products","2.62","USD"
"2026-04-04","174719285602701","Sponsored Products","0.00","USD"
"2026-04-12","194838680698310","Sponsored Products","0.00","USD"
"2026-04-26","188279469264899","Sponsored Products","0.00","USD"
"2026-04-20","141648422510979","Sponsored Products","0.00","USD"
"2026-04-29","205764417979436","Sponsored Products","0.00","USD"
"2026-04-06","262727752997615","Sponsored Products","0.00","USD"
"2026-04-28","48758698369103","Sponsored Products","0.00","USD"
"2026-04-24","303344079444236","Sponsored Brands","0.26","GBP"
"2026-04-23","241259046045612","Sponsored Products","0.00","USD"
"2026-04-27","154085784178560","Sponsored Products","0.00","USD"
"2026-04-14","423471492340141","Sponsored Brands","3.60","USD"
"2026-04-22","116575981038290","Sponsored Products","0.00","USD"
"2026-04-09","254109808305934","Sponsored Products","0.00","USD"
"2026-04-16","94121140300347","Sponsored Products","0.00","USD"
"2026-04-04","40237294180920","Sponsored Products","0.00","USD"
"2026-04-25","205922105032655","Sponsored Products","0.00","USD"
"2026-04-23","89763253163155","Sponsored Products","7.10","CAD"
"2026-04-03","32030113168570","Sponsored Products","0.00","USD"
"2026-04-16","205764417979436","Sponsored Products","0.00","USD"
"2026-04-14","8347630917879","Sponsored Products","2.98","USD"
"2026-04-14","303344079444236","Sponsored Brands","0.00","GBP"
"2026-04-12","243204708497477","Sponsored Products","0.00","USD"
"2026-04-16","1069464513580","Sponsored Products","0.00","USD"
"2026-04-23","280513164622908","Sponsored Products","0.00","USD"
"2026-04-14","346023186686134","Sponsored Brands","1.01","USD"
"2026-04-22","246452377117901","Sponsored Products","0.00","USD"
"2026-04-19","55613271497964","Sponsored Products","1.08","USD"
"2026-04-09","192420944790293","Sponsored Products","1.73","GBP"
"2026-04-16","40237294180920","Sponsored Products","0.00","USD"
"2026-04-14","28864493115463","Sponsored Products","0.00","USD"
"2026-04-17","30651955945418","Sponsored Products","0.00","USD"
"2026-04-17","96060745446945","Sponsored Products","0.00","USD"
"2026-04-10","455100983218716","Sponsored Brands","2.82","USD"
"2026-04-29","225946958740637","Sponsored Products","0.00","USD"
"2026-04-21","231848232455644","Sponsored Products","0.00","USD"
"2026-04-04","115764500761375","Sponsored Products","0.00","USD"
"2026-04-18","380662946968621","Sponsored Display","0.24","USD"
"2026-04-10","227786840580952","Sponsored Products","0.00","USD"
"2026-04-12","281110747056753","Sponsored Products","0.00","USD"
"2026-04-16","72921898703277","Sponsored Products","0.99","USD"
"2026-04-22","162781488442631","Sponsored Products","0.00","CAD"
"2026-04-19","37226214720536","Sponsored Products","11.68","CAD"
"2026-04-30","7858512618685","Sponsored Products","1.55","CAD"
"2026-04-15","439663157752722","Sponsored Brands","0.58","USD"
"2026-04-15","142436966717939","Sponsored Products","1.63","USD"
"2026-04-15","259323671730401","Sponsored Products","2.41","USD"
"2026-04-07","357384467879967","Sponsored Brands","0.00","USD"
"2026-04-06","142436966717939","Sponsored Products","0.00","USD"
"2026-04-13","272711015971799","Sponsored Products","3.13","USD"
"2026-04-30","61090477012622","Sponsored Products","0.00","USD"
"2026-04-16","154118694541854","Sponsored Products","0.00","USD"
"2026-04-20","149818563042691","Sponsored Products","0.00","USD"
"2026-04-09","495677195822245","Sponsored Brands","0.00","USD"
"2026-04-28","175777768252798","Sponsored Products","0.00","USD"
"2026-04-08","101965336081409","Sponsored Products","0.00","USD"
"2026-04-14","19228716944861","Sponsored Products","0.65","USD"
"2026-04-18","101459965063202","Sponsored Products","1.00","USD"
"2026-04-26","32030113168570","Sponsored Products","0.00","USD"
"2026-04-20","206968068657618","Sponsored Products","0.00","USD"
"2026-04-21","243204708497477","Sponsored Products","0.00","USD"
"2026-04-22","380662946968621","Sponsored Display","0.00","USD"
"2026-04-30","284096201830626","Sponsored Display","0.00","USD"
"2026-04-17","54673378227395","Sponsored Products","0.00","USD"
"2026-04-21","281110747056753","Sponsored Products","0.00","USD"
"2026-04-15","115943131527635","Sponsored Products","7.71","USD"
"2026-04-22","262727752997615","Sponsored Products","0.90","USD"
"2026-04-01","149818563042691","Sponsored Products","0.00","USD"
"2026-04-15","54673378227395","Sponsored Products","0.00","USD"
"2026-04-20","3690623984567","Sponsored Products","0.00","USD"
"2026-04-19","174719285602701","Sponsored Products","6.59","USD"
"2026-04-03","188279469264899","Sponsored Products","0.00","USD"
"2026-04-09","48433117829801","Sponsored Products","1.02","USD"
"2026-04-02","141552428309171","Sponsored Products","5.84","USD"
"2026-04-11","140453739775668","Sponsored Products","0.00","USD"
"2026-04-30","102825844325514","Sponsored Products","0.00","USD"
"2026-04-09","272711015971799","Sponsored Products","0.48","USD"
"2026-04-29","124202126398060","Sponsored Products","0.00","USD"
"2026-04-06","198809778193730","Sponsored Products","33.11","USD"
"2026-04-28","174719285602701","Sponsored Products","0.90","USD"
"2026-04-30","147738393779477","Sponsored Products","3.23","USD"
"2026-04-30","441925918527435","Sponsored Brands","0.00","USD"
"2026-04-01","380662946968621","Sponsored Display","0.00","USD"
"2026-04-04","267283875717235","Sponsored Products","0.00","USD"
"2026-04-22","281024885672869","Sponsored Products","0.00","USD"
"2026-04-13","239772993878028","Sponsored Products","0.00","USD"
"2026-04-12","48758698369103","Sponsored Products","7.27","USD"
"2026-04-22","141648422510979","Sponsored Products","0.00","USD"
"2026-04-05","54386198712419","Sponsored Products","0.00","USD"
"2026-04-04","202838039381314","Sponsored Products","0.00","USD"
"2026-04-07","173362871105297","Sponsored Products","1.08","USD"
"2026-04-29","246452377117901","Sponsored Products","2.17","USD"
"2026-04-27","54985710671674","Sponsored Products","0.00","CAD"
"2026-04-25","176992507771254","Sponsored Products","0.68","USD"
"2026-04-03","27661898820374","Sponsored Products","0.00","USD"
"2026-04-23","154118694541854","Sponsored Products","0.00","USD"
"2026-04-16","8347630917879","Sponsored Products","2.06","USD"
"2026-04-28","101965336081409","Sponsored Products","1.07","USD"
"2026-04-03","560000811916391","Sponsored Brands","0.00","USD"
"2026-04-30","192420944790293","Sponsored Products","1.97","GBP"
"2026-04-15","271780514756108","Sponsored Products","0.00","USD"
"2026-04-03","1861066386589","Sponsored Products","0.00","USD"
"2026-04-26","257373022214500","Sponsored Products","0.00","USD"
"2026-04-14","53404531347848","Sponsored Products","5.84","USD"
"2026-04-01","239772993878028","Sponsored Products","0.00","USD"
"2026-04-04","53404531347848","Sponsored Products","1.78","USD"
"2026-04-22","539931100075119","Sponsored Brands","9.87","USD"
"2026-04-27","38682977693457","Sponsored Products","0.45","USD"
"2026-04-17","239677460933975","Sponsored Products","0.20","USD"
"2026-04-06","102692108916415","Sponsored Products","0.00","USD"
"2026-04-13","241960271286519","Sponsored Products","0.18","USD"
"2026-04-25","254109808305934","Sponsored Products","2.00","USD"
"2026-04-18","423471492340141","Sponsored Brands","3.25","USD"
"2026-04-30","67855357390881","Sponsored Products","0.00","USD"
"2026-04-04","218351835233699","Sponsored Products","1.33","GBP"
"2026-04-12","296615200458181","Sponsored Brands","11.89","USD"
"2026-04-08","154118694541854","Sponsored Products","0.00","USD"
"2026-04-12","174719285602701","Sponsored Products","1.39","USD"
"2026-04-05","207367106415924","Sponsored Products","15.93","GBP"
"2026-04-14","281024885672869","Sponsored Products","0.00","USD"
"2026-04-29","206968068657618","Sponsored Products","0.00","USD"
"2026-04-21","203521351461363","Sponsored Products","0.00","USD"
"2026-04-21","154085784178560","Sponsored Products","1.47","USD"
"2026-04-08","259323671730401","Sponsored Products","7.26","USD"
"2026-04-19","291680855614624","Sponsored Brands","0.00","GBP"
"2026-04-02","215966552761313","Sponsored Products","0.00","USD"
"2026-04-27","67855357390881","Sponsored Products","0.00","USD"
"2026-04-30","238790977416237","Sponsored Products","0.00","USD"
"2026-04-20","539931100075119","Sponsored Brands","13.81","USD"
"2026-04-23","243504419948461","Sponsored Products","0.50","USD"
"2026-04-12","15212099085836","Sponsored Products","5.20","USD"
"2026-04-20","215176800738804","Sponsored Products","0.00","USD"
"2026-04-21","141552428309171","Sponsored Products","10.93","USD"
"2026-04-19","81320226496883","Sponsored Products","0.00","USD"
"2026-04-11","11588448157956","Sponsored Products","2.85","USD"
"2026-04-30","246452377117901","Sponsored Products","1.62","USD"
"2026-04-30","170402912830961","Sponsored Products","3.13","USD"
"2026-04-23","134777743429986","Sponsored Products","0.00","USD"
"2026-04-30","79620432535917","Sponsored Products","0.98","USD"
"2026-04-16","194512325763287","Sponsored Products","0.00","USD"
"2026-04-19","455100983218716","Sponsored Brands","17.99","USD"
"2026-04-01","55613271497964","Sponsored Products","0.00","USD"
"2026-04-16","14582572617569","Sponsored Products","0.00","USD"
"2026-04-25","246452377117901","Sponsored Products","1.16","USD"
"2026-04-23","190621879613931","Sponsored Products","2.30","USD"
"2026-04-09","281110747056753","Sponsored Products","1.05","USD"
"2026-04-09","238790977416237","Sponsored Products","0.00","USD"
"2026-04-04","261580610725925","Sponsored Products","0.54","AUD"
"2026-04-16","121446500477002","Sponsored Products","0.69","USD"
"2026-04-28","133243849204741","Sponsored Products","0.00","USD"
"2026-04-08","281024885672869","Sponsored Products","0.00","USD"
"2026-04-05","380662946968621","Sponsored Display","0.13","USD"
"2026-04-05","280513164622908","Sponsored Products","0.00","USD"
"2026-04-30","281235849108344","Sponsored Products","0.00","USD"
"2026-04-19","156285188540724","Sponsored Products","0.00","USD"
"2026-04-05","439663157752722","Sponsored Brands","0.44","USD"
"2026-04-29","89763253163155","Sponsored Products","1.21","CAD"
"2026-04-29","482686146435604","Sponsored Brands","5.11","USD"
"2026-04-27","455100983218716","Sponsored Brands","7.64","USD"
"2026-04-25","149702501735187","Sponsored Products","0.00","USD"
"2026-04-19","206968068657618","Sponsored Products","0.00","USD"
"2026-04-22","277250351840071","Sponsored Products","3.58","USD"
"2026-04-27","190621879613931","Sponsored Products","1.08","USD"
"2026-04-11","38682977693457","Sponsored Products","2.13","USD"
"2026-04-22","140453739775668","Sponsored Products","0.00","USD"
"2026-04-05","168803396873792","Sponsored Products","2.57","USD"
"2026-04-15","121446500477002","Sponsored Products","0.68","USD"
"2026-04-04","172779439196738","Sponsored Products","0.00","USD"
"2026-04-11","116154511455108","Sponsored Products","0.00","GBP"
"2026-04-03","158171452508120","Sponsored Products","0.00","USD"
"2026-04-15","243204708497477","Sponsored Products","0.00","USD"
"2026-04-16","185646462591669","Sponsored Products","0.00","USD"
"2026-04-14","32030113168570","Sponsored Products","0.72","USD"
"2026-04-10","153491409585454","Sponsored Products","0.00","USD"
"2026-04-27","245503802057093","Sponsored Products","0.00","USD"
"2026-04-30","205922105032655","Sponsored Products","0.00","USD"
"2026-04-20","14582572617569","Sponsored Products","0.00","USD"
"2026-04-07","346023186686134","Sponsored Brands","0.00","USD"
"2026-04-29","147738393779477","Sponsored Products","0.00","USD"
"2026-04-06","30179169319725","Sponsored Products","14.23","AUD"
"2026-04-04","452065263384491","Sponsored Brands","0.72","USD"
"2026-04-30","94943402078065","Sponsored Products","0.95","CAD"
"2026-04-27","348184859637636","Sponsored Brands","2.42","USD"
"2026-04-09","413308568322873","Sponsored Brands","1.66","USD"
"2026-04-08","133846876580591","Sponsored Products","0.00","USD"
"2026-04-16","11689270553056","Sponsored Products","21.49","CAD"
"2026-04-09","115764500761375","Sponsored Products","0.00","USD"
"2026-04-04","239175797857758","Sponsored Products","0.00","USD"
"2026-04-07","206968068657618","Sponsored Products","0.00","USD"
"2026-04-29","243204708497477","Sponsored Products","0.00","USD"
"2026-04-29","61837188685116","Sponsored Products","0.00","USD"
"2026-04-03","280513164622908","Sponsored Products","0.00","USD"
"2026-04-06","312632253610695","Sponsored Brands","0.00","USD"
"2026-04-20","2414736156339","Sponsored Products","0.74","USD"
"2026-04-21","185646462591669","Sponsored Products","1.33","USD"
"2026-04-26","455100983218716","Sponsored Brands","4.42","USD"
"2026-04-02","187735718741416","Sponsored Products","0.00","USD"
"2026-04-30","434170639918769","Sponsored Brands","0.96","USD"
"2026-04-15","194512325763287","Sponsored Products","0.00","USD"
"2026-04-04","238790977416237","Sponsored Products","0.00","USD"
"2026-04-17","61090477012622","Sponsored Products","0.00","USD"
"2026-04-27","434170639918769","Sponsored Brands","2.73","USD"
"2026-04-05","281110747056753","Sponsored Products","0.00","USD"
"2026-04-14","8078369968995","Sponsored Products","0.00","USD"
"2026-04-19","246452377117901","Sponsored Products","0.00","USD"
"2026-04-19","156989235380210","Sponsored Products","205.63","USD"
"2026-04-04","194838680698310","Sponsored Products","0.00","USD"
"2026-04-07","423471492340141","Sponsored Brands","2.46","USD"
"2026-04-12","455688132780953","Sponsored Brands","0.00","USD"
"2026-04-27","243204708497477","Sponsored Products","0.00","USD"
"2026-04-11","133243849204741","Sponsored Products","0.00","USD"
"2026-04-14","175777768252798","Sponsored Products","0.00","USD"
"2026-04-28","156285188540724","Sponsored Products","0.00","USD"
"2026-04-03","54386198712419","Sponsored Products","0.00","USD"
"2026-04-01","58475731073369","Sponsored Products","0.00","USD"
"2026-04-09","269935586939823","Sponsored Products","7.31","CAD"
"2026-04-28","8078369968995","Sponsored Products","0.00","USD"
"2026-04-25","261580610725925","Sponsored Products","1.44","AUD"
"2026-04-11","188545556962991","Sponsored Products","0.00","USD"
"2026-04-09","1861066386589","Sponsored Products","0.00","USD"
"2026-04-06","205922105032655","Sponsored Products","0.00","USD"
"2026-04-11","141648422510979","Sponsored Products","0.00","USD"
"2026-04-14","94121140300347","Sponsored Products","0.00","USD"
"2026-04-17","53404531347848","Sponsored Products","0.00","USD"
"2026-04-28","116965962095342","Sponsored Products","0.00","USD"
"2026-04-27","65861573413220","Sponsored Products","0.00","USD"
"2026-04-15","38682977693457","Sponsored Products","0.00","USD"
"2026-04-17","79620432535917","Sponsored Products","0.00","USD"
"2026-04-27","539931100075119","Sponsored Brands","5.64","USD"
"2026-04-19","267283875717235","Sponsored Products","0.41","USD"
"2026-04-04","48433117829801","Sponsored Products","0.02","USD"
"2026-04-04","27661898820374","Sponsored Products","0.00","USD"
"2026-04-17","199076365376964","Sponsored Products","3.48","USD"
"2026-04-28","243038183553247","Sponsored Products","0.00","USD"
"2026-04-06","281024885672869","Sponsored Products","0.00","USD"
"2026-04-19","296615200458181","Sponsored Brands","39.24","USD"
"2026-04-15","174719285602701","Sponsored Products","12.94","USD"
"2026-04-18","8347630917879","Sponsored Products","2.49","USD"
"2026-04-12","55613271497964","Sponsored Products","0.00","USD"
"2026-04-03","271002646812055","Sponsored Products","0.00","USD"
"2026-04-01","43460676635147","Sponsored Products","0.00","USD"
"2026-04-16","42141939819441","Sponsored Products","0.00","USD"
"2026-04-18","132476300811824","Sponsored Products","6.59","CAD"
"2026-04-27","11143044290906","Sponsored Products","0.00","USD"
"2026-04-01","281235849108344","Sponsored Products","0.55","USD"
"2026-04-17","277250351840071","Sponsored Products","0.75","USD"
"2026-04-20","30179169319725","Sponsored Products","18.79","AUD"
"2026-04-26","407444835513369","Sponsored Brands","0.00","CAD"
"2026-04-28","192420944790293","Sponsored Products","2.16","GBP"
"2026-04-14","138135222992233","Sponsored Products","0.00","USD"
"2026-04-24","455100983218716","Sponsored Brands","5.59","USD"
"2026-04-26","115943131527635","Sponsored Products","1.20","USD"
"2026-04-11","8078369968995","Sponsored Products","0.00","USD"
"2026-04-29","83351275232921","Sponsored Products","0.00","CAD"
"2026-04-18","116154511455108","Sponsored Products","0.00","GBP"
"2026-04-06","243038183553247","Sponsored Products","0.00","USD"
"2026-04-10","434170639918769","Sponsored Brands","4.43","USD"
"2026-04-25","83677388471868","Sponsored Products","0.00","USD"
"2026-04-25","173362871105297","Sponsored Products","1.24","USD"
"2026-04-28","272711015971799","Sponsored Products","4.67","USD"
"2026-04-23","123968831058562","Sponsored Products","0.00","CAD"
"2026-04-03","8347630917879","Sponsored Products","3.41","USD"
"2026-04-03","186804517918072","Sponsored Products","0.00","USD"
"2026-04-26","179014488125547","Sponsored Products","0.77","USD"
"2026-04-19","140453739775668","Sponsored Products","0.00","USD"
"2026-04-04","215966552761313","Sponsored Products","0.00","USD"
"2026-04-22","132476300811824","Sponsored Products","2.81","CAD"
"2026-04-20","173362871105297","Sponsored Products","0.00","USD"
"2026-04-21","115943131527635","Sponsored Products","0.00","USD"
"2026-04-15","515637010546761","Sponsored Brands","2.64","USD"
"2026-04-28","90153090750124","Sponsored Products","2.09","CAD"
"2026-04-22","133243849204741","Sponsored Products","0.00","USD"
"2026-04-17","269935586939823","Sponsored Products","0.93","CAD"
"2026-04-17","281110747056753","Sponsored Products","0.00","USD"
"2026-04-20","81320226496883","Sponsored Products","0.00","USD"
"2026-04-20","186804517918072","Sponsored Products","0.00","USD"
"2026-04-27","147738393779477","Sponsored Products","0.00","USD"
"2026-04-22","174719285602701","Sponsored Products","0.00","USD"
"2026-04-05","101459965063202","Sponsored Products","0.42","USD"
"2026-04-13","138135222992233","Sponsored Products","0.00","USD"
"2026-04-25","34478632960968","Sponsored Products","0.00","USD"
"2026-04-19","48433117829801","Sponsored Products","1.07","USD"
"2026-04-27","27661898820374","Sponsored Products","0.34","USD"
"2026-04-23","207367106415924","Sponsored Products","40.98","GBP"
"2026-04-25","276797522102375","Sponsored Products","10.13","USD"
"2026-04-29","46645908356301","Sponsored Products","0.00","CAD"
"2026-04-28","515637010546761","Sponsored Brands","0.22","USD"
"2026-04-02","185646462591669","Sponsored Products","0.00","USD"
"2026-04-09","134777743429986","Sponsored Products","0.00","USD"
"2026-04-20","278626821184075","Sponsored Products","0.00","USD"
"2026-04-21","434170639918769","Sponsored Brands","3.91","USD"
"2026-04-16","54673378227395","Sponsored Products","1.96","USD"
"2026-04-14","154085784178560","Sponsored Products","0.00","USD"
"2026-04-02","241960271286519","Sponsored Products","0.99","USD"
"2026-04-26","185646462591669","Sponsored Products","0.00","USD"
"2026-04-29","1861066386589","Sponsored Products","0.00","USD"
"2026-04-21","158724595401869","Sponsored Products","0.00","USD"
"2026-04-08","194512325763287","Sponsored Products","0.00","USD"
"2026-04-03","312632253610695","Sponsored Brands","0.00","USD"
"2026-04-22","243204708497477","Sponsored Products","0.75","USD"
"2026-04-09","271780514756108","Sponsored Products","0.00","USD"
"2026-04-26","19228716944861","Sponsored Products","0.55","USD"
"2026-04-20","215966552761313","Sponsored Products","14.20","USD"
"2026-04-29","177040838827269","Sponsored Products","0.00","CAD"
"2026-04-24","55109131448748","Sponsored Products","0.66","USD"
"2026-04-24","254109808305934","Sponsored Products","1.32","USD"
"2026-04-14","3690623984567","Sponsored Products","0.00","USD"
"2026-04-19","434170639918769","Sponsored Brands","22.84","USD"
"2026-04-09","455100983218716","Sponsored Brands","2.85","USD"
"2026-04-07","205764417979436","Sponsored Products","0.00","USD"
"2026-04-18","178714420604320","Sponsored Products","0.00","USD"
"2026-04-22","34478632960968","Sponsored Products","0.00","USD"
"2026-04-09","491366396962687","Sponsored Brands","0.00","USD"
"2026-04-29","115758363210245","Sponsored Products","0.00","USD"
"2026-04-27","482686146435604","Sponsored Brands","4.10","USD"
"2026-04-13","491366396962687","Sponsored Brands","0.00","USD"
"2026-04-22","94121140300347","Sponsored Products","1.01","USD"
"2026-04-15","55613271497964","Sponsored Products","0.00","USD"
"2026-04-13","118760086623663","Sponsored Products","0.00","USD"
"2026-04-12","251648059669526","Sponsored Products","0.00","USD"
"2026-04-09","262727752997615","Sponsored Products","1.11","USD"
"2026-04-20","39061317933304","Sponsored Products","0.00","USD"
"2026-04-20","158724595401869","Sponsored Products","0.00","USD"
"2026-04-21","101965336081409","Sponsored Products","0.00","USD"
"2026-04-06","188279469264899","Sponsored Products","0.69","USD"
"2026-04-25","185646462591669","Sponsored Products","2.55","USD"
"2026-04-28","1861066386589","Sponsored Products","0.00","USD"
"2026-04-18","14582572617569","Sponsored Products","0.00","USD"
"2026-04-03","262727752997615","Sponsored Products","0.00","USD"
"2026-04-23","67855357390881","Sponsored Products","0.00","USD"
"2026-04-22","263026275901184","Sponsored Products","0.00","USD"
"2026-04-30","97079585612330","Sponsored Products","0.00","USD"
"2026-04-15","102474552529229","Sponsored Products","0.00","USD"
"2026-04-26","77231525415892","Sponsored Products","0.00","USD"
"2026-04-24","83042096012825","Sponsored Products","0.00","USD"
"2026-04-17","97079585612330","Sponsored Products","0.00","USD"
"2026-04-03","56338703455249","Sponsored Products","0.00","USD"
"2026-04-06","3690623984567","Sponsored Products","0.00","USD"
"2026-04-25","65861573413220","Sponsored Products","0.00","USD"
"2026-04-19","284096201830626","Sponsored Display","0.08","USD"
"2026-04-24","153491409585454","Sponsored Products","0.00","USD"
"2026-04-04","128770506922317","Sponsored Products","0.00","USD"
"2026-04-07","40237294180920","Sponsored Products","0.00","USD"
"2026-04-20","40237294180920","Sponsored Products","14.96","USD"
"2026-04-07","271002646812055","Sponsored Products","0.00","USD"
"2026-04-29","8078369968995","Sponsored Products","0.00","USD"
"2026-04-13","281235849108344","Sponsored Products","0.70","USD"
"2026-04-03","133846876580591","Sponsored Products","0.00","USD"
"2026-04-27","239175797857758","Sponsored Products","0.00","USD"
"2026-04-30","19228716944861","Sponsored Products","0.00","USD"
"2026-04-17","27661898820374","Sponsored Products","0.00","USD"
"2026-04-13","19228716944861","Sponsored Products","0.00","USD"
"2026-04-19","243504419948461","Sponsored Products","1.63","USD"
"2026-04-08","188279469264899","Sponsored Products","0.00","USD"
"2026-04-18","206968068657618","Sponsored Products","0.00","USD"
"2026-04-23","141648422510979","Sponsored Products","0.00","USD"
"2026-04-10","296615200458181","Sponsored Brands","8.65","USD"
"2026-04-23","34478632960968","Sponsored Products","6.21","USD"
"2026-04-26","27661898820374","Sponsored Products","0.00","USD"
"2026-04-20","243204708497477","Sponsored Products","0.00","USD"
"2026-04-27","89763253163155","Sponsored Products","2.86","CAD"
"2026-04-16","202838039381314","Sponsored Products","3.12","USD"
"2026-04-16","32030113168570","Sponsored Products","0.51","USD"
"2026-04-04","243504419948461","Sponsored Products","0.00","USD"
"2026-04-04","153491409585454","Sponsored Products","2.82","USD"
"2026-04-29","135764557907638","Sponsored Products","1.77","USD"
"2026-04-08","138135222992233","Sponsored Products","1.56","USD"
"2026-04-22","206968068657618","Sponsored Products","0.00","USD"
"2026-04-21","158171452508120","Sponsored Products","0.00","USD"
"2026-04-05","115943131527635","Sponsored Products","2.89","USD"
"2026-04-28","203903826395","Sponsored Products","1.76","USD"
"2026-04-12","215966552761313","Sponsored Products","0.00","USD"
"2026-04-24","168803396873792","Sponsored Products","0.60","USD"
"2026-04-18","225946958740637","Sponsored Products","0.00","USD"
"2026-04-14","539931100075119","Sponsored Brands","9.26","USD"
"2026-04-05","72921898703277","Sponsored Products","0.00","USD"
"2026-04-29","93539819506468","Sponsored Products","1.67","USD"
"2026-04-02","65861573413220","Sponsored Products","0.00","USD"
"2026-04-10","241259046045612","Sponsored Products","0.00","USD"
"2026-04-12","241960271286519","Sponsored Products","1.23","USD"
"2026-04-02","48758698369103","Sponsored Products","0.00","USD"
"2026-04-29","172779439196738","Sponsored Products","0.00","USD"
"2026-04-10","225946958740637","Sponsored Products","0.00","USD"
"2026-04-12","30179169319725","Sponsored Products","3.67","AUD"
"2026-04-20","262727752997615","Sponsored Products","1.05","USD"
"2026-04-20","153491409585454","Sponsored Products","0.00","USD"
"2026-04-10","1069464513580","Sponsored Products","0.00","USD"
"2026-04-23","43460676635147","Sponsored Products","0.00","USD"
"2026-04-17","259323671730401","Sponsored Products","4.27","USD"
"2026-04-19","269935586939823","Sponsored Products","0.36","CAD"
"2026-04-10","130912331972988","Sponsored Products","2.73","USD"
"2026-04-27","28565058702355","Sponsored Products","0.00","USD"
"2026-04-11","261580610725925","Sponsored Products","0.43","AUD"
"2026-04-09","186804517918072","Sponsored Products","1.71","USD"
"2026-04-15","225946958740637","Sponsored Products","0.00","USD"
"2026-04-04","94121140300347","Sponsored Products","0.00","USD"
"2026-04-20","175777768252798","Sponsored Products","0.00","USD"
"2026-04-07","441925918527435","Sponsored Brands","9.47","USD"
"2026-04-10","132476300811824","Sponsored Products","14.47","CAD"
"2026-04-14","491366396962687","Sponsored Brands","0.00","USD"
"2026-04-25","142436966717939","Sponsored Products","0.00","USD"
"2026-04-19","149626049979530","Sponsored Products","1.03","USD"
"2026-04-03","257373022214500","Sponsored Products","0.00","USD"
"2026-04-17","102474552529229","Sponsored Products","0.00","USD"
"2026-04-19","133243849204741","Sponsored Products","0.00","USD"
"2026-04-19","56338703455249","Sponsored Products","0.00","USD"
"2026-04-02","132476300811824","Sponsored Products","17.47","CAD"
"2026-04-09","156285188540724","Sponsored Products","0.00","USD"
"2026-04-21","8078369968995","Sponsored Products","0.49","USD"
"2026-04-27","278626821184075","Sponsored Products","0.00","USD"
"2026-04-21","452065263384491","Sponsored Brands","3.76","USD"
"2026-04-13","202228555422966","Sponsored Products","0.00","USD"
"2026-04-25","141552428309171","Sponsored Products","13.00","USD"
"2026-04-19","11588448157956","Sponsored Products","0.00","USD"
"2026-04-17","482686146435604","Sponsored Brands","3.65","USD"
"2026-04-20","188279469264899","Sponsored Products","0.36","USD"
"2026-04-18","199076365376964","Sponsored Products","2.76","USD"
"2026-04-14","272711015971799","Sponsored Products","5.82","USD"
"2026-04-06","280513164622908","Sponsored Products","0.00","USD"
"2026-04-01","482686146435604","Sponsored Brands","1.51","USD"
"2026-04-30","94121140300347","Sponsored Products","0.00","USD"
"2026-04-06","19228716944861","Sponsored Products","0.00","USD"
"2026-04-12","303344079444236","Sponsored Brands","0.20","GBP"
"2026-04-08","102825844325514","Sponsored Products","1.50","USD"
"2026-04-30","278626821184075","Sponsored Products","0.00","USD"
"2026-04-24","147738393779477","Sponsored Products","0.00","USD"
"2026-04-14","291680855614624","Sponsored Brands","0.20","GBP"
"2026-04-13","42141939819441","Sponsored Products","0.00","USD"
"2026-04-19","79620432535917","Sponsored Products","0.00","USD"
"2026-04-01","128835884603962","Sponsored Products","0.00","USD"
"2026-04-01","239175797857758","Sponsored Products","0.00","USD"
"2026-04-09","43460676635147","Sponsored Products","0.00","USD"
"2026-04-10","142436966717939","Sponsored Products","8.78","USD"
"2026-04-25","407444835513369","Sponsored Brands","0.00","CAD"
"2026-04-23","185646462591669","Sponsored Products","0.00","USD"
"2026-04-01","423471492340141","Sponsored Brands","1.50","USD"
"2026-04-13","266158523203302","Sponsored Products","0.00","USD"
"2026-04-23","121559999896526","Sponsored Products","0.25","CAD"
"2026-04-28","11689270553056","Sponsored Products","3.72","CAD"
"2026-04-22","145958940968220","Sponsored Products","0.60","USD"
"2026-04-01","154118694541854","Sponsored Products","0.00","USD"
"2026-04-20","8078369968995","Sponsored Products","0.00","USD"
"2026-04-21","276797522102375","Sponsored Products","9.27","USD"
"2026-04-02","205922105032655","Sponsored Products","0.00","USD"
"2026-04-23","48192245895031","Sponsored Products","0.00","USD"
"2026-04-15","199076365376964","Sponsored Products","8.32","USD"
"2026-04-25","188279469264899","Sponsored Products","1.71","USD"
"2026-04-25","210638600694486","Sponsored Products","0.04","USD"
"2026-04-14","434170639918769","Sponsored Brands","9.77","USD"
"2026-04-26","206968068657618","Sponsored Products","0.84","USD"
"2026-04-18","357384467879967","Sponsored Brands","0.00","USD"
"2026-04-15","94943402078065","Sponsored Products","6.04","CAD"
"2026-04-11","257373022214500","Sponsored Products","0.00","USD"
"2026-04-09","8078369968995","Sponsored Products","0.00","USD"
"2026-04-22","31806545713281","Sponsored Products","0.24","CAD"
"2026-04-29","126638359335345","Sponsored Products","10.71","USD"
"2026-04-06","259323671730401","Sponsored Products","4.76","USD"
"2026-04-01","357384467879967","Sponsored Brands","1.79","USD"
"2026-04-19","101459965063202","Sponsored Products","0.42","USD"
"2026-04-28","455100983218716","Sponsored Brands","3.47","USD"
"2026-04-08","192420944790293","Sponsored Products","0.52","GBP"
"2026-04-14","30179169319725","Sponsored Products","12.30","AUD"
"2026-04-07","238790977416237","Sponsored Products","0.00","USD"
"2026-04-08","153491409585454","Sponsored Products","1.53","USD"
"2026-04-12","54673378227395","Sponsored Products","0.00","USD"
"2026-04-11","30651955945418","Sponsored Products","0.00","USD"
"2026-04-15","202228555422966","Sponsored Products","0.00","USD"
"2026-04-14","83677388471868","Sponsored Products","0.00","USD"
"2026-04-07","225946958740637","Sponsored Products","0.00","USD"
"2026-04-21","170402912830961","Sponsored Products","0.00","USD"
"2026-04-20","28565058702355","Sponsored Products","0.83","USD"
"2026-04-19","241259046045612","Sponsored Products","0.00","USD"
"2026-04-10","189380234928822","Sponsored Products","0.00","USD"
"2026-04-27","272711015971799","Sponsored Products","4.33","USD"
"2026-04-20","121559999896526","Sponsored Products","0.00","CAD"
"2026-04-05","102825844325514","Sponsored Products","0.00","USD"
"2026-04-03","215966552761313","Sponsored Products","0.00","USD"
"2026-04-15","126638359335345","Sponsored Products","0.00","USD"
"2026-04-03","239175797857758","Sponsored Products","0.00","USD"
"2026-04-22","175777768252798","Sponsored Products","0.00","USD"
"2026-04-13","30179169319725","Sponsored Products","14.01","AUD"
"2026-04-14","202838039381314","Sponsored Products","1.86","USD"
"2026-04-07","133846876580591","Sponsored Products","2.60","USD"
"2026-04-06","539931100075119","Sponsored Brands","5.75","USD"
"2026-04-03","188545556962991","Sponsored Products","0.00","USD"
"2026-04-30","348184859637636","Sponsored Brands","2.03","USD"
"2026-04-16","90153090750124","Sponsored Products","11.26","CAD"
"2026-04-05","441925918527435","Sponsored Brands","2.64","USD"
"2026-04-01","303344079444236","Sponsored Brands","0.96","GBP"
"2026-04-04","38682977693457","Sponsored Products","0.00","USD"
"2026-04-17","101965336081409","Sponsored Products","1.17","USD"
"2026-04-10","277250351840071","Sponsored Products","0.57","USD"
"2026-04-26","269935586939823","Sponsored Products","0.91","CAD"
"2026-04-22","134777743429986","Sponsored Products","0.00","USD"
"2026-04-05","245335884201020","Sponsored Products","0.00","USD"
"2026-04-26","259323671730401","Sponsored Products","1.40","USD"
"2026-04-20","194512325763287","Sponsored Products","0.00","USD"
"2026-04-22","133846876580591","Sponsored Products","0.00","USD"
"2026-04-14","186804517918072","Sponsored Products","0.00","USD"
"2026-04-01","173362871105297","Sponsored Products","0.00","USD"
"2026-04-04","176992507771254","Sponsored Products","4.16","USD"
"2026-04-07","53404531347848","Sponsored Products","4.52","USD"
"2026-04-13","170402912830961","Sponsored Products","0.00","USD"
"2026-04-12","54386198712419","Sponsored Products","0.00","USD"
"2026-04-16","38682977693457","Sponsored Products","0.00","USD"
"2026-04-17","439663157752722","Sponsored Brands","0.00","USD"
"2026-04-21","90153090750124","Sponsored Products","57.29","CAD"
"2026-04-13","455688132780953","Sponsored Brands","0.92","USD"
"2026-04-09","189380234928822","Sponsored Products","0.00","USD"
"2026-04-09","2414736156339","Sponsored Products","3.16","USD"
"2026-04-24","284096201830626","Sponsored Display","0.00","USD"
"2026-04-01","261580610725925","Sponsored Products","10.59","AUD"
"2026-04-30","37226214720536","Sponsored Products","7.81","CAD"
"2026-04-21","116154511455108","Sponsored Products","0.00","GBP"
"2026-04-18","243038183553247","Sponsored Products","2.67","USD"
"2026-04-13","192420944790293","Sponsored Products","0.53","GBP"
"2026-04-11","357384467879967","Sponsored Brands","0.85","USD"
"2026-04-19","54673378227395","Sponsored Products","0.00","USD"
"2026-04-23","1861066386589","Sponsored Products","0.00","USD"
"2026-04-05","53404531347848","Sponsored Products","0.00","USD"
"2026-04-01","18193170148935","Sponsored Products","0.00","USD"
"2026-04-20","346023186686134","Sponsored Brands","0.00","USD"
"2026-04-19","515637010546761","Sponsored Brands","10.64","USD"
"2026-04-28","179014488125547","Sponsored Products","3.83","USD"
"2026-04-03","133243849204741","Sponsored Products","0.00","USD"
"2026-04-18","102825844325514","Sponsored Products","0.00","USD"
"2026-04-04","204544178017947","Sponsored Products","0.00","USD"
"2026-04-07","215176800738804","Sponsored Products","0.00","USD"
"2026-04-07","3690623984567","Sponsored Products","0.00","USD"
"2026-04-21","89763253163155","Sponsored Products","10.25","CAD"
"2026-04-08","53404531347848","Sponsored Products","17.30","USD"
"2026-04-27","199698435439447","Sponsored Products","0.00","USD"
"2026-04-22","241960271286519","Sponsored Products","0.00","USD"
"2026-04-30","210638600694486","Sponsored Products","0.34","USD"
"2026-04-07","55109131448748","Sponsored Products","1.34","USD"
"2026-04-26","30179169319725","Sponsored Products","6.98","AUD"
"2026-04-03","138135222992233","Sponsored Products","0.00","USD"
"2026-04-11","48758698369103","Sponsored Products","1.47","USD"
"2026-04-30","243204708497477","Sponsored Products","0.00","USD"
"2026-04-30","423471492340141","Sponsored Brands","0.00","USD"
"2026-04-29","296615200458181","Sponsored Brands","15.43","USD"
"2026-04-13","1861066386589","Sponsored Products","0.60","USD"
"2026-04-28","225946958740637","Sponsored Products","0.00","USD"
"2026-04-08","243504419948461","Sponsored Products","0.00","USD"
"2026-04-17","102825844325514","Sponsored Products","0.00","USD"
"2026-04-21","225946958740637","Sponsored Products","0.00","USD"
"2026-04-13","141552428309171","Sponsored Products","14.57","USD"
"2026-04-24","40237294180920","Sponsored Products","8.39","USD"
"2026-04-02","30651955945418","Sponsored Products","0.00","USD"
"2026-04-09","207367106415924","Sponsored Products","20.15","GBP"
"2026-04-16","272711015971799","Sponsored Products","1.59","USD"
"2026-04-18","188545556962991","Sponsored Products","0.00","USD"
"2026-04-26","156989235380210","Sponsored Products","268.80","USD"
"2026-04-23","177040838827269","Sponsored Products","0.00","CAD"
"2026-04-14","101965336081409","Sponsored Products","0.00","USD"
"2026-04-25","239677460933975","Sponsored Products","5.00","USD"
"2026-04-11","103686525154537","Sponsored Products","0.61","GBP"
"2026-04-26","40237294180920","Sponsored Products","11.01","USD"
"2026-04-05","205764417979436","Sponsored Products","0.00","USD"
"2026-04-14","277250351840071","Sponsored Products","0.77","USD"
"2026-04-01","218351835233699","Sponsored Products","1.00","GBP"
"2026-04-19","27661898820374","Sponsored Products","0.00","USD"
"2026-04-18","184593163947523","Sponsored Products","0.00","USD"
"2026-04-07","115943131527635","Sponsored Products","4.19","USD"
"2026-04-29","81320226496883","Sponsored Products","0.00","USD"
"2026-04-08","156989235380210","Sponsored Products","302.56","USD"
"2026-04-26","215966552761313","Sponsored Products","0.00","USD"
"2026-04-29","168803396873792","Sponsored Products","0.00","USD"
"2026-04-03","192420944790293","Sponsored Products","4.06","GBP"
"2026-04-10","243038183553247","Sponsored Products","0.48","USD"
"2026-04-17","198809778193730","Sponsored Products","0.42","USD"
"2026-04-02","18193170148935","Sponsored Products","0.00","USD"
"2026-04-13","413308568322873","Sponsored Brands","0.00","USD"
"2026-04-18","413308568322873","Sponsored Brands","0.00","USD"
"2026-04-12","40237294180920","Sponsored Products","0.00","USD"
"2026-04-06","346023186686134","Sponsored Brands","0.00","USD"
"2026-04-23","156285188540724","Sponsored Products","5.88","USD"
"2026-04-30","140453739775668","Sponsored Products","0.00","USD"
"2026-04-28","48192245895031","Sponsored Products","0.00","USD"
"2026-04-17","346023186686134","Sponsored Brands","0.00","USD"
"2026-04-16","281235849108344","Sponsored Products","0.94","USD"
"2026-04-06","154118694541854","Sponsored Products","0.00","USD"
"2026-04-13","375262111034104","Sponsored Brands","2.76","USD"
"2026-04-10","65192845861072","Sponsored Products","0.00","USD"
"2026-04-18","27661898820374","Sponsored Products","0.00","USD"
"2026-04-26","170402912830961","Sponsored Products","2.73","USD"
"2026-04-29","276797522102375","Sponsored Products","2.14","USD"
"2026-04-13","276797522102375","Sponsored Products","1.03","USD"
"2026-04-13","194838680698310","Sponsored Products","0.00","USD"
"2026-04-19","210638600694486","Sponsored Products","0.00","USD"
"2026-04-28","241259046045612","Sponsored Products","0.00","USD"
"2026-04-29","90153090750124","Sponsored Products","0.62","CAD"
"2026-04-04","102825844325514","Sponsored Products","0.00","USD"
"2026-04-17","245503802057093","Sponsored Products","0.00","USD"
"2026-04-29","192968792078402","Sponsored Products","0.00","USD"
"2026-04-12","272711015971799","Sponsored Products","1.29","USD"
"2026-04-15","207367106415924","Sponsored Products","13.08","GBP"
"2026-04-26","133846876580591","Sponsored Products","0.00","USD"
"2026-04-20","280513164622908","Sponsored Products","0.00","USD"
"2026-04-20","102825844325514","Sponsored Products","1.44","USD"
"2026-04-21","97079585612330","Sponsored Products","0.00","USD"
"2026-04-11","174719285602701","Sponsored Products","4.02","USD"
"2026-04-01","19228716944861","Sponsored Products","0.00","USD"
"2026-04-13","124202126398060","Sponsored Products","0.00","USD"
"2026-04-30","539931100075119","Sponsored Brands","2.86","USD"
"2026-04-20","156989235380210","Sponsored Products","219.94","USD"
"2026-04-11","81320226496883","Sponsored Products","0.58","USD"
"2026-04-17","56338703455249","Sponsored Products","0.00","USD"
"2026-04-15","102825844325514","Sponsored Products","1.45","USD"
"2026-04-18","141648422510979","Sponsored Products","0.00","USD"
"2026-04-18","83042096012825","Sponsored Products","0.00","USD"
"2026-04-05","357384467879967","Sponsored Brands","0.60","USD"
"2026-04-05","173362871105297","Sponsored Products","0.00","USD"
"2026-04-30","38682977693457","Sponsored Products","0.00","USD"
"2026-04-29","170402912830961","Sponsored Products","4.05","USD"
"2026-04-27","346023186686134","Sponsored Brands","0.00","USD"
"2026-04-26","2414736156339","Sponsored Products","0.00","USD"
"2026-04-04","263531397076178","Sponsored Products","0.00","USD"
"2026-04-17","93539819506468","Sponsored Products","3.94","USD"
"2026-04-20","239772993878028","Sponsored Products","0.00","USD"
"2026-04-29","245503802057093","Sponsored Products","0.00","USD"
"2026-04-28","40237294180920","Sponsored Products","14.89","USD"
"2026-04-18","116575981038290","Sponsored Products","1.70","USD"
"2026-04-23","19228716944861","Sponsored Products","0.00","USD"
"2026-04-16","97079585612330","Sponsored Products","9.66","USD"
"2026-04-15","14582572617569","Sponsored Products","0.00","USD"
"2026-04-20","202838039381314","Sponsored Products","0.30","USD"
"2026-04-18","152555236474228","Sponsored Products","0.00","USD"
"2026-04-22","102692108916415","Sponsored Products","0.00","USD"
"2026-04-15","441925918527435","Sponsored Brands","2.63","USD"
"2026-04-10","263531397076178","Sponsored Products","0.00","USD"
"2026-04-10","207367106415924","Sponsored Products","8.03","GBP"
"2026-04-26","101459965063202","Sponsored Products","0.40","USD"
"2026-04-02","3690623984567","Sponsored Products","0.00","USD"
"2026-04-27","65192845861072","Sponsored Products","0.00","USD"
"2026-04-05","156285188540724","Sponsored Products","2.39","USD"
"2026-04-26","204544178017947","Sponsored Products","0.70","USD"
"2026-04-13","83677388471868","Sponsored Products","0.00","USD"
"2026-04-08","72921898703277","Sponsored Products","0.00","USD"
"2026-04-17","186804517918072","Sponsored Products","2.01","USD"
"2026-04-24","173362871105297","Sponsored Products","0.00","USD"
"2026-04-07","205922105032655","Sponsored Products","0.00","USD"
"2026-04-16","48192245895031","Sponsored Products","0.00","USD"
"2026-04-06","186804517918072","Sponsored Products","0.00","USD"
"2026-04-30","31806545713281","Sponsored Products","0.00","CAD"
"2026-04-26","154085784178560","Sponsored Products","1.05","USD"
"2026-04-24","116965962095342","Sponsored Products","0.00","USD"
"2026-04-07","198809778193730","Sponsored Products","27.78","USD"
"2026-04-21","28565058702355","Sponsored Products","1.08","USD"
"2026-04-03","65192845861072","Sponsored Products","0.00","USD"
"2026-04-26","284096201830626","Sponsored Display","0.00","USD"
"2026-04-14","168803396873792","Sponsored Products","0.79","USD"
"2026-04-10","55613271497964","Sponsored Products","0.00","USD"
"2026-04-22","303344079444236","Sponsored Brands","0.51","GBP"
"2026-04-23","103686525154537","Sponsored Products","3.32","GBP"
"2026-04-20","276797522102375","Sponsored Products","8.67","USD"
"2026-04-08","116575981038290","Sponsored Products","2.25","USD"
"2026-04-24","243504419948461","Sponsored Products","1.85","USD"
"2026-04-23","48758698369103","Sponsored Products","1.22","USD"
"2026-04-23","278626821184075","Sponsored Products","0.00","USD"
"2026-04-26","241259046045612","Sponsored Products","1.27","USD"
"2026-04-01","413308568322873","Sponsored Brands","0.00","USD"
"2026-04-18","245503802057093","Sponsored Products","0.00","USD"
"2026-04-01","2414736156339","Sponsored Products","7.56","USD"
"2026-04-07","8347630917879","Sponsored Products","3.88","USD"
"2026-04-19","126638359335345","Sponsored Products","1.47","USD"
"2026-04-19","61503627186513","Sponsored Products","0.00","USD"
"2026-04-27","216925562826343","Sponsored Products","0.00","USD"
"2026-04-05","115764500761375","Sponsored Products","0.00","USD"
"2026-04-24","37226214720536","Sponsored Products","0.00","CAD"
"2026-04-16","281024885672869","Sponsored Products","0.69","USD"
"2026-04-11","269935586939823","Sponsored Products","12.63","CAD"
"2026-04-23","269935586939823","Sponsored Products","1.92","CAD"
"2026-04-24","225946958740637","Sponsored Products","0.00","USD"
"2026-04-14","118760086623663","Sponsored Products","0.00","USD"
"2026-04-11","207367106415924","Sponsored Products","31.73","GBP"
"2026-04-03","204544178017947","Sponsored Products","0.00","USD"
"2026-04-16","407444835513369","Sponsored Brands","0.00","CAD"
"2026-04-01","61503627186513","Sponsored Products","0.00","USD"
"2026-04-26","225946958740637","Sponsored Products","0.00","USD"
"2026-04-16","255100442617527","Sponsored Products","0.00","USD"
"2026-04-04","103686525154537","Sponsored Products","0.00","GBP"
"2026-04-29","113013759920940","Sponsored Products","0.00","USD"
"2026-04-22","178142854797337","Sponsored Products","0.00","CAD"
"2026-04-06","243504419948461","Sponsored Products","0.00","USD"
"2026-04-23","219243809439026","Sponsored Products","0.00","CAD"
"2026-04-09","40237294180920","Sponsored Products","0.00","USD"
"2026-04-28","71761066879367","Sponsored Products","0.00","USD"
"2026-04-30","82064097659476","Sponsored Products","2.00","USD"
"2026-04-16","259323671730401","Sponsored Products","0.48","USD"
"2026-04-13","263026275901184","Sponsored Products","0.00","USD"
"2026-04-28","65861573413220","Sponsored Products","0.00","USD"
"2026-04-12","267283875717235","Sponsored Products","0.00","USD"
"2026-04-30","1861066386589","Sponsored Products","0.00","USD"
"2026-04-16","156285188540724","Sponsored Products","3.07","USD"
"2026-04-29","118760086623663","Sponsored Products","1.06","USD"
"2026-04-25","272711015971799","Sponsored Products","2.48","USD"
"2026-04-11","560000811916391","Sponsored Brands","7.20","USD"
"2026-04-30","156285188540724","Sponsored Products","0.00","USD"
"2026-04-20","140453739775668","Sponsored Products","0.00","USD"
"2026-04-09","439663157752722","Sponsored Brands","0.75","USD"
"2026-04-29","281024885672869","Sponsored Products","0.81","USD"
"2026-04-21","55613271497964","Sponsored Products","0.00","USD"
"2026-04-27","14582572617569","Sponsored Products","4.21","USD"
"2026-04-05","141648422510979","Sponsored Products","0.00","USD"
"2026-04-04","434170639918769","Sponsored Brands","0.00","USD"
"2026-04-06","14582572617569","Sponsored Products","0.00","USD"
"2026-04-16","357384467879967","Sponsored Brands","0.73","USD"
"2026-04-18","281235849108344","Sponsored Products","1.08","USD"
"2026-04-01","54386198712419","Sponsored Products","0.00","USD"
"2026-04-08","278626821184075","Sponsored Products","0.00","USD"
"2026-04-18","245335884201020","Sponsored Products","1.57","USD"
"2026-04-03","152555236474228","Sponsored Products","0.00","USD"
"2026-04-20","281235849108344","Sponsored Products","1.14","USD"
"2026-04-07","276797522102375","Sponsored Products","2.98","USD"
"2026-04-25","128770506922317","Sponsored Products","9.95","USD"
"2026-04-12","102825844325514","Sponsored Products","0.00","USD"
"2026-04-30","108717111045331","Sponsored Products","0.00","CAD"
"2026-04-22","54985710671674","Sponsored Products","0.00","CAD"
"2026-04-19","102692108916415","Sponsored Products","0.00","USD"
"2026-04-16","263026275901184","Sponsored Products","0.00","USD"
"2026-04-12","560000811916391","Sponsored Brands","4.37","USD"
"2026-04-06","439663157752722","Sponsored Brands","1.11","USD"
"2026-04-17","128770506922317","Sponsored Products","10.01","USD"
"2026-04-15","263026275901184","Sponsored Products","0.00","USD"
"2026-04-07","30651955945418","Sponsored Products","0.00","USD"
"2026-04-11","204544178017947","Sponsored Products","0.00","USD"
"2026-04-22","138135222992233","Sponsored Products","0.00","USD"
"2026-04-26","263026275901184","Sponsored Products","0.00","USD"
"2026-04-07","199076365376964","Sponsored Products","0.00","USD"
"2026-04-02","192968792078402","Sponsored Products","0.00","USD"
"2026-04-11","259323671730401","Sponsored Products","1.75","USD"
"2026-04-28","58475731073369","Sponsored Products","0.00","USD"
"2026-04-26","89763253163155","Sponsored Products","0.00","CAD"
"2026-04-22","102825844325514","Sponsored Products","0.00","USD"
"2026-04-01","56338703455249","Sponsored Products","0.00","USD"
"2026-04-13","215966552761313","Sponsored Products","0.00","USD"
"2026-04-12","11588448157956","Sponsored Products","0.00","USD"
"2026-04-09","102474552529229","Sponsored Products","0.59","USD"
"2026-04-04","281024885672869","Sponsored Products","0.00","USD"
"2026-04-07","134777743429986","Sponsored Products","0.00","USD"
"2026-04-25","241259046045612","Sponsored Products","4.75","USD"
"2026-04-23","1069464513580","Sponsored Products","3.45","USD"
"2026-04-26","357384467879967","Sponsored Brands","3.93","USD"
"2026-04-25","152555236474228","Sponsored Products","0.00","USD"
"2026-04-10","133846876580591","Sponsored Products","0.00","USD"
"2026-04-28","243504419948461","Sponsored Products","5.93","USD"
"2026-04-18","186804517918072","Sponsored Products","1.95","USD"
"2026-04-05","187735718741416","Sponsored Products","0.00","USD"
"2026-04-06","48192245895031","Sponsored Products","0.00","USD"
"2026-04-19","15212099085836","Sponsored Products","1.36","USD"
"2026-04-25","168803396873792","Sponsored Products","0.00","USD"
"2026-04-30","118760086623663","Sponsored Products","0.00","USD"
"2026-04-19","54386198712419","Sponsored Products","0.00","USD"
"2026-04-28","48433117829801","Sponsored Products","0.32","USD"
"2026-04-25","83351275232921","Sponsored Products","0.00","CAD"
"2026-04-04","188545556962991","Sponsored Products","2.18","USD"
"2026-04-03","206968068657618","Sponsored Products","0.69","USD"
"2026-04-03","241259046045612","Sponsored Products","0.00","USD"
"2026-04-05","215966552761313","Sponsored Products","0.00","USD"
"2026-04-15","30179169319725","Sponsored Products","8.52","AUD"
"2026-04-19","423471492340141","Sponsored Brands","7.77","USD"
"2026-04-08","11588448157956","Sponsored Products","0.45","USD"
"2026-04-03","245335884201020","Sponsored Products","0.00","USD"
"2026-04-29","207367106415924","Sponsored Products","11.31","GBP"
"2026-04-28","204544178017947","Sponsored Products","1.27","USD"
"2026-04-24","179014488125547","Sponsored Products","1.32","USD"
"2026-04-14","158724595401869","Sponsored Products","0.00","USD"
"2026-04-17","380662946968621","Sponsored Display","0.00","USD"
"2026-04-23","179014488125547","Sponsored Products","2.86","USD"
"2026-04-15","198809778193730","Sponsored Products","5.44","USD"
"2026-04-11","93539819506468","Sponsored Products","5.67","USD"
"2026-04-30","495677195822245","Sponsored Brands","0.15","USD"
"2026-04-01","14582572617569","Sponsored Products","0.00","USD"
"2026-04-08","116154511455108","Sponsored Products","0.30","GBP"
"2026-04-24","164743561215297","Sponsored Products","0.00","USD"
"2026-04-04","243204708497477","Sponsored Products","0.00","USD"
"2026-04-13","18193170148935","Sponsored Products","0.00","USD"
"2026-04-10","263026275901184","Sponsored Products","0.00","USD"
"2026-04-10","188545556962991","Sponsored Products","0.00","USD"
"2026-04-16","30651955945418","Sponsored Products","0.00","USD"
"2026-04-01","452065263384491","Sponsored Brands","1.81","USD"
"2026-04-20","54985710671674","Sponsored Products","0.00","CAD"
"2026-04-26","198809778193730","Sponsored Products","5.88","USD"
"2026-04-26","128770506922317","Sponsored Products","17.54","USD"
"2026-04-01","239677460933975","Sponsored Products","1.87","USD"
"2026-04-06","94121140300347","Sponsored Products","0.45","USD"
"2026-04-14","199076365376964","Sponsored Products","0.00","USD"
"2026-04-13","145958940968220","Sponsored Products","0.00","USD"
"2026-04-15","291680855614624","Sponsored Brands","0.69","GBP"
"2026-04-26","48758698369103","Sponsored Products","0.00","USD"
"2026-04-25","145958940968220","Sponsored Products","0.00","USD"
"2026-04-10","149626049979530","Sponsored Products","0.00","USD"
"2026-04-02","83042096012825","Sponsored Products","0.00","USD"
"2026-04-26","147738393779477","Sponsored Products","2.12","USD"
"2026-04-12","203521351461363","Sponsored Products","0.00","USD"
"2026-04-11","279125239605082","Sponsored Products","0.00","USD"
"2026-04-27","207367106415924","Sponsored Products","7.31","GBP"
"2026-04-19","172779439196738","Sponsored Products","0.00","USD"
"2026-04-30","158171452508120","Sponsored Products","0.00","USD"
"2026-04-26","251648059669526","Sponsored Products","0.00","USD"
"2026-04-17","133846876580591","Sponsored Products","0.00","USD"
"2026-04-17","15212099085836","Sponsored Products","0.00","USD"
"2026-04-24","269935586939823","Sponsored Products","4.67","CAD"
"2026-04-15","152555236474228","Sponsored Products","0.00","USD"
"2026-04-25","251449053079778","Sponsored Products","0.00","CAD"
"2026-04-03","284096201830626","Sponsored Display","0.03","USD"
"2026-04-11","115764500761375","Sponsored Products","0.00","USD"
"2026-04-09","121446500477002","Sponsored Products","0.00","USD"
"2026-04-15","2414736156339","Sponsored Products","2.15","USD"
"2026-04-17","153491409585454","Sponsored Products","1.80","USD"
"2026-04-15","246452377117901","Sponsored Products","0.42","USD"
"2026-04-20","246452377117901","Sponsored Products","0.46","USD"
"2026-04-07","176992507771254","Sponsored Products","5.44","USD"
"2026-04-09","239175797857758","Sponsored Products","0.00","USD"
"2026-04-07","245503802057093","Sponsored Products","0.00","USD"
"2026-04-09","188279469264899","Sponsored Products","0.00","USD"
"2026-04-09","149818563042691","Sponsored Products","0.00","USD"
"2026-04-15","276488907454289","Sponsored Products","1.04","USD"
"2026-04-16","174719285602701","Sponsored Products","3.56","USD"
"2026-04-04","280513164622908","Sponsored Products","0.00","USD"
"2026-04-21","81320226496883","Sponsored Products","0.65","USD"
"2026-04-13","495677195822245","Sponsored Brands","2.35","USD"
"2026-04-11","441925918527435","Sponsored Brands","0.55","USD"
"2026-04-11","185646462591669","Sponsored Products","0.00","USD"
"2026-04-22","278626821184075","Sponsored Products","0.00","USD"
"2026-04-01","272711015971799","Sponsored Products","1.35","USD"
"2026-04-10","94121140300347","Sponsored Products","0.00","USD"
"2026-04-11","192968792078402","Sponsored Products","0.00","USD"
"2026-04-05","254109808305934","Sponsored Products","1.00","USD"
"2026-04-01","153491409585454","Sponsored Products","0.00","USD"
"2026-04-15","149626049979530","Sponsored Products","6.70","USD"
"2026-04-25","230713195634518","Sponsored Products","0.30","CAD"
"2026-04-27","560000811916391","Sponsored Brands","4.22","USD"
"2026-04-25","115943131527635","Sponsored Products","3.67","USD"
"2026-04-12","187735718741416","Sponsored Products","0.00","USD"
"2026-04-26","79620432535917","Sponsored Products","0.00","USD"
"2026-04-21","11689270553056","Sponsored Products","9.01","CAD"
"2026-04-22","207367106415924","Sponsored Products","40.70","GBP"
"2026-04-18","205764417979436","Sponsored Products","0.00","USD"
"2026-04-22","203521351461363","Sponsored Products","0.00","USD"
"2026-04-26","94121140300347","Sponsored Products","0.00","USD"
"2026-04-25","206968068657618","Sponsored Products","0.00","USD"
"2026-04-12","439663157752722","Sponsored Brands","0.42","USD"
"2026-04-23","186804517918072","Sponsored Products","0.70","USD"
"2026-04-04","102474552529229","Sponsored Products","0.00","USD"
"2026-04-29","188279469264899","Sponsored Products","0.00","USD"
"2026-04-25","199076365376964","Sponsored Products","1.07","USD"
"2026-04-25","124202126398060","Sponsored Products","1.85","USD"
"2026-04-10","140453739775668","Sponsored Products","0.00","USD"
"2026-04-26","132476300811824","Sponsored Products","0.86","CAD"
"2026-04-27","254109808305934","Sponsored Products","0.00","USD"
"2026-04-09","206968068657618","Sponsored Products","0.00","USD"
"2026-04-19","61837188685116","Sponsored Products","0.00","USD"
"2026-04-17","455100983218716","Sponsored Brands","5.71","USD"
"2026-04-12","96060745446945","Sponsored Products","0.00","USD"
"2026-04-02","115943131527635","Sponsored Products","0.91","USD"
"2026-04-24","93539819506468","Sponsored Products","0.00","USD"
"2026-04-16","67855357390881","Sponsored Products","0.00","USD"
"2026-04-04","83042096012825","Sponsored Products","0.00","USD"
"2026-04-22","121312597844930","Sponsored Products","0.76","CAD"
"2026-04-29","194838680698310","Sponsored Products","0.00","USD"
"2026-04-18","202838039381314","Sponsored Products","0.00","USD"
"2026-04-12","271780514756108","Sponsored Products","1.09","USD"
"2026-04-22","79620432535917","Sponsored Products","0.00","USD"
"2026-04-15","133846876580591","Sponsored Products","2.36","USD"
"2026-04-04","2414736156339","Sponsored Products","0.00","USD"
"2026-04-14","215176800738804","Sponsored Products","0.00","USD"
"2026-04-14","271002646812055","Sponsored Products","0.00","USD"
"2026-04-14","133846876580591","Sponsored Products","0.00","USD"
"2026-04-26","121312597844930","Sponsored Products","1.03","CAD"
"2026-04-24","138135222992233","Sponsored Products","0.00","USD"
"2026-04-10","413308568322873","Sponsored Brands","0.00","USD"
"2026-04-11","272711015971799","Sponsored Products","1.97","USD"
"2026-04-09","154118694541854","Sponsored Products","0.96","USD"
"2026-04-16","261659564571062","Sponsored Products","0.00","USD"
"2026-04-21","515637010546761","Sponsored Brands","1.60","USD"
"2026-04-13","176992507771254","Sponsored Products","0.75","USD"
"2026-04-11","254109808305934","Sponsored Products","0.00","USD"
"2026-04-06","192420944790293","Sponsored Products","2.66","GBP"
"2026-04-12","243504419948461","Sponsored Products","0.00","USD"
"2026-04-05","61503627186513","Sponsored Products","0.00","USD"
"2026-04-29","121559999896526","Sponsored Products","0.40","CAD"
"2026-04-24","128770506922317","Sponsored Products","0.45","USD"
"2026-04-05","243204708497477","Sponsored Products","0.00","USD"
"2026-04-30","54673378227395","Sponsored Products","0.00","USD"
"2026-04-29","121312597844930","Sponsored Products","0.00","CAD"
"2026-04-26","65861573413220","Sponsored Products","0.00","USD"
"2026-04-20","55109131448748","Sponsored Products","0.87","USD"
"2026-04-29","271780514756108","Sponsored Products","0.00","USD"
"2026-04-10","48433117829801","Sponsored Products","2.07","USD"
"2026-04-20","142436966717939","Sponsored Products","0.00","USD"
"2026-04-18","54673378227395","Sponsored Products","0.00","USD"
"2026-04-30","202228555422966","Sponsored Products","0.00","USD"
"2026-04-06","380662946968621","Sponsored Display","0.08","USD"
"2026-04-27","357384467879967","Sponsored Brands","2.15","USD"
"2026-04-02","210638600694486","Sponsored Products","2.82","USD"
"2026-04-17","30179169319725","Sponsored Products","6.06","AUD"
"2026-04-02","423471492340141","Sponsored Brands","1.38","USD"
"2026-04-27","114550383664784","Sponsored Products","0.00","USD"
"2026-04-05","204544178017947","Sponsored Products","1.95","USD"
"2026-04-24","85314305519427","Sponsored Products","0.00","USD"
"2026-04-22","219243809439026","Sponsored Products","0.00","CAD"
"2026-04-13","243204708497477","Sponsored Products","0.00","USD"
"2026-04-04","269935586939823","Sponsored Products","25.23","CAD"
"2026-04-08","203521351461363","Sponsored Products","0.00","USD"
"2026-04-14","1861066386589","Sponsored Products","0.00","USD"
"2026-04-10","202838039381314","Sponsored Products","0.00","USD"
"2026-04-04","65861573413220","Sponsored Products","0.00","USD"
"2026-04-23","54985710671674","Sponsored Products","0.00","CAD"
"2026-04-26","174719285602701","Sponsored Products","0.46","USD"
"2026-04-04","34478632960968","Sponsored Products","5.62","USD"
"2026-04-27","121312597844930","Sponsored Products","0.00","CAD"
"2026-04-09","539931100075119","Sponsored Brands","3.43","USD"
"2026-04-12","495677195822245","Sponsored Brands","0.00","USD"
"2026-04-24","175777768252798","Sponsored Products","0.00","USD"
"2026-04-13","120274159023818","Sponsored Products","0.00","USD"
"2026-04-17","296615200458181","Sponsored Brands","18.85","USD"
"2026-04-05","175777768252798","Sponsored Products","0.00","USD"
"2026-04-19","202228555422966","Sponsored Products","0.00","USD"
"2026-04-10","1861066386589","Sponsored Products","0.00","USD"
"2026-04-10","239772993878028","Sponsored Products","0.00","USD"
"2026-04-03","263026275901184","Sponsored Products","0.00","USD"
"2026-04-05","154118694541854","Sponsored Products","0.00","USD"
"2026-04-06","269935586939823","Sponsored Products","12.25","CAD"
"2026-04-21","38682977693457","Sponsored Products","0.00","USD"
"2026-04-21","262727752997615","Sponsored Products","1.31","USD"
"2026-04-28","281024885672869","Sponsored Products","0.00","USD"
"2026-04-16","269935586939823","Sponsored Products","0.68","CAD"
"2026-04-12","83677388471868","Sponsored Products","0.00","USD"
"2026-04-17","32030113168570","Sponsored Products","2.18","USD"
"2026-04-26","102825844325514","Sponsored Products","0.52","USD"
"2026-04-07","11143044290906","Sponsored Products","0.00","USD"
"2026-04-10","61503627186513","Sponsored Products","0.00","USD"
"2026-04-22","156989235380210","Sponsored Products","239.90","USD"
"2026-04-02","238790977416237","Sponsored Products","0.58","USD"
"2026-04-27","153491409585454","Sponsored Products","0.00","USD"
"2026-04-15","281235849108344","Sponsored Products","0.00","USD"
"2026-04-06","239175797857758","Sponsored Products","0.00","USD"
"2026-04-10","18193170148935","Sponsored Products","0.00","USD"
"2026-04-28","54673378227395","Sponsored Products","3.86","USD"
"2026-04-05","303344079444236","Sponsored Brands","0.00","GBP"
"2026-04-17","113013759920940","Sponsored Products","0.00","USD"
"2026-04-21","83677388471868","Sponsored Products","0.00","USD"
"2026-04-23","277250351840071","Sponsored Products","3.01","USD"
"2026-04-14","38682977693457","Sponsored Products","0.00","USD"
"2026-04-07","254109808305934","Sponsored Products","0.00","USD"
"2026-04-25","28565058702355","Sponsored Products","0.00","USD"
"2026-04-02","30179169319725","Sponsored Products","12.72","AUD"
"2026-04-03","103686525154537","Sponsored Products","0.00","GBP"
"2026-04-18","113013759920940","Sponsored Products","0.00","USD"
"2026-04-03","142436966717939","Sponsored Products","0.00","USD"
"2026-04-23","279125239605082","Sponsored Products","0.00","USD"
"2026-04-10","116154511455108","Sponsored Products","0.98","GBP"
"2026-04-11","281110747056753","Sponsored Products","0.00","USD"
"2026-04-22","128770506922317","Sponsored Products","7.98","USD"
"2026-04-04","102692108916415","Sponsored Products","0.67","USD"
"2026-04-30","28864493115463","Sponsored Products","0.00","USD"
"2026-04-14","61837188685116","Sponsored Products","0.00","USD"
"2026-04-23","55109131448748","Sponsored Products","0.00","USD"
"2026-04-27","262727752997615","Sponsored Products","0.00","USD"
"2026-04-20","174719285602701","Sponsored Products","1.69","USD"
"2026-04-06","441925918527435","Sponsored Brands","4.14","USD"
"2026-04-06","192968792078402","Sponsored Products","0.00","USD"
"2026-04-28","277250351840071","Sponsored Products","0.00","USD"
"2026-04-02","303344079444236","Sponsored Brands","0.94","GBP"
"2026-04-24","31806545713281","Sponsored Products","0.00","CAD"
"2026-04-13","61090477012622","Sponsored Products","0.00","USD"
"2026-04-27","30179169319725","Sponsored Products","6.68","AUD"
"2026-04-08","515637010546761","Sponsored Brands","4.98","USD"
"2026-04-08","156285188540724","Sponsored Products","0.55","USD"
"2026-04-08","8078369968995","Sponsored Products","0.54","USD"
"2026-04-30","116575981038290","Sponsored Products","0.00","USD"
"2026-04-02","168803396873792","Sponsored Products","1.22","USD"
"2026-04-25","188545556962991","Sponsored Products","0.00","USD"
"2026-04-08","189380234928822","Sponsored Products","0.00","USD"
"2026-04-01","30651955945418","Sponsored Products","0.00","USD"
"2026-04-16","262727752997615","Sponsored Products","0.00","USD"
"2026-04-16","206968068657618","Sponsored Products","0.00","USD"
"2026-04-27","251449053079778","Sponsored Products","0.00","CAD"
"2026-04-18","65192845861072","Sponsored Products","1.74","USD"
"2026-04-12","19228716944861","Sponsored Products","1.30","USD"
"2026-04-15","263531397076178","Sponsored Products","1.88","USD"
"2026-04-20","149626049979530","Sponsored Products","0.00","USD"
"2026-04-21","280513164622908","Sponsored Products","0.00","USD"
"2026-04-25","441925918527435","Sponsored Brands","0.65","USD"
"2026-04-10","281235849108344","Sponsored Products","0.00","USD"
"2026-04-18","198809778193730","Sponsored Products","3.09","USD"
"2026-04-05","94121140300347","Sponsored Products","0.69","USD"
"2026-04-20","77231525415892","Sponsored Products","0.00","USD"
"2026-04-06","241960271286519","Sponsored Products","0.00","USD"
"2026-04-06","271780514756108","Sponsored Products","0.00","USD"
"2026-04-03","154118694541854","Sponsored Products","0.00","USD"
"2026-04-11","65861573413220","Sponsored Products","0.00","USD"
"2026-04-05","218351835233699","Sponsored Products","0.74","GBP"
"2026-04-25","55109131448748","Sponsored Products","1.33","USD"
"2026-04-07","174719285602701","Sponsored Products","0.00","USD"
"2026-04-07","82064097659476","Sponsored Products","0.00","USD"
"2026-04-06","128770506922317","Sponsored Products","0.00","USD"
"2026-04-25","18193170148935","Sponsored Products","0.00","USD"
"2026-04-19","192968792078402","Sponsored Products","0.00","USD"
"2026-04-19","154118694541854","Sponsored Products","0.88","USD"
"2026-04-10","121446500477002","Sponsored Products","0.00","USD"
"2026-04-08","187735718741416","Sponsored Products","0.00","USD"
"2026-04-12","276797522102375","Sponsored Products","1.43","USD"
"2026-04-23","116575981038290","Sponsored Products","0.00","USD"
"2026-04-11","8347630917879","Sponsored Products","2.41","USD"
"2026-04-24","14582572617569","Sponsored Products","0.45","USD"
"2026-04-17","172779439196738","Sponsored Products","0.00","USD"
"2026-04-19","192420944790293","Sponsored Products","0.78","GBP"
"2026-04-18","239175797857758","Sponsored Products","0.00","USD"
"2026-04-26","126638359335345","Sponsored Products","9.66","USD"
"2026-04-21","113013759920940","Sponsored Products","0.00","USD"
"2026-04-03","202228555422966","Sponsored Products","0.00","USD"
"2026-04-22","239175797857758","Sponsored Products","0.53","USD"
"2026-04-09","241960271286519","Sponsored Products","0.00","USD"
"2026-04-24","271780514756108","Sponsored Products","0.00","USD"
"2026-04-17","55109131448748","Sponsored Products","0.00","USD"
"2026-04-20","203903826395","Sponsored Products","0.00","USD"
"2026-04-20","204544178017947","Sponsored Products","0.99","USD"
"2026-04-10","173362871105297","Sponsored Products","0.00","USD"
"2026-04-24","272711015971799","Sponsored Products","0.77","USD"
"2026-04-22","251449053079778","Sponsored Products","0.00","CAD"
"2026-04-06","48758698369103","Sponsored Products","12.82","USD"
"2026-04-03","2514549308563","Sponsored Products","0.00","USD"
"2026-04-08","233888031600237","Sponsored Products","0.00","USD"
"2026-04-16","65861573413220","Sponsored Products","0.00","USD"
"2026-04-13","50912117972815","Sponsored Products","0.00","USD"
"2026-04-11","194838680698310","Sponsored Products","0.00","USD"
"2026-04-15","281024885672869","Sponsored Products","0.00","USD"
"2026-04-16","192420944790293","Sponsored Products","0.23","GBP"
"2026-04-18","243504419948461","Sponsored Products","0.00","USD"
"2026-04-14","141648422510979","Sponsored Products","0.00","USD"
"2026-04-14","206968068657618","Sponsored Products","0.00","USD"
"2026-04-29","210638600694486","Sponsored Products","0.00","USD"
"2026-04-29","174719285602701","Sponsored Products","4.62","USD"
"2026-04-06","27661898820374","Sponsored Products","0.00","USD"
"2026-04-12","291680855614624","Sponsored Brands","0.76","GBP"
"2026-04-10","215966552761313","Sponsored Products","0.00","USD"
"2026-04-12","192420944790293","Sponsored Products","0.62","GBP"
"2026-04-08","239175797857758","Sponsored Products","0.00","USD"
"2026-04-22","205922105032655","Sponsored Products","0.00","USD"
"2026-04-09","102692108916415","Sponsored Products","0.00","USD"
"2026-04-28","147738393779477","Sponsored Products","1.42","USD"
"2026-04-23","94067411428118","Sponsored Products","0.00","CAD"
"2026-04-09","199698435439447","Sponsored Products","0.00","USD"
"2026-04-06","101459965063202","Sponsored Products","0.00","USD"
"2026-04-08","291680855614624","Sponsored Brands","0.49","GBP"
"2026-04-08","1069464513580","Sponsored Products","3.60","USD"
"2026-04-25","160686618044289","Sponsored Products","0.00","CAD"
"2026-04-09","176992507771254","Sponsored Products","10.40","USD"
"2026-04-15","357384467879967","Sponsored Brands","0.00","USD"
"2026-04-24","54673378227395","Sponsored Products","2.25","USD"
"2026-04-10","83042096012825","Sponsored Products","0.00","USD"
"2026-04-27","174719285602701","Sponsored Products","0.41","USD"
"2026-04-27","187735718741416","Sponsored Products","0.00","USD"
"2026-04-27","271780514756108","Sponsored Products","0.00","USD"
"2026-04-11","216925562826343","Sponsored Products","0.00","USD"
"2026-04-22","22515666501366","Sponsored Products","0.00","USD"
"2026-04-01","156285188540724","Sponsored Products","5.61","USD"
"2026-04-04","61090477012622","Sponsored Products","0.00","USD"
"2026-04-25","170402912830961","Sponsored Products","1.06","USD"
"2026-04-10","206968068657618","Sponsored Products","0.00","USD"
"2026-04-26","303344079444236","Sponsored Brands","0.15","GBP"
"2026-04-23","169062646257915","Sponsored Products","1.60","USD"
"2026-04-30","61503627186513","Sponsored Products","0.00","USD"
"2026-04-01","28864493115463","Sponsored Products","0.00","USD"
"2026-04-09","407444835513369","Sponsored Brands","0.00","CAD"
"2026-04-04","67855357390881","Sponsored Products","0.00","USD"
"2026-04-25","202838039381314","Sponsored Products","0.00","USD"
"2026-04-28","83677388471868","Sponsored Products","0.00","USD"
"2026-04-22","55109131448748","Sponsored Products","0.00","USD"
"2026-04-15","312632253610695","Sponsored Brands","0.00","USD"
"2026-04-19","303344079444236","Sponsored Brands","0.36","GBP"
"2026-04-26","279125239605082","Sponsored Products","0.00","USD"
"2026-04-26","71761066879367","Sponsored Products","0.00","USD"
"2026-04-16","126638359335345","Sponsored Products","0.00","USD"
"2026-04-05","267283875717235","Sponsored Products","0.00","USD"
"2026-04-04","213530912619228","Sponsored Products","0.00","USD"
"2026-04-13","56338703455249","Sponsored Products","0.00","USD"
"2026-04-22","515637010546761","Sponsored Brands","3.04","USD"
"2026-04-24","281235849108344","Sponsored Products","0.00","USD"
"2026-04-14","261580610725925","Sponsored Products","12.49","AUD"
"2026-04-19","39061317933304","Sponsored Products","0.00","USD"
"2026-04-10","11588448157956","Sponsored Products","0.68","USD"
"2026-04-18","115764500761375","Sponsored Products","0.00","USD"
"2026-04-09","233888031600237","Sponsored Products","0.00","USD"
"2026-04-17","1069464513580","Sponsored Products","0.00","USD"
"2026-04-07","495677195822245","Sponsored Brands","0.00","USD"
"2026-04-28","246452377117901","Sponsored Products","0.00","USD"
"2026-04-23","29007580757872","Sponsored Products","0.00","USD"
"2026-04-16","120274159023818","Sponsored Products","0.00","USD"
"2026-04-01","188545556962991","Sponsored Products","0.00","USD"
"2026-04-16","225946958740637","Sponsored Products","0.00","USD"
"2026-04-01","284096201830626","Sponsored Display","0.86","USD"
"2026-04-20","452065263384491","Sponsored Brands","1.91","USD"
"2026-04-05","194838680698310","Sponsored Products","0.00","USD"
"2026-04-29","54673378227395","Sponsored Products","0.00","USD"
"2026-04-25","259323671730401","Sponsored Products","3.79","USD"
"2026-04-22","40237294180920","Sponsored Products","13.17","USD"
"2026-04-02","54673378227395","Sponsored Products","0.00","USD"
"2026-04-13","218351835233699","Sponsored Products","3.00","GBP"
"2026-04-03","259323671730401","Sponsored Products","2.52","USD"
"2026-04-23","14582572617569","Sponsored Products","0.00","USD"
"2026-04-15","205764417979436","Sponsored Products","0.00","USD"
"2026-04-24","120274159023818","Sponsored Products","2.60","USD"
"2026-04-25","102825844325514","Sponsored Products","0.00","USD"
"2026-04-01","194838680698310","Sponsored Products","0.00","USD"
"2026-04-01","202838039381314","Sponsored Products","0.00","USD"
"2026-04-24","65861573413220","Sponsored Products","0.00","USD"
"2026-04-04","96060745446945","Sponsored Products","0.00","USD"
"2026-04-10","203521351461363","Sponsored Products","0.00","USD"
"2026-04-28","284096201830626","Sponsored Display","0.45","USD"
"2026-04-14","11689270553056","Sponsored Products","5.52","CAD"
"2026-04-08","128770506922317","Sponsored Products","0.00","USD"
"2026-04-22","53404531347848","Sponsored Products","0.00","USD"
"2026-04-10","279125239605082","Sponsored Products","0.00","USD"
"2026-04-08","22515666501366","Sponsored Products","0.00","USD"
"2026-04-08","168803396873792","Sponsored Products","0.79","USD"
"2026-04-12","121446500477002","Sponsored Products","0.00","USD"
"2026-04-23","160686618044289","Sponsored Products","0.00","CAD"
"2026-04-14","380662946968621","Sponsored Display","0.00","USD"
"2026-04-07","188545556962991","Sponsored Products","0.00","USD"
"2026-04-29","204544178017947","Sponsored Products","0.89","USD"
"2026-04-14","48433117829801","Sponsored Products","1.83","USD"
"2026-04-13","134777743429986","Sponsored Products","0.00","USD"
"2026-04-19","439663157752722","Sponsored Brands","1.52","USD"
"2026-04-10","170402912830961","Sponsored Products","0.00","USD"
"2026-04-25","204544178017947","Sponsored Products","0.00","USD"
"2026-04-08","30651955945418","Sponsored Products","0.00","USD"
"2026-04-16","192968792078402","Sponsored Products","0.00","USD"
"2026-04-20","245503802057093","Sponsored Products","0.00","USD"
"2026-04-08","439663157752722","Sponsored Brands","1.65","USD"
"2026-04-20","15212099085836","Sponsored Products","0.00","USD"
"2026-04-07","1861066386589","Sponsored Products","0.00","USD"
"2026-04-21","277250351840071","Sponsored Products","2.71","USD"
"2026-04-19","262727752997615","Sponsored Products","0.00","USD"
"2026-04-08","19228716944861","Sponsored Products","0.73","USD"
"2026-04-30","22515666501366","Sponsored Products","0.00","USD"
"2026-04-06","279125239605082","Sponsored Products","0.00","USD"
"2026-04-27","218351835233699","Sponsored Products","2.60","GBP"
"2026-04-01","281110747056753","Sponsored Products","0.00","USD"
"2026-04-02","455100983218716","Sponsored Brands","1.26","USD"
"2026-04-12","32030113168570","Sponsored Products","0.00","USD"
"2026-04-26","38682977693457","Sponsored Products","0.97","USD"
"2026-04-19","263531397076178","Sponsored Products","0.00","USD"
"2026-04-30","407444835513369","Sponsored Brands","0.00","CAD"
"2026-04-03","61837188685116","Sponsored Products","0.45","USD"
"2026-04-18","243204708497477","Sponsored Products","0.00","USD"
"2026-04-02","94121140300347","Sponsored Products","1.70","USD"
"2026-04-26","124202126398060","Sponsored Products","1.21","USD"
"2026-04-16","138135222992233","Sponsored Products","0.00","USD"
"2026-04-14","115758363210245","Sponsored Products","1.42","USD"
"2026-04-07","101965336081409","Sponsored Products","0.99","USD"
"2026-04-19","11143044290906","Sponsored Products","0.00","USD"
"2026-04-08","58475731073369","Sponsored Products","0.00","USD"
"2026-04-08","83042096012825","Sponsored Products","0.00","USD"
"2026-04-18","149818563042691","Sponsored Products","0.00","USD"
"2026-04-23","128835884603962","Sponsored Products","0.00","USD"
"2026-04-23","203521351461363","Sponsored Products","0.00","USD"
"2026-04-24","128835884603962","Sponsored Products","0.00","USD"
"2026-04-10","539931100075119","Sponsored Brands","3.20","USD"
"2026-04-05","199698435439447","Sponsored Products","0.00","USD"
"2026-04-08","113013759920940","Sponsored Products","2.09","USD"
"2026-04-12","176992507771254","Sponsored Products","4.04","USD"
"2026-04-23","32030113168570","Sponsored Products","0.45","USD"
"2026-04-22","54673378227395","Sponsored Products","0.00","USD"
"2026-04-15","284096201830626","Sponsored Display","0.00","USD"
"2026-04-13","239677460933975","Sponsored Products","0.00","USD"
"2026-04-11","102825844325514","Sponsored Products","0.69","USD"
"2026-04-16","291680855614624","Sponsored Brands","0.77","GBP"
"2026-04-16","118760086623663","Sponsored Products","0.00","USD"
"2026-04-06","145958940968220","Sponsored Products","0.00","USD"
"2026-04-07","116154511455108","Sponsored Products","0.00","GBP"
"2026-04-10","138135222992233","Sponsored Products","0.00","USD"
"2026-04-23","7858512618685","Sponsored Products","0.00","CAD"
"2026-04-23","262727752997615","Sponsored Products","2.30","USD"
"2026-04-02","312632253610695","Sponsored Brands","0.00","USD"
"2026-04-15","261580610725925","Sponsored Products","2.19","AUD"
"2026-04-06","141648422510979","Sponsored Products","0.00","USD"
"2026-04-27","491366396962687","Sponsored Brands","0.00","USD"
"2026-04-22","296615200458181","Sponsored Brands","15.59","USD"
"2026-04-28","192968792078402","Sponsored Products","0.00","USD"
"2026-04-04","271780514756108","Sponsored Products","0.00","USD"
"2026-04-12","238790977416237","Sponsored Products","0.00","USD"
"2026-04-03","434170639918769","Sponsored Brands","0.00","USD"
"2026-04-04","61837188685116","Sponsored Products","0.64","USD"
"2026-04-11","539931100075119","Sponsored Brands","4.82","USD"
"2026-04-24","156989235380210","Sponsored Products","268.64","USD"
"2026-04-12","34478632960968","Sponsored Products","0.00","USD"
"2026-04-15","154118694541854","Sponsored Products","0.00","USD"
"2026-04-26","434170639918769","Sponsored Brands","1.55","USD"
"2026-04-06","246452377117901","Sponsored Products","0.00","USD"
"2026-04-18","226743970768774","Sponsored Products","0.00","USD"
"2026-04-24","134777743429986","Sponsored Products","0.00","USD"
"2026-04-17","254109808305934","Sponsored Products","1.73","USD"
"2026-04-25","156285188540724","Sponsored Products","0.00","USD"
"2026-04-20","108717111045331","Sponsored Products","0.00","CAD"
"2026-04-30","40237294180920","Sponsored Products","7.17","USD"
"2026-04-06","103686525154537","Sponsored Products","0.58","GBP"
"2026-04-24","184342897537658","Sponsored Products","0.00","CAD"
"2026-04-17","153828112302993","Sponsored Products","0.00","USD"
"2026-04-20","281024885672869","Sponsored Products","0.00","USD"
"2026-04-21","346023186686134","Sponsored Brands","0.90","USD"
"2026-04-27","111945947349127","Sponsored Products","1.37","CAD"
"2026-04-03","149818563042691","Sponsored Products","0.00","USD"
"2026-04-22","1069464513580","Sponsored Products","0.00","USD"
"2026-04-29","239772993878028","Sponsored Products","0.00","USD"
"2026-04-15","560000811916391","Sponsored Brands","6.46","USD"
"2026-04-27","203903826395","Sponsored Products","0.00","USD"
"2026-04-22","3690623984567","Sponsored Products","0.00","USD"
"2026-04-29","238790977416237","Sponsored Products","0.00","USD"
"2026-04-10","14582572617569","Sponsored Products","0.00","USD"
"2026-04-23","493216310640409","Sponsored Brands","0.00","USD"
"2026-04-23","2414736156339","Sponsored Products","0.00","USD"
"2026-04-04","254109808305934","Sponsored Products","0.00","USD"
"2026-04-14","215966552761313","Sponsored Products","0.00","USD"
"2026-04-28","172779439196738","Sponsored Products","0.00","USD"
"2026-04-28","434170639918769","Sponsored Brands","4.18","USD"
"2026-04-02","61837188685116","Sponsored Products","0.00","USD"
"2026-04-17","241960271286519","Sponsored Products","0.00","USD"
"2026-04-07","27661898820374","Sponsored Products","0.42","USD"
"2026-04-13","140453739775668","Sponsored Products","0.00","USD"
"2026-04-07","103686525154537","Sponsored Products","0.00","GBP"
"2026-04-19","14582572617569","Sponsored Products","0.00","USD"
"2026-04-30","168803396873792","Sponsored Products","0.00","USD"
"2026-04-09","96060745446945","Sponsored Products","0.00","USD"
"2026-04-16","18193170148935","Sponsored Products","0.00","USD"
"2026-04-12","170402912830961","Sponsored Products","0.00","USD"
"2026-04-20","185646462591669","Sponsored Products","0.00","USD"
"2026-04-22","284096201830626","Sponsored Display","0.00","USD"
"2026-04-28","116575981038290","Sponsored Products","0.00","USD"
"2026-04-28","114550383664784","Sponsored Products","3.57","USD"
"2026-04-14","11588448157956","Sponsored Products","3.59","USD"
"2026-04-11","187735718741416","Sponsored Products","0.00","USD"
"2026-04-28","206968068657618","Sponsored Products","0.00","USD"
"2026-04-21","243504419948461","Sponsored Products","0.00","USD"
"2026-04-13","441925918527435","Sponsored Brands","5.29","USD"
"2026-04-25","97079585612330","Sponsored Products","5.76","USD"
"2026-04-02","452065263384491","Sponsored Brands","0.48","USD"
"2026-04-08","96060745446945","Sponsored Products","0.00","USD"
"2026-04-02","188279469264899","Sponsored Products","0.00","USD"
"2026-04-14","199698435439447","Sponsored Products","0.00","USD"
"2026-04-02","72921898703277","Sponsored Products","0.00","USD"
"2026-04-03","194512325763287","Sponsored Products","0.00","USD"
"2026-04-22","65192845861072","Sponsored Products","0.00","USD"
"2026-04-26","149626049979530","Sponsored Products","0.60","USD"
"2026-04-29","158724595401869","Sponsored Products","0.98","USD"
"2026-04-27","46645908356301","Sponsored Products","0.00","CAD"
"2026-04-24","28565058702355","Sponsored Products","0.00","USD"
"2026-04-20","218351835233699","Sponsored Products","3.64","GBP"
"2026-04-15","145958940968220","Sponsored Products","0.00","USD"
"2026-04-19","82064097659476","Sponsored Products","6.49","USD"
"2026-04-19","198809778193730","Sponsored Products","9.99","USD"
"2026-04-30","90153090750124","Sponsored Products","1.62","CAD"
"2026-04-24","174719285602701","Sponsored Products","0.00","USD"
"2026-04-23","441925918527435","Sponsored Brands","0.44","USD"
"2026-04-05","55109131448748","Sponsored Products","0.00","USD"
"2026-04-09","14582572617569","Sponsored Products","0.00","USD"
"2026-04-15","72921898703277","Sponsored Products","0.00","USD"
"2026-04-24","38682977693457","Sponsored Products","0.00","USD"
"2026-04-20","22515666501366","Sponsored Products","0.85","USD"
"2026-04-21","173362871105297","Sponsored Products","0.00","USD"
"2026-04-11","3690623984567","Sponsored Products","0.00","USD"
"2026-04-15","93539819506468","Sponsored Products","0.00","USD"
"2026-04-21","123968831058562","Sponsored Products","0.00","CAD"
"2026-04-11","48433117829801","Sponsored Products","1.92","USD"
"2026-04-28","54985710671674","Sponsored Products","0.00","CAD"
"2026-04-28","89763253163155","Sponsored Products","5.56","CAD"
"2026-04-09","224639482376841","Sponsored Products","0.00","USD"
"2026-04-20","101965336081409","Sponsored Products","0.47","USD"
"2026-04-19","441925918527435","Sponsored Brands","1.79","USD"
"2026-04-02","281235849108344","Sponsored Products","0.91","USD"
"2026-04-29","94121140300347","Sponsored Products","0.00","USD"
"2026-04-12","254109808305934","Sponsored Products","0.00","USD"
"2026-04-02","158171452508120","Sponsored Products","0.00","USD"
"2026-04-14","164743561215297","Sponsored Products","0.00","USD"
"2026-04-12","18193170148935","Sponsored Products","0.00","USD"
"2026-04-30","239175797857758","Sponsored Products","0.00","USD"
"2026-04-16","93539819506468","Sponsored Products","3.60","USD"
"2026-04-19","1069464513580","Sponsored Products","0.00","USD"
"2026-04-28","154118694541854","Sponsored Products","0.00","USD"
"2026-04-08","210638600694486","Sponsored Products","0.50","USD"
"2026-04-02","2514549308563","Sponsored Products","0.00","USD"
"2026-04-23","124202126398060","Sponsored Products","0.86","USD"
"2026-04-20","53404531347848","Sponsored Products","3.20","USD"
"2026-04-21","94943402078065","Sponsored Products","0.94","CAD"
"2026-04-19","128770506922317","Sponsored Products","21.17","USD"
"2026-04-02","128835884603962","Sponsored Products","0.00","USD"
"2026-04-17","255100442617527","Sponsored Products","0.00","USD"
"2026-04-20","102474552529229","Sponsored Products","0.00","USD"
"2026-04-25","93539819506468","Sponsored Products","0.00","USD"
"2026-04-25","278626821184075","Sponsored Products","0.00","USD"
"2026-04-08","455100983218716","Sponsored Brands","4.81","USD"
"2026-04-02","164743561215297","Sponsored Products","0.00","USD"
"2026-04-26","121559999896526","Sponsored Products","0.00","CAD"
"2026-04-03","77231525415892","Sponsored Products","0.00","USD"
"2026-04-27","188279469264899","Sponsored Products","0.64","USD"
"2026-04-27","133846876580591","Sponsored Products","0.00","USD"
"2026-04-09","77231525415892","Sponsored Products","0.00","USD"
"2026-04-15","539931100075119","Sponsored Brands","8.68","USD"
"2026-04-29","2414736156339","Sponsored Products","0.00","USD"
"2026-04-28","142436966717939","Sponsored Products","1.20","USD"
"2026-04-12","202838039381314","Sponsored Products","2.74","USD"
"2026-04-03","61503627186513","Sponsored Products","0.00","USD"
"2026-04-19","188279469264899","Sponsored Products","0.00","USD"
"2026-04-05","455100983218716","Sponsored Brands","10.66","USD"
"2026-04-23","495677195822245","Sponsored Brands","0.00","USD"
"2026-04-12","43460676635147","Sponsored Products","0.00","USD"
"2026-04-15","11689270553056","Sponsored Products","10.02","CAD"
"2026-04-09","53404531347848","Sponsored Products","7.22","USD"
"2026-04-25","43460676635147","Sponsored Products","0.00","USD"
"2026-04-03","126638359335345","Sponsored Products","0.00","USD"
"2026-04-04","48758698369103","Sponsored Products","13.02","USD"
"2026-04-10","491366396962687","Sponsored Brands","0.00","USD"
"2026-04-09","560000811916391","Sponsored Brands","3.22","USD"
"2026-04-28","539931100075119","Sponsored Brands","3.61","USD"
"2026-04-23","61837188685116","Sponsored Products","0.00","USD"
"2026-04-30","46645908356301","Sponsored Products","0.00","CAD"
"2026-04-26","194838680698310","Sponsored Products","0.00","USD"
"2026-04-17","238790977416237","Sponsored Products","0.89","USD"
"2026-04-17","48433117829801","Sponsored Products","3.29","USD"
"2026-04-03","413308568322873","Sponsored Brands","0.00","USD"
"2026-04-13","482686146435604","Sponsored Brands","0.37","USD"
"2026-04-02","96060745446945","Sponsored Products","0.97","USD"
"2026-04-02","93539819506468","Sponsored Products","0.00","USD"
"2026-04-26","37226214720536","Sponsored Products","0.47","CAD"
"2026-04-06","216925562826343","Sponsored Products","0.00","USD"
"2026-04-27","94943402078065","Sponsored Products","0.00","CAD"
"2026-04-24","48433117829801","Sponsored Products","1.17","USD"
"2026-04-30","251449053079778","Sponsored Products","0.00","CAD"
"2026-04-20","90153090750124","Sponsored Products","46.38","CAD"
"2026-04-02","121446500477002","Sponsored Products","0.00","USD"
"2026-04-04","303344079444236","Sponsored Brands","0.22","GBP"
"2026-04-17","250087227199112","Sponsored Products","0.00","GBP"
"2026-04-17","138135222992233","Sponsored Products","0.00","USD"
"2026-04-20","71761066879367","Sponsored Products","0.00","USD"
"2026-04-02","82064097659476","Sponsored Products","0.90","USD"
"2026-04-13","192968792078402","Sponsored Products","1.33","USD"
"2026-04-08","206968068657618","Sponsored Products","0.00","USD"
"2026-04-11","284096201830626","Sponsored Display","0.00","USD"
"2026-04-15","1069464513580","Sponsored Products","0.90","USD"
"2026-04-24","116575981038290","Sponsored Products","0.00","USD"
"2026-04-10","243204708497477","Sponsored Products","0.00","USD"
"2026-04-28","281235849108344","Sponsored Products","0.00","USD"
"2026-04-15","103686525154537","Sponsored Products","0.88","GBP"
"2026-04-30","132476300811824","Sponsored Products","7.57","CAD"
"2026-04-20","255100442617527","Sponsored Products","0.00","USD"
"2026-04-29","102825844325514","Sponsored Products","0.72","USD"
"2026-04-21","245335884201020","Sponsored Products","0.00","USD"
"2026-04-13","101459965063202","Sponsored Products","0.36","USD"
"2026-04-19","202838039381314","Sponsored Products","0.53","USD"
"2026-04-23","413308568322873","Sponsored Brands","0.00","USD"
"2026-04-10","192420944790293","Sponsored Products","0.14","GBP"
"2026-04-30","55109131448748","Sponsored Products","0.00","USD"
"2026-04-01","225946958740637","Sponsored Products","0.00","USD"
"2026-04-09","81320226496883","Sponsored Products","0.00","USD"
"2026-04-21","215966552761313","Sponsored Products","0.00","USD"
"2026-04-03","482686146435604","Sponsored Brands","0.00","USD"
"2026-04-25","281110747056753","Sponsored Products","0.00","USD"
"2026-04-28","202228555422966","Sponsored Products","0.00","USD"
"2026-04-18","239677460933975","Sponsored Products","0.17","USD"
"2026-04-03","115758363210245","Sponsored Products","0.00","USD"
"2026-04-11","55109131448748","Sponsored Products","1.32","USD"
"2026-04-21","186804517918072","Sponsored Products","2.10","USD"
"2026-04-19","482686146435604","Sponsored Brands","4.20","USD"
"2026-04-02","243504419948461","Sponsored Products","4.82","USD"
"2026-04-11","153491409585454","Sponsored Products","0.00","USD"
"2026-04-05","126638359335345","Sponsored Products","0.00","USD"
"2026-04-14","142436966717939","Sponsored Products","0.00","USD"
"2026-04-17","102692108916415","Sponsored Products","0.00","USD"
"2026-04-19","164743561215297","Sponsored Products","0.00","USD"
"2026-04-19","97079585612330","Sponsored Products","0.00","USD"
"2026-04-10","42141939819441","Sponsored Products","0.00","USD"
"2026-04-18","156989235380210","Sponsored Products","203.63","USD"
"2026-04-02","175777768252798","Sponsored Products","0.00","USD"
"2026-04-16","254109808305934","Sponsored Products","2.76","USD"
"2026-04-14","15212099085836","Sponsored Products","0.00","USD"
"2026-04-20","72921898703277","Sponsored Products","0.00","USD"
"2026-04-02","103686525154537","Sponsored Products","0.00","GBP"
"2026-04-17","11143044290906","Sponsored Products","0.00","USD"
"2026-04-25","61090477012622","Sponsored Products","0.00","USD"
"2026-04-03","72921898703277","Sponsored Products","0.00","USD"
"2026-04-11","188279469264899","Sponsored Products","3.87","USD"
"2026-04-04","186804517918072","Sponsored Products","2.51","USD"
"2026-04-22","407444835513369","Sponsored Brands","0.00","CAD"
"2026-04-21","439663157752722","Sponsored Brands","0.48","USD"
"2026-04-03","185646462591669","Sponsored Products","0.00","USD"
"2026-04-29","154118694541854","Sponsored Products","0.00","USD"
"2026-04-11","55613271497964","Sponsored Products","0.00","USD"
"2026-04-01","267283875717235","Sponsored Products","0.00","USD"
"2026-04-15","8078369968995","Sponsored Products","0.00","USD"
"2026-04-20","18193170148935","Sponsored Products","0.25","USD"
"2026-04-29","455100983218716","Sponsored Brands","9.59","USD"
"2026-04-09","515637010546761","Sponsored Brands","4.31","USD"
"2026-04-05","205922105032655","Sponsored Products","0.78","USD"
"2026-04-17","281235849108344","Sponsored Products","2.17","USD"
"2026-04-29","194512325763287","Sponsored Products","1.04","USD"
"2026-04-10","128835884603962","Sponsored Products","0.00","USD"
"2026-04-15","243504419948461","Sponsored Products","2.94","USD"
"2026-04-03","210638600694486","Sponsored Products","1.93","USD"
"2026-04-04","346023186686134","Sponsored Brands","0.00","USD"
"2026-04-29","272711015971799","Sponsored Products","0.00","USD"
"2026-04-13","168803396873792","Sponsored Products","0.46","USD"
"2026-04-04","156989235380210","Sponsored Products","236.02","USD"
"2026-04-17","18193170148935","Sponsored Products","0.00","USD"
"2026-04-21","279125239605082","Sponsored Products","0.00","USD"
"2026-04-25","296615200458181","Sponsored Brands","56.67","USD"
"2026-04-26","207367106415924","Sponsored Products","31.28","GBP"
"2026-04-03","281235849108344","Sponsored Products","0.00","USD"
"2026-04-17","2414736156339","Sponsored Products","0.76","USD"
"2026-04-06","204544178017947","Sponsored Products","1.34","USD"
"2026-04-12","65192845861072","Sponsored Products","0.90","USD"
"2026-04-16","280513164622908","Sponsored Products","0.00","USD"
"2026-04-04","210638600694486","Sponsored Products","0.00","USD"
"2026-04-30","222624990185469","Sponsored Products","0.00","CAD"
"2026-04-17","149818563042691","Sponsored Products","0.75","USD"
"2026-04-02","205764417979436","Sponsored Products","0.00","USD"
"2026-04-24","276797522102375","Sponsored Products","6.41","USD"
"2026-04-24","27661898820374","Sponsored Products","0.00","USD"
"2026-04-29","190621879613931","Sponsored Products","0.00","USD"
"2026-04-21","93539819506468","Sponsored Products","0.00","USD"
"2026-04-28","215966552761313","Sponsored Products","0.00","USD"
"2026-04-22","142436966717939","Sponsored Products","0.00","USD"
"2026-04-15","32030113168570","Sponsored Products","0.74","USD"
"2026-04-07","280513164622908","Sponsored Products","0.00","USD"
"2026-04-07","452065263384491","Sponsored Brands","0.00","USD"
"2026-04-30","218351835233699","Sponsored Products","2.64","GBP"
"2026-04-29","239677460933975","Sponsored Products","7.46","USD"
"2026-04-06","138135222992233","Sponsored Products","0.00","USD"
"2026-04-06","199076365376964","Sponsored Products","1.26","USD"
"2026-04-08","176992507771254","Sponsored Products","0.63","USD"
"2026-04-19","215176800738804","Sponsored Products","0.00","USD"
"2026-04-12","210638600694486","Sponsored Products","0.00","USD"
"2026-04-24","203903826395","Sponsored Products","0.00","USD"
"2026-04-08","346023186686134","Sponsored Brands","0.00","USD"
"2026-04-27","11588448157956","Sponsored Products","0.00","USD"
"2026-04-24","194838680698310","Sponsored Products","0.00","USD"
"2026-04-27","413308568322873","Sponsored Brands","0.56","USD"
"2026-04-18","128835884603962","Sponsored Products","0.00","USD"
"2026-04-08","186804517918072","Sponsored Products","1.50","USD"
"2026-04-18","495677195822245","Sponsored Brands","0.83","USD"
"2026-04-18","79620432535917","Sponsored Products","0.00","USD"
"2026-04-30","11689270553056","Sponsored Products","3.32","CAD"
"2026-04-08","42141939819441","Sponsored Products","0.00","USD"
"2026-04-23","251449053079778","Sponsored Products","0.00","CAD"
"2026-04-26","188545556962991","Sponsored Products","0.00","USD"
"2026-04-05","192420944790293","Sponsored Products","1.45","GBP"
"2026-04-20","259323671730401","Sponsored Products","7.36","USD"
"2026-04-13","34478632960968","Sponsored Products","1.17","USD"
"2026-04-25","72921898703277","Sponsored Products","2.58","USD"
"2026-04-23","174719285602701","Sponsored Products","0.00","USD"
"2026-04-10","218351835233699","Sponsored Products","1.43","GBP"
"2026-04-28","452065263384491","Sponsored Brands","3.59","USD"
"2026-04-28","2414736156339","Sponsored Products","0.00","USD"
"2026-04-18","48433117829801","Sponsored Products","2.57","USD"
"2026-04-02","189380234928822","Sponsored Products","0.00","USD"
"2026-04-01","187735718741416","Sponsored Products","0.00","USD"
"2026-04-01","207367106415924","Sponsored Products","20.94","GBP"
"2026-04-08","67855357390881","Sponsored Products","0.00","USD"
"2026-04-16","149626049979530","Sponsored Products","4.73","USD"
"2026-04-14","276488907454289","Sponsored Products","0.00","USD"
"2026-04-13","173362871105297","Sponsored Products","0.00","USD"
"2026-04-25","126638359335345","Sponsored Products","13.73","USD"
"2026-04-26","241960271286519","Sponsored Products","0.00","USD"
"2026-04-17","158171452508120","Sponsored Products","0.00","USD"
"2026-04-13","153491409585454","Sponsored Products","2.16","USD"
"2026-04-04","423471492340141","Sponsored Brands","1.29","USD"
"2026-04-23","113013759920940","Sponsored Products","0.00","USD"
"2026-04-24","154118694541854","Sponsored Products","0.00","USD"
"2026-04-21","218351835233699","Sponsored Products","4.61","GBP"
"2026-04-28","153491409585454","Sponsored Products","0.00","USD"
"2026-04-26","205922105032655","Sponsored Products","0.00","USD"
"2026-04-06","11588448157956","Sponsored Products","0.00","USD"
"2026-04-16","560000811916391","Sponsored Brands","3.71","USD"
"2026-04-19","346023186686134","Sponsored Brands","0.00","USD"
"2026-04-24","224639482376841","Sponsored Products","2.80","USD"
"2026-04-27","186804517918072","Sponsored Products","0.47","USD"
"2026-04-16","102692108916415","Sponsored Products","0.00","USD"
"2026-04-18","154085784178560","Sponsored Products","3.60","USD"
"2026-04-02","153491409585454","Sponsored Products","0.48","USD"
"2026-04-18","30179169319725","Sponsored Products","14.78","AUD"
"2026-04-15","482686146435604","Sponsored Brands","2.79","USD"
"2026-04-04","154118694541854","Sponsored Products","0.81","USD"
"2026-04-03","48433117829801","Sponsored Products","0.00","USD"
"2026-04-30","27661898820374","Sponsored Products","0.00","USD"
"2026-04-18","296615200458181","Sponsored Brands","25.92","USD"
"2026-04-03","53404531347848","Sponsored Products","0.71","USD"
"2026-04-17","82064097659476","Sponsored Products","8.67","USD"
"2026-04-05","482686146435604","Sponsored Brands","0.00","USD"
"2026-04-09","192968792078402","Sponsored Products","0.00","USD"
"2026-04-24","169062646257915","Sponsored Products","8.67","USD"
"2026-04-19","154085784178560","Sponsored Products","2.82","USD"
"2026-04-10","278626821184075","Sponsored Products","0.00","USD"
"2026-04-28","188545556962991","Sponsored Products","0.00","USD"
"2026-04-06","149626049979530","Sponsored Products","0.00","USD"
"2026-04-07","218351835233699","Sponsored Products","1.33","GBP"
"2026-04-27","296615200458181","Sponsored Brands","3.30","USD"
"2026-04-18","121446500477002","Sponsored Products","0.00","USD"
"2026-04-26","539931100075119","Sponsored Brands","3.98","USD"
"2026-04-05","133243849204741","Sponsored Products","0.00","USD"
"2026-04-30","303344079444236","Sponsored Brands","0.00","GBP"
"2026-04-25","149626049979530","Sponsored Products","0.00","USD"
"2026-04-19","138135222992233","Sponsored Products","0.93","USD"
"2026-04-28","32030113168570","Sponsored Products","0.00","USD"
"2026-04-24","482686146435604","Sponsored Brands","4.34","USD"
"2026-04-18","1069464513580","Sponsored Products","0.96","USD"
"2026-04-14","34478632960968","Sponsored Products","4.79","USD"
"2026-04-21","153491409585454","Sponsored Products","0.00","USD"
"2026-04-28","149702501735187","Sponsored Products","1.65","USD"
"2026-04-30","261580610725925","Sponsored Products","1.85","AUD"
"2026-04-30","194512325763287","Sponsored Products","0.81","USD"
"2026-04-01","224639482376841","Sponsored Products","1.47","USD"
"2026-04-16","15212099085836","Sponsored Products","0.00","USD"
"2026-04-04","55109131448748","Sponsored Products","0.00","USD"
"2026-04-29","175777768252798","Sponsored Products","0.00","USD"
"2026-04-12","357384467879967","Sponsored Brands","1.05","USD"
"2026-04-17","216925562826343","Sponsored Products","0.00","USD"
"2026-04-25","267283875717235","Sponsored Products","0.00","USD"
"2026-04-08","124202126398060","Sponsored Products","1.62","USD"
"2026-04-04","560000811916391","Sponsored Brands","3.04","USD"
"2026-04-15","202838039381314","Sponsored Products","2.16","USD"
"2026-04-02","413308568322873","Sponsored Brands","0.00","USD"
"2026-04-02","241259046045612","Sponsored Products","0.00","USD"
"2026-04-26","7858512618685","Sponsored Products","0.00","CAD"
"2026-04-23","271780514756108","Sponsored Products","0.00","USD"
"2026-04-23","216925562826343","Sponsored Products","0.00","USD"
"2026-04-11","158724595401869","Sponsored Products","0.00","USD"
"2026-04-15","118760086623663","Sponsored Products","0.00","USD"
"2026-04-21","149626049979530","Sponsored Products","0.00","USD"
"2026-04-27","202838039381314","Sponsored Products","0.00","USD"
"2026-04-04","54673378227395","Sponsored Products","0.00","USD"
"2026-04-28","96060745446945","Sponsored Products","0.82","USD"
"2026-04-27","79620432535917","Sponsored Products","1.53","USD"
"2026-04-26","32571611634774","Sponsored Products","0.00","USD"
"2026-04-26","266158523203302","Sponsored Products","0.00","USD"
"2026-04-04","81320226496883","Sponsored Products","0.00","USD"
"2026-04-27","158171452508120","Sponsored Products","0.00","USD"
"2026-04-11","1861066386589","Sponsored Products","0.00","USD"
"2026-04-30","102692108916415","Sponsored Products","0.00","USD"
"2026-04-21","19228716944861","Sponsored Products","0.66","USD"
"2026-04-02","245335884201020","Sponsored Products","0.00","USD"
"2026-04-02","188545556962991","Sponsored Products","0.00","USD"
"2026-04-27","257373022214500","Sponsored Products","0.00","USD"
"2026-04-05","27661898820374","Sponsored Products","0.66","USD"
"2026-04-30","172779439196738","Sponsored Products","0.00","USD"
"2026-04-19","407444835513369","Sponsored Brands","0.00","CAD"
"2026-04-02","262727752997615","Sponsored Products","0.00","USD"
"2026-04-13","241259046045612","Sponsored Products","0.00","USD"
"2026-04-26","251449053079778","Sponsored Products","1.02","CAD"
"2026-04-10","452065263384491","Sponsored Brands","1.50","USD"
"2026-04-10","48192245895031","Sponsored Products","0.00","USD"
"2026-04-28","210638600694486","Sponsored Products","0.00","USD"
"2026-04-26","184342897537658","Sponsored Products","0.00","CAD"
"2026-04-09","434170639918769","Sponsored Brands","1.24","USD"
"2026-04-15","8347630917879","Sponsored Products","1.06","USD"
"2026-04-03","238790977416237","Sponsored Products","0.00","USD"
"2026-04-27","204544178017947","Sponsored Products","0.00","USD"
"2026-04-17","423471492340141","Sponsored Brands","1.70","USD"
"2026-04-04","156285188540724","Sponsored Products","1.62","USD"
"2026-04-18","72921898703277","Sponsored Products","0.00","USD"
"2026-04-11","39061317933304","Sponsored Products","0.00","USD"
"2026-04-29","81494005488302","Sponsored Products","0.00","CAD"
"2026-04-26","133243849204741","Sponsored Products","0.00","USD"
"2026-04-29","154085784178560","Sponsored Products","0.00","USD"
"2026-04-21","175777768252798","Sponsored Products","0.00","USD"
"2026-04-21","50912117972815","Sponsored Products","0.00","USD"
"2026-04-19","173362871105297","Sponsored Products","0.00","USD"
"2026-04-15","94121140300347","Sponsored Products","0.00","USD"
"2026-04-07","133243849204741","Sponsored Products","0.00","USD"
"2026-04-03","198809778193730","Sponsored Products","9.44","USD"
"2026-04-16","11143044290906","Sponsored Products","0.00","USD"
"2026-04-20","58475731073369","Sponsored Products","0.00","USD"
"2026-04-27","225946958740637","Sponsored Products","0.00","USD"
"2026-04-16","156989235380210","Sponsored Products","194.86","USD"
"2026-04-24","96060745446945","Sponsored Products","0.00","USD"
"2026-04-04","28565058702355","Sponsored Products","0.00","USD"
"2026-04-17","115764500761375","Sponsored Products","0.00","USD"
"2026-04-13","61503627186513","Sponsored Products","0.00","USD"
"2026-04-19","9627520751858","Sponsored Products","0.00","USD"
"2026-04-09","48758698369103","Sponsored Products","8.94","USD"
"2026-04-24","254995232992568","Sponsored Products","0.00","CAD"
"2026-04-09","8347630917879","Sponsored Products","0.30","USD"
"2026-04-15","138135222992233","Sponsored Products","0.00","USD"
"2026-04-02","32030113168570","Sponsored Products","1.23","USD"
"2026-04-05","132476300811824","Sponsored Products","24.38","CAD"
"2026-04-03","34478632960968","Sponsored Products","4.32","USD"
"2026-04-22","32030113168570","Sponsored Products","0.00","USD"
"2026-04-05","128770506922317","Sponsored Products","0.85","USD"
"2026-04-26","262727752997615","Sponsored Products","0.00","USD"
"2026-04-29","284096201830626","Sponsored Display","0.00","USD"
"2026-04-06","423471492340141","Sponsored Brands","4.74","USD"
"2026-04-02","202838039381314","Sponsored Products","0.72","USD"
"2026-04-14","188279469264899","Sponsored Products","0.00","USD"
"2026-04-17","215176800738804","Sponsored Products","0.00","USD"
"2026-04-12","145958940968220","Sponsored Products","1.28","USD"
"2026-04-21","133243849204741","Sponsored Products","0.00","USD"
"2026-04-10","113013759920940","Sponsored Products","0.00","USD"
"2026-04-09","55613271497964","Sponsored Products","0.00","USD"
"2026-04-15","128835884603962","Sponsored Products","0.00","USD"
"2026-04-24","245503802057093","Sponsored Products","0.00","USD"
"2026-04-25","439663157752722","Sponsored Brands","0.00","USD"
"2026-04-18","118760086623663","Sponsored Products","0.00","USD"
"2026-04-27","156285188540724","Sponsored Products","0.59","USD"
"2026-04-11","156285188540724","Sponsored Products","0.00","USD"
"2026-04-01","102474552529229","Sponsored Products","0.00","USD"
"2026-04-01","133243849204741","Sponsored Products","0.00","USD"
"2026-04-26","14582572617569","Sponsored Products","4.13","USD"
"2026-04-29","133243849204741","Sponsored Products","0.00","USD"
"2026-04-13","14582572617569","Sponsored Products","0.00","USD"
"2026-04-25","133243849204741","Sponsored Products","0.00","USD"
"2026-04-10","128770506922317","Sponsored Products","0.70","USD"
"2026-04-23","90153090750124","Sponsored Products","1.69","CAD"
"2026-04-25","482686146435604","Sponsored Brands","6.85","USD"
"2026-04-18","42141939819441","Sponsored Products","0.00","USD"
"2026-04-03","128770506922317","Sponsored Products","0.00","USD"
"2026-04-01","276797522102375","Sponsored Products","0.88","USD"
"2026-04-15","241960271286519","Sponsored Products","0.00","USD"
"2026-04-21","34478632960968","Sponsored Products","0.99","USD"
"2026-04-06","134777743429986","Sponsored Products","0.00","USD"
"2026-04-23","346023186686134","Sponsored Brands","0.00","USD"
"2026-04-11","277250351840071","Sponsored Products","0.00","USD"
"2026-04-05","138135222992233","Sponsored Products","0.00","USD"
"2026-04-05","185646462591669","Sponsored Products","1.11","USD"
"2026-04-30","32571611634774","Sponsored Products","0.00","USD"
"2026-04-20","194838680698310","Sponsored Products","0.00","USD"
"2026-04-21","259323671730401","Sponsored Products","2.45","USD"
"2026-04-11","246452377117901","Sponsored Products","0.53","USD"
"2026-04-01","102825844325514","Sponsored Products","0.80","USD"
"2026-04-20","441925918527435","Sponsored Brands","1.54","USD"
"2026-04-13","113013759920940","Sponsored Products","0.00","USD"
"2026-04-13","257373022214500","Sponsored Products","0.00","USD"
"2026-04-10","205764417979436","Sponsored Products","0.00","USD"
"2026-04-18","141552428309171","Sponsored Products","32.53","USD"
"2026-04-18","284096201830626","Sponsored Display","0.03","USD"
"2026-04-15","65192845861072","Sponsored Products","1.32","USD"
"2026-04-14","455100983218716","Sponsored Brands","0.67","USD"
"2026-04-14","156989235380210","Sponsored Products","141.18","USD"
"2026-04-18","38682977693457","Sponsored Products","0.00","USD"
"2026-04-26","238790977416237","Sponsored Products","0.00","USD"
"2026-04-04","239677460933975","Sponsored Products","0.22","USD"
"2026-04-20","1861066386589","Sponsored Products","0.00","USD"
"2026-04-28","271780514756108","Sponsored Products","0.00","USD"
"2026-04-23","423471492340141","Sponsored Brands","3.33","USD"
"2026-04-05","192968792078402","Sponsored Products","0.00","USD"
"2026-04-15","178714420604320","Sponsored Products","0.00","USD"
"2026-04-10","61837188685116","Sponsored Products","0.47","USD"
"2026-04-06","560000811916391","Sponsored Brands","5.59","USD"
"2026-04-08","38682977693457","Sponsored Products","0.00","USD"
"2026-04-18","11689270553056","Sponsored Products","18.11","CAD"
"2026-04-09","30651955945418","Sponsored Products","1.96","USD"
"2026-04-07","153491409585454","Sponsored Products","0.31","USD"
"2026-04-13","455100983218716","Sponsored Brands","4.64","USD"
"2026-04-13","115764500761375","Sponsored Products","0.00","USD"
"2026-04-15","121559999896526","Sponsored Products","10.13","CAD"
"2026-04-14","280513164622908","Sponsored Products","0.00","USD"
"2026-04-29","198809778193730","Sponsored Products","42.29","USD"
"2026-04-25","241960271286519","Sponsored Products","0.00","USD"
"2026-04-02","176992507771254","Sponsored Products","9.96","USD"
"2026-04-23","194838680698310","Sponsored Products","0.00","USD"
"2026-04-21","54673378227395","Sponsored Products","0.00","USD"
"2026-04-21","82064097659476","Sponsored Products","5.30","USD"
"2026-04-13","93539819506468","Sponsored Products","1.69","USD"
"2026-04-13","126638359335345","Sponsored Products","0.02","USD"
"2026-04-05","61837188685116","Sponsored Products","1.07","USD"
"2026-04-28","243204708497477","Sponsored Products","0.00","USD"
"2026-04-27","102692108916415","Sponsored Products","0.70","USD"
"2026-04-01","277250351840071","Sponsored Products","0.81","USD"
"2026-04-07","187735718741416","Sponsored Products","0.00","USD"
"2026-04-29","357384467879967","Sponsored Brands","3.46","USD"
"2026-04-21","174719285602701","Sponsored Products","0.59","USD"
"2026-04-12","61837188685116","Sponsored Products","2.57","USD"
"2026-04-24","205922105032655","Sponsored Products","0.00","USD"
"2026-04-29","30179169319725","Sponsored Products","3.43","AUD"
"2026-04-21","138135222992233","Sponsored Products","0.00","USD"
"2026-04-20","495677195822245","Sponsored Brands","0.00","USD"
"2026-04-19","115764500761375","Sponsored Products","0.98","USD"
"2026-04-03","233888031600237","Sponsored Products","0.00","USD"
"2026-04-11","120274159023818","Sponsored Products","0.00","USD"
"2026-04-24","114550383664784","Sponsored Products","0.00","USD"
"2026-04-20","434170639918769","Sponsored Brands","18.41","USD"
"2026-04-14","94943402078065","Sponsored Products","0.00","CAD"
"2026-04-12","61090477012622","Sponsored Products","0.00","USD"
"2026-04-23","162781488442631","Sponsored Products","0.00","CAD"
"2026-04-26","245335884201020","Sponsored Products","0.00","USD"
"2026-04-05","154085784178560","Sponsored Products","0.00","USD"
"2026-04-21","233888031600237","Sponsored Products","0.00","USD"
"2026-04-03","72790979016813","Sponsored Products","0.00","USD"
"2026-04-23","257373022214500","Sponsored Products","0.00","USD"
"2026-04-30","9570951337154","Sponsored Products","0.00","CAD"
"2026-04-09","291680855614624","Sponsored Brands","0.00","GBP"
"2026-04-28","145958940968220","Sponsored Products","0.00","USD"
"2026-04-03","61090477012622","Sponsored Products","0.00","USD"
"2026-04-23","205922105032655","Sponsored Products","0.00","USD"
"2026-04-05","176992507771254","Sponsored Products","3.42","USD"
"2026-04-20","164743561215297","Sponsored Products","0.00","USD"
"2026-04-15","407444835513369","Sponsored Brands","0.00","CAD"
"2026-04-30","281110747056753","Sponsored Products","0.00","USD"
"2026-04-29","380662946968621","Sponsored Display","0.08","USD"
"2026-04-21","140453739775668","Sponsored Products","0.00","USD"
"2026-04-06","254109808305934","Sponsored Products","0.00","USD"
"2026-04-19","413308568322873","Sponsored Brands","0.88","USD"
"2026-04-19","115758363210245","Sponsored Products","0.00","USD"
"2026-04-10","158724595401869","Sponsored Products","0.00","USD"
"2026-04-04","455100983218716","Sponsored Brands","7.22","USD"
"2026-04-18","48192245895031","Sponsored Products","0.00","USD"
"2026-04-13","261580610725925","Sponsored Products","1.00","AUD"
"2026-04-16","8078369968995","Sponsored Products","0.00","USD"
"2026-04-07","94121140300347","Sponsored Products","0.00","USD"
"2026-04-26","239677460933975","Sponsored Products","4.77","USD"
"2026-04-19","8347630917879","Sponsored Products","4.34","USD"
"2026-04-08","207367106415924","Sponsored Products","12.36","GBP"
"2026-04-15","261659564571062","Sponsored Products","2.17","USD"
"2026-04-24","142436966717939","Sponsored Products","0.00","USD"
"2026-04-06","215966552761313","Sponsored Products","0.00","USD"
"2026-04-18","224639482376841","Sponsored Products","0.00","USD"
"2026-04-18","115943131527635","Sponsored Products","0.00","USD"
"2026-04-03","279125239605082","Sponsored Products","0.00","USD"
"2026-04-03","281110747056753","Sponsored Products","0.00","USD"
"2026-04-24","50912117972815","Sponsored Products","0.00","USD"
"2026-04-16","173362871105297","Sponsored Products","0.00","USD"
"2026-04-14","204544178017947","Sponsored Products","0.69","USD"
"2026-04-19","243204708497477","Sponsored Products","0.00","USD"
"2026-04-12","192968792078402","Sponsored Products","0.00","USD"
"2026-04-22","215966552761313","Sponsored Products","3.59","USD"
"2026-04-22","28864493115463","Sponsored Products","0.00","USD"
"2026-04-30","77231525415892","Sponsored Products","0.00","USD"
"2026-04-17","202228555422966","Sponsored Products","0.00","USD"
"2026-04-29","97079585612330","Sponsored Products","1.94","USD"
"2026-04-21","357384467879967","Sponsored Brands","1.69","USD"
"2026-04-29","291680855614624","Sponsored Brands","0.00","GBP"
"2026-04-27","2414736156339","Sponsored Products","0.00","USD"
"2026-04-16","276797522102375","Sponsored Products","0.59","USD"
"2026-04-26","1069464513580","Sponsored Products","0.00","USD"
"2026-04-07","61503627186513","Sponsored Products","0.00","USD"
"2026-04-29","133846876580591","Sponsored Products","0.33","USD"
"2026-04-17","441925918527435","Sponsored Brands","4.71","USD"
"2026-04-25","254995232992568","Sponsored Products","0.00","CAD"
"2026-04-27","271002646812055","Sponsored Products","0.00","USD"
"2026-04-05","93539819506468","Sponsored Products","0.00","USD"
"2026-04-20","455100983218716","Sponsored Brands","6.89","USD"
"2026-04-29","38682977693457","Sponsored Products","0.00","USD"
"2026-04-22","61503627186513","Sponsored Products","0.00","USD"
"2026-04-14","178714420604320","Sponsored Products","0.00","USD"
"2026-04-06","271002646812055","Sponsored Products","0.00","USD"
"2026-04-08","452065263384491","Sponsored Brands","0.24","USD"
"2026-04-14","269935586939823","Sponsored Products","1.22","CAD"
"2026-04-18","192968792078402","Sponsored Products","0.00","USD"
"2026-04-17","8347630917879","Sponsored Products","4.42","USD"
"2026-04-27","192420944790293","Sponsored Products","0.62","GBP"
"2026-04-23","178714420604320","Sponsored Products","0.00","USD"
"2026-04-15","280513164622908","Sponsored Products","0.00","USD"
"2026-04-24","203521351461363","Sponsored Products","0.00","USD"
"2026-04-19","380662946968621","Sponsored Display","0.02","USD"
"2026-04-18","61090477012622","Sponsored Products","0.00","USD"
"2026-04-28","108717111045331","Sponsored Products","0.00","CAD"
"2026-04-01","138135222992233","Sponsored Products","0.00","USD"
"2026-04-16","278626821184075","Sponsored Products","0.00","USD"
"2026-04-20","239677460933975","Sponsored Products","0.00","USD"
"2026-04-29","34478632960968","Sponsored Products","2.03","USD"
"2026-04-13","55613271497964","Sponsored Products","0.00","USD"
"2026-04-22","441925918527435","Sponsored Brands","0.93","USD"
"2026-04-08","152555236474228","Sponsored Products","0.70","USD"
"2026-04-18","241259046045612","Sponsored Products","0.93","USD"
"2026-04-22","203903826395","Sponsored Products","0.00","USD"
"2026-04-09","204544178017947","Sponsored Products","0.00","USD"
"2026-04-26","83351275232921","Sponsored Products","0.00","CAD"
"2026-04-11","224639482376841","Sponsored Products","0.00","USD"
"2026-04-07","210638600694486","Sponsored Products","0.00","USD"
"2026-04-21","205922105032655","Sponsored Products","0.00","USD"
"2026-04-08","357384467879967","Sponsored Brands","0.00","USD"
"2026-04-01","251648059669526","Sponsored Products","0.00","USD"
"2026-04-29","192420944790293","Sponsored Products","2.79","GBP"
"2026-04-13","55109131448748","Sponsored Products","0.00","USD"
"2026-04-15","89763253163155","Sponsored Products","5.01","CAD"
"2026-04-02","281110747056753","Sponsored Products","0.00","USD"
"2026-04-29","116965962095342","Sponsored Products","0.00","USD"
"2026-04-29","216925562826343","Sponsored Products","0.00","USD"
"2026-04-21","67855357390881","Sponsored Products","0.00","USD"
"2026-04-13","8347630917879","Sponsored Products","0.00","USD"
"2026-04-25","101459965063202","Sponsored Products","1.66","USD"
"2026-04-25","19228716944861","Sponsored Products","0.66","USD"
"2026-04-08","202228555422966","Sponsored Products","0.00","USD"
"2026-04-12","101965336081409","Sponsored Products","2.05","USD"
"2026-04-12","205764417979436","Sponsored Products","0.00","USD"
"2026-04-17","175777768252798","Sponsored Products","0.00","USD"
"2026-04-19","113013759920940","Sponsored Products","0.00","USD"
"2026-04-18","28864493115463","Sponsored Products","0.00","USD"
"2026-04-22","225946958740637","Sponsored Products","0.00","USD"
"2026-04-06","154085784178560","Sponsored Products","0.00","USD"
"2026-04-01","176992507771254","Sponsored Products","5.25","USD"
"2026-04-04","241259046045612","Sponsored Products","0.00","USD"
"2026-04-13","175777768252798","Sponsored Products","0.24","USD"
"2026-04-19","40237294180920","Sponsored Products","6.42","USD"
"2026-04-05","560000811916391","Sponsored Brands","1.77","USD"
"2026-04-20","241259046045612","Sponsored Products","1.46","USD"
"2026-04-22","121559999896526","Sponsored Products","0.59","CAD"
"2026-04-06","55109131448748","Sponsored Products","2.17","USD"
"2026-04-10","34478632960968","Sponsored Products","7.60","USD"
"2026-04-12","280513164622908","Sponsored Products","0.00","USD"
"2026-04-14","55613271497964","Sponsored Products","3.56","USD"
"2026-04-10","154118694541854","Sponsored Products","0.00","USD"
"2026-04-27","116575981038290","Sponsored Products","0.00","USD"
"2026-04-11","61837188685116","Sponsored Products","0.89","USD"
"2026-04-14","205922105032655","Sponsored Products","0.89","USD"
"2026-04-13","277250351840071","Sponsored Products","0.00","USD"
"2026-04-05","141552428309171","Sponsored Products","21.11","USD"
"2026-04-28","134777743429986","Sponsored Products","0.00","USD"
"2026-04-20","37226214720536","Sponsored Products","2.21","CAD"
"2026-04-25","291680855614624","Sponsored Brands","0.00","GBP"
"2026-04-12","246452377117901","Sponsored Products","1.91","USD"
"2026-04-11","233888031600237","Sponsored Products","0.00","USD"
"2026-04-24","204544178017947","Sponsored Products","0.00","USD"
"2026-04-14","2414736156339","Sponsored Products","2.82","USD"
"2026-04-29","140453739775668","Sponsored Products","0.00","USD"
"2026-04-23","158724595401869","Sponsored Products","0.00","USD"
"2026-04-13","251648059669526","Sponsored Products","0.00","USD"
"2026-04-30","203521351461363","Sponsored Products","0.00","USD"
"2026-04-01","113013759920940","Sponsored Products","0.78","USD"
"2026-04-11","491366396962687","Sponsored Brands","0.00","USD"
"2026-04-08","145958940968220","Sponsored Products","0.00","USD"
"2026-04-18","482686146435604","Sponsored Brands","0.69","USD"
"2026-04-15","40237294180920","Sponsored Products","0.00","USD"
"2026-04-30","230713195634518","Sponsored Products","0.00","CAD"
"2026-04-24","2414736156339","Sponsored Products","0.00","USD"
"2026-04-28","168803396873792","Sponsored Products","0.00","USD"
"2026-04-11","281024885672869","Sponsored Products","0.00","USD"
"2026-04-20","115764500761375","Sponsored Products","0.00","USD"
"2026-04-06","141552428309171","Sponsored Products","12.60","USD"
"2026-04-30","15212099085836","Sponsored Products","0.00","USD"
"2026-04-07","1069464513580","Sponsored Products","3.46","USD"
"2026-04-29","40237294180920","Sponsored Products","20.26","USD"
"2026-04-21","156989235380210","Sponsored Products","258.36","USD"
"2026-04-10","186804517918072","Sponsored Products","0.00","USD"
"2026-04-10","152555236474228","Sponsored Products","0.81","USD"
"2026-04-12","27661898820374","Sponsored Products","0.00","USD"
"2026-04-01","192420944790293","Sponsored Products","7.56","GBP"
"2026-04-14","54673378227395","Sponsored Products","0.00","USD"
"2026-04-20","205922105032655","Sponsored Products","0.00","USD"
"2026-04-13","216925562826343","Sponsored Products","0.00","USD"
"2026-04-23","281235849108344","Sponsored Products","0.00","USD"
"2026-04-17","152555236474228","Sponsored Products","0.00","USD"
"2026-04-25","11143044290906","Sponsored Products","0.00","USD"
"2026-04-19","128835884603962","Sponsored Products","0.00","USD"
"2026-04-06","291680855614624","Sponsored Brands","0.00","GBP"
"2026-04-25","81494005488302","Sponsored Products","0.00","CAD"
"2026-04-19","55109131448748","Sponsored Products","0.00","USD"
"2026-04-23","94943402078065","Sponsored Products","0.18","CAD"
"2026-04-20","380662946968621","Sponsored Display","0.35","USD"
"2026-04-22","102474552529229","Sponsored Products","0.00","USD"
"2026-04-07","142436966717939","Sponsored Products","0.00","USD"
"2026-04-12","441925918527435","Sponsored Brands","9.04","USD"
"2026-04-08","82064097659476","Sponsored Products","0.60","USD"
"2026-04-23","28864493115463","Sponsored Products","0.00","USD"
"2026-04-30","48192245895031","Sponsored Products","0.00","USD"
"2026-04-09","18193170148935","Sponsored Products","0.58","USD"
"2026-04-13","154118694541854","Sponsored Products","0.00","USD"
"2026-04-19","259323671730401","Sponsored Products","8.16","USD"
"2026-04-28","126638359335345","Sponsored Products","19.16","USD"
"2026-04-30","262727752997615","Sponsored Products","2.93","USD"
"2026-04-20","27661898820374","Sponsored Products","0.66","USD"
"2026-04-23","37226214720536","Sponsored Products","2.16","CAD"
"2026-04-16","187735718741416","Sponsored Products","0.00","USD"
"2026-04-14","102474552529229","Sponsored Products","0.00","USD"
"2026-04-22","434170639918769","Sponsored Brands","1.48","USD"
"2026-04-23","261580610725925","Sponsored Products","0.00","AUD"
"2026-04-26","186804517918072","Sponsored Products","0.00","USD"
"2026-04-14","96060745446945","Sponsored Products","0.00","USD"
"2026-04-03","48758698369103","Sponsored Products","2.52","USD"
"2026-04-18","124202126398060","Sponsored Products","1.01","USD"
"2026-04-11","241259046045612","Sponsored Products","0.88","USD"
"2026-04-25","54985710671674","Sponsored Products","0.00","CAD"
"2026-04-03","102692108916415","Sponsored Products","0.00","USD"
"2026-04-30","271780514756108","Sponsored Products","0.00","USD"
"2026-04-26","515637010546761","Sponsored Brands","5.26","USD"
"2026-04-08","178714420604320","Sponsored Products","0.00","USD"
"2026-04-18","1861066386589","Sponsored Products","0.00","USD"
"2026-04-27","277250351840071","Sponsored Products","0.00","USD"
"2026-04-21","441925918527435","Sponsored Brands","4.21","USD"
"2026-04-13","198809778193730","Sponsored Products","19.82","USD"
"2026-04-16","515637010546761","Sponsored Brands","1.68","USD"
"2026-04-22","187735718741416","Sponsored Products","0.00","USD"
"2026-04-05","346023186686134","Sponsored Brands","0.87","USD"
"2026-04-30","11588448157956","Sponsored Products","2.76","USD"
"2026-04-04","1861066386589","Sponsored Products","0.00","USD"
"2026-04-18","271780514756108","Sponsored Products","0.00","USD"
"2026-04-20","192420944790293","Sponsored Products","0.35","GBP"
"2026-04-07","281110747056753","Sponsored Products","0.00","USD"
"2026-04-19","281024885672869","Sponsored Products","0.00","USD"
"2026-04-03","116154511455108","Sponsored Products","0.53","GBP"
"2026-04-11","154085784178560","Sponsored Products","4.39","USD"
"2026-04-30","124202126398060","Sponsored Products","0.81","USD"
"2026-04-29","267283875717235","Sponsored Products","0.00","USD"
"2026-04-27","1861066386589","Sponsored Products","0.00","USD"
"2026-04-27","18193170148935","Sponsored Products","0.41","USD"
"2026-04-28","184342897537658","Sponsored Products","0.00","CAD"
"2026-04-09","54386198712419","Sponsored Products","0.00","USD"
"2026-04-16","423471492340141","Sponsored Brands","0.74","USD"
"2026-04-10","233888031600237","Sponsored Products","0.00","USD"
"2026-04-12","3690623984567","Sponsored Products","0.00","USD"
"2026-04-04","32571611634774","Sponsored Products","0.00","USD"
"2026-04-14","32571611634774","Sponsored Products","0.00","USD"
"2026-04-03","515637010546761","Sponsored Brands","4.01","USD"
"2026-04-06","72790979016813","Sponsored Products","0.00","USD"
"2026-04-12","239772993878028","Sponsored Products","0.00","USD"
"2026-04-05","55613271497964","Sponsored Products","0.00","USD"
"2026-04-28","439663157752722","Sponsored Brands","1.28","USD"
"2026-04-16","61090477012622","Sponsored Products","0.00","USD"
"2026-04-23","192420944790293","Sponsored Products","0.91","GBP"
"2026-04-18","82064097659476","Sponsored Products","1.60","USD"
"2026-04-02","56338703455249","Sponsored Products","0.00","USD"
"2026-04-26","177040838827269","Sponsored Products","0.00","CAD"
"2026-04-11","149818563042691","Sponsored Products","0.00","USD"
"2026-04-09","153491409585454","Sponsored Products","0.00","USD"
"2026-04-20","19228716944861","Sponsored Products","0.00","USD"
"2026-04-25","115758363210245","Sponsored Products","0.00","USD"
"2026-04-11","495677195822245","Sponsored Brands","0.00","USD"
"2026-04-28","158171452508120","Sponsored Products","0.00","USD"
"2026-04-28","278626821184075","Sponsored Products","0.84","USD"
"2026-04-02","115758363210245","Sponsored Products","1.20","USD"
"2026-04-03","224639482376841","Sponsored Products","0.00","USD"
"2026-04-01","72790979016813","Sponsored Products","1.08","USD"
"2026-04-20","233888031600237","Sponsored Products","0.00","USD"
"2026-04-29","281235849108344","Sponsored Products","0.00","USD"
"2026-04-21","124202126398060","Sponsored Products","2.04","USD"
"2026-04-08","115943131527635","Sponsored Products","1.39","USD"
"2026-04-16","239175797857758","Sponsored Products","0.53","USD"
"2026-04-14","205764417979436","Sponsored Products","0.00","USD"
"2026-04-20","482686146435604","Sponsored Brands","1.66","USD"
"2026-04-16","210638600694486","Sponsored Products","0.00","USD"
"2026-04-08","188545556962991","Sponsored Products","0.00","USD"
"2026-04-22","11143044290906","Sponsored Products","0.00","USD"
"2026-04-09","48192245895031","Sponsored Products","0.00","USD"
"2026-04-12","482686146435604","Sponsored Brands","2.60","USD"
"2026-04-16","284096201830626","Sponsored Display","0.00","USD"
"2026-04-21","8347630917879","Sponsored Products","2.58","USD"
"2026-04-06","32030113168570","Sponsored Products","0.45","USD"
"2026-04-06","187735718741416","Sponsored Products","0.00","USD"
"2026-04-03","291680855614624","Sponsored Brands","0.35","GBP"
"2026-04-19","194838680698310","Sponsored Products","0.00","USD"
"2026-04-18","128770506922317","Sponsored Products","15.87","USD"
"2026-04-11","205764417979436","Sponsored Products","0.00","USD"
"2026-04-16","216925562826343","Sponsored Products","0.29","USD"
"2026-04-18","8078369968995","Sponsored Products","0.00","USD"
"2026-04-22","18193170148935","Sponsored Products","0.67","USD"
"2026-04-30","18193170148935","Sponsored Products","0.00","USD"
"2026-04-26","280513164622908","Sponsored Products","0.50","USD"
"2026-04-02","115764500761375","Sponsored Products","0.00","USD"
"2026-04-11","128835884603962","Sponsored Products","0.00","USD"
"2026-04-22","194838680698310","Sponsored Products","0.91","USD"
"2026-04-21","11143044290906","Sponsored Products","0.00","USD"
"2026-04-18","55613271497964","Sponsored Products","0.00","USD"
"2026-04-03","202838039381314","Sponsored Products","1.26","USD"
"2026-04-04","133243849204741","Sponsored Products","0.00","USD"
"2026-04-27","9570951337154","Sponsored Products","0.00","CAD"
"2026-04-04","407444835513369","Sponsored Brands","0.00","CAD"
"2026-04-21","65861573413220","Sponsored Products","0.00","USD"
"2026-04-19","141648422510979","Sponsored Products","0.00","USD"
"2026-04-08","34478632960968","Sponsored Products","0.00","USD"
"2026-04-26","46645908356301","Sponsored Products","0.00","CAD"
"2026-04-07","102692108916415","Sponsored Products","0.00","USD"
"2026-04-21","53404531347848","Sponsored Products","3.26","USD"
"2026-04-08","101459965063202","Sponsored Products","0.00","USD"
"2026-04-04","173362871105297","Sponsored Products","0.00","USD"
"2026-04-17","43460676635147","Sponsored Products","0.71","USD"
"2026-04-07","42141939819441","Sponsored Products","0.00","USD"
"2026-04-19","272711015971799","Sponsored Products","1.20","USD"
"2026-04-19","145958940968220","Sponsored Products","0.46","USD"
"2026-04-22","243504419948461","Sponsored Products","1.42","USD"
"2026-04-09","2514549308563","Sponsored Products","0.00","USD"
"2026-04-17","142436966717939","Sponsored Products","0.00","USD"
"2026-04-20","251449053079778","Sponsored Products","0.00","CAD"
"2026-04-30","158724595401869","Sponsored Products","0.00","USD"
"2026-04-24","90153090750124","Sponsored Products","3.92","CAD"
"2026-04-19","281110747056753","Sponsored Products","0.00","USD"
"2026-04-12","115943131527635","Sponsored Products","2.24","USD"
"2026-04-28","30179169319725","Sponsored Products","10.35","AUD"
"2026-04-03","115764500761375","Sponsored Products","3.58","USD"
"2026-04-23","281110747056753","Sponsored Products","0.00","USD"
"2026-04-10","407444835513369","Sponsored Brands","0.00","CAD"
"2026-04-29","222624990185469","Sponsored Products","0.00","CAD"
"2026-04-14","61503627186513","Sponsored Products","0.00","USD"
"2026-04-20","54386198712419","Sponsored Products","0.00","USD"
"2026-04-25","134777743429986","Sponsored Products","0.00","USD"
"2026-04-03","439663157752722","Sponsored Brands","0.40","USD"
"2026-04-11","115943131527635","Sponsored Products","1.69","USD"
"2026-04-14","188545556962991","Sponsored Products","0.00","USD"
"2026-04-20","83677388471868","Sponsored Products","3.42","USD"
"2026-04-28","141648422510979","Sponsored Products","0.00","USD"
"2026-04-22","101459965063202","Sponsored Products","1.31","USD"
"2026-04-11","245335884201020","Sponsored Products","0.00","USD"
"2026-04-05","14582572617569","Sponsored Products","0.00","USD"
"2026-04-09","168803396873792","Sponsored Products","0.00","USD"
"2026-04-26","281235849108344","Sponsored Products","0.00","USD"
"2026-04-22","90153090750124","Sponsored Products","7.02","CAD"
"2026-04-07","185646462591669","Sponsored Products","0.00","USD"
"2026-04-22","413308568322873","Sponsored Brands","0.00","USD"
"2026-04-09","194512325763287","Sponsored Products","0.91","USD"
"2026-04-17","170402912830961","Sponsored Products","0.00","USD"
"2026-04-20","114550383664784","Sponsored Products","3.91","USD"
"2026-04-25","28864493115463","Sponsored Products","0.00","USD"
"2026-04-19","53404531347848","Sponsored Products","6.28","USD"
"2026-04-30","245335884201020","Sponsored Products","0.84","USD"
"2026-04-26","254109808305934","Sponsored Products","0.00","USD"
"2026-04-17","257373022214500","Sponsored Products","0.00","USD"
"2026-04-29","79620432535917","Sponsored Products","1.10","USD"
"2026-04-14","174719285602701","Sponsored Products","7.00","USD"
"2026-04-19","133846876580591","Sponsored Products","0.00","USD"
"2026-04-18","246452377117901","Sponsored Products","0.00","USD"
"2026-04-22","261580610725925","Sponsored Products","1.98","AUD"
"2026-04-18","103686525154537","Sponsored Products","0.00","GBP"
"2026-04-22","224639482376841","Sponsored Products","2.47","USD"
"2026-04-22","116965962095342","Sponsored Products","1.80","USD"
"2026-04-01","152555236474228","Sponsored Products","0.00","USD"
"2026-04-16","124202126398060","Sponsored Products","0.66","USD"
"2026-04-19","3690623984567","Sponsored Products","0.70","USD"
"2026-04-28","55613271497964","Sponsored Products","0.00","USD"
"2026-04-02","48433117829801","Sponsored Products","0.00","USD"
"2026-04-29","224639482376841","Sponsored Products","1.02","USD"
"2026-04-29","11143044290906","Sponsored Products","0.00","USD"
"2026-04-19","227786840580952","Sponsored Products","0.90","USD"
"2026-04-05","224639482376841","Sponsored Products","0.00","USD"
"2026-04-05","43460676635147","Sponsored Products","0.00","USD"
"2026-04-15","257373022214500","Sponsored Products","0.00","USD"
"2026-04-07","539931100075119","Sponsored Brands","6.82","USD"
"2026-04-28","19228716944861","Sponsored Products","0.00","USD"
"2026-04-18","187735718741416","Sponsored Products","0.00","USD"
"2026-04-29","18193170148935","Sponsored Products","0.44","USD"
"2026-04-20","31806545713281","Sponsored Products","0.00","CAD"
"2026-04-23","58475731073369","Sponsored Products","0.00","USD"
"2026-04-16","199076365376964","Sponsored Products","12.43","USD"
"2026-04-09","194838680698310","Sponsored Products","0.00","USD"
"2026-04-18","218351835233699","Sponsored Products","5.62","GBP"
"2026-04-24","102474552529229","Sponsored Products","0.00","USD"
"2026-04-08","202838039381314","Sponsored Products","0.00","USD"
"2026-04-12","263531397076178","Sponsored Products","0.00","USD"
"2026-04-22","188545556962991","Sponsored Products","0.00","USD"
"2026-04-04","279125239605082","Sponsored Products","0.00","USD"
"2026-04-21","243038183553247","Sponsored Products","0.00","USD"
"2026-04-03","115943131527635","Sponsored Products","3.29","USD"
"2026-04-09","216925562826343","Sponsored Products","1.23","USD"
"2026-04-16","28864493115463","Sponsored Products","0.00","USD"
"2026-04-16","158724595401869","Sponsored Products","0.00","USD"
"2026-04-27","7858512618685","Sponsored Products","0.00","CAD"
"2026-04-03","271780514756108","Sponsored Products","0.00","USD"
"2026-04-01","204544178017947","Sponsored Products","0.00","USD"
"2026-04-01","215176800738804","Sponsored Products","5.13","USD"
"2026-04-12","227786840580952","Sponsored Products","0.00","USD"
"2026-04-22","135764557907638","Sponsored Products","1.38","USD"
"2026-04-24","94943402078065","Sponsored Products","0.00","CAD"
"2026-04-15","48433117829801","Sponsored Products","1.54","USD"
"2026-04-26","101965336081409","Sponsored Products","0.00","USD"
"2026-04-14","11143044290906","Sponsored Products","0.00","USD"
"2026-04-29","277250351840071","Sponsored Products","0.86","USD"
"2026-04-12","1069464513580","Sponsored Products","0.83","USD"
"2026-04-11","186804517918072","Sponsored Products","1.76","USD"
"2026-04-09","185646462591669","Sponsored Products","0.00","USD"
"2026-04-25","140453739775668","Sponsored Products","0.00","USD"
"2026-04-12","154085784178560","Sponsored Products","3.92","USD"
"2026-04-23","65192845861072","Sponsored Products","0.00","USD"
"2026-04-06","407444835513369","Sponsored Brands","0.00","CAD"
"2026-04-19","170402912830961","Sponsored Products","0.00","USD"
"2026-04-08","115764500761375","Sponsored Products","0.00","USD"
"2026-04-08","140453739775668","Sponsored Products","0.00","USD"
"2026-04-24","121312597844930","Sponsored Products","0.00","CAD"
"2026-04-16","233888031600237","Sponsored Products","0.00","USD"
"2026-04-21","94121140300347","Sponsored Products","0.00","USD"
"2026-04-08","238790977416237","Sponsored Products","0.00","USD"
"2026-04-02","120274159023818","Sponsored Products","0.00","USD"
"2026-04-16","30179169319725","Sponsored Products","5.65","AUD"
"2026-04-19","271780514756108","Sponsored Products","0.00","USD"
"2026-04-22","357384467879967","Sponsored Brands","0.00","USD"
"2026-04-15","102692108916415","Sponsored Products","0.00","USD"
"2026-04-14","266158523203302","Sponsored Products","0.00","USD"
"2026-04-11","346023186686134","Sponsored Brands","0.00","USD"
"2026-04-15","254109808305934","Sponsored Products","0.00","USD"
"2026-04-02","128770506922317","Sponsored Products","0.00","USD"
"2026-04-24","491366396962687","Sponsored Brands","0.38","USD"
"2026-04-25","123968831058562","Sponsored Products","0.00","CAD"
"2026-04-05","133846876580591","Sponsored Products","0.00","USD"
"2026-04-09","284096201830626","Sponsored Display","0.00","USD"
"2026-04-15","140453739775668","Sponsored Products","0.00","USD"
"2026-04-20","207367106415924","Sponsored Products","18.99","GBP"
"2026-04-19","239175797857758","Sponsored Products","0.33","USD"
"2026-04-10","281024885672869","Sponsored Products","0.00","USD"
"2026-04-15","277250351840071","Sponsored Products","0.00","USD"
"2026-04-11","296615200458181","Sponsored Brands","9.38","USD"
"2026-04-11","263026275901184","Sponsored Products","0.00","USD"
"2026-04-22","154118694541854","Sponsored Products","0.00","USD"
"2026-04-09","141552428309171","Sponsored Products","9.42","USD"
"2026-04-15","55109131448748","Sponsored Products","0.00","USD"
"2026-04-23","455688132780953","Sponsored Brands","0.00","USD"
"2026-04-17","224639482376841","Sponsored Products","0.00","USD"
"2026-04-12","102692108916415","Sponsored Products","0.00","USD"
"2026-04-26","222624990185469","Sponsored Products","1.51","CAD"
"2026-04-04","65192845861072","Sponsored Products","0.45","USD"
"2026-04-29","43460676635147","Sponsored Products","0.96","USD"
"2026-04-01","1861066386589","Sponsored Products","0.00","USD"
"2026-04-23","539931100075119","Sponsored Brands","8.59","USD"
"2026-04-06","82064097659476","Sponsored Products","0.91","USD"
"2026-04-10","40237294180920","Sponsored Products","0.00","USD"
"2026-04-04","132476300811824","Sponsored Products","9.30","CAD"
"2026-04-02","2414736156339","Sponsored Products","3.30","USD"
"2026-04-23","276488907454289","Sponsored Products","0.00","USD"
"2026-04-01","199076365376964","Sponsored Products","1.69","USD"
"2026-04-20","239175797857758","Sponsored Products","0.00","USD"
"2026-04-10","246452377117901","Sponsored Products","0.00","USD"
"2026-04-26","9570951337154","Sponsored Products","0.00","CAD"
"2026-04-23","233888031600237","Sponsored Products","0.00","USD"
"2026-04-15","176992507771254","Sponsored Products","0.97","USD"
"2026-04-17","278626821184075","Sponsored Products","0.00","USD"
"2026-04-15","168803396873792","Sponsored Products","0.00","USD"
"2026-04-24","281024885672869","Sponsored Products","0.00","USD"
"2026-04-14","149818563042691","Sponsored Products","0.00","USD"
"2026-04-20","135764557907638","Sponsored Products","0.00","USD"
"2026-04-19","255100442617527","Sponsored Products","1.34","USD"
"2026-04-30","239677460933975","Sponsored Products","9.70","USD"
"2026-04-01","61090477012622","Sponsored Products","0.00","USD"
"2026-04-18","192420944790293","Sponsored Products","0.68","GBP"
"2026-04-24","205764417979436","Sponsored Products","0.00","USD"
"2026-04-14","224639482376841","Sponsored Products","0.00","USD"
"2026-04-20","187735718741416","Sponsored Products","0.00","USD"
"2026-04-06","278626821184075","Sponsored Products","0.00","USD"
"2026-04-27","219243809439026","Sponsored Products","0.00","CAD"
"2026-04-08","441925918527435","Sponsored Brands","1.38","USD"
"2026-04-24","407444835513369","Sponsored Brands","0.00","CAD"
"2026-04-29","55109131448748","Sponsored Products","0.00","USD"
"2026-04-14","121559999896526","Sponsored Products","0.89","CAD"
"2026-04-22","205764417979436","Sponsored Products","3.04","USD"
"2026-04-05","1861066386589","Sponsored Products","0.00","USD"
"2026-04-22","269935586939823","Sponsored Products","0.00","CAD"
"2026-04-29","27661898820374","Sponsored Products","0.00","USD"
"2026-04-08","224639482376841","Sponsored Products","0.00","USD"
"2026-04-30","380662946968621","Sponsored Display","0.08","USD"
"2026-04-24","176992507771254","Sponsored Products","1.01","USD"
"2026-04-06","206968068657618","Sponsored Products","1.66","USD"
"2026-04-03","145958940968220","Sponsored Products","0.00","USD"
"2026-04-29","179014488125547","Sponsored Products","3.15","USD"
"2026-04-12","142436966717939","Sponsored Products","0.00","USD"
"2026-04-14","103686525154537","Sponsored Products","1.15","GBP"
"2026-04-28","135764557907638","Sponsored Products","1.00","USD"
"2026-04-14","132476300811824","Sponsored Products","3.33","CAD"
"2026-04-06","303344079444236","Sponsored Brands","0.21","GBP"
"2026-04-27","83042096012825","Sponsored Products","0.00","USD"
"2026-04-15","206968068657618","Sponsored Products","0.00","USD"
"2026-04-10","495677195822245","Sponsored Brands","0.00","USD"
"2026-04-25","179014488125547","Sponsored Products","0.00","USD"
"2026-04-10","267283875717235","Sponsored Products","0.00","USD"
"2026-04-12","103686525154537","Sponsored Products","0.43","GBP"
"2026-04-05","38682977693457","Sponsored Products","0.00","USD"
"2026-04-09","132476300811824","Sponsored Products","26.65","CAD"
"2026-04-19","153491409585454","Sponsored Products","1.55","USD"
"2026-04-27","194512325763287","Sponsored Products","0.00","USD"
"2026-04-26","491366396962687","Sponsored Brands","0.00","USD"
"2026-04-13","227786840580952","Sponsored Products","0.00","USD"
"2026-04-24","357384467879967","Sponsored Brands","0.89","USD"
"2026-04-08","32030113168570","Sponsored Products","0.00","USD"
"2026-04-11","239677460933975","Sponsored Products","0.26","USD"
"2026-04-25","250087227199112","Sponsored Products","0.00","GBP"
"2026-04-28","216925562826343","Sponsored Products","0.45","USD"
"2026-04-23","55613271497964","Sponsored Products","0.00","USD"
"2026-04-27","61837188685116","Sponsored Products","1.42","USD"
"2026-04-16","176992507771254","Sponsored Products","4.93","USD"
"2026-04-03","296615200458181","Sponsored Brands","27.77","USD"
"2026-04-12","206968068657618","Sponsored Products","0.00","USD"
"2026-04-04","206968068657618","Sponsored Products","1.61","USD"
"2026-04-20","160686618044289","Sponsored Products","0.00","CAD"
"2026-04-02","207367106415924","Sponsored Products","24.66","GBP"
"2026-04-20","9627520751858","Sponsored Products","0.00","USD"
"2026-04-27","495677195822245","Sponsored Brands","0.00","USD"
"2026-04-18","539931100075119","Sponsored Brands","8.64","USD"
"2026-04-30","198809778193730","Sponsored Products","38.46","USD"
"2026-04-11","2414736156339","Sponsored Products","4.86","USD"
"2026-04-20","515637010546761","Sponsored Brands","5.93","USD"
"2026-04-08","267283875717235","Sponsored Products","0.00","USD"
"2026-04-30","8078369968995","Sponsored Products","0.00","USD"
"2026-04-09","141648422510979","Sponsored Products","0.00","USD"
"2026-04-29","37226214720536","Sponsored Products","5.54","CAD"
"2026-04-20","1069464513580","Sponsored Products","0.00","USD"
"2026-04-12","133243849204741","Sponsored Products","0.00","USD"
"2026-04-02","43460676635147","Sponsored Products","0.72","USD"
"2026-04-02","34478632960968","Sponsored Products","4.66","USD"
"2026-04-01","55109131448748","Sponsored Products","1.07","USD"
"2026-04-24","215966552761313","Sponsored Products","0.00","USD"
"2026-04-28","50912117972815","Sponsored Products","0.00","USD"
"2026-04-23","455100983218716","Sponsored Brands","6.88","USD"
"2026-04-09","271002646812055","Sponsored Products","0.00","USD"
"2026-04-24","560000811916391","Sponsored Brands","9.10","USD"
"2026-04-04","77231525415892","Sponsored Products","0.00","USD"
"2026-04-14","263531397076178","Sponsored Products","0.00","USD"
"2026-04-13","115758363210245","Sponsored Products","1.19","USD"
"2026-04-12","218351835233699","Sponsored Products","6.63","GBP"
"2026-04-18","53404531347848","Sponsored Products","5.21","USD"
"2026-04-30","149702501735187","Sponsored Products","2.94","USD"
"2026-04-16","140453739775668","Sponsored Products","0.00","USD"
"2026-04-21","156285188540724","Sponsored Products","0.55","USD"
"2026-04-28","46645908356301","Sponsored Products","0.00","CAD"
"2026-04-22","113013759920940","Sponsored Products","0.00","USD"
"2026-04-23","121446500477002","Sponsored Products","0.00","USD"
"2026-04-05","271780514756108","Sponsored Products","0.00","USD"
"2026-04-01","8347630917879","Sponsored Products","2.66","USD"
"2026-04-07","154085784178560","Sponsored Products","1.78","USD"
"2026-04-07","141552428309171","Sponsored Products","13.22","USD"
"2026-04-21","303344079444236","Sponsored Brands","0.54","GBP"
"2026-04-29","111945947349127","Sponsored Products","0.00","CAD"
"2026-04-29","452065263384491","Sponsored Brands","2.13","USD"
"2026-04-21","455100983218716","Sponsored Brands","7.60","USD"
"2026-04-16","54386198712419","Sponsored Products","0.00","USD"
"2026-04-29","156285188540724","Sponsored Products","1.70","USD"
"2026-04-09","281235849108344","Sponsored Products","0.45","USD"
"2026-04-12","189380234928822","Sponsored Products","0.00","USD"
"2026-04-24","65192845861072","Sponsored Products","0.00","USD"
"2026-04-17","243504419948461","Sponsored Products","2.74","USD"
"2026-04-29","115764500761375","Sponsored Products","0.00","USD"
"2026-04-28","170402912830961","Sponsored Products","4.35","USD"
"2026-04-29","141552428309171","Sponsored Products","19.63","USD"
"2026-04-13","77231525415892","Sponsored Products","0.00","USD"
"2026-04-07","204544178017947","Sponsored Products","0.00","USD"
"2026-04-02","156989235380210","Sponsored Products","269.53","USD"
"2026-04-03","55613271497964","Sponsored Products","0.00","USD"
"2026-04-04","158171452508120","Sponsored Products","1.74","USD"
"2026-04-14","48758698369103","Sponsored Products","3.20","USD"
"2026-04-17","77231525415892","Sponsored Products","0.00","USD"
"2026-04-02","491366396962687","Sponsored Brands","1.83","USD"
"2026-04-11","202838039381314","Sponsored Products","1.20","USD"
"2026-04-30","199076365376964","Sponsored Products","6.02","USD"
"2026-04-06","34478632960968","Sponsored Products","4.62","USD"
"2026-04-18","202228555422966","Sponsored Products","0.00","USD"
"2026-04-02","154085784178560","Sponsored Products","0.00","USD"
"2026-04-18","254109808305934","Sponsored Products","0.00","USD"
"2026-04-11","83677388471868","Sponsored Products","0.99","USD"
"2026-04-30","179014488125547","Sponsored Products","1.28","USD"
"2026-04-26","141648422510979","Sponsored Products","0.00","USD"
"2026-04-11","515637010546761","Sponsored Brands","5.46","USD"
"2026-04-17","207367106415924","Sponsored Products","25.35","GBP"
"2026-04-10","224639482376841","Sponsored Products","0.00","USD"
"2026-04-18","455100983218716","Sponsored Brands","13.83","USD"
"2026-04-27","263026275901184","Sponsored Products","0.00","USD"
"2026-04-28","121312597844930","Sponsored Products","0.00","CAD"
"2026-04-22","233888031600237","Sponsored Products","0.00","USD"
"2026-04-04","259323671730401","Sponsored Products","8.10","USD"
"2026-04-17","164743561215297","Sponsored Products","0.00","USD"
"2026-04-18","142436966717939","Sponsored Products","1.60","USD"
"2026-04-18","250087227199112","Sponsored Products","0.00","GBP"
"2026-04-16","243204708497477","Sponsored Products","0.00","USD"
"2026-04-13","149626049979530","Sponsored Products","1.36","USD"
"2026-04-26","233888031600237","Sponsored Products","0.00","USD"
"2026-04-07","279125239605082","Sponsored Products","0.00","USD"
"2026-04-10","205922105032655","Sponsored Products","0.00","USD"
"2026-04-09","82064097659476","Sponsored Products","2.84","USD"
"2026-04-04","54386198712419","Sponsored Products","1.12","USD"
"2026-04-20","48758698369103","Sponsored Products","0.55","USD"
"2026-04-26","11689270553056","Sponsored Products","1.28","CAD"
"2026-04-04","130912331972988","Sponsored Products","0.00","USD"
"2026-04-17","267283875717235","Sponsored Products","0.00","USD"
"2026-04-13","245335884201020","Sponsored Products","0.00","USD"
"2026-04-25","8078369968995","Sponsored Products","0.00","USD"
"2026-04-18","15212099085836","Sponsored Products","0.00","USD"
"2026-04-27","185646462591669","Sponsored Products","0.00","USD"
"2026-04-06","515637010546761","Sponsored Brands","1.65","USD"
"2026-04-24","185646462591669","Sponsored Products","0.98","USD"
"2026-04-09","198809778193730","Sponsored Products","14.03","USD"
"2026-04-09","116575981038290","Sponsored Products","0.00","USD"
"2026-04-24","277250351840071","Sponsored Products","0.58","USD"
"2026-04-04","128835884603962","Sponsored Products","0.00","USD"
"2026-04-02","55109131448748","Sponsored Products","0.00","USD"
"2026-04-23","199076365376964","Sponsored Products","0.00","USD"
"2026-04-11","245503802057093","Sponsored Products","0.00","USD"
"2026-04-26","210638600694486","Sponsored Products","0.42","USD"
"2026-04-09","61837188685116","Sponsored Products","0.82","USD"
"2026-04-02","48192245895031","Sponsored Products","0.00","USD"
"2026-04-02","380662946968621","Sponsored Display","0.22","USD"
"2026-04-15","491366396962687","Sponsored Brands","0.00","USD"
"2026-04-06","491366396962687","Sponsored Brands","0.00","USD"
"2026-04-08","28565058702355","Sponsored Products","0.00","USD"
"2026-04-19","121559999896526","Sponsored Products","5.32","CAD"
"2026-04-23","145958940968220","Sponsored Products","0.00","USD"
"2026-04-23","79620432535917","Sponsored Products","0.00","USD"
"2026-04-14","439663157752722","Sponsored Brands","0.00","USD"
"2026-04-24","81320226496883","Sponsored Products","0.00","USD"
"2026-04-29","423471492340141","Sponsored Brands","1.15","USD"
"2026-04-25","154085784178560","Sponsored Products","1.23","USD"
"2026-04-22","141552428309171","Sponsored Products","18.23","USD"
"2026-04-08","199076365376964","Sponsored Products","1.80","USD"
"2026-04-23","40237294180920","Sponsored Products","10.33","USD"
"2026-04-27","380662946968621","Sponsored Display","0.00","USD"
"2026-04-08","48758698369103","Sponsored Products","3.32","USD"
"2026-04-19","94943402078065","Sponsored Products","1.39","CAD"
"2026-04-27","194838680698310","Sponsored Products","0.00","USD"
"2026-04-14","56338703455249","Sponsored Products","0.00","USD"
"2026-04-25","1861066386589","Sponsored Products","0.00","USD"
"2026-04-29","269935586939823","Sponsored Products","2.61","CAD"
"2026-04-27","230713195634518","Sponsored Products","0.00","CAD"
"2026-04-25","266158523203302","Sponsored Products","0.00","USD"
"2026-04-03","42141939819441","Sponsored Products","0.00","USD"
"2026-04-23","203903826395","Sponsored Products","0.00","USD"
"2026-04-11","61090477012622","Sponsored Products","0.00","USD"
"2026-04-26","8078369968995","Sponsored Products","0.00","USD"
"2026-04-21","184342897537658","Sponsored Products","0.00","CAD"
"2026-04-10","281110747056753","Sponsored Products","0.00","USD"
"2026-04-16","94943402078065","Sponsored Products","2.36","CAD"
"2026-04-03","243204708497477","Sponsored Products","0.00","USD"
"2026-04-05","413308568322873","Sponsored Brands","0.00","USD"
"2026-04-15","133243849204741","Sponsored Products","0.00","USD"
"2026-04-29","1069464513580","Sponsored Products","9.73","USD"
"2026-04-06","296615200458181","Sponsored Brands","3.69","USD"
"2026-04-26","162781488442631","Sponsored Products","0.00","CAD"
"2026-04-23","42141939819441","Sponsored Products","0.00","USD"
"2026-04-24","123968831058562","Sponsored Products","0.00","CAD"
"2026-04-22","202228555422966","Sponsored Products","0.00","USD"
"2026-04-08","413308568322873","Sponsored Brands","1.52","USD"
"2026-04-12","152555236474228","Sponsored Products","0.08","USD"
"2026-04-23","28565058702355","Sponsored Products","1.55","USD"
"2026-04-15","434170639918769","Sponsored Brands","13.71","USD"
"2026-04-26","142436966717939","Sponsored Products","0.00","USD"
"2026-04-21","40237294180920","Sponsored Products","13.83","USD"
"2026-04-27","31806545713281","Sponsored Products","0.00","CAD"
"2026-04-12","50912117972815","Sponsored Products","0.00","USD"
"2026-04-26","194512325763287","Sponsored Products","0.75","USD"
"2026-04-25","116154511455108","Sponsored Products","0.00","GBP"
"2026-04-16","61837188685116","Sponsored Products","0.00","USD"
"2026-04-25","276488907454289","Sponsored Products","0.00","USD"
"2026-04-10","194512325763287","Sponsored Products","0.00","USD"
"2026-04-02","281024885672869","Sponsored Products","0.00","USD"
"2026-04-22","58475731073369","Sponsored Products","0.00","USD"
"2026-04-07","61090477012622","Sponsored Products","0.00","USD"
"2026-04-24","9570951337154","Sponsored Products","0.00","CAD"
"2026-04-08","175777768252798","Sponsored Products","0.48","USD"
"2026-04-02","8078369968995","Sponsored Products","0.00","USD"
"2026-04-25","89763253163155","Sponsored Products","0.00","CAD"
"2026-04-14","254109808305934","Sponsored Products","0.00","USD"
"2026-04-15","37226214720536","Sponsored Products","11.81","CAD"
"2026-04-02","19228716944861","Sponsored Products","0.00","USD"
"2026-04-28","303344079444236","Sponsored Brands","0.00","GBP"
"2026-04-11","72921898703277","Sponsored Products","0.00","USD"
"2026-04-20","189380234928822","Sponsored Products","0.00","USD"
"2026-04-10","102825844325514","Sponsored Products","0.60","USD"
"2026-04-12","239175797857758","Sponsored Products","0.00","USD"
"2026-04-30","65192845861072","Sponsored Products","0.00","USD"
"2026-04-16","218351835233699","Sponsored Products","4.52","GBP"
"2026-04-19","263026275901184","Sponsored Products","0.00","USD"
"2026-04-03","277250351840071","Sponsored Products","0.00","USD"
"2026-04-14","173362871105297","Sponsored Products","0.00","USD"
"2026-04-07","113013759920940","Sponsored Products","0.00","USD"
"2026-04-21","101459965063202","Sponsored Products","0.00","USD"
"2026-04-08","50912117972815","Sponsored Products","0.00","USD"
"2026-04-08","61503627186513","Sponsored Products","0.00","USD"
"2026-04-07","407444835513369","Sponsored Brands","0.00","CAD"
"2026-04-03","102825844325514","Sponsored Products","0.76","USD"
"2026-04-05","491366396962687","Sponsored Brands","0.20","USD"
"2026-04-26","243204708497477","Sponsored Products","0.00","USD"
"2026-04-04","141648422510979","Sponsored Products","0.55","USD"
"2026-04-14","81320226496883","Sponsored Products","0.00","USD"
"2026-04-02","198809778193730","Sponsored Products","24.33","USD"
"2026-04-28","239677460933975","Sponsored Products","4.99","USD"
"2026-04-28","205922105032655","Sponsored Products","0.00","USD"
"2026-04-23","202838039381314","Sponsored Products","0.00","USD"
"2026-04-14","515637010546761","Sponsored Brands","3.79","USD"
"2026-04-30","101459965063202","Sponsored Products","1.04","USD"
"2026-04-17","187735718741416","Sponsored Products","0.00","USD"
"2026-04-04","126638359335345","Sponsored Products","0.00","USD"
"2026-04-07","43460676635147","Sponsored Products","0.00","USD"
"2026-04-21","176992507771254","Sponsored Products","3.99","USD"
"2026-04-05","61090477012622","Sponsored Products","0.00","USD"
"2026-04-05","188279469264899","Sponsored Products","0.00","USD"
"2026-04-26","271780514756108","Sponsored Products","0.00","USD"
"2026-04-25","135764557907638","Sponsored Products","0.00","USD"
"2026-04-08","115758363210245","Sponsored Products","2.79","USD"
"2026-04-08","380662946968621","Sponsored Display","0.00","USD"
"2026-04-05","245503802057093","Sponsored Products","0.00","USD"
"2026-04-24","7858512618685","Sponsored Products","0.00","CAD"
"2026-04-21","204544178017947","Sponsored Products","0.00","USD"
"2026-04-27","81494005488302","Sponsored Products","0.00","CAD"
"2026-04-25","108717111045331","Sponsored Products","0.00","CAD"
"2026-04-20","145958940968220","Sponsored Products","0.00","USD"
"2026-04-20","261580610725925","Sponsored Products","1.72","AUD"
"2026-04-02","246452377117901","Sponsored Products","0.00","USD"
"2026-04-22","115758363210245","Sponsored Products","0.40","USD"
"2026-04-15","279125239605082","Sponsored Products","0.00","USD"
"2026-04-04","145958940968220","Sponsored Products","0.77","USD"
"2026-04-13","133846876580591","Sponsored Products","0.00","USD"
"2026-04-12","156989235380210","Sponsored Products","230.35","USD"
"2026-04-15","204544178017947","Sponsored Products","0.00","USD"
"2026-04-29","441925918527435","Sponsored Brands","0.54","USD"
"2026-04-19","67855357390881","Sponsored Products","0.00","USD"
"2026-04-04","439663157752722","Sponsored Brands","0.15","USD"
"2026-04-18","175777768252798","Sponsored Products","0.00","USD"
"2026-04-26","141552428309171","Sponsored Products","15.51","USD"
"2026-04-03","346023186686134","Sponsored Brands","0.00","USD"
"2026-04-20","263026275901184","Sponsored Products","0.00","USD"
"2026-04-12","156285188540724","Sponsored Products","4.79","USD"
"2026-04-09","346023186686134","Sponsored Brands","0.00","USD"
"2026-04-09","50912117972815","Sponsored Products","0.00","USD"
"2026-04-15","281110747056753","Sponsored Products","0.00","USD"
"2026-04-21","43460676635147","Sponsored Products","0.73","USD"
"2026-04-18","121559999896526","Sponsored Products","3.27","CAD"
"2026-04-23","263026275901184","Sponsored Products","0.00","USD"
"2026-04-15","120274159023818","Sponsored Products","0.00","USD"
"2026-04-06","8347630917879","Sponsored Products","1.18","USD"
"2026-04-24","515637010546761","Sponsored Brands","1.37","USD"
"2026-04-03","189380234928822","Sponsored Products","0.00","USD"
"2026-04-22","83677388471868","Sponsored Products","0.00","USD"
"2026-04-26","116965962095342","Sponsored Products","0.00","USD"
"2026-04-16","48433117829801","Sponsored Products","1.67","USD"
"2026-04-25","207367106415924","Sponsored Products","24.72","GBP"
"2026-04-01","269935586939823","Sponsored Products","10.31","CAD"
"2026-04-13","202838039381314","Sponsored Products","4.38","USD"
"2026-04-02","280513164622908","Sponsored Products","0.00","USD"
"2026-04-01","271780514756108","Sponsored Products","0.00","USD"
"2026-04-21","261580610725925","Sponsored Products","3.19","AUD"
"2026-04-15","11588448157956","Sponsored Products","1.25","USD"
"2026-04-10","245335884201020","Sponsored Products","0.00","USD"
"2026-04-08","141552428309171","Sponsored Products","18.19","USD"
"2026-04-14","357384467879967","Sponsored Brands","1.11","USD"
"2026-04-28","222624990185469","Sponsored Products","1.52","CAD"
"2026-04-12","82064097659476","Sponsored Products","1.38","USD"
"2026-04-29","54985710671674","Sponsored Products","0.00","CAD"
"2026-04-06","202228555422966","Sponsored Products","0.00","USD"
"2026-04-18","43460676635147","Sponsored Products","0.00","USD"
"2026-04-23","65861573413220","Sponsored Products","1.72","USD"
"2026-04-30","225946958740637","Sponsored Products","0.00","USD"
"2026-04-24","198809778193730","Sponsored Products","6.99","USD"
"2026-04-24","233888031600237","Sponsored Products","0.00","USD"
"2026-04-16","246452377117901","Sponsored Products","0.00","USD"
"2026-04-22","37226214720536","Sponsored Products","0.00","CAD"
"2026-04-01","205764417979436","Sponsored Products","0.00","USD"
"2026-04-09","93539819506468","Sponsored Products","12.69","USD"
"2026-04-21","164743561215297","Sponsored Products","0.00","USD"
"2026-04-12","128770506922317","Sponsored Products","0.00","USD"
"2026-04-28","218351835233699","Sponsored Products","4.51","GBP"
"2026-04-18","149626049979530","Sponsored Products","1.23","USD"
"2026-04-01","102692108916415","Sponsored Products","1.55","USD"
"2026-04-24","439663157752722","Sponsored Brands","0.00","USD"
"2026-04-20","138135222992233","Sponsored Products","0.00","USD"
"2026-04-28","245335884201020","Sponsored Products","1.23","USD"
"2026-04-07","18193170148935","Sponsored Products","0.00","USD"
"2026-04-17","434170639918769","Sponsored Brands","12.69","USD"
"2026-04-20","83042096012825","Sponsored Products","0.00","USD"
"2026-04-29","348184859637636","Sponsored Brands","5.91","USD"
"2026-04-30","187735718741416","Sponsored Products","0.00","USD"
"2026-04-20","50912117972815","Sponsored Products","0.00","USD"
"2026-04-08","142436966717939","Sponsored Products","0.53","USD"
"2026-04-02","271780514756108","Sponsored Products","0.00","USD"
"2026-04-15","192420944790293","Sponsored Products","0.68","GBP"
"2026-04-01","22515666501366","Sponsored Products","0.00","USD"
"2026-04-17","203521351461363","Sponsored Products","0.00","USD"
"2026-04-21","121559999896526","Sponsored Products","2.00","CAD"
"2026-04-22","19228716944861","Sponsored Products","0.00","USD"
"2026-04-20","96060745446945","Sponsored Products","0.00","USD"
"2026-04-21","272711015971799","Sponsored Products","0.68","USD"
"2026-04-18","257373022214500","Sponsored Products","0.00","USD"
"2026-04-16","128835884603962","Sponsored Products","0.00","USD"
"2026-04-20","261659564571062","Sponsored Products","0.00","USD"
"2026-04-23","175777768252798","Sponsored Products","0.00","USD"
"2026-04-09","205764417979436","Sponsored Products","0.00","USD"
"2026-04-29","413308568322873","Sponsored Brands","0.00","USD"
"2026-04-05","279125239605082","Sponsored Products","0.00","USD"
"2026-04-29","560000811916391","Sponsored Brands","4.47","USD"
"2026-04-29","515637010546761","Sponsored Brands","1.07","USD"
"2026-04-08","539931100075119","Sponsored Brands","9.84","USD"
"2026-04-10","241960271286519","Sponsored Products","0.00","USD"
"2026-04-28","34478632960968","Sponsored Products","9.35","USD"
"2026-04-18","81320226496883","Sponsored Products","1.76","USD"
"2026-04-12","276488907454289","Sponsored Products","0.00","USD"
"2026-04-11","168803396873792","Sponsored Products","0.90","USD"
"2026-04-22","178714420604320","Sponsored Products","0.00","USD"
"2026-04-16","439663157752722","Sponsored Brands","0.00","USD"
"2026-04-14","225946958740637","Sponsored Products","0.00","USD"
"2026-04-16","121559999896526","Sponsored Products","20.17","CAD"
"2026-04-18","185646462591669","Sponsored Products","0.00","USD"
"2026-04-23","194512325763287","Sponsored Products","0.34","USD"
"2026-04-30","61837188685116","Sponsored Products","0.00","USD"
"2026-04-15","241259046045612","Sponsored Products","0.00","USD"
"2026-04-17","11689270553056","Sponsored Products","19.07","CAD"
"2026-04-19","1861066386589","Sponsored Products","0.00","USD"
"2026-04-14","243038183553247","Sponsored Products","0.00","USD"
"2026-04-17","39061317933304","Sponsored Products","0.00","USD"
"2026-04-18","176992507771254","Sponsored Products","4.59","USD"
"2026-04-09","158724595401869","Sponsored Products","0.00","USD"
"2026-04-13","156285188540724","Sponsored Products","1.75","USD"
"2026-04-12","8078369968995","Sponsored Products","0.36","USD"
"2026-04-05","149818563042691","Sponsored Products","0.00","USD"
"2026-04-03","267283875717235","Sponsored Products","0.98","USD"
"2026-04-01","192968792078402","Sponsored Products","0.00","USD"
"2026-04-04","1069464513580","Sponsored Products","1.14","USD"
"2026-04-28","187735718741416","Sponsored Products","0.00","USD"
"2026-04-02","257373022214500","Sponsored Products","0.00","USD"
"2026-04-23","54673378227395","Sponsored Products","0.00","USD"
"2026-04-14","43460676635147","Sponsored Products","0.00","USD"
"2026-04-17","19228716944861","Sponsored Products","0.00","USD"
"2026-04-20","156285188540724","Sponsored Products","1.56","USD"
"2026-04-06","149818563042691","Sponsored Products","0.00","USD"
"2026-04-24","207367106415924","Sponsored Products","29.65","GBP"
"2026-04-28","230713195634518","Sponsored Products","0.00","CAD"
"2026-04-30","14582572617569","Sponsored Products","1.38","USD"
"2026-04-26","11588448157956","Sponsored Products","0.00","USD"
"2026-04-21","491366396962687","Sponsored Brands","0.40","USD"
"2026-04-25","198809778193730","Sponsored Products","5.08","USD"
"2026-04-28","269935586939823","Sponsored Products","2.11","CAD"
"2026-04-21","141648422510979","Sponsored Products","0.00","USD"
"2026-04-01","194512325763287","Sponsored Products","0.00","USD"
"2026-04-16","346023186686134","Sponsored Brands","0.00","USD"
"2026-04-10","81320226496883","Sponsored Products","0.00","USD"
"2026-04-28","199076365376964","Sponsored Products","13.25","USD"
"2026-04-08","205764417979436","Sponsored Products","0.00","USD"
"2026-04-27","175777768252798","Sponsored Products","0.00","USD"
"2026-04-09","154085784178560","Sponsored Products","0.00","USD"
"2026-04-08","27661898820374","Sponsored Products","0.00","USD"
"2026-04-19","276797522102375","Sponsored Products","3.69","USD"
"2026-04-18","189380234928822","Sponsored Products","0.00","USD"
"2026-04-30","115943131527635","Sponsored Products","3.39","USD"
"2026-04-11","97079585612330","Sponsored Products","0.00","USD"
"2026-04-11","133846876580591","Sponsored Products","0.00","USD"
"2026-04-24","188279469264899","Sponsored Products","0.77","USD"
"2026-04-19","189380234928822","Sponsored Products","0.00","USD"
"2026-04-21","192420944790293","Sponsored Products","0.69","GBP"
"2026-04-27","11689270553056","Sponsored Products","7.41","CAD"
"2026-04-03","156989235380210","Sponsored Products","172.32","USD"
"2026-04-08","40237294180920","Sponsored Products","0.00","USD"
"2026-04-07","303344079444236","Sponsored Brands","0.00","GBP"
"2026-04-14","115943131527635","Sponsored Products","2.14","USD"
"2026-04-29","434170639918769","Sponsored Brands","2.77","USD"
"2026-04-10","423471492340141","Sponsored Brands","2.37","USD"
"2026-04-10","55109131448748","Sponsored Products","0.00","USD"
"2026-04-02","199698435439447","Sponsored Products","0.00","USD"
"2026-04-30","128835884603962","Sponsored Products","0.00","USD"
"2026-04-17","560000811916391","Sponsored Brands","4.07","USD"
"2026-04-20","267283875717235","Sponsored Products","0.00","USD"
"2026-04-07","278626821184075","Sponsored Products","0.00","USD"
"2026-04-26","261580610725925","Sponsored Products","0.36","AUD"
"2026-04-26","243504419948461","Sponsored Products","0.00","USD"
"2026-04-04","55613271497964","Sponsored Products","0.00","USD"
"2026-04-27","90153090750124","Sponsored Products","1.98","CAD"
"2026-04-25","491366396962687","Sponsored Brands","0.00","USD"
"2026-04-08","198809778193730","Sponsored Products","25.56","USD"
"2026-04-23","170402912830961","Sponsored Products","0.00","USD"
"2026-04-22","190621879613931","Sponsored Products","0.00","USD"
"2026-04-29","245335884201020","Sponsored Products","0.00","USD"
"2026-04-08","61090477012622","Sponsored Products","0.00","USD"
"2026-04-15","218351835233699","Sponsored Products","6.02","GBP"
"2026-04-15","116154511455108","Sponsored Products","0.00","GBP"
"2026-04-13","128835884603962","Sponsored Products","0.00","USD"
"2026-04-25","96060745446945","Sponsored Products","0.00","USD"
"2026-04-18","61837188685116","Sponsored Products","1.55","USD"
"2026-04-16","172779439196738","Sponsored Products","0.00","USD"
"2026-04-21","120274159023818","Sponsored Products","1.01","USD"
"2026-04-27","441925918527435","Sponsored Brands","0.00","USD"
"2026-04-03","225946958740637","Sponsored Products","0.00","USD"
"2026-04-09","72921898703277","Sponsored Products","0.00","USD"
"2026-04-26","190621879613931","Sponsored Products","1.35","USD"
"2026-04-07","186804517918072","Sponsored Products","3.33","USD"
"2026-04-19","158724595401869","Sponsored Products","0.00","USD"
"2026-04-19","539931100075119","Sponsored Brands","11.41","USD"
"2026-04-24","291680855614624","Sponsored Brands","0.00","GBP"
"2026-04-12","188545556962991","Sponsored Products","0.00","USD"
"2026-04-09","142436966717939","Sponsored Products","0.00","USD"
"2026-04-15","15212099085836","Sponsored Products","1.95","USD"
"2026-04-18","32030113168570","Sponsored Products","1.07","USD"
"2026-04-04","120274159023818","Sponsored Products","0.00","USD"
"2026-04-07","48758698369103","Sponsored Products","7.78","USD"
"2026-04-08","61837188685116","Sponsored Products","0.00","USD"
"2026-04-18","67855357390881","Sponsored Products","0.00","USD"
"2026-04-05","101965336081409","Sponsored Products","2.32","USD"
"2026-04-26","413308568322873","Sponsored Brands","0.00","USD"
"2026-04-15","81320226496883","Sponsored Products","0.74","USD"
"2026-04-28","107984059803193","Sponsored Products","0.00","USD"
"2026-04-14","89763253163155","Sponsored Products","0.69","CAD"
"2026-04-30","43460676635147","Sponsored Products","0.00","USD"
"2026-04-24","39061317933304","Sponsored Products","0.00","USD"
"2026-04-24","245335884201020","Sponsored Products","2.36","USD"
"2026-04-07","192968792078402","Sponsored Products","0.00","USD"
"2026-04-19","199076365376964","Sponsored Products","0.00","USD"
"2026-04-02","239175797857758","Sponsored Products","0.00","USD"
"2026-04-26","219243809439026","Sponsored Products","0.87","CAD"
"2026-04-01","83042096012825","Sponsored Products","0.00","USD"
"2026-04-14","243204708497477","Sponsored Products","0.00","USD"
"2026-04-29","188545556962991","Sponsored Products","0.00","USD"
"2026-04-12","491366396962687","Sponsored Brands","0.21","USD"
"2026-04-19","19228716944861","Sponsored Products","0.00","USD"
"2026-04-20","269935586939823","Sponsored Products","0.64","CAD"
"2026-04-05","2414736156339","Sponsored Products","1.11","USD"
"2026-04-24","276488907454289","Sponsored Products","0.00","USD"
"2026-04-04","82064097659476","Sponsored Products","0.45","USD"
"2026-04-07","284096201830626","Sponsored Display","0.12","USD"
"2026-04-06","130912331972988","Sponsored Products","2.42","USD"
"2026-04-13","101965336081409","Sponsored Products","2.84","USD"
"2026-04-24","132476300811824","Sponsored Products","17.82","CAD"
"2026-04-10","238790977416237","Sponsored Products","0.00","USD"
"2026-04-28","202838039381314","Sponsored Products","0.64","USD"
"2026-04-14","239772993878028","Sponsored Products","0.00","USD"
"2026-04-17","149942312994880","Sponsored Products","0.00","USD"
"2026-04-27","291680855614624","Sponsored Brands","0.00","GBP"
"2026-04-03","187735718741416","Sponsored Products","0.00","USD"
"2026-04-23","192968792078402","Sponsored Products","0.00","USD"
"2026-04-22","164743561215297","Sponsored Products","1.03","USD"
"2026-04-20","357384467879967","Sponsored Brands","0.00","USD"
"2026-04-22","455100983218716","Sponsored Brands","20.25","USD"
"2026-04-22","276488907454289","Sponsored Products","0.00","USD"
"2026-04-05","239175797857758","Sponsored Products","0.00","USD"
"2026-04-30","185646462591669","Sponsored Products","0.00","USD"
"2026-04-26","1861066386589","Sponsored Products","0.00","USD"
"2026-04-24","61090477012622","Sponsored Products","0.00","USD"
"2026-04-16","239677460933975","Sponsored Products","1.01","USD"
"2026-04-10","154085784178560","Sponsored Products","0.00","USD"
"2026-04-12","216925562826343","Sponsored Products","0.00","USD"
"2026-04-30","267283875717235","Sponsored Products","0.00","USD"
"2026-04-01","170402912830961","Sponsored Products","0.00","USD"
"2026-04-04","133846876580591","Sponsored Products","0.00","USD"
"2026-04-08","173362871105297","Sponsored Products","0.00","USD"
"2026-04-18","263026275901184","Sponsored Products","0.00","USD"
"2026-04-30","32030113168570","Sponsored Products","0.46","USD"
"2026-04-29","254995232992568","Sponsored Products","0.57","CAD"
"2026-04-04","202228555422966","Sponsored Products","0.00","USD"
"2026-04-07","482686146435604","Sponsored Brands","4.95","USD"
"2026-04-25","203521351461363","Sponsored Products","0.00","USD"
"2026-04-10","239677460933975","Sponsored Products","0.28","USD"
"2026-04-16","103686525154537","Sponsored Products","0.00","GBP"
"2026-04-10","194838680698310","Sponsored Products","0.00","USD"
"2026-04-28","37226214720536","Sponsored Products","0.00","CAD"
"2026-04-20","560000811916391","Sponsored Brands","9.64","USD"
"2026-04-23","8078369968995","Sponsored Products","0.00","USD"
"2026-04-15","173362871105297","Sponsored Products","0.00","USD"
"2026-04-07","32030113168570","Sponsored Products","0.00","USD"
"2026-04-07","22515666501366","Sponsored Products","0.00","USD"
"2026-04-05","156989235380210","Sponsored Products","226.45","USD"
"2026-04-02","192420944790293","Sponsored Products","7.82","GBP"
"2026-04-30","102474552529229","Sponsored Products","0.00","USD"
"2026-04-22","103686525154537","Sponsored Products","2.41","GBP"
"2026-04-24","170402912830961","Sponsored Products","0.00","USD"
"2026-04-13","243038183553247","Sponsored Products","0.00","USD"
"2026-04-16","413308568322873","Sponsored Brands","0.00","USD"
"2026-04-13","128770506922317","Sponsored Products","3.11","USD"
"2026-04-11","225946958740637","Sponsored Products","0.00","USD"
"2026-04-30","55613271497964","Sponsored Products","0.00","USD"
"2026-04-08","132476300811824","Sponsored Products","21.23","CAD"
"2026-04-24","187735718741416","Sponsored Products","0.00","USD"
"2026-04-29","116575981038290","Sponsored Products","2.04","USD"
"2026-04-18","272711015971799","Sponsored Products","6.00","USD"
"2026-04-23","11689270553056","Sponsored Products","7.65","CAD"
"2026-04-25","81320226496883","Sponsored Products","0.00","USD"
"2026-04-10","145958940968220","Sponsored Products","0.00","USD"
"2026-04-02","28565058702355","Sponsored Products","0.00","USD"
"2026-04-30","1069464513580","Sponsored Products","3.23","USD"
"2026-04-30","72921898703277","Sponsored Products","0.00","USD"
"2026-04-28","296615200458181","Sponsored Brands","6.62","USD"
"2026-04-24","149626049979530","Sponsored Products","0.00","USD"
"2026-04-06","233888031600237","Sponsored Products","0.00","USD"
"2026-04-12","199698435439447","Sponsored Products","0.00","USD"
"2026-04-11","218351835233699","Sponsored Products","4.89","GBP"
"2026-04-08","482686146435604","Sponsored Brands","5.29","USD"
"2026-04-18","77231525415892","Sponsored Products","0.00","USD"
"2026-04-02","133243849204741","Sponsored Products","0.00","USD"
"2026-04-28","177040838827269","Sponsored Products","0.00","CAD"
"2026-04-22","96060745446945","Sponsored Products","0.00","USD"
"2026-04-08","239772993878028","Sponsored Products","0.00","USD"
"2026-04-12","32571611634774","Sponsored Products","0.00","USD"
"2026-04-01","291680855614624","Sponsored Brands","0.00","GBP"
"2026-04-04","187735718741416","Sponsored Products","0.00","USD"
"2026-04-14","241259046045612","Sponsored Products","0.00","USD"
"2026-04-25","238790977416237","Sponsored Products","0.00","USD"
"2026-04-04","296615200458181","Sponsored Brands","7.92","USD"
"2026-04-02","156285188540724","Sponsored Products","1.05","USD"
"2026-04-23","560000811916391","Sponsored Brands","3.33","USD"
"2026-04-11","215176800738804","Sponsored Products","0.00","USD"
"2026-04-01","278626821184075","Sponsored Products","0.00","USD"
"2026-04-30","184342897537658","Sponsored Products","0.00","CAD"
"2026-04-24","72790979016813","Sponsored Products","0.00","USD"
"2026-04-04","205922105032655","Sponsored Products","0.00","USD"
"2026-04-19","194512325763287","Sponsored Products","0.66","USD"
"2026-04-25","178142854797337","Sponsored Products","0.00","CAD"
"2026-04-22","1861066386589","Sponsored Products","0.64","USD"
"2026-04-04","154085784178560","Sponsored Products","0.00","USD"
"2026-04-17","115943131527635","Sponsored Products","1.72","USD"
"2026-04-03","207367106415924","Sponsored Products","17.91","GBP"
"2026-04-03","173362871105297","Sponsored Products","0.00","USD"
"2026-04-28","111945947349127","Sponsored Products","3.02","CAD"
"2026-04-26","380662946968621","Sponsored Display","0.00","USD"
"2026-04-26","56338703455249","Sponsored Products","0.00","USD"
"2026-04-30","455100983218716","Sponsored Brands","7.76","USD"
"2026-04-24","15212099085836","Sponsored Products","2.27","USD"
"2026-04-07","216925562826343","Sponsored Products","0.00","USD"
"2026-04-28","291680855614624","Sponsored Brands","0.00","GBP"
"2026-04-18","61503627186513","Sponsored Products","0.00","USD"
"2026-04-22","56338703455249","Sponsored Products","0.00","USD"
"2026-04-05","18193170148935","Sponsored Products","0.00","USD"
"2026-04-04","141552428309171","Sponsored Products","22.07","USD"
"2026-04-29","173362871105297","Sponsored Products","0.96","USD"
"2026-04-11","101459965063202","Sponsored Products","0.00","USD"
"2026-04-05","8078369968995","Sponsored Products","0.00","USD"
"2026-04-21","103686525154537","Sponsored Products","1.38","GBP"
"2026-04-29","251449053079778","Sponsored Products","0.00","CAD"
"2026-04-29","203903826395","Sponsored Products","0.00","USD"
"2026-04-25","189380234928822","Sponsored Products","0.00","USD"
"2026-04-11","53404531347848","Sponsored Products","0.00","USD"
"2026-04-26","72790979016813","Sponsored Products","0.00","USD"
"2026-04-07","81320226496883","Sponsored Products","0.00","USD"
"2026-04-21","263026275901184","Sponsored Products","0.00","USD"
"2026-04-05","241960271286519","Sponsored Products","0.00","USD"
"2026-04-01","216925562826343","Sponsored Products","0.00","USD"
"2026-04-25","158171452508120","Sponsored Products","0.00","USD"
"2026-04-07","30179169319725","Sponsored Products","5.21","AUD"
"2026-04-18","194512325763287","Sponsored Products","0.00","USD"
"2026-04-23","239175797857758","Sponsored Products","0.00","USD"
"2026-04-24","278626821184075","Sponsored Products","0.00","USD"
"2026-04-16","115758363210245","Sponsored Products","1.85","USD"
"2026-04-17","42141939819441","Sponsored Products","0.00","USD"
"2026-04-19","277250351840071","Sponsored Products","0.00","USD"
"2026-04-08","126638359335345","Sponsored Products","0.00","USD"
"2026-04-02","204544178017947","Sponsored Products","0.00","USD"
"2026-04-22","254109808305934","Sponsored Products","0.00","USD"
"2026-04-26","203903826395","Sponsored Products","3.17","USD"
"2026-04-29","261580610725925","Sponsored Products","2.44","AUD"
"2026-04-10","441925918527435","Sponsored Brands","3.54","USD"
"2026-04-21","238790977416237","Sponsored Products","0.00","USD"
"2026-04-01","346023186686134","Sponsored Brands","0.00","USD"
"2026-04-19","42141939819441","Sponsored Products","0.00","USD"
"2026-04-28","413308568322873","Sponsored Brands","0.45","USD"
"2026-04-03","101965336081409","Sponsored Products","0.37","USD"
"2026-04-01","42141939819441","Sponsored Products","0.00","USD"
"2026-04-09","199076365376964","Sponsored Products","0.80","USD"
"2026-04-19","89763253163155","Sponsored Products","5.42","CAD"
"2026-04-05","243504419948461","Sponsored Products","0.00","USD"
"2026-04-05","281024885672869","Sponsored Products","0.00","USD"
"2026-04-13","149818563042691","Sponsored Products","0.47","USD"
"2026-04-28","94121140300347","Sponsored Products","0.00","USD"
"2026-04-27","281235849108344","Sponsored Products","0.00","USD"
"2026-04-09","441925918527435","Sponsored Brands","3.57","USD"
"2026-04-08","263026275901184","Sponsored Products","0.00","USD"
"2026-04-09","174719285602701","Sponsored Products","2.34","USD"
"2026-04-09","101459965063202","Sponsored Products","0.00","USD"
"2026-04-13","296615200458181","Sponsored Brands","24.35","USD"
"2026-04-12","48433117829801","Sponsored Products","2.36","USD"
"2026-04-05","202228555422966","Sponsored Products","0.00","USD"
"2026-04-24","189380234928822","Sponsored Products","0.59","USD"
"2026-04-14","133243849204741","Sponsored Products","0.00","USD"
"2026-04-13","102692108916415","Sponsored Products","0.00","USD"
"2026-04-12","263026275901184","Sponsored Products","0.00","USD"
"2026-04-12","204544178017947","Sponsored Products","0.67","USD"
"2026-04-16","101965336081409","Sponsored Products","3.28","USD"
"2026-04-06","267283875717235","Sponsored Products","1.79","USD"
"2026-04-23","184342897537658","Sponsored Products","0.00","CAD"
"2026-04-22","188279469264899","Sponsored Products","2.08","USD"
"2026-04-21","48192245895031","Sponsored Products","0.00","USD"
"2026-04-03","141552428309171","Sponsored Products","16.78","USD"
"2026-04-01","115943131527635","Sponsored Products","1.57","USD"
"2026-04-14","194838680698310","Sponsored Products","0.00","USD"
"2026-04-29","132476300811824","Sponsored Products","6.40","CAD"
"2026-04-17","218351835233699","Sponsored Products","4.51","GBP"
"2026-04-07","188279469264899","Sponsored Products","0.00","USD"
"2026-04-25","271780514756108","Sponsored Products","0.00","USD"
"2026-04-27","96060745446945","Sponsored Products","0.00","USD"
"2026-04-07","28565058702355","Sponsored Products","1.77","USD"
"2026-04-06","225946958740637","Sponsored Products","0.00","USD"
"2026-04-24","48192245895031","Sponsored Products","0.00","USD"
"2026-04-27","215966552761313","Sponsored Products","0.00","USD"
"2026-04-15","346023186686134","Sponsored Brands","0.00","USD"
"2026-04-26","93539819506468","Sponsored Products","0.00","USD"
"2026-04-24","246452377117901","Sponsored Products","6.65","USD"
"2026-04-20","276488907454289","Sponsored Products","0.00","USD"
"2026-04-20","113013759920940","Sponsored Products","0.00","USD"
"2026-04-18","120274159023818","Sponsored Products","0.00","USD"
"2026-04-22","231848232455644","Sponsored Products","0.00","USD"
"2026-04-16","189380234928822","Sponsored Products","0.00","USD"
"2026-04-04","246452377117901","Sponsored Products","0.00","USD"
"2026-04-21","178714420604320","Sponsored Products","0.00","USD"
"2026-04-27","128770506922317","Sponsored Products","18.77","USD"
"2026-04-18","11588448157956","Sponsored Products","0.00","USD"
"2026-04-23","97079585612330","Sponsored Products","8.60","USD"
"2026-04-23","267283875717235","Sponsored Products","0.00","USD"
"2026-04-22","77231525415892","Sponsored Products","0.00","USD"
"2026-04-24","162781488442631","Sponsored Products","0.00","CAD"
"2026-04-22","291680855614624","Sponsored Brands","0.79","GBP"
"2026-04-05","8347630917879","Sponsored Products","1.17","USD"
"2026-04-30","202838039381314","Sponsored Products","0.00","USD"
"2026-04-04","19228716944861","Sponsored Products","0.00","USD"
"2026-04-10","254109808305934","Sponsored Products","1.68","USD"
"2026-04-03","14582572617569","Sponsored Products","0.00","USD"
"2026-04-29","243504419948461","Sponsored Products","0.00","USD"
"2026-04-11","43460676635147","Sponsored Products","0.00","USD"
"2026-04-30","116965962095342","Sponsored Products","0.00","USD"
"2026-04-26","34478632960968","Sponsored Products","0.00","USD"
"2026-04-17","262727752997615","Sponsored Products","0.00","USD"
"2026-04-22","153828112302993","Sponsored Products","1.28","USD"
"2026-04-06","65861573413220","Sponsored Products","0.00","USD"
"2026-04-10","243504419948461","Sponsored Products","0.00","USD"
"2026-04-02","357384467879967","Sponsored Brands","0.00","USD"
"2026-04-08","14582572617569","Sponsored Products","0.00","USD"
"2026-04-18","215966552761313","Sponsored Products","0.00","USD"
"2026-04-30","413308568322873","Sponsored Brands","1.37","USD"
"2026-04-15","205922105032655","Sponsored Products","0.00","USD"
"2026-04-08","32571611634774","Sponsored Products","0.00","USD"
"2026-04-17","145958940968220","Sponsored Products","0.00","USD"
"2026-04-21","251449053079778","Sponsored Products","0.00","CAD"
"2026-04-25","187735718741416","Sponsored Products","0.00","USD"
"2026-04-02","38682977693457","Sponsored Products","0.00","USD"
"2026-04-30","126638359335345","Sponsored Products","20.33","USD"
"2026-04-14","55109131448748","Sponsored Products","2.80","USD"
"2026-04-09","227786840580952","Sponsored Products","0.00","USD"
"2026-04-29","156989235380210","Sponsored Products","296.87","USD"
"2026-04-26","54673378227395","Sponsored Products","0.00","USD"
"2026-04-20","2514549308563","Sponsored Products","0.00","USD"
"2026-04-10","8078369968995","Sponsored Products","0.00","USD"
"2026-04-11","138135222992233","Sponsored Products","0.00","USD"
"2026-04-11","194512325763287","Sponsored Products","0.00","USD"
"2026-04-05","278626821184075","Sponsored Products","0.00","USD"
"2026-04-29","278626821184075","Sponsored Products","0.00","USD"
"2026-04-21","284096201830626","Sponsored Display","0.00","USD"
"2026-04-23","120274159023818","Sponsored Products","0.63","USD"
"2026-04-11","101965336081409","Sponsored Products","0.08","USD"
"2026-04-17","303344079444236","Sponsored Brands","0.19","GBP"
"2026-04-15","97079585612330","Sponsored Products","0.00","USD"
"2026-04-18","40237294180920","Sponsored Products","1.66","USD"
"2026-04-22","192968792078402","Sponsored Products","0.00","USD"
"2026-04-16","55109131448748","Sponsored Products","0.00","USD"
"2026-04-21","254995232992568","Sponsored Products","0.00","CAD"
"2026-04-27","178714420604320","Sponsored Products","0.00","USD"
"2026-04-03","261580610725925","Sponsored Products","0.85","AUD"
"2026-04-22","153491409585454","Sponsored Products","0.00","USD"
"2026-04-01","205922105032655","Sponsored Products","0.00","USD"
"2026-04-04","216925562826343","Sponsored Products","0.98","USD"
"2026-04-21","145958940968220","Sponsored Products","0.53","USD"
"2026-04-06","194838680698310","Sponsored Products","0.00","USD"
"2026-04-06","65192845861072","Sponsored Products","0.00","USD"
"2026-04-27","246452377117901","Sponsored Products","1.02","USD"
"2026-04-28","267283875717235","Sponsored Products","0.94","USD"
"2026-04-18","441925918527435","Sponsored Brands","0.84","USD"
"2026-04-18","90153090750124","Sponsored Products","6.37","CAD"
"2026-04-29","7858512618685","Sponsored Products","0.92","CAD"
"2026-04-16","32571611634774","Sponsored Products","0.00","USD"
"2026-04-19","38682977693457","Sponsored Products","0.00","USD"
"2026-04-26","281024885672869","Sponsored Products","0.51","USD"
"2026-04-02","134777743429986","Sponsored Products","0.00","USD"
"2026-04-02","254109808305934","Sponsored Products","0.00","USD"
"2026-04-05","40237294180920","Sponsored Products","0.00","USD"
"2026-04-10","58475731073369","Sponsored Products","0.00","USD"
"2026-04-09","423471492340141","Sponsored Brands","5.93","USD"
"2026-04-24","192420944790293","Sponsored Products","2.72","GBP"
"2026-04-02","50912117972815","Sponsored Products","0.00","USD"
"2026-04-30","194838680698310","Sponsored Products","0.00","USD"
"2026-04-01","259323671730401","Sponsored Products","7.47","USD"
"2026-04-29","266158523203302","Sponsored Products","0.00","USD"
"2026-04-13","11143044290906","Sponsored Products","0.00","USD"
"2026-04-13","54386198712419","Sponsored Products","0.00","USD"
"2026-04-10","115758363210245","Sponsored Products","2.80","USD"
"2026-04-09","296615200458181","Sponsored Brands","25.20","USD"
"2026-04-27","241960271286519","Sponsored Products","0.00","USD"
"2026-04-24","133243849204741","Sponsored Products","0.00","USD"
"2026-04-13","452065263384491","Sponsored Brands","0.99","USD"
"2026-04-02","67855357390881","Sponsored Products","0.00","USD"
"2026-04-15","203521351461363","Sponsored Products","0.00","USD"
"2026-04-14","61090477012622","Sponsored Products","0.00","USD"
"2026-04-17","271002646812055","Sponsored Products","0.00","USD"
"2026-04-13","199076365376964","Sponsored Products","1.80","USD"
"2026-04-01","455100983218716","Sponsored Brands","3.97","USD"
"2026-04-19","72921898703277","Sponsored Products","0.00","USD"
"2026-04-13","291680855614624","Sponsored Brands","0.00","GBP"
"2026-04-27","85314305519427","Sponsored Products","0.00","USD"
"2026-04-26","272711015971799","Sponsored Products","4.08","USD"
"2026-04-21","296615200458181","Sponsored Brands","28.18","USD"
"2026-04-13","67855357390881","Sponsored Products","0.00","USD"
"2026-04-27","113013759920940","Sponsored Products","0.00","USD"
"2026-04-11","276797522102375","Sponsored Products","1.13","USD"
"2026-04-20","128835884603962","Sponsored Products","0.00","USD"
"2026-04-19","11689270553056","Sponsored Products","18.56","CAD"
"2026-04-27","152555236474228","Sponsored Products","0.00","USD"
"2026-04-11","115758363210245","Sponsored Products","1.93","USD"
"2026-04-21","115758363210245","Sponsored Products","0.84","USD"
"2026-04-23","254995232992568","Sponsored Products","0.00","CAD"
"2026-04-29","15212099085836","Sponsored Products","0.00","USD"
"2026-04-11","30179169319725","Sponsored Products","12.88","AUD"
"2026-04-13","346023186686134","Sponsored Brands","0.00","USD"
"2026-04-27","284096201830626","Sponsored Display","0.00","USD"
"2026-04-09","28565058702355","Sponsored Products","3.45","USD"
"2026-04-04","194512325763287","Sponsored Products","0.93","USD"
"2026-04-17","407444835513369","Sponsored Brands","0.00","CAD"
"2026-04-11","48192245895031","Sponsored Products","0.00","USD"
"2026-04-22","30179169319725","Sponsored Products","7.78","AUD"
"2026-04-02","276797522102375","Sponsored Products","1.04","USD"
"2026-04-05","407444835513369","Sponsored Brands","0.33","CAD"
"2026-04-18","54386198712419","Sponsored Products","0.00","USD"
"2026-04-27","115758363210245","Sponsored Products","1.09","USD"
"2026-04-09","276797522102375","Sponsored Products","0.41","USD"
"2026-04-26","82064097659476","Sponsored Products","0.00","USD"
"2026-04-24","141648422510979","Sponsored Products","0.00","USD"
"2026-04-28","133846876580591","Sponsored Products","0.00","USD"
"2026-04-28","423471492340141","Sponsored Brands","1.46","USD"
"2026-04-03","130912331972988","Sponsored Products","0.00","USD"
"2026-04-05","124202126398060","Sponsored Products","6.84","USD"
"2026-04-14","239175797857758","Sponsored Products","0.67","USD"
"2026-04-20","284096201830626","Sponsored Display","0.00","USD"
"2026-04-29","19228716944861","Sponsored Products","0.79","USD"
"2026-04-26","199076365376964","Sponsored Products","13.42","USD"
"2026-04-16","202228555422966","Sponsored Products","0.00","USD"
"2026-04-20","94121140300347","Sponsored Products","1.28","USD"
"2026-04-12","115764500761375","Sponsored Products","1.17","USD"
"2026-04-12","101459965063202","Sponsored Products","0.00","USD"
"2026-04-23","188545556962991","Sponsored Products","0.00","USD"
"2026-04-05","115758363210245","Sponsored Products","0.98","USD"
"2026-04-30","93539819506468","Sponsored Products","0.00","USD"
"2026-04-30","224639482376841","Sponsored Products","0.00","USD"
"2026-04-16","72790979016813","Sponsored Products","0.00","USD"
"2026-04-18","164743561215297","Sponsored Products","0.00","USD"
"2026-04-12","281024885672869","Sponsored Products","0.00","USD"
"2026-04-24","133846876580591","Sponsored Products","0.80","USD"
"2026-04-17","65192845861072","Sponsored Products","0.00","USD"
"2026-04-28","482686146435604","Sponsored Brands","5.30","USD"
"2026-04-27","101965336081409","Sponsored Products","0.00","USD"
"2026-04-11","173362871105297","Sponsored Products","0.00","USD"
"2026-04-22","239677460933975","Sponsored Products","2.26","USD"
"2026-04-14","281235849108344","Sponsored Products","1.37","USD"
"2026-04-19","30651955945418","Sponsored Products","0.00","USD"
"2026-04-10","261580610725925","Sponsored Products","3.88","AUD"
"2026-04-03","30179169319725","Sponsored Products","18.73","AUD"
"2026-04-24","145958940968220","Sponsored Products","0.00","USD"
"2026-04-18","97079585612330","Sponsored Products","0.00","USD"
"2026-04-05","72790979016813","Sponsored Products","0.00","USD"
"2026-04-13","81320226496883","Sponsored Products","0.87","USD"
"2026-04-10","262727752997615","Sponsored Products","0.00","USD"
"2026-04-09","202838039381314","Sponsored Products","1.29","USD"
"2026-04-03","192968792078402","Sponsored Products","0.95","USD"
"2026-04-11","413308568322873","Sponsored Brands","0.00","USD"
"2026-04-20","94943402078065","Sponsored Products","1.03","CAD"
"2026-04-16","28565058702355","Sponsored Products","0.00","USD"
"2026-04-21","153828112302993","Sponsored Products","2.63","USD"
"2026-04-06","67855357390881","Sponsored Products","0.00","USD"
"2026-04-25","284096201830626","Sponsored Display","0.00","USD"
"2026-04-03","205922105032655","Sponsored Products","0.00","USD"
"2026-04-14","284096201830626","Sponsored Display","0.17","USD"
"2026-04-16","243504419948461","Sponsored Products","1.64","USD"
"2026-04-17","50912117972815","Sponsored Products","0.00","USD"
"2026-04-21","271002646812055","Sponsored Products","1.17","USD"
"2026-04-12","515637010546761","Sponsored Brands","4.01","USD"
"2026-04-09","140453739775668","Sponsored Products","0.00","USD"
"2026-04-17","126638359335345","Sponsored Products","0.00","USD"
"2026-04-21","18193170148935","Sponsored Products","1.65","USD"
"2026-04-17","37226214720536","Sponsored Products","18.95","CAD"
"2026-04-03","218351835233699","Sponsored Products","1.26","GBP"
"2026-04-28","138135222992233","Sponsored Products","0.00","USD"
"2026-04-12","239677460933975","Sponsored Products","0.22","USD"
"2026-04-02","202228555422966","Sponsored Products","0.00","USD"
"2026-04-21","61503627186513","Sponsored Products","0.70","USD"
"2026-04-13","174719285602701","Sponsored Products","5.07","USD"
"2026-04-15","224639482376841","Sponsored Products","0.00","USD"
"2026-04-05","48758698369103","Sponsored Products","7.98","USD"
"2026-04-23","133846876580591","Sponsored Products","0.00","USD"
"2026-04-11","243504419948461","Sponsored Products","1.08","USD"
"2026-04-29","72790979016813","Sponsored Products","0.43","USD"
"2026-04-25","27661898820374","Sponsored Products","0.00","USD"
"2026-04-27","259323671730401","Sponsored Products","8.21","USD"
"2026-04-09","130912331972988","Sponsored Products","0.00","USD"
"2026-04-02","441925918527435","Sponsored Brands","1.28","USD"
"2026-04-25","219243809439026","Sponsored Products","0.00","CAD"
"2026-04-24","108717111045331","Sponsored Products","2.54","CAD"
"2026-04-04","380662946968621","Sponsored Display","0.27","USD"
"2026-04-29","149942312994880","Sponsored Products","0.00","USD"
"2026-04-28","101459965063202","Sponsored Products","0.00","USD"
"2026-04-30","259323671730401","Sponsored Products","5.40","USD"
"2026-04-09","126638359335345","Sponsored Products","0.00","USD"
"2026-04-13","188279469264899","Sponsored Products","0.00","USD"
"2026-04-26","103686525154537","Sponsored Products","0.00","GBP"
"2026-04-27","149626049979530","Sponsored Products","0.00","USD"
"2026-04-25","218351835233699","Sponsored Products","6.35","GBP"
"2026-04-16","205922105032655","Sponsored Products","0.00","USD"
"2026-04-21","423471492340141","Sponsored Brands","3.91","USD"
"2026-04-08","102692108916415","Sponsored Products","0.00","USD"
"2026-04-08","174719285602701","Sponsored Products","1.18","USD"
"2026-04-09","188545556962991","Sponsored Products","0.00","USD"
"2026-04-12","407444835513369","Sponsored Brands","0.00","CAD"
"2026-04-13","303344079444236","Sponsored Brands","1.71","GBP"
"2026-04-23","210638600694486","Sponsored Products","0.50","USD"
"2026-04-15","170402912830961","Sponsored Products","0.00","USD"
"2026-04-05","30179169319725","Sponsored Products","10.94","AUD"
"2026-04-13","8078369968995","Sponsored Products","0.00","USD"
"2026-04-19","101965336081409","Sponsored Products","0.00","USD"
"2026-04-10","439663157752722","Sponsored Brands","0.94","USD"
"2026-04-18","126638359335345","Sponsored Products","0.00","USD"
"2026-04-24","121559999896526","Sponsored Products","0.43","CAD"
"2026-04-09","225946958740637","Sponsored Products","0.00","USD"
"2026-04-24","188545556962991","Sponsored Products","0.00","USD"
"2026-04-06","28565058702355","Sponsored Products","2.58","USD"
"2026-04-20","132476300811824","Sponsored Products","11.21","CAD"
"2026-04-30","177040838827269","Sponsored Products","0.00","CAD"
"2026-04-04","276797522102375","Sponsored Products","0.64","USD"
"2026-04-27","407444835513369","Sponsored Brands","0.00","CAD"
"2026-04-28","441925918527435","Sponsored Brands","2.48","USD"
"2026-04-12","141648422510979","Sponsored Products","0.00","USD"
"2026-04-24","126638359335345","Sponsored Products","6.34","USD"
"2026-04-17","241259046045612","Sponsored Products","0.00","USD"
"2026-04-29","85314305519427","Sponsored Products","0.00","USD"
"2026-04-23","93539819506468","Sponsored Products","3.51","USD"
"2026-04-28","207367106415924","Sponsored Products","27.36","GBP"
"2026-04-13","58475731073369","Sponsored Products","0.00","USD"
"2026-04-08","18193170148935","Sponsored Products","0.00","USD"
"2026-04-10","30179169319725","Sponsored Products","14.35","AUD"
"2026-04-02","53404531347848","Sponsored Products","0.45","USD"
"2026-04-26","94067411428118","Sponsored Products","1.02","CAD"
"2026-04-14","218351835233699","Sponsored Products","6.00","GBP"
"2026-04-15","54386198712419","Sponsored Products","0.00","USD"
"2026-04-17","116154511455108","Sponsored Products","0.00","GBP"
"2026-04-19","102825844325514","Sponsored Products","0.00","USD"
"2026-04-24","413308568322873","Sponsored Brands","0.00","USD"
"2026-04-07","55613271497964","Sponsored Products","0.00","USD"
"2026-04-06","120274159023818","Sponsored Products","0.48","USD"
"2026-04-02","407444835513369","Sponsored Brands","0.00","CAD"
"2026-04-16","113013759920940","Sponsored Products","0.00","USD"
"2026-04-19","491366396962687","Sponsored Brands","0.00","USD"
"2026-04-29","152555236474228","Sponsored Products","0.00","USD"
"2026-04-03","303344079444236","Sponsored Brands","1.06","GBP"
"2026-04-09","145958940968220","Sponsored Products","0.00","USD"
"2026-04-04","257373022214500","Sponsored Products","0.00","USD"
"2026-04-25","101965336081409","Sponsored Products","0.00","USD"
"2026-04-11","152555236474228","Sponsored Products","0.61","USD"
"2026-04-09","213530912619228","Sponsored Products","0.00","USD"
"2026-04-26","96060745446945","Sponsored Products","0.00","USD"
"2026-04-13","357384467879967","Sponsored Brands","0.66","USD"
"2026-04-28","241960271286519","Sponsored Products","0.00","USD"
"2026-04-20","82064097659476","Sponsored Products","5.12","USD"
"2026-04-23","96060745446945","Sponsored Products","0.00","USD"
"2026-04-20","154118694541854","Sponsored Products","0.00","USD"
"2026-04-21","281235849108344","Sponsored Products","0.00","USD"
"2026-04-09","156989235380210","Sponsored Products","219.80","USD"
"2026-04-25","2414736156339","Sponsored Products","0.00","USD"
"2026-04-10","115943131527635","Sponsored Products","3.32","USD"
"2026-04-14","124202126398060","Sponsored Products","0.34","USD"
"2026-04-04","441925918527435","Sponsored Brands","4.48","USD"
"2026-04-05","216925562826343","Sponsored Products","0.00","USD"
"2026-04-15","233888031600237","Sponsored Products","0.00","USD"
"2026-04-28","560000811916391","Sponsored Brands","1.03","USD"
"2026-04-23","243204708497477","Sponsored Products","0.00","USD"
"2026-04-27","94121140300347","Sponsored Products","0.00","USD"
"2026-04-11","142436966717939","Sponsored Products","9.55","USD"
"2026-04-21","133846876580591","Sponsored Products","0.00","USD"
"2026-04-06","152555236474228","Sponsored Products","0.00","USD"
"2026-04-19","93539819506468","Sponsored Products","1.33","USD"
"2026-04-22","199076365376964","Sponsored Products","4.41","USD"
"2026-04-08","2514549308563","Sponsored Products","3.18","USD"
"2026-04-18","138135222992233","Sponsored Products","0.00","USD"
"2026-04-26","224639482376841","Sponsored Products","1.33","USD"
"2026-04-13","1069464513580","Sponsored Products","0.00","USD"
"2026-04-18","28565058702355","Sponsored Products","4.79","USD"
"2026-04-14","145958940968220","Sponsored Products","0.81","USD"
"2026-04-21","269935586939823","Sponsored Products","0.56","CAD"
"2026-04-13","239175797857758","Sponsored Products","0.00","USD"
"2026-04-25","277250351840071","Sponsored Products","0.00","USD"
"2026-04-14","243504419948461","Sponsored Products","3.24","USD"
"2026-04-21","81494005488302","Sponsored Products","0.00","CAD"
"2026-04-02","263531397076178","Sponsored Products","0.00","USD"
"2026-04-21","407444835513369","Sponsored Brands","0.00","CAD"
"2026-04-05","515637010546761","Sponsored Brands","3.79","USD"
"2026-04-18","241960271286519","Sponsored Products","0.00","USD"
"2026-04-15","53404531347848","Sponsored Products","5.79","USD"
"2026-04-17","103686525154537","Sponsored Products","2.60","GBP"
"2026-04-19","203521351461363","Sponsored Products","0.00","USD"
"2026-04-01","53404531347848","Sponsored Products","0.00","USD"
"2026-04-07","175777768252798","Sponsored Products","1.46","USD"
"2026-04-22","186804517918072","Sponsored Products","6.55","USD"
"2026-04-16","495677195822245","Sponsored Brands","0.00","USD"
"2026-04-02","291680855614624","Sponsored Brands","0.28","GBP"
"2026-04-12","281235849108344","Sponsored Products","0.00","USD"
"2026-04-16","243038183553247","Sponsored Products","0.00","USD"
"2026-04-14","185646462591669","Sponsored Products","0.00","USD"
"2026-04-13","32030113168570","Sponsored Products","0.99","USD"
"2026-04-08","205922105032655","Sponsored Products","0.00","USD"
"2026-04-09","32030113168570","Sponsored Products","0.00","USD"
"2026-04-29","48758698369103","Sponsored Products","0.00","USD"
"2026-04-25","38682977693457","Sponsored Products","0.00","USD"
"2026-04-08","94121140300347","Sponsored Products","0.00","USD"
"2026-04-11","231848232455644","Sponsored Products","0.00","USD"
"2026-04-24","140453739775668","Sponsored Products","0.00","USD"
"2026-04-07","102474552529229","Sponsored Products","0.00","USD"
"2026-04-28","152555236474228","Sponsored Products","1.14","USD"
"2026-04-24","434170639918769","Sponsored Brands","1.86","USD"
"2026-04-01","263026275901184","Sponsored Products","0.00","USD"
"2026-04-24","239677460933975","Sponsored Products","2.13","USD"
"2026-04-27","269935586939823","Sponsored Products","0.70","CAD"
"2026-04-28","102692108916415","Sponsored Products","0.00","USD"
"2026-04-20","407444835513369","Sponsored Brands","0.00","CAD"
"2026-04-27","61090477012622","Sponsored Products","0.00","USD"
"2026-04-11","14582572617569","Sponsored Products","0.00","USD"
"2026-04-27","72790979016813","Sponsored Products","0.00","USD"
"2026-04-24","11689270553056","Sponsored Products","8.51","CAD"
"2026-04-07","199698435439447","Sponsored Products","0.00","USD"
"2026-04-04","291680855614624","Sponsored Brands","0.00","GBP"
"2026-04-11","116575981038290","Sponsored Products","0.00","USD"
"2026-04-24","54985710671674","Sponsored Products","0.17","CAD"
"2026-04-30","142436966717939","Sponsored Products","3.17","USD"
"2026-04-16","141648422510979","Sponsored Products","0.00","USD"
"2026-04-16","19228716944861","Sponsored Products","0.00","USD"
"2026-04-20","154085784178560","Sponsored Products","0.00","USD"
"2026-04-18","89763253163155","Sponsored Products","10.00","CAD"
"2026-04-04","262727752997615","Sponsored Products","0.00","USD"
"2026-04-14","128770506922317","Sponsored Products","10.59","USD"
"2026-04-18","276797522102375","Sponsored Products","1.98","USD"
"2026-04-14","140453739775668","Sponsored Products","0.00","USD"
"2026-04-17","227786840580952","Sponsored Products","0.00","USD"
"2026-04-20","279125239605082","Sponsored Products","0.00","USD"
"2026-04-02","11143044290906","Sponsored Products","0.00","USD"
"2026-04-23","176992507771254","Sponsored Products","0.75","USD"
"2026-04-05","32571611634774","Sponsored Products","0.00","USD"
"2026-04-01","243504419948461","Sponsored Products","1.75","USD"
"2026-04-15","134777743429986","Sponsored Products","0.00","USD"
"2026-04-06","54673378227395","Sponsored Products","0.00","USD"
"2026-04-13","102825844325514","Sponsored Products","1.01","USD"
"2026-04-03","79620432535917","Sponsored Products","0.00","USD"
"2026-04-03","380662946968621","Sponsored Display","0.07","USD"
"2026-04-30","141648422510979","Sponsored Products","0.00","USD"
"2026-04-07","380662946968621","Sponsored Display","0.00","USD"
"2026-04-25","79620432535917","Sponsored Products","1.40","USD"
"2026-04-23","31806545713281","Sponsored Products","0.00","CAD"
"2026-04-16","83042096012825","Sponsored Products","0.00","USD"
"2026-04-22","272711015971799","Sponsored Products","1.42","USD"
"2026-04-30","54985710671674","Sponsored Products","0.00","CAD"
"2026-04-26","176992507771254","Sponsored Products","0.00","USD"
"2026-04-09","261580610725925","Sponsored Products","3.47","AUD"
"2026-04-14","259323671730401","Sponsored Products","13.64","USD"
"2026-04-22","27661898820374","Sponsored Products","0.74","USD"
"2026-04-04","18193170148935","Sponsored Products","0.00","USD"
"2026-04-09","312632253610695","Sponsored Brands","0.00","USD"
"2026-04-08","154085784178560","Sponsored Products","0.00","USD"
"2026-04-16","37226214720536","Sponsored Products","20.88","CAD"
"2026-04-12","48192245895031","Sponsored Products","0.00","USD"
"2026-04-02","261580610725925","Sponsored Products","2.24","AUD"
"2026-04-26","169062646257915","Sponsored Products","1.86","USD"
"2026-04-14","97079585612330","Sponsored Products","1.56","USD"
"2026-04-21","116575981038290","Sponsored Products","0.00","USD"
"2026-04-22","114550383664784","Sponsored Products","0.93","USD"
"2026-04-28","219243809439026","Sponsored Products","0.00","CAD"
"2026-04-12","173362871105297","Sponsored Products","0.00","USD"
"2026-04-11","128770506922317","Sponsored Products","0.90","USD"
"2026-04-28","251449053079778","Sponsored Products","0.00","CAD"
"2026-04-25","54673378227395","Sponsored Products","1.21","USD"
"2026-04-28","185646462591669","Sponsored Products","0.00","USD"
"2026-04-26","156285188540724","Sponsored Products","0.71","USD"
"2026-04-04","152555236474228","Sponsored Products","0.00","USD"
"2026-04-17","205764417979436","Sponsored Products","0.00","USD"
"2026-04-08","423471492340141","Sponsored Brands","2.64","USD"
"2026-04-01","254109808305934","Sponsored Products","0.00","USD"
"2026-04-13","156989235380210","Sponsored Products","164.33","USD"
"2026-04-28","271002646812055","Sponsored Products","0.00","USD"
"2026-04-08","128835884603962","Sponsored Products","0.00","USD"
"2026-04-29","14582572617569","Sponsored Products","2.69","USD"
"2026-04-06","121446500477002","Sponsored Products","0.69","USD"
"2026-04-25","175777768252798","Sponsored Products","0.00","USD"
"2026-04-08","215966552761313","Sponsored Products","0.55","USD"
"2026-04-17","194838680698310","Sponsored Products","0.00","USD"
"2026-04-06","61503627186513","Sponsored Products","0.00","USD"
"2026-04-26","189380234928822","Sponsored Products","0.00","USD"
"2026-04-14","192968792078402","Sponsored Products","0.00","USD"
"2026-04-02","81320226496883","Sponsored Products","0.00","USD"
"2026-04-23","272711015971799","Sponsored Products","0.00","USD"
"2026-04-24","177040838827269","Sponsored Products","0.00","CAD"
"2026-04-09","116154511455108","Sponsored Products","0.00","GBP"
"2026-04-17","94943402078065","Sponsored Products","1.22","CAD"
"2026-04-28","259323671730401","Sponsored Products","12.03","USD"
"2026-04-05","269935586939823","Sponsored Products","17.94","CAD"
"2026-04-18","134777743429986","Sponsored Products","0.00","USD"
"2026-04-27","203521351461363","Sponsored Products","0.00","USD"
"2026-04-01","48192245895031","Sponsored Products","0.00","USD"
"2026-04-16","34478632960968","Sponsored Products","7.92","USD"
"2026-04-05","271002646812055","Sponsored Products","0.00","USD"
"2026-04-20","61090477012622","Sponsored Products","0.48","USD"
"2026-04-06","32571611634774","Sponsored Products","0.00","USD"
"2026-04-21","54985710671674","Sponsored Products","0.00","CAD"
"2026-04-13","15212099085836","Sponsored Products","3.92","USD"
"2026-04-25","199698435439447","Sponsored Products","0.00","USD"
"2026-04-19","153828112302993","Sponsored Products","0.00","USD"
"2026-04-26","202228555422966","Sponsored Products","0.00","USD"
"2026-04-24","19228716944861","Sponsored Products","0.96","USD"
"2026-04-18","158724595401869","Sponsored Products","0.00","USD"
"2026-04-18","277250351840071","Sponsored Products","0.00","USD"
"2026-04-18","434170639918769","Sponsored Brands","16.67","USD"
"2026-04-02","225946958740637","Sponsored Products","0.00","USD"
"2026-04-04","113013759920940","Sponsored Products","0.00","USD"
"2026-04-30","113013759920940","Sponsored Products","0.00","USD"
"2026-04-24","115764500761375","Sponsored Products","0.00","USD"
"2026-04-12","164743561215297","Sponsored Products","0.00","USD"
"2026-04-11","96060745446945","Sponsored Products","1.07","USD"
"2026-04-11","124202126398060","Sponsored Products","1.97","USD"
"2026-04-30","83351275232921","Sponsored Products","0.00","CAD"
"2026-04-29","65861573413220","Sponsored Products","0.00","USD"
"2026-04-28","8347630917879","Sponsored Products","4.68","USD"
"2026-04-28","1069464513580","Sponsored Products","8.76","USD"
"2026-04-01","61837188685116","Sponsored Products","1.16","USD"
"2026-04-24","121446500477002","Sponsored Products","0.00","USD"
"2026-04-20","103686525154537","Sponsored Products","0.83","GBP"
"2026-04-29","153491409585454","Sponsored Products","0.00","USD"
"2026-04-11","267283875717235","Sponsored Products","0.00","USD"
"2026-04-13","48433117829801","Sponsored Products","1.42","USD"
"2026-04-19","124202126398060","Sponsored Products","0.67","USD"
"2026-04-26","192420944790293","Sponsored Products","1.54","GBP"
"2026-04-22","276797522102375","Sponsored Products","21.53","USD"
"2026-04-01","72921898703277","Sponsored Products","0.00","USD"
"2026-04-16","250087227199112","Sponsored Products","0.00","GBP"
"2026-04-18","291680855614624","Sponsored Brands","1.06","GBP"
"2026-04-12","72921898703277","Sponsored Products","1.55","USD"
"2026-04-20","123968831058562","Sponsored Products","0.00","CAD"
"2026-04-19","65192845861072","Sponsored Products","0.45","USD"
"2026-04-05","198809778193730","Sponsored Products","14.55","USD"
"2026-04-12","38682977693457","Sponsored Products","0.00","USD"
"2026-04-29","303344079444236","Sponsored Brands","1.58","GBP"
"2026-04-28","72790979016813","Sponsored Products","0.00","USD"
"2026-04-28","65192845861072","Sponsored Products","0.45","USD"
"2026-04-28","199698435439447","Sponsored Products","0.00","USD"
"2026-04-04","482686146435604","Sponsored Brands","0.85","USD"
"2026-04-27","50912117972815","Sponsored Products","0.00","USD"
"2026-04-05","210638600694486","Sponsored Products","0.31","USD"
"2026-04-15","61503627186513","Sponsored Products","0.00","USD"
"2026-04-06","158171452508120","Sponsored Products","0.00","USD"
"2026-04-06","2514549308563","Sponsored Products","3.46","USD"
"2026-04-27","108717111045331","Sponsored Products","0.00","CAD"
"2026-04-18","233888031600237","Sponsored Products","0.00","USD"
"2026-04-24","194512325763287","Sponsored Products","0.00","USD"
"2026-04-22","42141939819441","Sponsored Products","0.00","USD"
"2026-04-13","246452377117901","Sponsored Products","0.00","USD"
"2026-04-03","55109131448748","Sponsored Products","1.59","USD"
"2026-04-30","156989235380210","Sponsored Products","230.67","USD"
"2026-04-30","205764417979436","Sponsored Products","0.00","USD"
"2026-04-10","8347630917879","Sponsored Products","0.56","USD"
"2026-04-17","515637010546761","Sponsored Brands","2.89","USD"
"2026-04-20","8347630917879","Sponsored Products","2.26","USD"
"2026-04-30","276488907454289","Sponsored Products","0.00","USD"
"2026-04-14","113013759920940","Sponsored Products","0.00","USD"
"2026-04-21","271780514756108","Sponsored Products","0.56","USD"
"2026-04-22","120274159023818","Sponsored Products","0.92","USD"
"2026-04-27","245335884201020","Sponsored Products","0.00","USD"
"2026-04-21","56338703455249","Sponsored Products","0.00","USD"
"2026-04-06","202838039381314","Sponsored Products","0.60","USD"
"2026-04-10","28565058702355","Sponsored Products","0.00","USD"
"2026-04-05","34478632960968","Sponsored Products","8.33","USD"
"2026-04-14","413308568322873","Sponsored Brands","0.00","USD"
"2026-04-12","245335884201020","Sponsored Products","0.00","USD"
"2026-04-30","215176800738804","Sponsored Products","0.00","USD"
"2026-04-09","27661898820374","Sponsored Products","0.22","USD"
"2026-04-29","114550383664784","Sponsored Products","0.00","USD"
"2026-04-26","276797522102375","Sponsored Products","2.93","USD"
"2026-04-30","254995232992568","Sponsored Products","0.00","CAD"
"2026-04-22","250087227199112","Sponsored Products","0.00","GBP"
"2026-04-14","116575981038290","Sponsored Products","0.58","USD"
"2026-04-02","269935586939823","Sponsored Products","13.89","CAD"
"2026-04-22","204544178017947","Sponsored Products","1.10","USD"
"2026-04-05","189380234928822","Sponsored Products","0.00","USD"
"2026-04-12","132476300811824","Sponsored Products","19.62","CAD"
"2026-04-29","187735718741416","Sponsored Products","0.00","USD"
"2026-04-06","61090477012622","Sponsored Products","0.00","USD"
"2026-04-19","216925562826343","Sponsored Products","0.00","USD"
"2026-04-08","491366396962687","Sponsored Brands","0.00","USD"
"2026-04-23","27661898820374","Sponsored Products","0.00","USD"
"2026-04-29","239175797857758","Sponsored Products","0.52","USD"
"2026-04-19","271002646812055","Sponsored Products","0.00","USD"
"2026-04-05","65192845861072","Sponsored Products","2.09","USD"
"2026-04-08","2414736156339","Sponsored Products","1.47","USD"
"2026-04-09","173362871105297","Sponsored Products","0.00","USD"
"2026-04-26","67855357390881","Sponsored Products","0.00","USD"
"2026-04-04","281110747056753","Sponsored Products","0.00","USD"
"2026-04-10","32030113168570","Sponsored Products","0.08","USD"
"2026-04-03","128835884603962","Sponsored Products","0.00","USD"
"2026-04-11","199076365376964","Sponsored Products","6.69","USD"
"2026-04-01","203521351461363","Sponsored Products","0.00","USD"
"2026-04-15","245503802057093","Sponsored Products","0.00","USD"
"2026-04-17","40237294180920","Sponsored Products","2.75","USD"
"2026-04-20","56338703455249","Sponsored Products","0.00","USD"
"2026-04-22","254995232992568","Sponsored Products","0.00","CAD"
"2026-04-21","11588448157956","Sponsored Products","1.68","USD"
"2026-04-13","102474552529229","Sponsored Products","0.00","USD"
"2026-04-25","94121140300347","Sponsored Products","0.00","USD"
"2026-04-28","203521351461363","Sponsored Products","0.00","USD"
"2026-04-12","172779439196738","Sponsored Products","0.00","USD"
"2026-04-03","175777768252798","Sponsored Products","0.00","USD"
"2026-04-23","115758363210245","Sponsored Products","0.91","USD"
"2026-04-22","170402912830961","Sponsored Products","0.00","USD"
"2026-04-30","271002646812055","Sponsored Products","0.00","USD"
"2026-04-07","138135222992233","Sponsored Products","0.00","USD"
"2026-04-04","284096201830626","Sponsored Display","0.51","USD"
"2026-04-17","156285188540724","Sponsored Products","0.00","USD"
"2026-04-17","291680855614624","Sponsored Brands","1.29","GBP"
"2026-04-28","154085784178560","Sponsored Products","0.00","USD"
"2026-04-27","121559999896526","Sponsored Products","0.22","CAD"
"2026-04-02","251648059669526","Sponsored Products","0.00","USD"
"2026-04-24","202838039381314","Sponsored Products","0.00","USD"
"2026-04-16","245335884201020","Sponsored Products","0.00","USD"
"2026-04-17","124202126398060","Sponsored Products","0.00","USD"
"2026-04-04","539931100075119","Sponsored Brands","4.32","USD"
"2026-04-22","241259046045612","Sponsored Products","0.00","USD"
"2026-04-20","216925562826343","Sponsored Products","0.00","USD"
"2026-04-12","55109131448748","Sponsored Products","0.00","USD"
"2026-04-12","124202126398060","Sponsored Products","2.77","USD"
"2026-04-21","142436966717939","Sponsored Products","0.00","USD"
"2026-04-26","203521351461363","Sponsored Products","0.00","USD"
"2026-04-13","263531397076178","Sponsored Products","0.02","USD"
"2026-04-27","168803396873792","Sponsored Products","0.00","USD"
"2026-04-21","199076365376964","Sponsored Products","0.00","USD"
"2026-04-12","284096201830626","Sponsored Display","0.47","USD"
"2026-04-04","115943131527635","Sponsored Products","0.00","USD"
"2026-04-13","281110747056753","Sponsored Products","0.00","USD"
"2026-04-24","263531397076178","Sponsored Products","0.60","USD"
"2026-04-17","271780514756108","Sponsored Products","0.00","USD"
"2026-04-07","281024885672869","Sponsored Products","0.45","USD"
"2026-04-06","83042096012825","Sponsored Products","0.00","USD"
"2026-04-06","133243849204741","Sponsored Products","0.00","USD"
"2026-04-08","284096201830626","Sponsored Display","0.54","USD"
"2026-04-02","101965336081409","Sponsored Products","0.00","USD"
"2026-04-29","160686618044289","Sponsored Products","0.00","CAD"
"2026-04-17","14582572617569","Sponsored Products","0.00","USD"
"2026-04-25","121312597844930","Sponsored Products","0.61","CAD"
"2026-04-11","199698435439447","Sponsored Products","0.00","USD"
"2026-04-05","199076365376964","Sponsored Products","2.80","USD"
"2026-04-15","380662946968621","Sponsored Display","0.00","USD"
"2026-04-26","175777768252798","Sponsored Products","0.00","USD"
"2026-04-13","245503802057093","Sponsored Products","0.00","USD"
"2026-04-23","72790979016813","Sponsored Products","0.00","USD"
"2026-04-11","34478632960968","Sponsored Products","0.00","USD"
"2026-04-17","61837188685116","Sponsored Products","0.00","USD"
"2026-04-22","160686618044289","Sponsored Products","0.00","CAD"
"2026-04-27","210638600694486","Sponsored Products","1.29","USD"
"2026-04-16","224639482376841","Sponsored Products","0.00","USD"
"2026-04-22","81494005488302","Sponsored Products","0.00","CAD"
"2026-04-26","291680855614624","Sponsored Brands","0.00","GBP"
"2026-04-27","423471492340141","Sponsored Brands","3.13","USD"
"2026-04-07","72921898703277","Sponsored Products","0.00","USD"
"2026-04-04","101459965063202","Sponsored Products","0.64","USD"
"2026-04-11","291680855614624","Sponsored Brands","0.28","GBP"
"2026-04-21","192968792078402","Sponsored Products","0.00","USD"
"2026-04-01","140453739775668","Sponsored Products","0.00","USD"
"2026-04-30","291680855614624","Sponsored Brands","0.00","GBP"
"2026-04-06","1861066386589","Sponsored Products","0.00","USD"
"2026-04-28","491366396962687","Sponsored Brands","0.00","USD"
"2026-04-27","156989235380210","Sponsored Products","173.08","USD"
"2026-04-05","48433117829801","Sponsored Products","0.28","USD"
"2026-04-14","102692108916415","Sponsored Products","0.00","USD"
"2026-04-12","434170639918769","Sponsored Brands","16.10","USD"
"2026-04-10","48758698369103","Sponsored Products","12.56","USD"
"2026-04-27","233888031600237","Sponsored Products","0.00","USD"
"2026-04-22","8347630917879","Sponsored Products","0.00","USD"
"2026-04-14","154118694541854","Sponsored Products","0.86","USD"
"2026-04-21","61090477012622","Sponsored Products","1.38","USD"
"2026-04-06","175777768252798","Sponsored Products","0.22","USD"
"2026-04-19","65861573413220","Sponsored Products","0.00","USD"
"2026-04-27","128835884603962","Sponsored Products","0.00","USD"
"2026-04-01","27661898820374","Sponsored Products","0.00","USD"
"2026-04-09","128770506922317","Sponsored Products","0.00","USD"
"2026-04-20","202228555422966","Sponsored Products","0.00","USD"
"2026-04-22","97079585612330","Sponsored Products","1.70","USD"
"2026-04-28","43460676635147","Sponsored Products","0.00","USD"
"2026-04-08","93539819506468","Sponsored Products","0.00","USD"
"2026-04-08","276797522102375","Sponsored Products","4.07","USD"
"2026-04-18","280513164622908","Sponsored Products","0.00","USD"
"2026-04-05","3690623984567","Sponsored Products","0.00","USD"
"2026-04-24","251449053079778","Sponsored Products","1.05","CAD"
"2026-04-07","8078369968995","Sponsored Products","0.00","USD"
"2026-04-29","205922105032655","Sponsored Products","0.00","USD"
"2026-04-13","48758698369103","Sponsored Products","1.38","USD"
"2026-04-06","452065263384491","Sponsored Brands","0.98","USD"
"2026-04-25","560000811916391","Sponsored Brands","6.05","USD"
"2026-04-11","192420944790293","Sponsored Products","0.29","GBP"
"2026-04-13","269935586939823","Sponsored Products","9.14","CAD"
"2026-04-16","132476300811824","Sponsored Products","2.26","CAD"
"2026-04-27","48192245895031","Sponsored Products","0.00","USD"
"2026-04-05","130912331972988","Sponsored Products","0.00","USD"
"2026-04-24","156285188540724","Sponsored Products","1.39","USD"
"2026-04-17","243038183553247","Sponsored Products","0.67","USD"
"2026-04-24","48758698369103","Sponsored Products","0.00","USD"
"2026-04-04","149818563042691","Sponsored Products","0.00","USD"
"2026-04-13","82064097659476","Sponsored Products","3.87","USD"
"2026-04-15","156285188540724","Sponsored Products","2.28","USD"
"2026-04-20","115758363210245","Sponsored Products","0.03","USD"
"2026-04-17","121446500477002","Sponsored Products","0.55","USD"
"2026-04-16","296615200458181","Sponsored Brands","7.48","USD"
"2026-04-14","93539819506468","Sponsored Products","0.00","USD"
"2026-04-06","174719285602701","Sponsored Products","0.00","USD"
"2026-04-23","218351835233699","Sponsored Products","3.46","GBP"
"2026-04-21","281024885672869","Sponsored Products","0.00","USD"
"2026-04-13","423471492340141","Sponsored Brands","0.29","USD"
"2026-04-25","177040838827269","Sponsored Products","0.00","CAD"
"2026-04-23","246452377117901","Sponsored Products","6.68","USD"
"2026-04-26","61837188685116","Sponsored Products","0.00","USD"
"2026-04-06","2414736156339","Sponsored Products","1.33","USD"
"2026-04-19","205922105032655","Sponsored Products","0.00","USD"
"2026-04-23","135764557907638","Sponsored Products","0.00","USD"
"2026-04-26","145958940968220","Sponsored Products","0.34","USD"
"2026-04-20","38682977693457","Sponsored Products","0.00","USD"
"2026-04-26","18193170148935","Sponsored Products","0.00","USD"
"2026-04-24","61503627186513","Sponsored Products","0.00","USD"
"2026-04-24","241259046045612","Sponsored Products","0.00","USD"
"2026-04-17","194512325763287","Sponsored Products","0.00","USD"
"2026-04-29","53404531347848","Sponsored Products","0.00","USD"
"2026-04-21","278626821184075","Sponsored Products","0.00","USD"
"2026-04-12","77231525415892","Sponsored Products","0.00","USD"
"2026-04-04","168803396873792","Sponsored Products","0.84","USD"
"2026-04-02","255100442617527","Sponsored Products","0.00","USD"
"2026-04-26","254995232992568","Sponsored Products","0.00","CAD"
"2026-04-05","1069464513580","Sponsored Products","1.24","USD"
"2026-04-19","357384467879967","Sponsored Brands","0.00","USD"
"2026-04-01","215966552761313","Sponsored Products","0.00","USD"
"2026-04-17","176992507771254","Sponsored Products","1.21","USD"
"2026-04-06","153491409585454","Sponsored Products","0.00","USD"
"2026-04-25","434170639918769","Sponsored Brands","2.32","USD"
"2026-04-18","207367106415924","Sponsored Products","23.27","GBP"
"2026-04-18","203521351461363","Sponsored Products","0.00","USD"
"2026-04-14","40237294180920","Sponsored Products","0.77","USD"
"2026-04-30","254109808305934","Sponsored Products","0.00","USD"
"2026-04-01","134777743429986","Sponsored Products","0.00","USD"
"2026-04-29","101459965063202","Sponsored Products","1.58","USD"
"2026-04-08","134777743429986","Sponsored Products","0.00","USD"
"2026-04-02","77231525415892","Sponsored Products","0.00","USD"
"2026-04-25","114550383664784","Sponsored Products","0.90","USD"
"2026-04-07","71761066879367","Sponsored Products","0.00","USD"
"2026-04-10","271780514756108","Sponsored Products","0.77","USD"
"2026-04-02","482686146435604","Sponsored Brands","0.00","USD"
"2026-04-02","145958940968220","Sponsored Products","0.00","USD"
"2026-04-26","90153090750124","Sponsored Products","0.00","CAD"
"2026-04-22","55613271497964","Sponsored Products","0.00","USD"
"2026-04-15","495677195822245","Sponsored Brands","0.00","USD"
"2026-04-15","11143044290906","Sponsored Products","0.00","USD"
"2026-04-20","205764417979436","Sponsored Products","1.83","USD"
"2026-04-01","233888031600237","Sponsored Products","0.00","USD"
"2026-04-20","423471492340141","Sponsored Brands","4.21","USD"
"2026-04-07","156285188540724","Sponsored Products","0.80","USD"
"2026-04-21","210638600694486","Sponsored Products","0.17","USD"
"2026-04-30","154118694541854","Sponsored Products","0.00","USD"
"2026-04-30","276797522102375","Sponsored Products","1.73","USD"
"2026-04-03","205764417979436","Sponsored Products","0.00","USD"
"2026-04-22","194512325763287","Sponsored Products","0.00","USD"
"2026-04-19","199698435439447","Sponsored Products","0.00","USD"
"2026-04-08","280513164622908","Sponsored Products","0.00","USD"
"2026-04-08","3690623984567","Sponsored Products","0.00","USD"
"2026-04-02","267283875717235","Sponsored Products","0.00","USD"
"2026-04-01","185646462591669","Sponsored Products","0.00","USD"
"2026-04-13","2414736156339","Sponsored Products","3.93","USD"
"2026-04-13","439663157752722","Sponsored Brands","0.38","USD"
"2026-04-03","96060745446945","Sponsored Products","0.00","USD"
"2026-04-14","194512325763287","Sponsored Products","0.00","USD"
"2026-04-21","154118694541854","Sponsored Products","0.00","USD"
"2026-04-29","218351835233699","Sponsored Products","5.74","GBP"
"2026-04-19","231848232455644","Sponsored Products","0.00","USD"
"2026-04-02","83677388471868","Sponsored Products","0.00","USD"
"2026-04-14","262727752997615","Sponsored Products","0.00","USD"
"2026-04-16","491366396962687","Sponsored Brands","0.31","USD"
"2026-04-17","261580610725925","Sponsored Products","8.59","AUD"
"2026-04-26","55109131448748","Sponsored Products","1.05","USD"
"2026-04-10","72921898703277","Sponsored Products","0.00","USD"
"2026-04-28","188279469264899","Sponsored Products","0.00","USD"
"2026-04-08","149818563042691","Sponsored Products","0.00","USD"
"2026-04-12","116575981038290","Sponsored Products","0.00","USD"
"2026-04-12","199076365376964","Sponsored Products","5.88","USD"
"2026-04-12","93539819506468","Sponsored Products","3.40","USD"
"2026-04-11","82064097659476","Sponsored Products","0.00","USD"
"2026-04-05","272711015971799","Sponsored Products","0.00","USD"
"2026-04-01","271002646812055","Sponsored Products","0.00","USD"
"2026-04-22","230713195634518","Sponsored Products","0.00","CAD"
"2026-04-29","254109808305934","Sponsored Products","0.00","USD"
"2026-04-25","37226214720536","Sponsored Products","0.00","CAD"
"2026-04-10","38682977693457","Sponsored Products","0.00","USD"
"2026-04-25","31806545713281","Sponsored Products","0.68","CAD"
"2026-04-27","205764417979436","Sponsored Products","0.00","USD"
"2026-04-22","202838039381314","Sponsored Products","0.00","USD"
"2026-04-26","61503627186513","Sponsored Products","0.88","USD"
"2026-04-19","83677388471868","Sponsored Products","0.00","USD"
"2026-04-23","284096201830626","Sponsored Display","0.00","USD"
"2026-04-11","40237294180920","Sponsored Products","0.00","USD"
"2026-04-11","281235849108344","Sponsored Products","3.87","USD"
"2026-04-30","145958940968220","Sponsored Products","0.67","USD"
"2026-04-04","124202126398060","Sponsored Products","8.33","USD"
"2026-04-25","82064097659476","Sponsored Products","2.59","USD"
"2026-04-10","168803396873792","Sponsored Products","0.00","USD"
"2026-04-18","94121140300347","Sponsored Products","0.00","USD"
"2026-04-30","204544178017947","Sponsored Products","0.00","USD"
"2026-04-04","263026275901184","Sponsored Products","0.00","USD"
"2026-04-29","22515666501366","Sponsored Products","0.00","USD"
"2026-04-21","203903826395","Sponsored Products","0.00","USD"
"2026-04-06","72921898703277","Sponsored Products","0.00","USD"
"2026-04-19","278626821184075","Sponsored Products","0.00","USD"
"2026-04-22","93539819506468","Sponsored Products","4.41","USD"
"2026-04-26","154118694541854","Sponsored Products","0.00","USD"
"2026-04-14","115764500761375","Sponsored Products","0.00","USD"
"2026-04-09","30179169319725","Sponsored Products","9.91","AUD"
"2026-04-21","132476300811824","Sponsored Products","3.49","CAD"
"2026-04-02","1861066386589","Sponsored Products","0.00","USD"
"2026-04-22","168803396873792","Sponsored Products","0.00","USD"
"2026-04-09","11588448157956","Sponsored Products","0.00","USD"
"2026-04-15","210638600694486","Sponsored Products","0.63","USD"
"2026-04-14","192420944790293","Sponsored Products","0.70","GBP"
"2026-04-30","241259046045612","Sponsored Products","0.00","USD"
"2026-04-26","202838039381314","Sponsored Products","0.00","USD"
"2026-04-28","239772993878028","Sponsored Products","0.00","USD"
"2026-04-23","22515666501366","Sponsored Products","0.00","USD"
"2026-04-17","65861573413220","Sponsored Products","0.00","USD"
"2026-04-03","495677195822245","Sponsored Brands","1.46","USD"
"2026-04-16","303344079444236","Sponsored Brands","0.21","GBP"
"2026-04-21","61837188685116","Sponsored Products","1.36","USD"
"2026-04-21","205764417979436","Sponsored Products","1.14","USD"
"2026-04-19","61090477012622","Sponsored Products","0.00","USD"
"2026-04-24","539931100075119","Sponsored Brands","6.44","USD"
"2026-04-23","296615200458181","Sponsored Brands","43.56","USD"
"2026-04-29","123968831058562","Sponsored Products","0.00","CAD"
"2026-04-09","120274159023818","Sponsored Products","0.00","USD"
"2026-04-24","206968068657618","Sponsored Products","1.48","USD"
"2026-04-17","284096201830626","Sponsored Display","0.00","USD"
"2026-04-12","455100983218716","Sponsored Brands","4.34","USD"
"2026-04-26","152555236474228","Sponsored Products","0.52","USD"
"2026-04-25","9570951337154","Sponsored Products","0.00","CAD"
"2026-04-22","423471492340141","Sponsored Brands","2.79","USD"
"2026-04-12","262727752997615","Sponsored Products","0.84","USD"
"2026-04-11","158171452508120","Sponsored Products","0.00","USD"
"2026-04-17","115758363210245","Sponsored Products","0.00","USD"
"2026-04-07","50912117972815","Sponsored Products","0.00","USD"
"2026-04-01","539931100075119","Sponsored Brands","6.84","USD"
"2026-04-20","126638359335345","Sponsored Products","1.09","USD"
"2026-04-06","238790977416237","Sponsored Products","0.00","USD"
"2026-04-25","357384467879967","Sponsored Brands","1.49","USD"
"2026-04-19","215966552761313","Sponsored Products","0.00","USD"
"2026-04-22","218351835233699","Sponsored Products","2.50","GBP"
"2026-04-09","277250351840071","Sponsored Products","0.00","USD"
"2026-04-26","11143044290906","Sponsored Products","0.00","USD"
"2026-04-04","121446500477002","Sponsored Products","0.00","USD"
"2026-04-20","254109808305934","Sponsored Products","0.54","USD"
"2026-04-20","271780514756108","Sponsored Products","0.00","USD"
"2026-04-06","495677195822245","Sponsored Brands","0.00","USD"
"2026-04-06","140453739775668","Sponsored Products","0.00","USD"
"2026-04-27","8347630917879","Sponsored Products","0.68","USD"
"2026-04-07","115764500761375","Sponsored Products","0.00","USD"
"2026-04-13","539931100075119","Sponsored Brands","9.67","USD"
"2026-04-10","102692108916415","Sponsored Products","0.00","USD"
"2026-04-23","141552428309171","Sponsored Products","8.72","USD"
"2026-04-11","19228716944861","Sponsored Products","0.81","USD"
"2026-04-14","120274159023818","Sponsored Products","0.64","USD"
"2026-04-07","224639482376841","Sponsored Products","0.00","USD"
"2026-04-29","491366396962687","Sponsored Brands","0.00","USD"
"2026-04-23","225946958740637","Sponsored Products","0.00","USD"
"2026-04-11","156989235380210","Sponsored Products","204.28","USD"
"2026-04-09","172779439196738","Sponsored Products","0.00","USD"
"2026-04-15","239677460933975","Sponsored Products","1.48","USD"
"2026-04-01","67855357390881","Sponsored Products","0.00","USD"
"2026-04-01","83677388471868","Sponsored Products","0.00","USD"
"2026-04-07","120274159023818","Sponsored Products","0.00","USD"
"2026-04-13","186804517918072","Sponsored Products","0.00","USD"
"2026-04-01","8078369968995","Sponsored Products","0.00","USD"
"2026-04-29","9570951337154","Sponsored Products","0.00","CAD"
"2026-04-14","279125239605082","Sponsored Products","0.00","USD"
"2026-04-13","185646462591669","Sponsored Products","0.00","USD"
"2026-04-02","199076365376964","Sponsored Products","0.00","USD"
"2026-04-22","43460676635147","Sponsored Products","0.00","USD"
"2026-04-30","215966552761313","Sponsored Products","1.74","USD"
"2026-04-30","277250351840071","Sponsored Products","2.07","USD"
"2026-04-20","48192245895031","Sponsored Products","0.00","USD"
"2026-04-07","65192845861072","Sponsored Products","0.00","USD"
"2026-04-28","115943131527635","Sponsored Products","0.00","USD"
"2026-04-05","276797522102375","Sponsored Products","0.97","USD"
"2026-04-27","32030113168570","Sponsored Products","0.90","USD"
"2026-04-02","40237294180920","Sponsored Products","0.00","USD"
"2026-04-25","94067411428118","Sponsored Products","0.00","CAD"
"2026-04-11","1069464513580","Sponsored Products","10.32","USD"
"2026-04-29","11588448157956","Sponsored Products","0.00","USD"
"2026-04-21","202228555422966","Sponsored Products","0.00","USD"
"2026-04-19","158171452508120","Sponsored Products","0.00","USD"
"2026-04-08","271780514756108","Sponsored Products","0.00","USD"
"2026-04-18","56338703455249","Sponsored Products","0.00","USD"
"2026-04-01","126638359335345","Sponsored Products","0.00","USD"
"2026-04-24","257373022214500","Sponsored Products","0.00","USD"
"2026-04-13","38682977693457","Sponsored Products","0.00","USD"
"2026-04-25","61503627186513","Sponsored Products","0.00","USD"
"2026-04-10","215176800738804","Sponsored Products","0.00","USD"
"2026-04-27","32571611634774","Sponsored Products","0.00","USD"
"2026-04-10","482686146435604","Sponsored Brands","2.23","USD"
"2026-04-29","169062646257915","Sponsored Products","1.05","USD"
"2026-04-19","149818563042691","Sponsored Products","1.74","USD"
"2026-04-17","188279469264899","Sponsored Products","0.00","USD"
"2026-04-11","262727752997615","Sponsored Products","0.00","USD"
"2026-04-21","276488907454289","Sponsored Products","0.00","USD"
"2026-04-07","262727752997615","Sponsored Products","0.00","USD"
"2026-04-11","482686146435604","Sponsored Brands","0.21","USD"
"2026-04-14","407444835513369","Sponsored Brands","0.00","CAD"
"2026-04-03","203521351461363","Sponsored Products","0.00","USD"
"2026-04-30","219243809439026","Sponsored Products","0.00","CAD"
"2026-04-24","32030113168570","Sponsored Products","0.00","USD"
"2026-04-21","72790979016813","Sponsored Products","0.00","USD"
"2026-04-06","245335884201020","Sponsored Products","0.00","USD"
"2026-04-18","71761066879367","Sponsored Products","0.00","USD"
"2026-04-03","246452377117901","Sponsored Products","0.00","USD"
"2026-04-09","267283875717235","Sponsored Products","0.00","USD"
"2026-04-16","168803396873792","Sponsored Products","0.43","USD"
"2026-04-14","189380234928822","Sponsored Products","0.74","USD"
"2026-04-29","102692108916415","Sponsored Products","0.00","USD"
"2026-04-06","455100983218716","Sponsored Brands","2.56","USD"
"2026-04-03","216925562826343","Sponsored Products","0.00","USD"
"2026-04-07","271780514756108","Sponsored Products","0.00","USD"
"2026-04-04","203521351461363","Sponsored Products","0.00","USD"
"2026-04-20","67855357390881","Sponsored Products","0.00","USD"
"2026-04-23","116154511455108","Sponsored Products","0.00","GBP"
"2026-04-18","94943402078065","Sponsored Products","1.63","CAD"
"2026-04-22","184342897537658","Sponsored Products","0.00","CAD"
"2026-04-21","55109131448748","Sponsored Products","1.44","USD"
"2026-04-17","149626049979530","Sponsored Products","6.87","USD"
"2026-04-16","241259046045612","Sponsored Products","1.64","USD"
"2026-04-16","128770506922317","Sponsored Products","0.45","USD"
"2026-04-12","115758363210245","Sponsored Products","2.14","USD"
"2026-04-27","141648422510979","Sponsored Products","0.00","USD"
"2026-04-20","34478632960968","Sponsored Products","0.00","USD"
"2026-04-13","215176800738804","Sponsored Products","0.00","USD"
"2026-04-08","192968792078402","Sponsored Products","2.30","USD"
"2026-04-17","539931100075119","Sponsored Brands","5.53","USD"
"2026-04-22","179014488125547","Sponsored Products","1.43","USD"
"2026-04-28","79620432535917","Sponsored Products","1.02","USD"
"2026-04-30","81494005488302","Sponsored Products","0.00","CAD"
"2026-04-21","254109808305934","Sponsored Products","0.00","USD"
"2026-04-11","61503627186513","Sponsored Products","0.00","USD"
"2026-04-05","281235849108344","Sponsored Products","0.00","USD"
"2026-04-09","380662946968621","Sponsored Display","0.00","USD"
"2026-04-13","53404531347848","Sponsored Products","0.00","USD"
"2026-04-19","2414736156339","Sponsored Products","1.73","USD"
"2026-04-22","215176800738804","Sponsored Products","0.00","USD"
"2026-04-21","560000811916391","Sponsored Brands","1.35","USD"
"2026-04-13","11588448157956","Sponsored Products","0.00","USD"
"2026-04-25","186804517918072","Sponsored Products","0.00","USD"
"2026-04-08","227786840580952","Sponsored Products","0.00","USD"
"2026-04-05","284096201830626","Sponsored Display","0.13","USD"
"2026-04-30","48433117829801","Sponsored Products","1.65","USD"
"2026-04-04","277250351840071","Sponsored Products","0.00","USD"
"2026-04-14","281110747056753","Sponsored Products","0.00","USD"
"2026-04-29","50912117972815","Sponsored Products","0.00","USD"
"2026-04-06","224639482376841","Sponsored Products","0.00","USD"
"2026-04-13","28565058702355","Sponsored Products","0.00","USD"
"2026-04-03","11588448157956","Sponsored Products","1.23","USD"
"2026-04-27","121446500477002","Sponsored Products","0.00","USD"
"2026-04-19","103686525154537","Sponsored Products","0.00","GBP"
"2026-04-21","128835884603962","Sponsored Products","0.00","USD"
"2026-04-23","61090477012622","Sponsored Products","0.00","USD"
"2026-04-16","115943131527635","Sponsored Products","3.48","USD"
"2026-04-07","491366396962687","Sponsored Brands","0.00","USD"
"2026-04-03","278626821184075","Sponsored Products","0.00","USD"
"2026-04-11","28565058702355","Sponsored Products","0.00","USD"
"2026-04-05","243038183553247","Sponsored Products","0.00","USD"
"2026-04-04","198809778193730","Sponsored Products","16.87","USD"
"2026-04-16","203521351461363","Sponsored Products","0.00","USD"
"2026-04-21","194838680698310","Sponsored Products","0.81","USD"
"2026-04-13","254109808305934","Sponsored Products","0.99","USD"
"2026-04-02","239772993878028","Sponsored Products","0.00","USD"
"2026-04-24","190621879613931","Sponsored Products","0.00","USD"
"2026-04-04","205764417979436","Sponsored Products","0.00","USD"
"2026-04-25","158724595401869","Sponsored Products","1.08","USD"
"2026-04-22","495677195822245","Sponsored Brands","2.93","USD"
"2026-04-08","225946958740637","Sponsored Products","0.00","USD"
"2026-04-27","135764557907638","Sponsored Products","0.00","USD"
"2026-04-11","102692108916415","Sponsored Products","0.00","USD"
"2026-04-10","116575981038290","Sponsored Products","1.60","USD"
"2026-04-23","452065263384491","Sponsored Brands","3.12","USD"
"2026-04-15","90153090750124","Sponsored Products","17.70","CAD"
"2026-04-03","263531397076178","Sponsored Products","1.58","USD"
"2026-04-24","34478632960968","Sponsored Products","0.00","USD"
"2026-04-19","30179169319725","Sponsored Products","16.96","AUD"
"2026-04-01","515637010546761","Sponsored Brands","8.24","USD"
"2026-04-28","97079585612330","Sponsored Products","0.24","USD"
"2026-04-27","1069464513580","Sponsored Products","0.00","USD"
"2026-04-11","94121140300347","Sponsored Products","1.66","USD"
"2026-04-30","281024885672869","Sponsored Products","0.83","USD"
"2026-04-01","34478632960968","Sponsored Products","0.00","USD"
"2026-04-04","30179169319725","Sponsored Products","9.55","AUD"
"2026-04-23","132476300811824","Sponsored Products","4.00","CAD"
"2026-04-10","96060745446945","Sponsored Products","0.00","USD"
"2026-04-10","156989235380210","Sponsored Products","209.94","USD"
"2026-04-23","101965336081409","Sponsored Products","1.15","USD"
"2026-04-18","267283875717235","Sponsored Products","0.00","USD"
"2026-04-28","254995232992568","Sponsored Products","0.00","CAD"
"2026-04-22","82064097659476","Sponsored Products","0.45","USD"
"2026-04-23","204544178017947","Sponsored Products","0.00","USD"
"2026-04-17","215966552761313","Sponsored Products","1.71","USD"
"2026-04-05","120274159023818","Sponsored Products","0.00","USD"
"2026-04-01","115758363210245","Sponsored Products","2.36","USD"
"2026-04-21","14582572617569","Sponsored Products","0.00","USD"
"2026-04-20","93539819506468","Sponsored Products","2.02","USD"
"2026-04-23","15212099085836","Sponsored Products","0.00","USD"
"2026-04-23","38682977693457","Sponsored Products","0.00","USD"
"2026-04-24","243038183553247","Sponsored Products","0.00","USD"
"2026-04-02","233888031600237","Sponsored Products","0.00","USD"
"2026-04-01","164743561215297","Sponsored Products","0.00","USD"
"2026-04-14","239677460933975","Sponsored Products","1.13","USD"
"2026-04-21","37226214720536","Sponsored Products","13.28","CAD"
"2026-04-24","261580610725925","Sponsored Products","0.27","AUD"
"2026-04-18","255100442617527","Sponsored Products","0.00","USD"
"2026-04-17","134777743429986","Sponsored Products","0.00","USD"
"2026-04-07","158171452508120","Sponsored Products","0.00","USD"
"2026-04-12","175777768252798","Sponsored Products","0.00","USD"
"2026-04-26","97079585612330","Sponsored Products","0.00","USD"
"2026-04-16","11588448157956","Sponsored Products","1.24","USD"
"2026-04-27","133243849204741","Sponsored Products","0.00","USD"
"2026-04-24","89763253163155","Sponsored Products","10.78","CAD"
"2026-04-29","202228555422966","Sponsored Products","0.00","USD"
"2026-04-13","142436966717939","Sponsored Products","2.27","USD"
"2026-04-25","243504419948461","Sponsored Products","0.00","USD"
"2026-04-16","452065263384491","Sponsored Brands","0.00","USD"
"2026-04-10","120274159023818","Sponsored Products","0.00","USD"
"2026-04-15","194838680698310","Sponsored Products","0.00","USD"
"2026-04-15","189380234928822","Sponsored Products","0.00","USD"
"2026-04-25","58475731073369","Sponsored Products","0.00","USD"
"2026-04-12","185646462591669","Sponsored Products","2.26","USD"
"2026-04-24","97079585612330","Sponsored Products","12.16","USD"
"2026-04-20","32030113168570","Sponsored Products","0.00","USD"
"2026-04-29","263026275901184","Sponsored Products","0.00","USD"
"2026-04-13","225946958740637","Sponsored Products","0.00","USD"
"2026-04-10","192968792078402","Sponsored Products","0.00","USD"
"2026-04-23","94121140300347","Sponsored Products","0.00","USD"
"2026-04-24","18193170148935","Sponsored Products","0.67","USD"
"2026-04-16","53404531347848","Sponsored Products","11.63","USD"
"2026-04-14","278626821184075","Sponsored Products","0.00","USD"
"2026-04-10","185646462591669","Sponsored Products","0.00","USD"
"2026-04-23","230713195634518","Sponsored Products","0.41","CAD"
"2026-04-08","261580610725925","Sponsored Products","1.84","AUD"
"2026-04-29","32030113168570","Sponsored Products","0.00","USD"
"2026-04-24","441925918527435","Sponsored Brands","0.90","USD"
"2026-04-30","190621879613931","Sponsored Products","0.96","USD"
"2026-04-07","291680855614624","Sponsored Brands","0.00","GBP"
"2026-04-13","43460676635147","Sponsored Products","0.55","USD"
"2026-04-13","284096201830626","Sponsored Display","0.00","USD"
"2026-04-20","230713195634518","Sponsored Products","0.00","CAD"
"2026-04-12","120274159023818","Sponsored Products","1.03","USD"
"2026-04-03","272711015971799","Sponsored Products","0.00","USD"
"2026-04-15","187735718741416","Sponsored Products","0.00","USD"
"2026-04-04","8078369968995","Sponsored Products","0.00","USD"
"2026-04-17","67855357390881","Sponsored Products","0.00","USD"
"2026-04-25","194838680698310","Sponsored Products","0.00","USD"
"2026-04-09","215966552761313","Sponsored Products","0.00","USD"
"2026-04-23","515637010546761","Sponsored Brands","5.58","USD"
"2026-04-15","455100983218716","Sponsored Brands","6.35","USD"
"2026-04-05","261580610725925","Sponsored Products","0.28","AUD"
"2026-04-21","380662946968621","Sponsored Display","0.17","USD"
"2026-04-28","238790977416237","Sponsored Products","0.00","USD"
"2026-04-02","61503627186513","Sponsored Products","0.77","USD"
"2026-04-22","65861573413220","Sponsored Products","0.00","USD"
"2026-04-26","102692108916415","Sponsored Products","0.00","USD"
"2026-04-17","158724595401869","Sponsored Products","0.00","USD"
"2026-04-07","124202126398060","Sponsored Products","5.60","USD"
"2026-04-18","238790977416237","Sponsored Products","0.00","USD"
"2026-04-18","276488907454289","Sponsored Products","0.00","USD"
"2026-04-03","168803396873792","Sponsored Products","1.08","USD"
"2026-04-24","423471492340141","Sponsored Brands","0.76","USD"
"2026-04-28","113013759920940","Sponsored Products","0.00","USD"
"2026-04-21","241960271286519","Sponsored Products","0.00","USD"
"2026-04-25","72790979016813","Sponsored Products","0.00","USD"
"2026-04-26","160686618044289","Sponsored Products","1.32","CAD"
"2026-04-27","48433117829801","Sponsored Products","0.73","USD"
"2026-04-30","50912117972815","Sponsored Products","0.00","USD"
"2026-04-09","34478632960968","Sponsored Products","1.20","USD"
"2026-04-12","413308568322873","Sponsored Brands","0.00","USD"
"2026-04-02","72790979016813","Sponsored Products","0.00","USD"
"2026-04-02","116154511455108","Sponsored Products","0.42","GBP"
"2026-04-16","281110747056753","Sponsored Products","0.00","USD"
"2026-04-10","141552428309171","Sponsored Products","13.00","USD"
"2026-04-18","133846876580591","Sponsored Products","0.00","USD"
"2026-04-09","61503627186513","Sponsored Products","0.00","USD"
"2026-04-15","27661898820374","Sponsored Products","0.00","USD"
"2026-04-14","250087227199112","Sponsored Products","0.00","GBP"
"2026-04-10","172779439196738","Sponsored Products","0.00","USD"
"2026-04-08","495677195822245","Sponsored Brands","0.00","USD"
"2026-04-22","263531397076178","Sponsored Products","0.00","USD"
"2026-04-24","8347630917879","Sponsored Products","3.06","USD"
"2026-04-06","18193170148935","Sponsored Products","0.00","USD"
"2026-04-13","206968068657618","Sponsored Products","0.00","USD"
"2026-04-12","140453739775668","Sponsored Products","0.00","USD"
"2026-04-01","257373022214500","Sponsored Products","2.69","USD"
"2026-04-10","210638600694486","Sponsored Products","0.70","USD"
"2026-04-10","202228555422966","Sponsored Products","0.00","USD"
"2026-04-28","61503627186513","Sponsored Products","0.00","USD"
"2026-04-25","269935586939823","Sponsored Products","1.15","CAD"
"2026-04-23","83042096012825","Sponsored Products","0.00","USD"
"2026-04-30","243504419948461","Sponsored Products","0.00","USD"
"2026-04-05","545989665090053","Sponsored Brands","0.00","GBP"
"2026-04-24","58475731073369","Sponsored Products","0.00","USD"
"2026-04-14","128835884603962","Sponsored Products","0.00","USD"
"2026-04-03","194838680698310","Sponsored Products","0.00","USD"
"2026-04-18","261580610725925","Sponsored Products","1.78","AUD"
"2026-04-24","43460676635147","Sponsored Products","0.00","USD"
"2026-04-14","263026275901184","Sponsored Products","0.00","USD"
"2026-04-28","262727752997615","Sponsored Products","0.00","USD"
"2026-04-12","243038183553247","Sponsored Products","0.00","USD"
"2026-04-25","121559999896526","Sponsored Products","0.03","CAD"
"2026-04-30","169062646257915","Sponsored Products","0.00","USD"
"2026-04-29","128835884603962","Sponsored Products","0.00","USD"
"2026-04-21","48758698369103","Sponsored Products","0.00","USD"
"2026-04-11","407444835513369","Sponsored Brands","0.41","CAD"
"2026-04-23","224639482376841","Sponsored Products","0.00","USD"
"2026-04-11","213530912619228","Sponsored Products","0.60","USD"
"2026-04-05","423471492340141","Sponsored Brands","1.24","USD"
"2026-04-26","346023186686134","Sponsored Brands","0.00","USD"
"2026-04-26","153491409585454","Sponsored Products","0.00","USD"
"2026-04-19","115943131527635","Sponsored Products","2.52","USD"
"2026-04-10","158171452508120","Sponsored Products","0.00","USD"
"2026-04-26","439663157752722","Sponsored Brands","3.19","USD"
"2026-04-03","140453739775668","Sponsored Products","0.00","USD"
"2026-04-15","188279469264899","Sponsored Products","0.00","USD"
"2026-04-12","224639482376841","Sponsored Products","3.09","USD"
"2026-04-09","303344079444236","Sponsored Brands","0.00","GBP"
"2026-04-16","267283875717235","Sponsored Products","0.00","USD"
"2026-04-06","482686146435604","Sponsored Brands","5.82","USD"
"2026-04-24","495677195822245","Sponsored Brands","0.00","USD"
"2026-04-22","126638359335345","Sponsored Products","7.50","USD"
"2026-04-30","101965336081409","Sponsored Products","0.00","USD"
"2026-04-24","102825844325514","Sponsored Products","0.00","USD"
"2026-04-24","113013759920940","Sponsored Products","0.00","USD"
"2026-04-07","101459965063202","Sponsored Products","0.96","USD"
"2026-04-22","8078369968995","Sponsored Products","0.00","USD"
"2026-04-22","61090477012622","Sponsored Products","0.00","USD"
"2026-04-09","187735718741416","Sponsored Products","0.00","USD"
"2026-04-24","267283875717235","Sponsored Products","0.53","USD"
"2026-04-27","160686618044289","Sponsored Products","0.00","CAD"
"2026-04-21","207367106415924","Sponsored Products","31.39","GBP"
"2026-04-28","28565058702355","Sponsored Products","0.00","USD"
"2026-04-12","278626821184075","Sponsored Products","0.00","USD"
"2026-04-27","40237294180920","Sponsored Products","10.80","USD"
"2026-04-01","158724595401869","Sponsored Products","0.00","USD"
"2026-04-04","48192245895031","Sponsored Products","0.00","USD"
"2026-04-02","102692108916415","Sponsored Products","0.00","USD"
"2026-04-11","71761066879367","Sponsored Products","0.00","USD"
"2026-04-17","3690623984567","Sponsored Products","0.00","USD"
"2026-04-28","495677195822245","Sponsored Brands","0.00","USD"
"2026-04-28","81320226496883","Sponsored Products","0.73","USD"
"2026-04-04","43460676635147","Sponsored Products","0.00","USD"
"2026-04-20","61503627186513","Sponsored Products","0.00","USD"
"2026-04-14","156285188540724","Sponsored Products","3.64","USD"
"2026-04-17","94121140300347","Sponsored Products","1.30","USD"
"2026-04-17","28565058702355","Sponsored Products","1.44","USD"
"2026-04-25","141648422510979","Sponsored Products","0.00","USD"
"2026-04-08","241960271286519","Sponsored Products","0.00","USD"
"2026-04-07","116575981038290","Sponsored Products","0.00","USD"
"2026-04-17","495677195822245","Sponsored Brands","0.00","USD"
"2026-04-15","19228716944861","Sponsored Products","0.00","USD"
"2026-04-15","65861573413220","Sponsored Products","0.00","USD"
"2026-04-03","407444835513369","Sponsored Brands","0.45","CAD"
"2026-04-18","34478632960968","Sponsored Products","0.00","USD"
"2026-04-23","81320226496883","Sponsored Products","0.00","USD"
"2026-04-22","48433117829801","Sponsored Products","3.82","USD"
"2026-04-25","190621879613931","Sponsored Products","0.87","USD"
"2026-04-02","272711015971799","Sponsored Products","0.00","USD"
"2026-04-23","215966552761313","Sponsored Products","3.94","USD"
"2026-04-06","1069464513580","Sponsored Products","2.17","USD"
"2026-04-27","238790977416237","Sponsored Products","0.00","USD"
"2026-04-03","357384467879967","Sponsored Brands","0.52","USD"
"2026-04-28","128835884603962","Sponsored Products","0.00","USD"
"2026-04-23","357384467879967","Sponsored Brands","0.69","USD"
"2026-04-08","54386198712419","Sponsored Products","1.09","USD"
"2026-04-08","246452377117901","Sponsored Products","1.09","USD"
"2026-04-01","154085784178560","Sponsored Products","0.00","USD"
"2026-04-04","14582572617569","Sponsored Products","0.00","USD"
"2026-04-16","434170639918769","Sponsored Brands","13.94","USD"
"2026-04-01","30179169319725","Sponsored Products","4.95","AUD"
"2026-04-23","142436966717939","Sponsored Products","0.00","USD"
"2026-04-30","357384467879967","Sponsored Brands","4.81","USD"
"2026-04-15","28565058702355","Sponsored Products","0.00","USD"
"2026-04-12","149818563042691","Sponsored Products","1.05","USD"
"2026-04-07","239772993878028","Sponsored Products","0.00","USD"
"2026-04-07","296615200458181","Sponsored Brands","6.99","USD"
"2026-04-21","48433117829801","Sponsored Products","0.49","USD"
"2026-04-06","239677460933975","Sponsored Products","0.00","USD"
"2026-04-06","132476300811824","Sponsored Products","8.10","CAD"
"2026-04-17","89763253163155","Sponsored Products","11.85","CAD"
"2026-04-16","89763253163155","Sponsored Products","14.43","CAD"
"2026-04-26","187735718741416","Sponsored Products","0.00","USD"
"2026-04-26","278626821184075","Sponsored Products","0.00","USD"
"2026-04-07","140453739775668","Sponsored Products","0.00","USD"
"2026-04-28","77231525415892","Sponsored Products","0.00","USD"
"2026-04-08","121446500477002","Sponsored Products","0.00","USD"
"2026-04-26","115758363210245","Sponsored Products","1.37","USD"
"2026-04-07","239175797857758","Sponsored Products","0.00","USD"
"2026-04-25","215966552761313","Sponsored Products","0.00","USD"
"2026-04-23","407444835513369","Sponsored Brands","0.00","CAD"
"2026-04-24","216925562826343","Sponsored Products","0.00","USD"
"2026-04-13","262727752997615","Sponsored Products","0.00","USD"
"2026-04-10","259323671730401","Sponsored Products","10.62","USD"
"2026-04-08","263531397076178","Sponsored Products","0.00","USD"
"2026-04-27","48758698369103","Sponsored Products","0.00","USD"
"2026-04-22","81320226496883","Sponsored Products","0.72","USD"
"2026-04-16","43460676635147","Sponsored Products","0.82","USD"
"2026-04-17","154085784178560","Sponsored Products","3.06","USD"
"2026-04-21","177040838827269","Sponsored Products","0.00","CAD"
"2026-04-12","8347630917879","Sponsored Products","4.65","USD"
"2026-04-11","241960271286519","Sponsored Products","0.00","USD"
"2026-04-11","215966552761313","Sponsored Products","0.00","USD"
"2026-04-14","246452377117901","Sponsored Products","0.00","USD"
"2026-04-21","246452377117901","Sponsored Products","1.18","USD"
"2026-04-02","140453739775668","Sponsored Products","0.00","USD"
"2026-04-22","279125239605082","Sponsored Products","0.00","USD"
"2026-04-14","141552428309171","Sponsored Products","5.71","USD"
"2026-04-20","439663157752722","Sponsored Brands","5.25","USD"
"2026-04-21","187735718741416","Sponsored Products","0.00","USD"
"2026-04-21","134777743429986","Sponsored Products","0.00","USD"
"2026-04-05","58475731073369","Sponsored Products","0.00","USD"
"2026-04-26","55613271497964","Sponsored Products","0.00","USD"
"2026-04-18","281110747056753","Sponsored Products","0.00","USD"
"2026-04-27","124202126398060","Sponsored Products","0.71","USD"
"2026-04-05","206968068657618","Sponsored Products","0.00","USD"
"2026-04-30","128770506922317","Sponsored Products","0.00","USD"
"2026-04-26","28864493115463","Sponsored Products","0.00","USD"
"2026-04-16","215966552761313","Sponsored Products","0.00","USD"
"2026-04-04","142436966717939","Sponsored Products","0.00","USD"
"2026-04-20","296615200458181","Sponsored Brands","30.10","USD"
"2026-04-29","30651955945418","Sponsored Products","0.00","USD"
"2026-04-13","96060745446945","Sponsored Products","0.00","USD"
"2026-04-05","158171452508120","Sponsored Products","0.00","USD"
"2026-04-08","120274159023818","Sponsored Products","0.00","USD"
"2026-04-02","133846876580591","Sponsored Products","0.63","USD"
"2026-04-11","202228555422966","Sponsored Products","1.41","USD"
"2026-04-26","135764557907638","Sponsored Products","0.00","USD"
"2026-04-28","61090477012622","Sponsored Products","0.00","USD"
"2026-04-23","83677388471868","Sponsored Products","0.00","USD"
"2026-04-22","50912117972815","Sponsored Products","0.00","USD"
"2026-04-25","192420944790293","Sponsored Products","2.03","GBP"
"2026-04-04","72921898703277","Sponsored Products","0.00","USD"
"2026-04-04","188279469264899","Sponsored Products","0.00","USD"
"2026-04-20","120274159023818","Sponsored Products","0.00","USD"
"2026-04-21","539931100075119","Sponsored Brands","12.81","USD"
"2026-04-02","515637010546761","Sponsored Brands","1.45","USD"
"2026-04-19","48758698369103","Sponsored Products","0.00","USD"
"2026-04-12","259323671730401","Sponsored Products","12.16","USD"
"2026-04-27","239677460933975","Sponsored Products","5.11","USD"
"2026-04-07","34478632960968","Sponsored Products","0.00","USD"
"2026-04-18","48758698369103","Sponsored Products","0.00","USD"
"2026-04-11","198809778193730","Sponsored Products","21.83","USD"
"2026-04-22","281110747056753","Sponsored Products","0.00","USD"
"2026-04-01","38682977693457","Sponsored Products","0.71","USD"
"2026-04-24","210638600694486","Sponsored Products","0.00","USD"
"2026-04-20","168803396873792","Sponsored Products","0.96","USD"
"2026-04-29","259323671730401","Sponsored Products","19.04","USD"
"2026-04-18","153828112302993","Sponsored Products","0.00","USD"
"2026-04-24","115758363210245","Sponsored Products","0.41","USD"
"2026-04-21","114550383664784","Sponsored Products","0.00","USD"
"2026-04-02","560000811916391","Sponsored Brands","0.40","USD"
"2026-04-11","239772993878028","Sponsored Products","0.00","USD"
"2026-04-26","482686146435604","Sponsored Brands","8.36","USD"
"2026-04-30","491366396962687","Sponsored Brands","0.00","USD"
"2026-04-16","48758698369103","Sponsored Products","0.99","USD"
"2026-04-01","210638600694486","Sponsored Products","1.41","USD"
"2026-04-08","218351835233699","Sponsored Products","2.91","GBP"
"2026-04-22","83351275232921","Sponsored Products","0.00","CAD"
"2026-04-25","452065263384491","Sponsored Brands","0.92","USD"
"2026-04-08","434170639918769","Sponsored Brands","0.00","USD"
"2026-04-02","194838680698310","Sponsored Products","0.00","USD"
"2026-04-07","207367106415924","Sponsored Products","20.17","GBP"
"2026-04-24","82064097659476","Sponsored Products","0.68","USD"
"2026-04-17","202838039381314","Sponsored Products","0.00","USD"
"2026-04-06","8078369968995","Sponsored Products","0.00","USD"
"2026-04-23","18193170148935","Sponsored Products","1.71","USD"
"2026-04-30","2414736156339","Sponsored Products","0.00","USD"
"2026-04-09","243038183553247","Sponsored Products","0.00","USD"
"2026-04-21","482686146435604","Sponsored Brands","5.02","USD"
"2026-04-21","230713195634518","Sponsored Products","0.00","CAD"
"2026-04-13","40237294180920","Sponsored Products","0.00","USD"
"2026-04-24","103686525154537","Sponsored Products","0.00","GBP"
"2026-04-01","188279469264899","Sponsored Products","0.00","USD"
"2026-04-15","215966552761313","Sponsored Products","1.12","USD"
"2026-04-25","281235849108344","Sponsored Products","0.00","USD"
"2026-04-19","83042096012825","Sponsored Products","0.00","USD"
"2026-04-02","149818563042691","Sponsored Products","0.00","USD"
"2026-04-03","82064097659476","Sponsored Products","4.50","USD"
"2026-04-09","83042096012825","Sponsored Products","0.00","USD"
"2026-04-09","281024885672869","Sponsored Products","0.00","USD"
"2026-04-02","102825844325514","Sponsored Products","3.09","USD"
"2026-04-19","250087227199112","Sponsored Products","1.42","GBP"
"2026-04-13","158724595401869","Sponsored Products","0.00","USD"
"2026-04-10","284096201830626","Sponsored Display","0.02","USD"
"2026-04-20","141552428309171","Sponsored Products","14.02","USD"
"2026-04-22","176992507771254","Sponsored Products","0.61","USD"
"2026-04-20","94067411428118","Sponsored Products","0.00","CAD"
"2026-04-18","2414736156339","Sponsored Products","1.29","USD"
"2026-04-16","82064097659476","Sponsored Products","1.14","USD"
"2026-04-14","67855357390881","Sponsored Products","0.00","USD"
"2026-04-07","48433117829801","Sponsored Products","0.36","USD"
"2026-04-13","210638600694486","Sponsored Products","0.56","USD"
"2026-04-14","276797522102375","Sponsored Products","0.08","USD"
"2026-04-20","210638600694486","Sponsored Products","0.00","USD"
"2026-04-29","271002646812055","Sponsored Products","0.00","USD"
"2026-04-28","153828112302993","Sponsored Products","0.00","USD"
"2026-04-18","271002646812055","Sponsored Products","0.00","USD"
"2026-04-27","54673378227395","Sponsored Products","0.00","USD"
"2026-04-27","243504419948461","Sponsored Products","1.85","USD"
"2026-04-05","67855357390881","Sponsored Products","0.00","USD"
"2026-04-26","43460676635147","Sponsored Products","0.00","USD"
"2026-04-29","202838039381314","Sponsored Products","0.00","USD"
"2026-04-28","128770506922317","Sponsored Products","3.88","USD"
"2026-04-18","439663157752722","Sponsored Brands","1.28","USD"
"2026-04-05","495677195822245","Sponsored Brands","1.09","USD"
"2026-04-30","114550383664784","Sponsored Products","0.00","USD"
"2026-04-06","61837188685116","Sponsored Products","0.84","USD"
"2026-04-25","202228555422966","Sponsored Products","0.00","USD"
"2026-04-11","27661898820374","Sponsored Products","0.00","USD"
"2026-04-07","130912331972988","Sponsored Products","0.73","USD"
"2026-04-29","199076365376964","Sponsored Products","4.15","USD"
"2026-04-05","202838039381314","Sponsored Products","0.54","USD"
"2026-04-07","239677460933975","Sponsored Products","0.16","USD"
"2026-04-19","142436966717939","Sponsored Products","1.31","USD"
"2026-04-10","3690623984567","Sponsored Products","0.00","USD"
"2026-04-30","346023186686134","Sponsored Brands","0.00","USD"
"2026-04-16","245503802057093","Sponsored Products","0.00","USD"
"2026-04-17","61503627186513","Sponsored Products","0.00","USD"
"2026-04-21","206968068657618","Sponsored Products","0.00","USD"
"2026-04-12","186804517918072","Sponsored Products","1.74","USD"
"2026-04-30","515637010546761","Sponsored Brands","2.64","USD"
"2026-04-15","216925562826343","Sponsored Products","0.00","USD"
"2026-04-18","174719285602701","Sponsored Products","2.25","USD"
"2026-04-08","141648422510979","Sponsored Products","0.00","USD"
"2026-04-23","188279469264899","Sponsored Products","3.81","USD"
"2026-04-25","102692108916415","Sponsored Products","0.00","USD"
"2026-04-03","255100442617527","Sponsored Products","2.87","USD"
"2026-04-14","101459965063202","Sponsored Products","0.23","USD"
"2026-04-29","439663157752722","Sponsored Brands","0.00","USD"
"2026-04-21","239175797857758","Sponsored Products","0.00","USD"
"2026-04-18","239772993878028","Sponsored Products","0.00","USD"
"2026-04-23","9570951337154","Sponsored Products","0.00","CAD"
"2026-04-27","173362871105297","Sponsored Products","0.00","USD"
"2026-04-22","116154511455108","Sponsored Products","0.00","GBP"
"2026-04-10","216925562826343","Sponsored Products","1.39","USD"
"2026-04-18","261659564571062","Sponsored Products","0.00","USD"
"2026-04-27","188545556962991","Sponsored Products","0.00","USD"
"2026-04-22","115943131527635","Sponsored Products","0.00","USD"
"2026-04-05","140453739775668","Sponsored Products","0.00","USD"
"2026-04-09","218351835233699","Sponsored Products","1.29","GBP"
"2026-04-17","233888031600237","Sponsored Products","0.00","USD"
"2026-04-29","28565058702355","Sponsored Products","0.00","USD"
"2026-04-12","81320226496883","Sponsored Products","0.47","USD"
"2026-04-23","115943131527635","Sponsored Products","2.34","USD"
"2026-04-15","413308568322873","Sponsored Brands","0.00","USD"
"2026-04-07","439663157752722","Sponsored Brands","0.00","USD"
"2026-04-29","186804517918072","Sponsored Products","1.81","USD"
"2026-04-29","48433117829801","Sponsored Products","1.48","USD"
"2026-04-22","439663157752722","Sponsored Brands","0.27","USD"
"2026-04-10","156285188540724","Sponsored Products","2.87","USD"
"2026-04-02","174719285602701","Sponsored Products","0.00","USD"
"2026-04-13","116154511455108","Sponsored Products","0.00","GBP"
"2026-04-24","192968792078402","Sponsored Products","0.96","USD"
"2026-04-16","175777768252798","Sponsored Products","0.00","USD"
"2026-04-13","22515666501366","Sponsored Products","0.00","USD"
"2026-04-25","102474552529229","Sponsored Products","0.00","USD"
"2026-04-08","1861066386589","Sponsored Products","0.60","USD"
"2026-04-14","227786840580952","Sponsored Products","0.00","USD"
"2026-04-07","202838039381314","Sponsored Products","0.00","USD"
"2026-04-29","101965336081409","Sponsored Products","0.00","USD"
"2026-04-06","434170639918769","Sponsored Brands","0.42","USD"
"2026-04-25","11689270553056","Sponsored Products","3.66","CAD"
"2026-04-07","168803396873792","Sponsored Products","0.00","USD"
"2026-04-28","83042096012825","Sponsored Products","0.00","USD"
"2026-04-08","72790979016813","Sponsored Products","0.00","USD"
"2026-04-20","89763253163155","Sponsored Products","14.57","CAD"
"2026-04-05","145958940968220","Sponsored Products","0.00","USD"
"2026-04-01","128770506922317","Sponsored Products","0.49","USD"
"2026-04-14","267283875717235","Sponsored Products","0.59","USD"
"2026-04-06","168803396873792","Sponsored Products","0.00","USD"
"2026-04-14","482686146435604","Sponsored Brands","0.00","USD"
"2026-04-07","141648422510979","Sponsored Products","0.00","USD"
"2026-04-29","241960271286519","Sponsored Products","0.00","USD"
"2026-04-13","276488907454289","Sponsored Products","0.00","USD"
"2026-04-19","50912117972815","Sponsored Products","0.99","USD"
"2026-04-28","18193170148935","Sponsored Products","0.45","USD"
"2026-04-28","276488907454289","Sponsored Products","0.00","USD"
"2026-04-13","103686525154537","Sponsored Products","0.61","GBP"
"2026-04-07","202228555422966","Sponsored Products","0.00","USD"
"2026-04-06","413308568322873","Sponsored Brands","0.00","USD"
"2026-04-15","278626821184075","Sponsored Products","0.00","USD"
"2026-04-24","239772993878028","Sponsored Products","0.00","USD"
"2026-04-07","277250351840071","Sponsored Products","0.00","USD"
"2026-04-21","102474552529229","Sponsored Products","0.00","USD"
"2026-04-25","85314305519427","Sponsored Products","4.52","USD"
"2026-04-25","48433117829801","Sponsored Products","2.28","USD"
"2026-04-05","239677460933975","Sponsored Products","0.51","USD"
"2026-04-05","233888031600237","Sponsored Products","0.00","USD"
"2026-04-14","1069464513580","Sponsored Products","1.94","USD"
"2026-04-25","116575981038290","Sponsored Products","0.00","USD"
"2026-04-30","48758698369103","Sponsored Products","0.00","USD"
"2026-04-17","413308568322873","Sponsored Brands","0.00","USD"
"2026-04-27","170402912830961","Sponsored Products","0.00","USD"
"2026-04-09","94121140300347","Sponsored Products","0.00","USD"
"2026-04-25","154118694541854","Sponsored Products","0.00","USD"
"2026-04-19","186804517918072","Sponsored Products","1.41","USD"
"2026-04-23","114550383664784","Sponsored Products","0.00","USD"
"2026-04-14","158171452508120","Sponsored Products","0.00","USD"
"2026-04-08","130912331972988","Sponsored Products","0.00","USD"
"2026-04-03","124202126398060","Sponsored Products","7.50","USD"
"2026-04-11","423471492340141","Sponsored Brands","0.00","USD"
"2026-04-22","158724595401869","Sponsored Products","0.00","USD"
"2026-04-13","205922105032655","Sponsored Products","0.00","USD"
"2026-04-12","205922105032655","Sponsored Products","0.75","USD"
"2026-04-10","515637010546761","Sponsored Brands","2.01","USD"
"2026-04-11","243204708497477","Sponsored Products","0.00","USD"
"2026-04-15","61090477012622","Sponsored Products","0.60","USD"
"2026-04-29","184342897537658","Sponsored Products","0.00","CAD"
"2026-04-01","2514549308563","Sponsored Products","1.84","USD"
"2026-04-10","43460676635147","Sponsored Products","0.00","USD"
"2026-04-13","116575981038290","Sponsored Products","0.81","USD"
"2026-04-22","482686146435604","Sponsored Brands","7.76","USD"
"2026-04-08","81320226496883","Sponsored Products","0.69","USD"
"2026-04-03","113013759920940","Sponsored Products","0.00","USD"
"2026-04-23","154085784178560","Sponsored Products","0.00","USD"
"2026-04-15","50912117972815","Sponsored Products","0.00","USD"
"2026-04-22","281235849108344","Sponsored Products","1.26","USD"
"2026-04-29","11689270553056","Sponsored Products","0.89","CAD"
"2026-04-15","185646462591669","Sponsored Products","0.00","USD"
"2026-04-24","79620432535917","Sponsored Products","0.65","USD"
"2026-04-02","224639482376841","Sponsored Products","0.00","USD"
"2026-04-28","81494005488302","Sponsored Products","0.00","CAD"
"2026-04-30","241960271286519","Sponsored Products","0.00","USD"
"2026-04-07","263531397076178","Sponsored Products","0.00","USD"
"2026-04-13","30651955945418","Sponsored Products","0.00","USD"
"2026-04-25","174719285602701","Sponsored Products","0.00","USD"
"2026-04-09","203521351461363","Sponsored Products","0.00","USD"
"2026-04-28","348184859637636","Sponsored Brands","11.51","USD"
"2026-04-28","141552428309171","Sponsored Products","12.58","USD"
"2026-04-11","18193170148935","Sponsored Products","0.00","USD"
"2026-04-01","121446500477002","Sponsored Products","0.00","USD"
"2026-04-20","65861573413220","Sponsored Products","0.00","USD"
"2026-04-06","40237294180920","Sponsored Products","0.91","USD"
"2026-04-27","101459965063202","Sponsored Products","0.43","USD"
"2026-04-01","175777768252798","Sponsored Products","1.65","USD"
"2026-04-09","210638600694486","Sponsored Products","1.84","USD"
"2026-04-06","115943131527635","Sponsored Products","0.00","USD"
"2026-04-27","202228555422966","Sponsored Products","0.00","USD"
"2026-04-11","205922105032655","Sponsored Products","0.00","USD"
"2026-04-01","439663157752722","Sponsored Brands","0.43","USD"
"2026-04-07","102825844325514","Sponsored Products","0.66","USD"
"2026-04-18","491366396962687","Sponsored Brands","0.00","USD"
"2026-04-25","103686525154537","Sponsored Products","0.00","GBP"
"2026-04-30","439663157752722","Sponsored Brands","0.72","USD"
"2026-04-01","243038183553247","Sponsored Products","0.00","USD"
"2026-04-01","246452377117901","Sponsored Products","0.00","USD"
"2026-04-04","32030113168570","Sponsored Products","0.00","USD"
"2026-04-29","149702501735187","Sponsored Products","0.00","USD"
"2026-04-09","482686146435604","Sponsored Brands","0.60","USD"
"2026-04-11","134777743429986","Sponsored Products","0.00","USD"
"2026-04-07","132476300811824","Sponsored Products","13.20","CAD"
"2026-04-29","115943131527635","Sponsored Products","0.00","USD"
"2026-04-29","61090477012622","Sponsored Products","0.00","USD"
"2026-04-18","452065263384491","Sponsored Brands","3.97","USD"
"2026-04-11","434170639918769","Sponsored Brands","14.40","USD"
"2026-04-02","28864493115463","Sponsored Products","0.00","USD"
"2026-04-03","38682977693457","Sponsored Products","0.00","USD"
"2026-04-11","65192845861072","Sponsored Products","0.00","USD"
"2026-04-29","346023186686134","Sponsored Brands","0.00","USD"
"2026-04-06","156285188540724","Sponsored Products","3.15","USD"
"2026-04-05","434170639918769","Sponsored Brands","2.06","USD"
"2026-04-15","423471492340141","Sponsored Brands","3.04","USD"
"2026-04-21","27661898820374","Sponsored Products","0.00","USD"
"2026-04-30","28565058702355","Sponsored Products","0.00","USD"
"2026-04-12","113013759920940","Sponsored Products","0.00","USD"
"2026-04-18","37226214720536","Sponsored Products","9.51","CAD"
"2026-04-13","207367106415924","Sponsored Products","18.85","GBP"
"2026-04-09","19228716944861","Sponsored Products","0.44","USD"
"2026-04-19","452065263384491","Sponsored Brands","5.48","USD"
"2026-04-18","407444835513369","Sponsored Brands","0.00","CAD"
"2026-04-01","545989665090053","Sponsored Brands","0.00","GBP"
"2026-04-10","50912117972815","Sponsored Products","0.00","USD"
"2026-04-29","407444835513369","Sponsored Brands","0.00","CAD"
"2026-04-05","102692108916415","Sponsored Products","1.46","USD"
"2026-04-07","243504419948461","Sponsored Products","0.00","USD"
"2026-04-10","2414736156339","Sponsored Products","2.51","USD"
"2026-04-27","19228716944861","Sponsored Products","0.00","USD"
"2026-04-01","280513164622908","Sponsored Products","0.00","USD"
"2026-04-19","281235849108344","Sponsored Products","0.00","USD"
"2026-04-12","116154511455108","Sponsored Products","0.61","GBP"
"2026-04-22","15212099085836","Sponsored Products","0.00","USD"
"2026-04-08","279125239605082","Sponsored Products","0.00","USD"
"2026-04-17","154118694541854","Sponsored Products","0.00","USD"
"2026-04-06","115764500761375","Sponsored Products","0.00","USD"
"2026-04-10","188279469264899","Sponsored Products","0.00","USD"
"2026-04-02","101459965063202","Sponsored Products","0.00","USD"
"2026-04-23","380662946968621","Sponsored Display","0.42","USD"
"2026-04-16","2414736156339","Sponsored Products","0.46","USD"
"2026-04-21","9570951337154","Sponsored Products","0.00","CAD"
"2026-04-10","71761066879367","Sponsored Products","0.00","USD"
"2026-04-04","11588448157956","Sponsored Products","2.81","USD"
"2026-04-20","128770506922317","Sponsored Products","26.01","USD"
"2026-04-23","482686146435604","Sponsored Brands","9.54","USD"
"2026-04-03","254109808305934","Sponsored Products","2.34","USD"
"2026-04-11","32030113168570","Sponsored Products","0.00","USD"
"2026-04-01","103686525154537","Sponsored Products","0.00","GBP"
"2026-04-09","279125239605082","Sponsored Products","0.00","USD"
"2026-04-01","39061317933304","Sponsored Products","0.00","USD"
"2026-04-13","278626821184075","Sponsored Products","0.00","USD"
"2026-04-18","102692108916415","Sponsored Products","0.00","USD"
"2026-04-11","58475731073369","Sponsored Products","0.44","USD"
"2026-04-30","233888031600237","Sponsored Products","0.00","USD"
"2026-04-25","30179169319725","Sponsored Products","12.26","AUD"
"2026-04-19","8078369968995","Sponsored Products","0.00","USD"
"2026-04-08","55613271497964","Sponsored Products","1.26","USD"
"2026-04-03","245503802057093","Sponsored Products","0.00","USD"
"2026-04-30","482686146435604","Sponsored Brands","5.42","USD"
"2026-04-26","205764417979436","Sponsored Products","0.00","USD"
"2026-04-25","120274159023818","Sponsored Products","1.45","USD"
"2026-04-18","188279469264899","Sponsored Products","0.51","USD"
"2026-04-01","120274159023818","Sponsored Products","0.60","USD"
"2026-04-26","114550383664784","Sponsored Products","0.00","USD"
"2026-04-04","138135222992233","Sponsored Products","0.00","USD"
"2026-04-06","176992507771254","Sponsored Products","3.83","USD"
"2026-04-23","113130631865997","Sponsored Products","0.00","CAD"
"2026-04-26","239175797857758","Sponsored Products","0.00","USD"
"2026-04-15","452065263384491","Sponsored Brands","0.58","USD"
"2026-04-12","346023186686134","Sponsored Brands","0.00","USD"
"2026-04-02","152555236474228","Sponsored Products","0.00","USD"
"2026-04-26","81494005488302","Sponsored Products","0.02","CAD"
"2026-04-26","216925562826343","Sponsored Products","0.00","USD"
"2026-04-06","96060745446945","Sponsored Products","0.53","USD"
"2026-04-25","245335884201020","Sponsored Products","0.00","USD"
"2026-04-19","224639482376841","Sponsored Products","3.45","USD"
"2026-04-28","42141939819441","Sponsored Products","0.00","USD"
"2026-04-30","452065263384491","Sponsored Brands","3.22","USD"
"2026-04-01","202228555422966","Sponsored Products","0.00","USD"
"2026-04-26","173362871105297","Sponsored Products","0.00","USD"
"2026-04-29","241259046045612","Sponsored Products","0.00","USD"
"2026-04-02","124202126398060","Sponsored Products","2.12","USD"
"2026-04-07","192420944790293","Sponsored Products","0.00","GBP"
"2026-04-12","61503627186513","Sponsored Products","0.00","USD"
"2026-04-02","243204708497477","Sponsored Products","0.00","USD"
"2026-04-03","94121140300347","Sponsored Products","0.00","USD"
"2026-04-03","43460676635147","Sponsored Products","0.00","USD"
"2026-04-16","141552428309171","Sponsored Products","13.86","USD"
"2026-04-22","172779439196738","Sponsored Products","0.00","USD"
"2026-04-24","1861066386589","Sponsored Products","0.42","USD"
"2026-04-20","225946958740637","Sponsored Products","0.00","USD"
"2026-04-29","138135222992233","Sponsored Products","0.00","USD"
"2026-04-11","189380234928822","Sponsored Products","0.00","USD"
"2026-04-12","539931100075119","Sponsored Brands","6.38","USD"
"2026-04-13","152555236474228","Sponsored Products","0.00","USD"
"2026-04-01","491366396962687","Sponsored Brands","1.96","USD"
"2026-04-28","15212099085836","Sponsored Products","0.00","USD"
"2026-04-28","156989235380210","Sponsored Products","256.41","USD"
"2026-04-07","115758363210245","Sponsored Products","1.84","USD"
"2026-04-21","126638359335345","Sponsored Products","1.79","USD"
"2026-04-10","53404531347848","Sponsored Products","0.00","USD"
"2026-04-21","1069464513580","Sponsored Products","0.00","USD"
"2026-04-13","560000811916391","Sponsored Brands","5.48","USD"
"2026-04-26","296615200458181","Sponsored Brands","4.12","USD"
"2026-04-02","203521351461363","Sponsored Products","0.93","USD"
"2026-04-03","40237294180920","Sponsored Products","0.00","USD"
"2026-04-24","116154511455108","Sponsored Products","0.00","GBP"
"2026-04-11","203521351461363","Sponsored Products","0.00","USD"
"2026-04-04","241960271286519","Sponsored Products","0.00","USD"
"2026-04-27","243038183553247","Sponsored Products","0.00","USD"
"2026-04-07","58475731073369","Sponsored Products","0.00","USD"
"2026-04-02","539931100075119","Sponsored Brands","6.55","USD"
"2026-04-13","407444835513369","Sponsored Brands","0.00","CAD"
"2026-04-12","14582572617569","Sponsored Products","0.00","USD"
"2026-04-26","48433117829801","Sponsored Products","1.33","USD"
"2026-04-22","94943402078065","Sponsored Products","0.00","CAD"
"2026-04-07","67855357390881","Sponsored Products","0.00","USD"
"2026-04-02","130912331972988","Sponsored Products","0.00","USD"
"2026-04-05","296615200458181","Sponsored Brands","5.83","USD"
"2026-04-14","72921898703277","Sponsored Products","0.00","USD"
"2026-04-27","37226214720536","Sponsored Products","0.66","CAD"
"2026-04-08","262727752997615","Sponsored Products","0.00","USD"
"2026-04-08","102474552529229","Sponsored Products","0.00","USD"
"2026-04-15","303344079444236","Sponsored Brands","0.00","GBP"
"2026-04-05","238790977416237","Sponsored Products","0.00","USD"
"2026-04-03","441925918527435","Sponsored Brands","0.00","USD"
"2026-04-22","560000811916391","Sponsored Brands","6.41","USD"
"2026-04-18","173362871105297","Sponsored Products","0.00","USD"
"2026-04-02","113013759920940","Sponsored Products","2.09","USD"
"2026-04-23","173362871105297","Sponsored Products","1.11","USD"
"2026-04-30","34478632960968","Sponsored Products","9.43","USD"
"2026-04-17","83677388471868","Sponsored Products","0.00","USD"
"2026-04-17","276488907454289","Sponsored Products","0.00","USD"
"2026-04-25","128835884603962","Sponsored Products","0.00","USD"
"2026-04-28","86737427287330","Sponsored Products","0.00","CAD"
"2026-04-26","495677195822245","Sponsored Brands","2.21","USD"
"2026-04-30","189380234928822","Sponsored Products","0.00","USD"
"2026-04-15","61837188685116","Sponsored Products","0.00","USD"
"2026-04-21","495677195822245","Sponsored Brands","1.75","USD"
"2026-04-27","184342897537658","Sponsored Products","0.00","CAD"
"2026-04-10","141648422510979","Sponsored Products","0.00","USD"
"2026-04-08","204544178017947","Sponsored Products","0.91","USD"
"2026-04-27","199076365376964","Sponsored Products","0.45","USD"
"2026-04-20","133846876580591","Sponsored Products","0.00","USD"
"2026-04-01","407444835513369","Sponsored Brands","0.00","CAD"
"2026-04-04","491366396962687","Sponsored Brands","0.00","USD"
"2026-04-25","216925562826343","Sponsored Products","0.00","USD"
"2026-04-10","176992507771254","Sponsored Products","5.47","USD"
"2026-04-12","241259046045612","Sponsored Products","0.00","USD"
"2026-04-15","34478632960968","Sponsored Products","0.00","USD"
"2026-04-21","135764557907638","Sponsored Products","0.00","USD"
"2026-04-05","291680855614624","Sponsored Brands","0.00","GBP"
"2026-04-17","141552428309171","Sponsored Products","25.61","USD"
"2026-04-24","262727752997615","Sponsored Products","0.00","USD"
"2026-04-19","48192245895031","Sponsored Products","0.00","USD"
"2026-04-23","140453739775668","Sponsored Products","0.00","USD"
"2026-04-22","11588448157956","Sponsored Products","1.53","USD"
"2026-04-09","138135222992233","Sponsored Products","0.00","USD"
"2026-04-11","455100983218716","Sponsored Brands","6.60","USD"
"2026-04-26","178142854797337","Sponsored Products","0.00","CAD"
"2026-04-01","133846876580591","Sponsored Products","3.41","USD"
"2026-04-10","30651955945418","Sponsored Products","0.00","USD"
"2026-04-15","115758363210245","Sponsored Products","1.16","USD"
