"date.value","campaign.id","adProduct.value","metric.totalCost","budgetCurrency.value"
"2026-01-04","396524009311704","Sponsored Brands","3.61","CAD"
"2026-01-29","383706936707329","Sponsored Brands","0.00","USD"
"2026-01-08","439663157752722","Sponsored Brands","0.19","USD"
"2026-01-09","559365035833525","Sponsored Brands","0.00","AUD"
"2026-01-15","480355060288556","Sponsored Products","0.00","AUD"
"2026-01-11","300894362771504","Sponsored Products","0.60","GBP"
"2026-01-06","407346576799567","Sponsored Products","0.00","AUD"
"2026-01-16","317772463042332","Sponsored Products","4.03","AUD"
"2026-01-17","349690804752896","Sponsored Products","82.82","USD"
"2026-01-24","488078103319545","Sponsored Brands","0.00","USD"
"2026-01-30","277250351840071","Sponsored Products","1.51","USD"
"2026-01-03","304676183651349","Sponsored Products","0.00","USD"
"2026-01-11","492312442577894","Sponsored Products","4.21","USD"
"2026-01-01","494590942145867","Sponsored Products","17.71","CAD"
"2026-01-10","531194039320877","Sponsored Products","0.00","CAD"
"2026-01-28","322178684810700","Sponsored Products","0.00","USD"
"2026-01-21","513927767815024","Sponsored Products","0.94","USD"
"2026-01-23","451323086678396","Sponsored Products","4.28","USD"
"2026-01-12","348184859637636","Sponsored Brands","0.00","USD"
"2026-01-12","375412452273685","Sponsored Products","6.87","GBP"
"2026-01-10","464658704178346","Sponsored Brands","9.01","USD"
"2026-01-05","381948820461821","Sponsored Brands","0.00","USD"
"2026-01-29","414778030564989","Sponsored Products","0.00","GBP"
"2026-01-29","149942312994880","Sponsored Products","0.47","USD"
"2026-01-17","405261002610411","Sponsored Products","0.00","GBP"
"2026-01-26","380662946968621","Sponsored Display","13.34","USD"
"2026-01-23","527711743915708","Sponsored Products","45.45","USD"
"2026-01-23","540593023678755","Sponsored Products","0.00","USD"
"2026-01-08","408719546145761","Sponsored Products","2.39","USD"
"2026-01-25","522533017982048","Sponsored Products","0.00","CAD"
"2026-01-24","303344079444236","Sponsored Brands","0.66","GBP"
"2026-01-28","487313850471925","Sponsored Brands","0.00","USD"
"2026-01-04","511509048867805","Sponsored Products","89.29","USD"
"2026-01-28","557802220335065","Sponsored Products","0.00","CAD"
"2026-01-28","454992450655768","Sponsored Products","4.95","USD"
"2026-01-11","399703016940832","Sponsored Brands","0.00","CAD"
"2026-01-25","494590942145867","Sponsored Products","30.11","CAD"
"2026-01-09","375451164709840","Sponsored Products","0.46","GBP"
"2026-01-22","332000738328227","Sponsored Products","12.35","USD"
"2026-01-29","405261002610411","Sponsored Products","0.00","GBP"
"2026-01-28","113013759920940","Sponsored Products","0.00","USD"
"2026-01-06","486701736662809","Sponsored Products","0.55","AUD"
"2026-01-06","316207062053537","Sponsored Products","0.00","AUD"
"2026-01-13","495677195822245","Sponsored Brands","0.00","USD"
"2026-01-22","417555316939613","Sponsored Brands","0.00","AUD"
"2026-01-25","557802220335065","Sponsored Products","0.46","CAD"
"2026-01-17","440997775738977","Sponsored Products","0.00","AUD"
"2026-01-19","545146961820010","Sponsored Products","2.99","GBP"
"2026-01-03","338934805167255","Sponsored Products","0.00","USD"
"2026-01-11","383356525876468","Sponsored Products","0.90","USD"
"2026-01-11","301972852761247","Sponsored Products","0.00","USD"
"2026-01-29","558297049226516","Sponsored Brands","0.00","CAD"
"2026-01-15","483182403867537","Sponsored Products","3.94","USD"
"2026-01-08","291680855614624","Sponsored Brands","2.47","GBP"
"2026-01-09","297335215332435","Sponsored Products","3.54","CAD"
"2026-01-30","342468627864471","Sponsored Products","0.54","GBP"
"2026-01-08","428201110992726","Sponsored Products","9.80","USD"
"2026-01-27","495677195822245","Sponsored Brands","0.20","USD"
"2026-01-18","554517553013265","Sponsored Products","0.00","CAD"
"2026-01-24","394083050171294","Sponsored Products","0.75","USD"
"2026-01-22","541042710567147","Sponsored Products","0.00","USD"
"2026-01-20","381948820461821","Sponsored Brands","0.00","USD"
"2026-01-15","454992450655768","Sponsored Products","0.00","USD"
"2026-01-19","502907079288115","Sponsored Products","1.68","CAD"
"2026-01-22","495242868805173","Sponsored Products","0.00","GBP"
"2026-01-10","288851430690246","Sponsored Products","0.00","GBP"
"2026-01-14","394083050171294","Sponsored Products","9.22","USD"
"2026-01-09","476877916686317","Sponsored Brands","6.06","AUD"
"2026-01-17","292138679780956","Sponsored Products","0.00","AUD"
"2026-01-11","464658704178346","Sponsored Brands","14.60","USD"
"2026-01-26","291618943691121","Sponsored Brands","0.00","AUD"
"2026-01-07","491792683377286","Sponsored Products","4.99","USD"
"2026-01-27","366303362151528","Sponsored Products","0.00","USD"
"2026-01-01","515637010546761","Sponsored Brands","4.98","USD"
"2026-01-13","455510939824845","Sponsored Products","0.00","USD"
"2026-01-09","380439551325000","Sponsored Products","1.98","GBP"
"2026-01-27","562763694980171","Sponsored Products","0.00","GBP"
"2026-01-01","366993568403124","Sponsored Products","9.71","USD"
"2026-01-10","338934805167255","Sponsored Products","0.00","USD"
"2026-01-31","168803396873792","Sponsored Products","0.00","USD"
"2026-01-12","514416545593290","Sponsored Products","1.01","USD"
"2026-01-02","517050919084211","Sponsored Products","0.00","CAD"
"2026-01-23","336347500415431","Sponsored Products","0.00","USD"
"2026-01-04","325883174926875","Sponsored Brands","1.46","USD"
"2026-01-21","432013629308606","Sponsored Brands","2.73","CAD"
"2026-01-03","280884599605823","Sponsored Products","9.94","USD"
"2026-01-11","539931100075119","Sponsored Brands","3.83","USD"
"2026-01-31","321516368269611","Sponsored Products","0.38","CAD"
"2026-01-07","493519110544788","Sponsored Products","4.98","USD"
"2026-01-25","555625239663839","Sponsored Products","58.78","USD"
"2026-01-14","291618943691121","Sponsored Brands","0.00","AUD"
"2026-01-24","494590942145867","Sponsored Products","32.90","CAD"
"2026-01-19","450215291242396","Sponsored Products","0.00","USD"
"2026-01-05","557738489078024","Sponsored Products","0.00","CAD"
"2026-01-03","443805539282973","Sponsored Brands","0.00","CAD"
"2026-01-28","450116297068538","Sponsored Products","0.00","USD"
"2026-01-04","429080278331990","Sponsored Products","0.00","USD"
"2026-01-25","562873832621330","Sponsored Products","0.20","GBP"
"2026-01-08","342468627864471","Sponsored Products","0.31","GBP"
"2026-01-07","392972027720670","Sponsored Products","1.47","CAD"
"2026-01-23","292138679780956","Sponsored Products","0.00","AUD"
"2026-01-22","494590942145867","Sponsored Products","29.40","CAD"
"2026-01-11","455100983218716","Sponsored Brands","2.21","USD"
"2026-01-18","422803050752749","Sponsored Products","0.41","USD"
"2026-01-14","455622109943339","Sponsored Products","0.00","AUD"
"2026-01-29","398859393836995","Sponsored Products","0.56","GBP"
"2026-01-02","309978526979947","Sponsored Products","0.00","USD"
"2026-01-13","313102197760283","Sponsored Products","7.05","USD"
"2026-01-23","378095244761436","Sponsored Products","2.62","USD"
"2026-01-16","371021037712738","Sponsored Products","45.21","USD"
"2026-01-14","189738652799913","Sponsored Brands","0.68","CAD"
"2026-01-14","317772463042332","Sponsored Products","0.00","AUD"
"2026-01-31","1861066386589","Sponsored Products","0.82","USD"
"2026-01-25","327160636077377","Sponsored Products","1.58","USD"
"2026-01-30","428914757065848","Sponsored Products","7.23","CAD"
"2026-01-22","396006036421092","Sponsored Products","2.08","USD"
"2026-01-23","539750977499191","Sponsored Products","0.82","CAD"
"2026-01-29","384137786867273","Sponsored Products","0.00","USD"
"2026-01-17","263910374759225","Sponsored Products","1.06","CAD"
"2026-01-07","455510939824845","Sponsored Products","0.59","USD"
"2026-01-09","441925918527435","Sponsored Brands","5.26","USD"
"2026-01-30","344717374719347","Sponsored Display","0.00","CAD"
"2026-01-22","345786769504667","Sponsored Products","0.00","USD"
"2026-01-29","513927767815024","Sponsored Products","0.00","USD"
"2026-01-09","288669281122601","Sponsored Products","0.57","AUD"
"2026-01-30","545146961820010","Sponsored Products","3.28","GBP"
"2026-01-04","480355060288556","Sponsored Products","0.00","AUD"
"2026-01-30","303784488331012","Sponsored Display","18.77","AUD"
"2026-01-18","399703016940832","Sponsored Brands","1.70","CAD"
"2026-01-01","553947994872935","Sponsored Products","0.00","AUD"
"2026-01-12","411293040066733","Sponsored Products","2.84","GBP"
"2026-01-13","529845821022802","Sponsored Products","0.00","AUD"
"2026-01-22","441925918527435","Sponsored Brands","1.33","USD"
"2026-01-31","215966552761313","Sponsored Products","0.00","USD"
"2026-01-15","518653489850740","Sponsored Brands","0.00","USD"
"2026-01-04","467986598930085","Sponsored Products","14.89","USD"
"2026-01-02","386893543852916","Sponsored Products","1.79","CAD"
"2026-01-13","455193289976402","Sponsored Products","0.00","USD"
"2026-01-29","101459965063202","Sponsored Products","12.71","USD"
"2026-01-23","556616987602606","Sponsored Products","4.74","USD"
"2026-01-05","455622109943339","Sponsored Products","0.00","AUD"
"2026-01-11","439118795538688","Sponsored Brands","0.00","CAD"
"2026-01-23","498311429491057","Sponsored Display","0.06","CAD"
"2026-01-20","532503737498489","Sponsored Products","0.00","USD"
"2026-01-04","451323086678396","Sponsored Products","0.00","USD"
"2026-01-04","360412290312296","Sponsored Brands","4.83","CAD"
"2026-01-10","409429087898453","Sponsored Display","0.60","CAD"
"2026-01-08","375412452273685","Sponsored Products","2.86","GBP"
"2026-01-30","407530123839349","Sponsored Products","0.00","AUD"
"2026-01-30","498311429491057","Sponsored Display","0.00","CAD"
"2026-01-04","517050919084211","Sponsored Products","0.00","CAD"
"2026-01-22","424413890381694","Sponsored Products","1.52","USD"
"2026-01-03","490007501473330","Sponsored Products","2.82","USD"
"2026-01-10","316207062053537","Sponsored Products","0.00","AUD"
"2026-01-31","548511206574211","Sponsored Brands","0.00","AUD"
"2026-01-28","452082306058129","Sponsored Brands","4.00","CAD"
"2026-01-13","526818914182448","Sponsored Products","0.00","GBP"
"2026-01-13","545989665090053","Sponsored Brands","0.87","GBP"
"2026-01-11","392537273853228","Sponsored Brands","0.00","AUD"
"2026-01-27","557814926181675","Sponsored Products","1.41","CAD"
"2026-01-30","434170639918769","Sponsored Brands","2.04","USD"
"2026-01-02","506556070299851","Sponsored Products","0.00","USD"
"2026-01-09","558297049226516","Sponsored Brands","0.00","CAD"
"2026-01-06","371021037712738","Sponsored Products","43.55","USD"
"2026-01-09","317772463042332","Sponsored Products","0.21","AUD"
"2026-01-30","417555316939613","Sponsored Brands","0.00","AUD"
"2026-01-18","286308132559342","Sponsored Brands","0.00","AUD"
"2026-01-16","542616313773815","Sponsored Brands","0.86","USD"
"2026-01-16","446701085946014","Sponsored Products","0.00","GBP"
"2026-01-16","513927767815024","Sponsored Products","0.83","USD"
"2026-01-09","486830706800832","Sponsored Products","0.00","CAD"
"2026-01-20","382536260418493","Sponsored Brands","1.85","USD"
"2026-01-23","292726552706968","Sponsored Products","3.87","USD"
"2026-01-10","300894362771504","Sponsored Products","0.00","GBP"
"2026-01-13","446701085946014","Sponsored Products","0.00","GBP"
"2026-01-03","378771240092800","Sponsored Products","0.00","AUD"
"2026-01-01","399703016940832","Sponsored Brands","0.00","CAD"
"2026-01-29","381243195375500","Sponsored Products","0.00","USD"
"2026-01-02","531187508971652","Sponsored Display","0.00","CAD"
"2026-01-21","542395622943712","Sponsored Products","0.50","GBP"
"2026-01-17","327999245273994","Sponsored Brands","2.59","USD"
"2026-01-04","407444835513369","Sponsored Brands","3.17","CAD"
"2026-01-14","386865813070708","Sponsored Products","6.11","USD"
"2026-01-18","305150240202410","Sponsored Brands","3.36","USD"
"2026-01-06","497204182729156","Sponsored Brands","0.44","USD"
"2026-01-13","378771240092800","Sponsored Products","0.00","AUD"
"2026-01-05","378858058113466","Sponsored Products","1.45","CAD"
"2026-01-15","427514193060341","Sponsored Products","0.00","USD"
"2026-01-15","420797773596938","Sponsored Products","0.00","USD"
"2026-01-16","504962652065858","Sponsored Brands","0.00","AUD"
"2026-01-22","303344079444236","Sponsored Brands","1.47","GBP"
"2026-01-04","482195104755571","Sponsored Brands","4.75","GBP"
"2026-01-18","504962652065858","Sponsored Brands","0.31","AUD"
"2026-01-23","392699328377229","Sponsored Products","0.00","AUD"
"2026-01-08","316018693107855","Sponsored Products","6.66","USD"
"2026-01-19","527711743915708","Sponsored Products","40.24","USD"
"2026-01-08","359104344566153","Sponsored Products","0.00","USD"
"2026-01-31","481343337793629","Sponsored Products","0.00","GBP"
"2026-01-27","486969120687335","Sponsored Products","13.43","USD"
"2026-01-19","300894362771504","Sponsored Products","0.00","GBP"
"2026-01-14","263910374759225","Sponsored Products","11.49","CAD"
"2026-01-23","560541401556849","Sponsored Products","0.00","GBP"
"2026-01-20","263910374759225","Sponsored Products","3.81","CAD"
"2026-01-09","411197191773342","Sponsored Products","0.00","AUD"
"2026-01-21","451323086678396","Sponsored Products","1.98","USD"
"2026-01-04","432013629308606","Sponsored Brands","0.62","CAD"
"2026-01-04","324740828073799","Sponsored Products","0.41","AUD"
"2026-01-30","371604599978031","Sponsored Products","0.00","AUD"
"2026-01-25","502907079288115","Sponsored Products","0.00","CAD"
"2026-01-18","531194039320877","Sponsored Products","0.00","CAD"
"2026-01-24","297446437541925","Sponsored Products","11.46","USD"
"2026-01-29","495242868805173","Sponsored Products","0.00","GBP"
"2026-01-29","27661898820374","Sponsored Products","0.00","USD"
"2026-01-21","322178684810700","Sponsored Products","0.00","USD"
"2026-01-21","508144069166640","Sponsored Products","1.44","USD"
"2026-01-12","327955853177271","Sponsored Products","12.76","USD"
"2026-01-25","344516434946756","Sponsored Products","0.84","USD"
"2026-01-25","546618773117950","Sponsored Brands","0.00","AUD"
"2026-01-19","424413890381694","Sponsored Products","4.38","USD"
"2026-01-01","371604599978031","Sponsored Products","0.00","AUD"
"2026-01-30","557802220335065","Sponsored Products","3.48","CAD"
"2026-01-01","443805539282973","Sponsored Brands","4.61","CAD"
"2026-01-15","402744546317623","Sponsored Brands","0.00","GBP"
"2026-01-19","548511206574211","Sponsored Brands","0.00","AUD"
"2026-01-06","312711508263023","Sponsored Products","0.56","AUD"
"2026-01-10","545989665090053","Sponsored Brands","0.81","GBP"
"2026-01-20","491366396962687","Sponsored Brands","5.94","USD"
"2026-01-23","354591663011981","Sponsored Brands","3.16","USD"
"2026-01-25","327955853177271","Sponsored Products","12.49","USD"
"2026-01-19","328156874590794","Sponsored Brands","2.38","USD"
"2026-01-27","539750977499191","Sponsored Products","6.74","CAD"
"2026-01-22","307534770253902","Sponsored Products","0.00","CAD"
"2026-01-06","380439551325000","Sponsored Products","1.33","GBP"
"2026-01-14","300354268849742","Sponsored Brands","0.00","CAD"
"2026-01-13","284096201830626","Sponsored Display","0.00","USD"
"2026-01-27","548511206574211","Sponsored Brands","0.00","AUD"
"2026-01-31","360836238849040","Sponsored Products","0.00","AUD"
"2026-01-22","463570831006082","Sponsored Products","0.00","CAD"
"2026-01-23","521187964040554","Sponsored Products","0.00","CAD"
"2026-01-15","443207948405482","Sponsored Products","0.48","CAD"
"2026-01-07","495677195822245","Sponsored Brands","0.20","USD"
"2026-01-24","300354268849742","Sponsored Brands","0.00","CAD"
"2026-01-08","392537273853228","Sponsored Brands","0.00","AUD"
"2026-01-11","443207948405482","Sponsored Products","0.45","CAD"
"2026-01-06","353468389499196","Sponsored Brands","2.12","USD"
"2026-01-24","377578915667002","Sponsored Products","8.01","USD"
"2026-01-26","340849210853799","Sponsored Products","1.93","USD"
"2026-01-02","454992450655768","Sponsored Products","3.05","USD"
"2026-01-29","321516368269611","Sponsored Products","0.00","CAD"
"2026-01-04","288045582881440","Sponsored Products","0.00","USD"
"2026-01-21","532503737498489","Sponsored Products","0.00","USD"
"2026-01-15","300894362771504","Sponsored Products","0.00","GBP"
"2026-01-25","450116297068538","Sponsored Products","1.10","USD"
"2026-01-22","559365035833525","Sponsored Brands","0.00","AUD"
"2026-01-23","375412452273685","Sponsored Products","10.59","GBP"
"2026-01-29","541042710567147","Sponsored Products","0.00","USD"
"2026-01-09","423447600502988","Sponsored Brands","0.00","CAD"
"2026-01-19","316506785332318","Sponsored Products","2.46","USD"
"2026-01-05","407530123839349","Sponsored Products","0.00","AUD"
"2026-01-30","555360954347903","Sponsored Products","0.00","CAD"
"2026-01-06","330930085884248","Sponsored Brands","0.00","GBP"
"2026-01-02","446701085946014","Sponsored Products","0.21","GBP"
"2026-01-29","511828144987995","Sponsored Products","0.48","GBP"
"2026-01-15","517050919084211","Sponsored Products","0.45","CAD"
"2026-01-28","81320226496883","Sponsored Products","0.00","USD"
"2026-01-13","450215291242396","Sponsored Products","0.00","USD"
"2026-01-06","300354268849742","Sponsored Brands","0.00","CAD"
"2026-01-19","400936883710783","Sponsored Products","5.38","AUD"
"2026-01-20","363579801300326","Sponsored Products","0.00","CAD"
"2026-01-18","384986795476042","Sponsored Brands","1.36","CAD"
"2026-01-04","363579801300326","Sponsored Products","0.00","CAD"
"2026-01-19","454571413921997","Sponsored Products","0.20","GBP"
"2026-01-21","305150240202410","Sponsored Brands","1.47","USD"
"2026-01-05","309978526979947","Sponsored Products","0.00","USD"
"2026-01-06","468484245538664","Sponsored Products","0.00","GBP"
"2026-01-26","408719546145761","Sponsored Products","0.41","USD"
"2026-01-26","406964010755868","Sponsored Products","4.27","CAD"
"2026-01-29","22348745290500","Sponsored Products","8.74","USD"
"2026-01-18","300894362771504","Sponsored Products","0.00","GBP"
"2026-01-25","353468389499196","Sponsored Brands","2.27","USD"
"2026-01-07","409429087898453","Sponsored Display","0.00","CAD"
"2026-01-14","381243195375500","Sponsored Products","3.73","USD"
"2026-01-29","434871922933588","Sponsored Brands","3.28","CAD"
"2026-01-01","423538576850039","Sponsored Products","0.00","AUD"
"2026-01-20","371623685288534","Sponsored Brands","1.80","GBP"
"2026-01-21","455983082050138","Sponsored Products","0.00","CAD"
"2026-01-16","324740828073799","Sponsored Products","0.00","AUD"
"2026-01-23","423825131329520","Sponsored Products","11.92","USD"
"2026-01-21","487313850471925","Sponsored Brands","0.00","USD"
"2026-01-23","366616645988820","Sponsored Products","0.44","CAD"
"2026-01-20","417535655271448","Sponsored Products","0.00","USD"
"2026-01-27","430840323605870","Sponsored Products","0.00","USD"
"2026-01-09","452082306058129","Sponsored Brands","1.68","CAD"
"2026-01-12","455100983218716","Sponsored Brands","3.63","USD"
"2026-01-02","555625239663839","Sponsored Products","27.04","USD"
"2026-01-11","444969564092992","Sponsored Products","0.00","CAD"
"2026-01-30","531194039320877","Sponsored Products","0.00","CAD"
"2026-01-28","493216310640409","Sponsored Brands","12.25","USD"
"2026-01-08","395304589984653","Sponsored Products","0.00","CAD"
"2026-01-29","459488439760934","Sponsored Products","0.39","GBP"
"2026-01-24","557802220335065","Sponsored Products","0.00","CAD"
"2026-01-21","400050759741035","Sponsored Products","0.00","USD"
"2026-01-27","291060086740958","Sponsored Products","17.96","USD"
"2026-01-14","357384467879967","Sponsored Brands","0.00","USD"
"2026-01-05","354484097353439","Sponsored Products","0.00","GBP"
"2026-01-05","468484245538664","Sponsored Products","0.00","GBP"
"2026-01-02","348537181713557","Sponsored Products","0.00","GBP"
"2026-01-15","322178684810700","Sponsored Products","0.00","USD"
"2026-01-02","429216730447678","Sponsored Products","0.00","AUD"
"2026-01-13","434871922933588","Sponsored Brands","0.00","CAD"
"2026-01-17","442522120858299","Sponsored Products","0.00","USD"
"2026-01-25","476877916686317","Sponsored Brands","0.76","AUD"
"2026-01-11","482195104755571","Sponsored Brands","0.00","GBP"
"2026-01-13","373593607967581","Sponsored Display","0.00","AUD"
"2026-01-19","345230959620455","Sponsored Products","0.00","CAD"
"2026-01-24","444969564092992","Sponsored Products","0.00","CAD"
"2026-01-27","345786769504667","Sponsored Products","0.00","USD"
"2026-01-20","518653489850740","Sponsored Brands","0.20","USD"
"2026-01-25","422044464968254","Sponsored Products","10.56","GBP"
"2026-01-06","557802220335065","Sponsored Products","0.00","CAD"
"2026-01-04","330930085884248","Sponsored Brands","0.00","GBP"
"2026-01-14","382536260418493","Sponsored Brands","0.85","USD"
"2026-01-17","375262111034104","Sponsored Brands","0.00","USD"
"2026-01-17","422044464968254","Sponsored Products","4.34","GBP"
"2026-01-23","485543012454911","Sponsored Products","0.63","USD"
"2026-01-08","280884599605823","Sponsored Products","6.65","USD"
"2026-01-19","350228282296039","Sponsored Products","0.00","USD"
"2026-01-01","461174245552414","Sponsored Products","0.22","AUD"
"2026-01-30","439663157752722","Sponsored Brands","0.42","USD"
"2026-01-10","427514193060341","Sponsored Products","0.00","USD"
"2026-01-29","487327596470810","Sponsored Products","0.00","USD"
"2026-01-05","302895720770009","Sponsored Brands","0.00","GBP"
"2026-01-22","453503689032806","Sponsored Products","0.37","GBP"
"2026-01-19","452065263384491","Sponsored Brands","6.59","USD"
"2026-01-04","291680855614624","Sponsored Brands","4.44","GBP"
"2026-01-03","511519443187302","Sponsored Products","1.46","GBP"
"2026-01-23","417555316939613","Sponsored Brands","0.00","AUD"
"2026-01-07","406964010755868","Sponsored Products","2.89","CAD"
"2026-01-20","491770987077396","Sponsored Products","29.71","USD"
"2026-01-14","467986598930085","Sponsored Products","12.71","USD"
"2026-01-24","353698807350187","Sponsored Products","0.66","USD"
"2026-01-30","126638359335345","Sponsored Products","1.13","USD"
"2026-01-11","453754530299965","Sponsored Brands","47.67","USD"
"2026-01-18","427514193060341","Sponsored Products","1.59","USD"
"2026-01-02","529431876389782","Sponsored Products","0.82","USD"
"2026-01-31","532209379687062","Sponsored Display","0.34","GBP"
"2026-01-10","422044464968254","Sponsored Products","7.97","GBP"
"2026-01-12","559365035833525","Sponsored Brands","0.00","AUD"
"2026-01-10","383706936707329","Sponsored Brands","3.91","USD"
"2026-01-01","491770987077396","Sponsored Products","15.55","USD"
"2026-01-21","546191132663927","Sponsored Brands","2.94","USD"
"2026-01-11","380787783830601","Sponsored Products","0.00","USD"
"2026-01-06","476511840833684","Sponsored Products","0.00","GBP"
"2026-01-09","286855949125211","Sponsored Products","2.71","AUD"
"2026-01-12","529431876389782","Sponsored Products","2.27","USD"
"2026-01-24","555379102425019","Sponsored Products","4.32","CAD"
"2026-01-22","409249674990450","Sponsored Products","0.00","AUD"
"2026-01-19","464658704178346","Sponsored Brands","6.88","USD"
"2026-01-18","296615200458181","Sponsored Brands","36.99","USD"
"2026-01-05","458452283549074","Sponsored Brands","0.00","CAD"
"2026-01-28","259323671730401","Sponsored Products","0.00","USD"
"2026-01-17","551785069524711","Sponsored Products","5.09","USD"
"2026-01-08","373593607967581","Sponsored Display","0.00","AUD"
"2026-01-02","434871922933588","Sponsored Brands","6.02","CAD"
"2026-01-22","366616645988820","Sponsored Products","0.00","CAD"
"2026-01-20","535387208566969","Sponsored Products","0.00","USD"
"2026-01-15","551134208715253","Sponsored Products","0.00","AUD"
"2026-01-03","557738489078024","Sponsored Products","0.45","CAD"
"2026-01-28","44065507618346","Sponsored Products","0.00","USD"
"2026-01-07","518653489850740","Sponsored Brands","0.50","USD"
"2026-01-29","72790979016813","Sponsored Products","4.75","USD"
"2026-01-14","278400043801722","Sponsored Products","0.00","GBP"
"2026-01-03","455510939824845","Sponsored Products","2.04","USD"
"2026-01-09","486701736662809","Sponsored Products","0.00","AUD"
"2026-01-20","539931100075119","Sponsored Brands","3.22","USD"
"2026-01-20","551134208715253","Sponsored Products","0.00","AUD"
"2026-01-12","357384467879967","Sponsored Brands","0.00","USD"
"2026-01-11","555379102425019","Sponsored Products","0.00","CAD"
"2026-01-12","440997775738977","Sponsored Products","0.00","AUD"
"2026-01-14","373593607967581","Sponsored Display","0.00","AUD"
"2026-01-26","384137786867273","Sponsored Products","0.00","USD"
"2026-01-09","561131507618203","Sponsored Products","0.00","AUD"
"2026-01-18","375880567146391","Sponsored Display","0.11","AUD"
"2026-01-14","329222077811459","Sponsored Brands","0.00","GBP"
"2026-01-22","424600049511604","Sponsored Products","12.65","USD"
"2026-01-07","405896045618734","Sponsored Display","0.00","USD"
"2026-01-06","422044464968254","Sponsored Products","4.81","GBP"
"2026-01-07","291060086740958","Sponsored Products","13.83","USD"
"2026-01-09","357384467879967","Sponsored Brands","2.36","USD"
"2026-01-05","324740828073799","Sponsored Products","0.00","AUD"
"2026-01-27","288086271468562","Sponsored Products","38.26","USD"
"2026-01-03","459488439760934","Sponsored Products","0.00","GBP"
"2026-01-22","487327596470810","Sponsored Products","0.00","USD"
"2026-01-21","488650993039900","Sponsored Brands","0.00","USD"
"2026-01-16","345786769504667","Sponsored Products","0.98","USD"
"2026-01-30","93539819506468","Sponsored Products","0.00","USD"
"2026-01-28","441276644656791","Sponsored Brands","0.00","AUD"
"2026-01-16","383706936707329","Sponsored Brands","1.49","USD"
"2026-01-26","539834455179217","Sponsored Products","0.85","USD"
"2026-01-29","344516434946756","Sponsored Products","0.00","USD"
"2026-01-25","323864334787492","Sponsored Products","0.00","AUD"
"2026-01-27","293195244233089","Sponsored Products","3.41","USD"
"2026-01-21","450215291242396","Sponsored Products","0.00","USD"
"2026-01-31","423538576850039","Sponsored Products","0.00","AUD"
"2026-01-11","522533017982048","Sponsored Products","0.00","CAD"
"2026-01-23","406487274006731","Sponsored Products","0.00","AUD"
"2026-01-31","254109808305934","Sponsored Products","4.18","USD"
"2026-01-28","498217737469979","Sponsored Brands","0.00","USD"
"2026-01-18","479364871682871","Sponsored Products","9.90","USD"
"2026-01-20","540593023678755","Sponsored Products","0.00","USD"
"2026-01-25","542333703103187","Sponsored Products","0.00","AUD"
"2026-01-29","530543664696574","Sponsored Products","0.00","AUD"
"2026-01-05","93061813718954","Sponsored Products","8.17","USD"
"2026-01-07","320522945603717","Sponsored Brands","0.00","CAD"
"2026-01-14","446869334265005","Sponsored Products","0.00","USD"
"2026-01-11","555360954347903","Sponsored Products","0.20","CAD"
"2026-01-28","431386932028495","Sponsored Products","7.75","USD"
"2026-01-31","133846876580591","Sponsored Products","2.29","USD"
"2026-01-31","134777743429986","Sponsored Products","0.00","USD"
"2026-01-10","321516368269611","Sponsored Products","0.00","CAD"
"2026-01-03","498311429491057","Sponsored Display","0.00","CAD"
"2026-01-30","555379102425019","Sponsored Products","0.00","CAD"
"2026-01-24","434170639918769","Sponsored Brands","1.16","USD"
"2026-01-02","375451164709840","Sponsored Products","0.78","GBP"
"2026-01-13","562857825893299","Sponsored Products","4.51","USD"
"2026-01-17","344516434946756","Sponsored Products","5.37","USD"
"2026-01-05","542616313773815","Sponsored Brands","2.67","USD"
"2026-01-25","263910374759225","Sponsored Products","9.64","CAD"
"2026-01-06","491366396962687","Sponsored Brands","2.35","USD"
"2026-01-11","497204182729156","Sponsored Brands","0.00","USD"
"2026-01-18","387735099454991","Sponsored Products","0.00","USD"
"2026-01-20","291612323170971","Sponsored Products","0.00","CAD"
"2026-01-25","497204182729156","Sponsored Brands","0.00","USD"
"2026-01-05","291618943691121","Sponsored Brands","0.00","AUD"
"2026-01-05","559365035833525","Sponsored Brands","0.00","AUD"
"2026-01-18","509593684638198","Sponsored Brands","8.06","USD"
"2026-01-24","423447600502988","Sponsored Brands","0.88","CAD"
"2026-01-11","494994223093944","Sponsored Brands","0.00","AUD"
"2026-01-22","455688132780953","Sponsored Brands","0.94","USD"
"2026-01-03","422803050752749","Sponsored Products","0.00","USD"
"2026-01-11","537194794349407","Sponsored Products","2.19","USD"
"2026-01-11","477120010084382","Sponsored Products","5.19","USD"
"2026-01-06","554029658228344","Sponsored Display","0.00","GBP"
"2026-01-30","431386932028495","Sponsored Products","0.00","USD"
"2026-01-10","417535655271448","Sponsored Products","0.00","USD"
"2026-01-19","378771240092800","Sponsored Products","0.00","AUD"
"2026-01-27","524438997214345","Sponsored Products","0.00","USD"
"2026-01-02","406964010755868","Sponsored Products","0.00","CAD"
"2026-01-21","411564343397398","Sponsored Products","0.56","USD"
"2026-01-05","482195104755571","Sponsored Brands","4.12","GBP"
"2026-01-01","300894362771504","Sponsored Products","0.76","GBP"
"2026-01-14","301972852761247","Sponsored Products","0.00","USD"
"2026-01-04","320522945603717","Sponsored Brands","0.00","CAD"
"2026-01-19","288851430690246","Sponsored Products","0.00","GBP"
"2026-01-22","286601245904247","Sponsored Products","0.00","CAD"
"2026-01-28","559365035833525","Sponsored Brands","0.00","AUD"
"2026-01-03","309601314328778","Sponsored Products","0.00","CAD"
"2026-01-24","409429087898453","Sponsored Display","0.00","CAD"
"2026-01-04","556616987602606","Sponsored Products","3.50","USD"
"2026-01-06","288669281122601","Sponsored Products","0.00","AUD"
"2026-01-26","497204182729156","Sponsored Brands","0.92","USD"
"2026-01-05","463570831006082","Sponsored Products","0.00","CAD"
"2026-01-16","291060086740958","Sponsored Products","19.33","USD"
"2026-01-26","409429087898453","Sponsored Display","0.00","CAD"
"2026-01-29","491770987077396","Sponsored Products","0.00","USD"
"2026-01-28","453187476718269","Sponsored Display","0.00","CAD"
"2026-01-18","407530123839349","Sponsored Products","0.00","AUD"
"2026-01-16","373593607967581","Sponsored Display","0.00","AUD"
"2026-01-20","409249674990450","Sponsored Products","0.40","AUD"
"2026-01-30","406314828765201","Sponsored Products","0.00","AUD"
"2026-01-07","441888784513828","Sponsored Display","0.00","USD"
"2026-01-27","352761064226908","Sponsored Brands","0.00","CAD"
"2026-01-30","254109808305934","Sponsored Products","2.54","USD"
"2026-01-20","446869334265005","Sponsored Products","5.53","USD"
"2026-01-29","546618773117950","Sponsored Brands","0.00","AUD"
"2026-01-12","353698807350187","Sponsored Products","5.22","USD"
"2026-01-13","452082306058129","Sponsored Brands","3.43","CAD"
"2026-01-21","453239686745418","Sponsored Products","0.88","GBP"
"2026-01-30","455983082050138","Sponsored Products","0.03","CAD"
"2026-01-26","524438997214345","Sponsored Products","1.44","USD"
"2026-01-28","194512325763287","Sponsored Products","0.00","USD"
"2026-01-12","288045582881440","Sponsored Products","0.00","USD"
"2026-01-30","511519443187302","Sponsored Products","0.00","GBP"
"2026-01-20","423471492340141","Sponsored Brands","0.29","USD"
"2026-01-31","511519443187302","Sponsored Products","0.00","GBP"
"2026-01-14","492312442577894","Sponsored Products","4.32","USD"
"2026-01-05","524438997214345","Sponsored Products","5.30","USD"
"2026-01-05","469490646233874","Sponsored Products","8.72","USD"
"2026-01-30","276797522102375","Sponsored Products","55.15","USD"
"2026-01-02","316265693147625","Sponsored Products","0.00","GBP"
"2026-01-13","463570831006082","Sponsored Products","0.00","CAD"
"2026-01-28","58475731073369","Sponsored Products","2.60","USD"
"2026-01-09","465191710626164","Sponsored Brands","0.00","GBP"
"2026-01-25","467986598930085","Sponsored Products","16.98","USD"
"2026-01-27","371623685288534","Sponsored Brands","2.72","GBP"
"2026-01-21","395304589984653","Sponsored Products","0.00","CAD"
"2026-01-20","446701085946014","Sponsored Products","0.00","GBP"
"2026-01-30","398718122329444","Sponsored Products","6.46","GBP"
"2026-01-11","399629340308947","Sponsored Brands","0.00","AUD"
"2026-01-10","509593684638198","Sponsored Brands","3.94","USD"
"2026-01-31","375262111034104","Sponsored Brands","3.96","USD"
"2026-01-23","486830706800832","Sponsored Products","0.00","CAD"
"2026-01-01","263910374759225","Sponsored Products","4.72","CAD"
"2026-01-09","336361735801015","Sponsored Products","0.00","USD"
"2026-01-03","354036750973331","Sponsored Products","1.08","CAD"
"2026-01-13","546618773117950","Sponsored Brands","0.00","AUD"
"2026-01-24","316018693107855","Sponsored Products","1.46","USD"
"2026-01-18","548511206574211","Sponsored Brands","0.00","AUD"
"2026-01-14","407530123839349","Sponsored Products","0.00","AUD"
"2026-01-12","479364871682871","Sponsored Products","10.88","USD"
"2026-01-14","446701085946014","Sponsored Products","0.00","GBP"
"2026-01-23","398859393836995","Sponsored Products","2.51","GBP"
"2026-01-10","554517553013265","Sponsored Products","0.00","CAD"
"2026-01-04","381243195375500","Sponsored Products","0.35","USD"
"2026-01-13","423471492340141","Sponsored Brands","0.00","USD"
"2026-01-17","411564343397398","Sponsored Products","7.80","USD"
"2026-01-01","417535655271448","Sponsored Products","5.19","USD"
"2026-01-26","532503737498489","Sponsored Products","0.00","USD"
"2026-01-19","538771699321102","Sponsored Products","0.00","AUD"
"2026-01-17","380439551325000","Sponsored Products","2.94","GBP"
"2026-01-21","367083122067501","Sponsored Display","0.00","USD"
"2026-01-09","375262111034104","Sponsored Brands","5.29","USD"
"2026-01-05","486969120687335","Sponsored Products","14.21","USD"
"2026-01-23","375880567146391","Sponsored Display","0.00","AUD"
"2026-01-26","542616313773815","Sponsored Brands","0.00","USD"
"2026-01-26","476511840833684","Sponsored Products","0.00","GBP"
"2026-01-27","450116297068538","Sponsored Products","0.00","USD"
"2026-01-01","542616313773815","Sponsored Brands","8.36","USD"
"2026-01-03","395588635574089","Sponsored Brands","6.85","USD"
"2026-01-20","284096201830626","Sponsored Display","0.58","USD"
"2026-01-08","557388890025484","Sponsored Products","14.91","USD"
"2026-01-03","454571413921997","Sponsored Products","0.00","GBP"
"2026-01-12","332116728677051","Sponsored Products","0.00","CAD"
"2026-01-05","431453849332804","Sponsored Products","0.00","USD"
"2026-01-29","322178684810700","Sponsored Products","0.00","USD"
"2026-01-20","288851430690246","Sponsored Products","0.00","GBP"
"2026-01-08","395588635574089","Sponsored Brands","1.08","USD"
"2026-01-24","455465774244567","Sponsored Products","0.00","USD"
"2026-01-31","128835884603962","Sponsored Products","4.87","USD"
"2026-01-02","508144069166640","Sponsored Products","0.00","USD"
"2026-01-19","378858058113466","Sponsored Products","0.70","CAD"
"2026-01-29","475621849553010","Sponsored Brands","0.00","CAD"
"2026-01-06","467633236874996","Sponsored Products","0.00","AUD"
"2026-01-30","357384467879967","Sponsored Brands","9.49","USD"
"2026-01-24","288045582881440","Sponsored Products","0.00","USD"
"2026-01-23","345230959620455","Sponsored Products","0.00","CAD"
"2026-01-01","498311429491057","Sponsored Display","0.00","CAD"
"2026-01-04","405896045618734","Sponsored Display","0.00","USD"
"2026-01-24","360412290312296","Sponsored Brands","0.00","CAD"
"2026-01-25","325883174926875","Sponsored Brands","0.94","USD"
"2026-01-10","318399173824872","Sponsored Products","3.26","GBP"
"2026-01-22","402078469217372","Sponsored Products","14.74","USD"
"2026-01-22","531187508971652","Sponsored Display","0.00","CAD"
"2026-01-02","542395622943712","Sponsored Products","0.00","GBP"
"2026-01-02","477846512499333","Sponsored Brands","0.00","USD"
"2026-01-17","386893543852916","Sponsored Products","3.99","CAD"
"2026-01-22","291618943691121","Sponsored Brands","0.00","AUD"
"2026-01-09","411293040066733","Sponsored Products","0.00","GBP"
"2026-01-01","408719546145761","Sponsored Products","0.00","USD"
"2026-01-11","367083122067501","Sponsored Display","1.65","USD"
"2026-01-31","11588448157956","Sponsored Products","4.16","USD"
"2026-01-09","316086976315498","Sponsored Brands","0.00","USD"
"2026-01-11","317413414518930","Sponsored Products","0.00","GBP"
"2026-01-17","422803050752749","Sponsored Products","0.00","USD"
"2026-01-06","539750977499191","Sponsored Products","0.00","CAD"
"2026-01-16","296615200458181","Sponsored Brands","40.30","USD"
"2026-01-18","342568396157124","Sponsored Display","0.01","USD"
"2026-01-06","477120010084382","Sponsored Products","4.88","USD"
"2026-01-29","527711743915708","Sponsored Products","6.13","USD"
"2026-01-27","309978526979947","Sponsored Products","0.00","USD"
"2026-01-03","327999245273994","Sponsored Brands","10.71","USD"
"2026-01-13","430840323605870","Sponsored Products","0.00","USD"
"2026-01-13","439663157752722","Sponsored Brands","0.15","USD"
"2026-01-27","303784488331012","Sponsored Display","0.00","AUD"
"2026-01-23","455100983218716","Sponsored Brands","0.00","USD"
"2026-01-04","457705240079738","Sponsored Brands","1.42","GBP"
"2026-01-14","291194333337791","Sponsored Products","0.00","USD"
"2026-01-14","490007501473330","Sponsored Products","0.68","USD"
"2026-01-16","381948820461821","Sponsored Brands","0.00","USD"
"2026-01-28","22348745290500","Sponsored Products","0.00","USD"
"2026-01-15","493519110544788","Sponsored Products","11.78","USD"
"2026-01-05","487908370268380","Sponsored Products","0.00","USD"
"2026-01-24","539750977499191","Sponsored Products","4.63","CAD"
"2026-01-28","280528554873543","Sponsored Products","0.00","USD"
"2026-01-27","392699328377229","Sponsored Products","0.00","AUD"
"2026-01-25","322178684810700","Sponsored Products","0.00","USD"
"2026-01-03","518228166841375","Sponsored Brands","0.00","GBP"
"2026-01-06","491792683377286","Sponsored Products","3.61","USD"
"2026-01-20","436562742415834","Sponsored Products","0.00","GBP"
"2026-01-19","423447600502988","Sponsored Brands","0.25","CAD"
"2026-01-24","307534770253902","Sponsored Products","0.00","CAD"
"2026-01-21","378771240092800","Sponsored Products","0.00","AUD"
"2026-01-28","299897583007336","Sponsored Products","6.45","USD"
"2026-01-26","321879822518995","Sponsored Products","0.00","AUD"
"2026-01-08","475323940290788","Sponsored Products","9.63","USD"
"2026-01-15","328156874590794","Sponsored Brands","1.80","USD"
"2026-01-28","406964010755868","Sponsored Products","0.68","CAD"
"2026-01-28","324446919049652","Sponsored Products","7.43","USD"
"2026-01-02","284096201830626","Sponsored Display","0.72","USD"
"2026-01-10","545146961820010","Sponsored Products","2.40","GBP"
"2026-01-12","511519443187302","Sponsored Products","6.69","GBP"
"2026-01-12","323864334787492","Sponsored Products","0.00","AUD"
"2026-01-01","553804041062258","Sponsored Products","0.84","USD"
"2026-01-28","539931100075119","Sponsored Brands","1.02","USD"
"2026-01-18","316018693107855","Sponsored Products","11.98","USD"
"2026-01-01","375262111034104","Sponsored Brands","0.00","USD"
"2026-01-15","530543664696574","Sponsored Products","13.07","AUD"
"2026-01-18","480355060288556","Sponsored Products","0.00","AUD"
"2026-01-20","383706936707329","Sponsored Brands","0.51","USD"
"2026-01-07","398122169001461","Sponsored Products","0.70","AUD"
"2026-01-08","551785069524711","Sponsored Products","2.29","USD"
"2026-01-04","412663623607577","Sponsored Products","1.52","USD"
"2026-01-06","402078469217372","Sponsored Products","0.75","USD"
"2026-01-02","325883174926875","Sponsored Brands","1.33","USD"
"2026-01-29","296615200458181","Sponsored Brands","13.98","USD"
"2026-01-19","536186527693818","Sponsored Products","13.66","USD"
"2026-01-27","375262111034104","Sponsored Brands","1.52","USD"
"2026-01-31","141552428309171","Sponsored Products","149.85","USD"
"2026-01-10","475621849553010","Sponsored Brands","0.00","CAD"
"2026-01-26","398122169001461","Sponsored Products","0.00","AUD"
"2026-01-02","518653489850740","Sponsored Brands","1.35","USD"
"2026-01-26","325883174926875","Sponsored Brands","0.59","USD"
"2026-01-02","377578915667002","Sponsored Products","55.09","USD"
"2026-01-05","555379102425019","Sponsored Products","2.67","CAD"
"2026-01-18","486969120687335","Sponsored Products","14.42","USD"
"2026-01-03","383706936707329","Sponsored Brands","5.02","USD"
"2026-01-18","316086976315498","Sponsored Brands","0.00","USD"
"2026-01-30","363801591495934","Sponsored Brands","0.00","CAD"
"2026-01-05","455193289976402","Sponsored Products","0.69","USD"
"2026-01-08","321516368269611","Sponsored Products","0.00","CAD"
"2026-01-06","512730232590991","Sponsored Products","0.00","USD"
"2026-01-01","344717374719347","Sponsored Display","0.00","CAD"
"2026-01-09","455193289976402","Sponsored Products","0.00","USD"
"2026-01-25","491366396962687","Sponsored Brands","7.68","USD"
"2026-01-29","93061813718954","Sponsored Products","0.00","USD"
"2026-01-08","288045582881440","Sponsored Products","1.36","USD"
"2026-01-10","407346576799567","Sponsored Products","0.00","AUD"
"2026-01-28","327160636077377","Sponsored Products","0.00","USD"
"2026-01-05","469814503032884","Sponsored Products","0.00","AUD"
"2026-01-10","454564300195235","Sponsored Products","2.08","GBP"
"2026-01-15","360412290312296","Sponsored Brands","2.67","CAD"
"2026-01-31","363579801300326","Sponsored Products","0.00","CAD"
"2026-01-15","342568396157124","Sponsored Display","0.01","USD"
"2026-01-15","419802202221779","Sponsored Products","2.86","CAD"
"2026-01-22","555516622120091","Sponsored Brands","1.09","GBP"
"2026-01-07","521187964040554","Sponsored Products","0.99","CAD"
"2026-01-24","307922603865773","Sponsored Products","8.40","USD"
"2026-01-12","531187508971652","Sponsored Display","0.00","CAD"
"2026-01-10","555360954347903","Sponsored Products","0.00","CAD"
"2026-01-09","399703016940832","Sponsored Brands","0.00","CAD"
"2026-01-25","317413414518930","Sponsored Products","0.00","GBP"
"2026-01-06","369371745062988","Sponsored Products","0.00","CAD"
"2026-01-07","454564300195235","Sponsored Products","0.00","GBP"
"2026-01-05","531194039320877","Sponsored Products","0.00","CAD"
"2026-01-08","392972027720670","Sponsored Products","2.33","CAD"
"2026-01-20","434871922933588","Sponsored Brands","0.00","CAD"
"2026-01-02","380439551325000","Sponsored Products","1.87","GBP"
"2026-01-21","354036750973331","Sponsored Products","0.00","CAD"
"2026-01-27","324446919049652","Sponsored Products","3.07","USD"
"2026-01-08","419764168918332","Sponsored Brands","0.00","AUD"
"2026-01-25","350228282296039","Sponsored Products","2.08","USD"
"2026-01-07","327160636077377","Sponsored Products","2.45","USD"
"2026-01-28","383356525876468","Sponsored Products","0.88","USD"
"2026-01-21","288851430690246","Sponsored Products","0.00","GBP"
"2026-01-11","407444835513369","Sponsored Brands","1.76","CAD"
"2026-01-13","428914757065848","Sponsored Products","10.45","CAD"
"2026-01-18","398718122329444","Sponsored Products","1.31","GBP"
"2026-01-04","417350251520986","Sponsored Products","1.00","USD"
"2026-01-16","499207203040639","Sponsored Products","0.00","USD"
"2026-01-06","398122169001461","Sponsored Products","3.86","AUD"
"2026-01-02","498311429491057","Sponsored Display","0.00","CAD"
"2026-01-01","539931100075119","Sponsored Brands","3.73","USD"
"2026-01-16","536186527693818","Sponsored Products","10.67","USD"
"2026-01-07","316506785332318","Sponsored Products","0.25","USD"
"2026-01-11","329222077811459","Sponsored Brands","0.00","GBP"
"2026-01-15","539750977499191","Sponsored Products","0.00","CAD"
"2026-01-04","424413890381694","Sponsored Products","2.20","USD"
"2026-01-04","461174245552414","Sponsored Products","0.42","AUD"
"2026-01-06","189738652799913","Sponsored Brands","0.00","CAD"
"2026-01-05","482686146435604","Sponsored Brands","4.07","USD"
"2026-01-07","330930085884248","Sponsored Brands","0.00","GBP"
"2026-01-12","348537181713557","Sponsored Products","0.26","GBP"
"2026-01-01","499207203040639","Sponsored Products","0.00","USD"
"2026-01-19","288669281122601","Sponsored Products","21.90","AUD"
"2026-01-28","412663623607577","Sponsored Products","0.00","USD"
"2026-01-09","494590942145867","Sponsored Products","32.46","CAD"
"2026-01-23","512730232590991","Sponsored Products","1.61","USD"
"2026-01-09","515637010546761","Sponsored Brands","2.81","USD"
"2026-01-08","422044464968254","Sponsored Products","4.80","GBP"
"2026-01-19","458452283549074","Sponsored Brands","0.00","CAD"
"2026-01-29","243204708497477","Sponsored Products","0.00","USD"
"2026-01-09","288086271468562","Sponsored Products","42.53","USD"
"2026-01-21","280884599605823","Sponsored Products","13.99","USD"
"2026-01-07","352761064226908","Sponsored Brands","0.00","CAD"
"2026-01-05","423447600502988","Sponsored Brands","0.15","CAD"
"2026-01-23","323864334787492","Sponsored Products","0.00","AUD"
"2026-01-04","555379102425019","Sponsored Products","0.00","CAD"
"2026-01-05","332000738328227","Sponsored Products","12.77","USD"
"2026-01-22","320522945603717","Sponsored Brands","0.00","CAD"
"2026-01-11","293195244233089","Sponsored Products","5.18","USD"
"2026-01-11","527711743915708","Sponsored Products","66.04","USD"
"2026-01-11","439663157752722","Sponsored Brands","0.15","USD"
"2026-01-31","77231525415892","Sponsored Products","0.00","USD"
"2026-01-01","487313850471925","Sponsored Brands","6.24","USD"
"2026-01-26","328156874590794","Sponsored Brands","7.99","USD"
"2026-01-23","434170639918769","Sponsored Brands","5.84","USD"
"2026-01-25","422803050752749","Sponsored Products","0.00","USD"
"2026-01-05","542395622943712","Sponsored Products","1.36","GBP"
"2026-01-03","417350251520986","Sponsored Products","0.24","USD"
"2026-01-31","354036750973331","Sponsored Products","17.88","CAD"
"2026-01-02","487908370268380","Sponsored Products","1.22","USD"
"2026-01-19","395588635574089","Sponsored Brands","0.00","USD"
"2026-01-29","555625239663839","Sponsored Products","0.00","USD"
"2026-01-22","561131507618203","Sponsored Products","13.28","AUD"
"2026-01-05","372498463102329","Sponsored Products","0.00","GBP"
"2026-01-27","432013629308606","Sponsored Brands","1.86","CAD"
"2026-01-22","539931100075119","Sponsored Brands","2.93","USD"
"2026-01-31","325883174926875","Sponsored Brands","13.86","USD"
"2026-01-18","412663623607577","Sponsored Products","0.00","USD"
"2026-01-29","394083050171294","Sponsored Products","0.00","USD"
"2026-01-03","354627207584492","Sponsored Products","0.90","CAD"
"2026-01-16","318399173824872","Sponsored Products","0.93","GBP"
"2026-01-13","303784488331012","Sponsored Display","1.13","AUD"
"2026-01-07","477120010084382","Sponsored Products","0.00","USD"
"2026-01-09","351594278748520","Sponsored Products","0.00","USD"
"2026-01-03","263910374759225","Sponsored Products","5.19","CAD"
"2026-01-25","561131507618203","Sponsored Products","21.11","AUD"
"2026-01-28","431503342672607","Sponsored Products","0.00","USD"
"2026-01-04","354591663011981","Sponsored Brands","0.00","USD"
"2026-01-19","353468389499196","Sponsored Brands","3.10","USD"
"2026-01-12","495677195822245","Sponsored Brands","0.00","USD"
"2026-01-17","551134208715253","Sponsored Products","0.00","AUD"
"2026-01-11","373663567761151","Sponsored Products","0.00","USD"
"2026-01-29","137772430611725","Sponsored Products","0.00","USD"
"2026-01-21","398122169001461","Sponsored Products","1.65","AUD"
"2026-01-23","305150240202410","Sponsored Brands","1.87","USD"
"2026-01-25","455193289976402","Sponsored Products","1.22","USD"
"2026-01-10","452065263384491","Sponsored Brands","7.18","USD"
"2026-01-13","551785069524711","Sponsored Products","1.58","USD"
"2026-01-08","485031869326352","Sponsored Products","0.00","AUD"
"2026-01-23","299897583007336","Sponsored Products","1.84","USD"
"2026-01-25","551785069524711","Sponsored Products","3.73","USD"
"2026-01-09","497204182729156","Sponsored Brands","0.00","USD"
"2026-01-07","522533017982048","Sponsored Products","0.00","CAD"
"2026-01-26","452082306058129","Sponsored Brands","3.79","CAD"
"2026-01-11","529431876389782","Sponsored Products","0.00","USD"
"2026-01-07","367083122067501","Sponsored Display","0.00","USD"
"2026-01-10","529431876389782","Sponsored Products","0.00","USD"
"2026-01-25","286855949125211","Sponsored Products","5.64","AUD"
"2026-01-28","340849210853799","Sponsored Products","0.00","USD"
"2026-01-13","278400043801722","Sponsored Products","0.00","GBP"
"2026-01-22","284096201830626","Sponsored Display","1.24","USD"
"2026-01-02","514416545593290","Sponsored Products","2.51","USD"
"2026-01-14","555360954347903","Sponsored Products","0.00","CAD"
"2026-01-12","366993568403124","Sponsored Products","40.05","USD"
"2026-01-07","310318758176650","Sponsored Products","0.00","CAD"
"2026-01-14","303332324664421","Sponsored Products","0.00","USD"
"2026-01-24","327999245273994","Sponsored Brands","0.00","USD"
"2026-01-22","383706936707329","Sponsored Brands","0.45","USD"
"2026-01-30","72790979016813","Sponsored Products","5.19","USD"
"2026-01-02","342233969782751","Sponsored Products","14.24","USD"
"2026-01-29","215966552761313","Sponsored Products","0.00","USD"
"2026-01-23","338934805167255","Sponsored Products","0.00","USD"
"2026-01-08","539931100075119","Sponsored Brands","6.63","USD"
"2026-01-05","386893543852916","Sponsored Products","5.34","CAD"
"2026-01-19","398718122329444","Sponsored Products","0.43","GBP"
"2026-01-31","297335215332435","Sponsored Products","2.88","CAD"
"2026-01-18","342468627864471","Sponsored Products","0.00","GBP"
"2026-01-24","475621849553010","Sponsored Brands","0.00","CAD"
"2026-01-16","471805907077682","Sponsored Products","0.00","USD"
"2026-01-25","398859393836995","Sponsored Products","3.71","GBP"
"2026-01-08","312632253610695","Sponsored Brands","16.14","USD"
"2026-01-11","397652540263806","Sponsored Products","0.00","CAD"
"2026-01-25","530911335551258","Sponsored Products","0.00","CAD"
"2026-01-11","359104344566153","Sponsored Products","0.00","USD"
"2026-01-31","354627207584492","Sponsored Products","0.00","CAD"
"2026-01-06","487313850471925","Sponsored Brands","0.00","USD"
"2026-01-10","354627207584492","Sponsored Products","0.45","CAD"
"2026-01-21","529279517874985","Sponsored Products","0.00","AUD"
"2026-01-08","312711508263023","Sponsored Products","1.66","AUD"
"2026-01-03","329222077811459","Sponsored Brands","0.00","GBP"
"2026-01-13","454564300195235","Sponsored Products","3.17","GBP"
"2026-01-18","432013629308606","Sponsored Brands","4.60","CAD"
"2026-01-19","317413414518930","Sponsored Products","0.54","GBP"
"2026-01-02","299897583007336","Sponsored Products","0.00","USD"
"2026-01-09","413308568322873","Sponsored Brands","0.00","USD"
"2026-01-16","523047960784195","Sponsored Products","13.06","USD"
"2026-01-27","396006036421092","Sponsored Products","0.00","USD"
"2026-01-02","539931100075119","Sponsored Brands","4.10","USD"
"2026-01-08","405261002610411","Sponsored Products","0.00","GBP"
"2026-01-20","297335215332435","Sponsored Products","2.29","CAD"
"2026-01-22","562857825893299","Sponsored Products","2.93","USD"
"2026-01-29","380787783830601","Sponsored Products","0.00","USD"
"2026-01-03","307534770253902","Sponsored Products","0.00","CAD"
"2026-01-17","336347500415431","Sponsored Products","2.33","USD"
"2026-01-17","432312765744113","Sponsored Products","0.00","USD"
"2026-01-25","491770987077396","Sponsored Products","30.80","USD"
"2026-01-22","380439551325000","Sponsored Products","1.35","GBP"
"2026-01-31","363048566293204","Sponsored Brands","0.00","GBP"
"2026-01-12","369371745062988","Sponsored Products","0.00","CAD"
"2026-01-05","291612323170971","Sponsored Products","0.00","CAD"
"2026-01-05","402744546317623","Sponsored Brands","0.00","GBP"
"2026-01-12","288669281122601","Sponsored Products","0.00","AUD"
"2026-01-26","548511206574211","Sponsored Brands","0.00","AUD"
"2026-01-04","554029658228344","Sponsored Display","0.00","GBP"
"2026-01-31","267283875717235","Sponsored Products","0.00","USD"
"2026-01-30","360412290312296","Sponsored Brands","3.08","CAD"
"2026-01-17","430840323605870","Sponsored Products","0.00","USD"
"2026-01-29","384986795476042","Sponsored Brands","2.56","CAD"
"2026-01-13","321879822518995","Sponsored Products","0.00","AUD"
"2026-01-27","398718122329444","Sponsored Products","3.04","GBP"
"2026-01-31","138135222992233","Sponsored Products","13.80","USD"
"2026-01-26","398859393836995","Sponsored Products","0.32","GBP"
"2026-01-10","366616645988820","Sponsored Products","0.00","CAD"
"2026-01-02","288045582881440","Sponsored Products","0.00","USD"
"2026-01-24","347536643859180","Sponsored Products","0.59","GBP"
"2026-01-11","380439551325000","Sponsored Products","3.10","GBP"
"2026-01-23","324740828073799","Sponsored Products","0.78","AUD"
"2026-01-21","464658704178346","Sponsored Brands","6.90","USD"
"2026-01-21","539931100075119","Sponsored Brands","3.62","USD"
"2026-01-05","373663567761151","Sponsored Products","0.00","USD"
"2026-01-23","398718122329444","Sponsored Products","4.07","GBP"
"2026-01-10","342233969782751","Sponsored Products","3.49","USD"
"2026-01-04","486701736662809","Sponsored Products","0.00","AUD"
"2026-01-30","461174245552414","Sponsored Products","0.76","AUD"
"2026-01-14","312632253610695","Sponsored Brands","63.76","USD"
"2026-01-13","429216730447678","Sponsored Products","0.00","AUD"
"2026-01-30","128770506922317","Sponsored Products","9.67","USD"
"2026-01-06","360836238849040","Sponsored Products","0.00","AUD"
"2026-01-25","532209379687062","Sponsored Display","0.00","GBP"
"2026-01-23","538771699321102","Sponsored Products","0.00","AUD"
"2026-01-19","518228166841375","Sponsored Brands","1.39","GBP"
"2026-01-31","419802202221779","Sponsored Products","1.96","CAD"
"2026-01-23","288851430690246","Sponsored Products","0.14","GBP"
"2026-01-12","434170639918769","Sponsored Brands","7.76","USD"
"2026-01-13","307697977606315","Sponsored Products","0.00","CAD"
"2026-01-10","557738489078024","Sponsored Products","0.65","CAD"
"2026-01-28","453239686745418","Sponsored Products","2.00","GBP"
"2026-01-06","546618773117950","Sponsored Brands","0.00","AUD"
"2026-01-06","352761064226908","Sponsored Brands","0.00","CAD"
"2026-01-30","149942312994880","Sponsored Products","0.00","USD"
"2026-01-20","378858058113466","Sponsored Products","0.90","CAD"
"2026-01-28","202299611765170","Sponsored Products","0.00","USD"
"2026-01-25","473740316381787","Sponsored Products","1.95","GBP"
"2026-01-16","402078469217372","Sponsored Products","13.01","USD"
"2026-01-01","371021037712738","Sponsored Products","6.48","USD"
"2026-01-10","336347500415431","Sponsored Products","1.22","USD"
"2026-01-19","406487274006731","Sponsored Products","0.00","AUD"
"2026-01-28","409429087898453","Sponsored Display","0.00","CAD"
"2026-01-20","371604599978031","Sponsored Products","0.47","AUD"
"2026-01-30","156989235380210","Sponsored Products","72.11","USD"
"2026-01-22","428914757065848","Sponsored Products","2.85","CAD"
"2026-01-23","558782683947956","Sponsored Products","0.00","CAD"
"2026-01-06","495242868805173","Sponsored Products","4.40","GBP"
"2026-01-15","284096201830626","Sponsored Display","0.10","USD"
"2026-01-11","405261002610411","Sponsored Products","0.00","GBP"
"2026-01-04","524438997214345","Sponsored Products","6.32","USD"
"2026-01-21","455510939824845","Sponsored Products","0.00","USD"
"2026-01-12","485543012454911","Sponsored Products","3.33","USD"
"2026-01-26","354591663011981","Sponsored Brands","1.18","USD"
"2026-01-06","354036750973331","Sponsored Products","7.19","CAD"
"2026-01-22","463874563272935","Sponsored Brands","0.00","AUD"
"2026-01-25","517050919084211","Sponsored Products","0.09","CAD"
"2026-01-12","542395622943712","Sponsored Products","2.73","GBP"
"2026-01-12","521187964040554","Sponsored Products","0.00","CAD"
"2026-01-05","557802220335065","Sponsored Products","0.00","CAD"
"2026-01-27","409429087898453","Sponsored Display","0.23","CAD"
"2026-01-01","506556070299851","Sponsored Products","0.00","USD"
"2026-01-29","535387208566969","Sponsored Products","0.00","USD"
"2026-01-09","417350251520986","Sponsored Products","1.88","USD"
"2026-01-16","323864334787492","Sponsored Products","0.00","AUD"
"2026-01-25","503460776607859","Sponsored Brands","0.00","CAD"
"2026-01-01","488469035179419","Sponsored Brands","0.00","AUD"
"2026-01-27","342468627864471","Sponsored Products","0.00","GBP"
"2026-01-03","402078469217372","Sponsored Products","24.60","USD"
"2026-01-02","405896045618734","Sponsored Display","0.00","USD"
"2026-01-19","487313850471925","Sponsored Brands","0.00","USD"
"2026-01-30","392699328377229","Sponsored Products","0.00","AUD"
"2026-01-14","332000738328227","Sponsored Products","19.05","USD"
"2026-01-18","539750977499191","Sponsored Products","5.80","CAD"
"2026-01-10","501445692271818","Sponsored Products","4.70","USD"
"2026-01-10","386893543852916","Sponsored Products","2.53","CAD"
"2026-01-11","446701085946014","Sponsored Products","0.00","GBP"
"2026-01-26","286855949125211","Sponsored Products","10.62","AUD"
"2026-01-12","491366396962687","Sponsored Brands","0.66","USD"
"2026-01-17","400050759741035","Sponsored Products","0.28","USD"
"2026-01-14","504962652065858","Sponsored Brands","2.59","AUD"
"2026-01-08","350228282296039","Sponsored Products","0.68","USD"
"2026-01-18","431386932028495","Sponsored Products","16.01","USD"
"2026-01-27","353468389499196","Sponsored Brands","0.32","USD"
"2026-01-02","537407450418588","Sponsored Products","15.06","USD"
"2026-01-12","336361735801015","Sponsored Products","0.32","USD"
"2026-01-14","363551194960955","Sponsored Products","0.00","CAD"
"2026-01-09","320522945603717","Sponsored Brands","0.00","CAD"
"2026-01-29","504962652065858","Sponsored Brands","0.00","AUD"
"2026-01-29","288086271468562","Sponsored Products","2.91","USD"
"2026-01-29","451323086678396","Sponsored Products","0.00","USD"
"2026-01-13","499207203040639","Sponsored Products","0.00","USD"
"2026-01-07","511519443187302","Sponsored Products","5.42","GBP"
"2026-01-24","555625239663839","Sponsored Products","16.53","USD"
"2026-01-08","452082306058129","Sponsored Brands","1.46","CAD"
"2026-01-31","176992507771254","Sponsored Products","1.86","USD"
"2026-01-12","301972852761247","Sponsored Products","0.00","USD"
"2026-01-09","521187964040554","Sponsored Products","0.00","CAD"
"2026-01-25","366303362151528","Sponsored Products","1.39","USD"
"2026-01-14","536186527693818","Sponsored Products","14.24","USD"
"2026-01-12","459130146103681","Sponsored Display","0.00","AUD"
"2026-01-07","308606443975325","Sponsored Display","0.00","AUD"
"2026-01-09","368310850203338","Sponsored Products","3.89","USD"
"2026-01-21","309978526979947","Sponsored Products","1.08","USD"
"2026-01-07","288669281122601","Sponsored Products","0.00","AUD"
"2026-01-04","345786769504667","Sponsored Products","0.72","USD"
"2026-01-11","455510939824845","Sponsored Products","0.45","USD"
"2026-01-23","530911335551258","Sponsored Products","0.00","CAD"
"2026-01-06","372498463102329","Sponsored Products","0.00","GBP"
"2026-01-26","516157903732083","Sponsored Products","0.00","GBP"
"2026-01-18","399857229182854","Sponsored Brands","2.51","GBP"
"2026-01-31","518653489850740","Sponsored Brands","0.00","USD"
"2026-01-27","527711743915708","Sponsored Products","26.71","USD"
"2026-01-09","511509048867805","Sponsored Products","90.74","USD"
"2026-01-08","384137786867273","Sponsored Products","0.00","USD"
"2026-01-27","545989665090053","Sponsored Brands","0.57","GBP"
"2026-01-01","548511206574211","Sponsored Brands","0.00","AUD"
"2026-01-04","459488439760934","Sponsored Products","0.00","GBP"
"2026-01-08","457705240079738","Sponsored Brands","0.00","GBP"
"2026-01-17","397652540263806","Sponsored Products","0.64","CAD"
"2026-01-21","381243195375500","Sponsored Products","1.56","USD"
"2026-01-30","375880567146391","Sponsored Display","1.11","AUD"
"2026-01-29","531187508971652","Sponsored Display","0.00","CAD"
"2026-01-05","539834455179217","Sponsored Products","2.30","USD"
"2026-01-03","442522120858299","Sponsored Products","0.00","USD"
"2026-01-11","514416545593290","Sponsored Products","1.01","USD"
"2026-01-20","560541401556849","Sponsored Products","1.37","GBP"
"2026-01-03","557814926181675","Sponsored Products","1.45","CAD"
"2026-01-06","411197191773342","Sponsored Products","0.00","AUD"
"2026-01-21","430840323605870","Sponsored Products","0.00","USD"
"2026-01-20","348184859637636","Sponsored Brands","1.44","USD"
"2026-01-08","324446919049652","Sponsored Products","3.30","USD"
"2026-01-27","381948820461821","Sponsored Brands","0.00","USD"
"2026-01-23","373188657935606","Sponsored Products","0.00","AUD"
"2026-01-24","556616987602606","Sponsored Products","3.87","USD"
"2026-01-31","43460676635147","Sponsored Products","0.00","USD"
"2026-01-20","347536643859180","Sponsored Products","0.58","GBP"
"2026-01-13","316018693107855","Sponsored Products","7.20","USD"
"2026-01-08","493519110544788","Sponsored Products","6.45","USD"
"2026-01-09","548511206574211","Sponsored Brands","0.00","AUD"
"2026-01-12","284235017891966","Sponsored Products","2.72","CAD"
"2026-01-12","546618773117950","Sponsored Brands","0.00","AUD"
"2026-01-25","303784488331012","Sponsored Display","0.00","AUD"
"2026-01-06","428015197375542","Sponsored Products","0.00","AUD"
"2026-01-04","494994223093944","Sponsored Brands","0.00","AUD"
"2026-01-30","428015197375542","Sponsored Products","0.00","AUD"
"2026-01-13","532209379687062","Sponsored Display","0.72","GBP"
"2026-01-01","291618943691121","Sponsored Brands","0.00","AUD"
"2026-01-02","381243195375500","Sponsored Products","2.83","USD"
"2026-01-25","423538576850039","Sponsored Products","0.00","AUD"
"2026-01-16","524438997214345","Sponsored Products","0.00","USD"
"2026-01-21","332000738328227","Sponsored Products","14.29","USD"
"2026-01-02","495242868805173","Sponsored Products","1.44","GBP"
"2026-01-13","476511840833684","Sponsored Products","0.14","GBP"
"2026-01-24","500955748191612","Sponsored Products","0.00","USD"
"2026-01-16","320522945603717","Sponsored Brands","0.00","CAD"
"2026-01-22","304676183651349","Sponsored Products","0.00","USD"
"2026-01-07","303332324664421","Sponsored Products","0.00","USD"
"2026-01-31","48758698369103","Sponsored Products","6.69","USD"
"2026-01-17","327323455598643","Sponsored Products","0.00","GBP"
"2026-01-05","406964010755868","Sponsored Products","0.00","CAD"
"2026-01-02","482195104755571","Sponsored Brands","0.90","GBP"
"2026-01-20","494896120843036","Sponsored Products","0.40","USD"
"2026-01-24","316207062053537","Sponsored Products","0.00","AUD"
"2026-01-28","321516368269611","Sponsored Products","0.73","CAD"
"2026-01-12","189738652799913","Sponsored Brands","0.00","CAD"
"2026-01-08","291194333337791","Sponsored Products","0.85","USD"
"2026-01-11","363551194960955","Sponsored Products","0.00","CAD"
"2026-01-11","557738489078024","Sponsored Products","0.77","CAD"
"2026-01-15","371623685288534","Sponsored Brands","1.80","GBP"
"2026-01-12","316207062053537","Sponsored Products","0.00","AUD"
"2026-01-30","542395622943712","Sponsored Products","1.99","GBP"
"2026-01-07","399857229182854","Sponsored Brands","0.82","GBP"
"2026-01-03","392537273853228","Sponsored Brands","0.00","AUD"
"2026-01-23","284235017891966","Sponsored Products","5.67","CAD"
"2026-01-29","96473122408354","Sponsored Products","0.00","USD"
"2026-01-22","542616313773815","Sponsored Brands","0.52","USD"
"2026-01-30","141552428309171","Sponsored Products","150.10","USD"
"2026-01-30","145958940968220","Sponsored Products","2.47","USD"
"2026-01-30","99206488936490","Sponsored Products","0.00","USD"
"2026-01-11","431386932028495","Sponsored Products","12.66","USD"
"2026-01-18","440503817971150","Sponsored Products","16.89","USD"
"2026-01-26","557738489078024","Sponsored Products","0.00","CAD"
"2026-01-02","292726552706968","Sponsored Products","0.00","USD"
"2026-01-28","502907079288115","Sponsored Products","0.00","CAD"
"2026-01-28","327955853177271","Sponsored Products","2.08","USD"
"2026-01-14","444969564092992","Sponsored Products","0.00","CAD"
"2026-01-06","559365035833525","Sponsored Brands","0.00","AUD"
"2026-01-13","479364871682871","Sponsored Products","12.68","USD"
"2026-01-25","368310850203338","Sponsored Products","1.40","USD"
"2026-01-08","554029658228344","Sponsored Display","0.00","GBP"
"2026-01-24","288086271468562","Sponsored Products","77.12","USD"
"2026-01-21","443805539282973","Sponsored Brands","0.25","CAD"
"2026-01-26","540593023678755","Sponsored Products","0.00","USD"
"2026-01-28","345786769504667","Sponsored Products","0.00","USD"
"2026-01-04","322178684810700","Sponsored Products","0.00","USD"
"2026-01-16","424413890381694","Sponsored Products","0.00","USD"
"2026-01-18","396524009311704","Sponsored Brands","1.31","CAD"
"2026-01-11","471805907077682","Sponsored Products","2.00","USD"
"2026-01-07","307922603865773","Sponsored Products","25.87","USD"
"2026-01-28","318399173824872","Sponsored Products","2.19","GBP"
"2026-01-29","14582572617569","Sponsored Products","0.00","USD"
"2026-01-29","455193289976402","Sponsored Products","0.00","USD"
"2026-01-28","506556070299851","Sponsored Products","0.00","USD"
"2026-01-03","539931100075119","Sponsored Brands","2.77","USD"
"2026-01-04","429216730447678","Sponsored Products","0.00","AUD"
"2026-01-17","407346576799567","Sponsored Products","0.00","AUD"
"2026-01-28","344516434946756","Sponsored Products","3.20","USD"
"2026-01-03","369615938436026","Sponsored Products","0.00","USD"
"2026-01-28","293195244233089","Sponsored Products","1.49","USD"
"2026-01-02","453187476718269","Sponsored Display","0.00","CAD"
"2026-01-08","509593684638198","Sponsored Brands","0.00","USD"
"2026-01-23","494590942145867","Sponsored Products","28.34","CAD"
"2026-01-27","288851430690246","Sponsored Products","0.00","GBP"
"2026-01-16","310318758176650","Sponsored Products","0.30","CAD"
"2026-01-29","42141939819441","Sponsored Products","1.02","USD"
"2026-01-15","303784488331012","Sponsored Display","0.00","AUD"
"2026-01-23","491792683377286","Sponsored Products","0.00","USD"
"2026-01-06","386920533914758","Sponsored Brands","0.80","CAD"
"2026-01-26","562873832621330","Sponsored Products","0.00","GBP"
"2026-01-02","469490646233874","Sponsored Products","16.77","USD"
"2026-01-29","280528554873543","Sponsored Products","0.00","USD"
"2026-01-21","530543664696574","Sponsored Products","0.00","AUD"
"2026-01-25","511828144987995","Sponsored Products","2.15","GBP"
"2026-01-07","400220148801129","Sponsored Products","0.00","GBP"
"2026-01-12","380439551325000","Sponsored Products","4.33","GBP"
"2026-01-04","455688132780953","Sponsored Brands","4.73","USD"
"2026-01-17","314318800479242","Sponsored Products","0.00","AUD"
"2026-01-10","399629340308947","Sponsored Brands","0.00","AUD"
"2026-01-06","488078103319545","Sponsored Brands","0.00","USD"
"2026-01-29","288851430690246","Sponsored Products","0.00","GBP"
"2026-01-20","502907079288115","Sponsored Products","0.00","CAD"
"2026-01-25","292138679780956","Sponsored Products","0.00","AUD"
"2026-01-12","553804041062258","Sponsored Products","2.30","USD"
"2026-01-26","360836238849040","Sponsored Products","0.00","AUD"
"2026-01-08","382536260418493","Sponsored Brands","0.00","USD"
"2026-01-19","479364871682871","Sponsored Products","11.62","USD"
"2026-01-07","495242868805173","Sponsored Products","1.85","GBP"
"2026-01-21","325883174926875","Sponsored Brands","1.23","USD"
"2026-01-20","417350251520986","Sponsored Products","0.00","USD"
"2026-01-16","378858058113466","Sponsored Products","1.16","CAD"
"2026-01-15","498217737469979","Sponsored Brands","0.00","USD"
"2026-01-24","456837390130096","Sponsored Products","0.00","AUD"
"2026-01-21","537194794349407","Sponsored Products","0.00","USD"
"2026-01-07","366616645988820","Sponsored Products","0.00","CAD"
"2026-01-14","455510939824845","Sponsored Products","1.34","USD"
"2026-01-13","405261002610411","Sponsored Products","0.00","GBP"
"2026-01-30","539750977499191","Sponsored Products","7.19","CAD"
"2026-01-05","346642528003053","Sponsored Products","0.00","USD"
"2026-01-13","531187508971652","Sponsored Display","0.00","CAD"
"2026-01-10","539834455179217","Sponsored Products","1.71","USD"
"2026-01-24","278400043801722","Sponsored Products","0.27","GBP"
"2026-01-29","309601314328778","Sponsored Products","0.00","CAD"
"2026-01-28","262727752997615","Sponsored Products","0.00","USD"
"2026-01-23","307922603865773","Sponsored Products","5.21","USD"
"2026-01-25","411564343397398","Sponsored Products","0.00","USD"
"2026-01-14","454571413921997","Sponsored Products","0.00","GBP"
"2026-01-14","327323455598643","Sponsored Products","0.00","GBP"
"2026-01-09","511519443187302","Sponsored Products","12.99","GBP"
"2026-01-24","386893543852916","Sponsored Products","2.01","CAD"
"2026-01-16","442522120858299","Sponsored Products","0.00","USD"
"2026-01-13","366303362151528","Sponsored Products","0.00","USD"
"2026-01-22","354036750973331","Sponsored Products","2.17","CAD"
"2026-01-21","428914757065848","Sponsored Products","5.44","CAD"
"2026-01-10","453187476718269","Sponsored Display","0.00","CAD"
"2026-01-02","327999245273994","Sponsored Brands","15.81","USD"
"2026-01-06","537407450418588","Sponsored Products","10.15","USD"
"2026-01-15","431503342672607","Sponsored Products","0.00","USD"
"2026-01-02","304676183651349","Sponsored Products","0.71","USD"
"2026-01-29","312451130238004","Sponsored Brands","0.00","USD"
"2026-01-29","484271755377666","Sponsored Products","0.00","CAD"
"2026-01-08","423699972104364","Sponsored Brands","1.35","USD"
"2026-01-06","428914757065848","Sponsored Products","5.19","CAD"
"2026-01-24","368310850203338","Sponsored Products","2.12","USD"
"2026-01-16","411564343397398","Sponsored Products","10.75","USD"
"2026-01-30","30651955945418","Sponsored Products","0.00","USD"
"2026-01-13","354627207584492","Sponsored Products","0.00","CAD"
"2026-01-14","423538576850039","Sponsored Products","0.00","AUD"
"2026-01-26","423538576850039","Sponsored Products","0.00","AUD"
"2026-01-17","546618773117950","Sponsored Brands","3.09","AUD"
"2026-01-17","546191132663927","Sponsored Brands","1.29","USD"
"2026-01-30","354484097353439","Sponsored Products","0.00","GBP"
"2026-01-18","354036750973331","Sponsored Products","2.52","CAD"
"2026-01-30","48433117829801","Sponsored Products","12.41","USD"
"2026-01-22","521187964040554","Sponsored Products","1.38","CAD"
"2026-01-18","342233969782751","Sponsored Products","3.61","USD"
"2026-01-01","363551194960955","Sponsored Products","0.88","CAD"
"2026-01-09","488078103319545","Sponsored Brands","0.00","USD"
"2026-01-21","455193289976402","Sponsored Products","1.64","USD"
"2026-01-07","546191132663927","Sponsored Brands","2.21","USD"
"2026-01-01","481343337793629","Sponsored Products","0.00","GBP"
"2026-01-19","454992450655768","Sponsored Products","0.00","USD"
"2026-01-19","428201110992726","Sponsored Products","9.98","USD"
"2026-01-08","487327596470810","Sponsored Products","0.00","USD"
"2026-01-08","455100983218716","Sponsored Brands","0.35","USD"
"2026-01-25","297335215332435","Sponsored Products","5.62","CAD"
"2026-01-27","345230959620455","Sponsored Products","2.96","CAD"
"2026-01-27","286601245904247","Sponsored Products","0.00","CAD"
"2026-01-16","509593684638198","Sponsored Brands","2.72","USD"
"2026-01-18","317413414518930","Sponsored Products","0.00","GBP"
"2026-01-21","424600049511604","Sponsored Products","1.93","USD"
"2026-01-07","490007501473330","Sponsored Products","0.65","USD"
"2026-01-22","373188657935606","Sponsored Products","0.00","AUD"
"2026-01-09","542395622943712","Sponsored Products","0.48","GBP"
"2026-01-01","360412290312296","Sponsored Brands","5.33","CAD"
"2026-01-30","94121140300347","Sponsored Products","7.13","USD"
"2026-01-16","367083122067501","Sponsored Display","1.35","USD"
"2026-01-06","453239686745418","Sponsored Products","2.36","GBP"
"2026-01-18","373593607967581","Sponsored Display","0.00","AUD"
"2026-01-21","512730232590991","Sponsored Products","3.68","USD"
"2026-01-27","400936883710783","Sponsored Products","6.18","AUD"
"2026-01-22","323864334787492","Sponsored Products","0.00","AUD"
"2026-01-11","442522120858299","Sponsored Products","0.00","USD"
"2026-01-14","371604599978031","Sponsored Products","0.00","AUD"
"2026-01-26","486969120687335","Sponsored Products","13.69","USD"
"2026-01-24","484239021223334","Sponsored Products","0.00","AUD"
"2026-01-02","560000811916391","Sponsored Brands","4.23","USD"
"2026-01-10","371623685288534","Sponsored Brands","1.80","GBP"
"2026-01-17","339568026468029","Sponsored Brands","0.28","CAD"
"2026-01-31","400936883710783","Sponsored Products","4.44","AUD"
"2026-01-25","439118795538688","Sponsored Brands","0.00","CAD"
"2026-01-26","532209379687062","Sponsored Display","1.38","GBP"
"2026-01-12","463570831006082","Sponsored Products","0.00","CAD"
"2026-01-05","316265693147625","Sponsored Products","0.00","GBP"
"2026-01-05","451323086678396","Sponsored Products","3.13","USD"
"2026-01-22","503460776607859","Sponsored Brands","0.00","CAD"
"2026-01-10","524438997214345","Sponsored Products","2.64","USD"
"2026-01-20","481343337793629","Sponsored Products","0.00","GBP"
"2026-01-16","316018693107855","Sponsored Products","10.17","USD"
"2026-01-21","450116297068538","Sponsored Products","0.00","USD"
"2026-01-09","284096201830626","Sponsored Display","0.12","USD"
"2026-01-08","387735099454991","Sponsored Products","0.00","USD"
"2026-01-30","441925918527435","Sponsored Brands","3.55","USD"
"2026-01-17","399629340308947","Sponsored Brands","0.00","AUD"
"2026-01-03","440997775738977","Sponsored Products","0.00","AUD"
"2026-01-29","202299611765170","Sponsored Products","1.93","USD"
"2026-01-23","368310850203338","Sponsored Products","0.00","USD"
"2026-01-31","542333703103187","Sponsored Products","0.00","AUD"
"2026-01-03","303784488331012","Sponsored Display","0.00","AUD"
"2026-01-08","557802220335065","Sponsored Products","0.00","CAD"
"2026-01-26","342233969782751","Sponsored Products","3.89","USD"
"2026-01-10","399703016940832","Sponsored Brands","0.00","CAD"
"2026-01-30","320522945603717","Sponsored Brands","0.00","CAD"
"2026-01-25","516342953216189","Sponsored Products","2.13","USD"
"2026-01-31","371623685288534","Sponsored Brands","5.43","GBP"
"2026-01-30","369371745062988","Sponsored Products","0.00","CAD"
"2026-01-27","531187508971652","Sponsored Display","0.00","CAD"
"2026-01-05","514416545593290","Sponsored Products","0.00","USD"
"2026-01-22","345230959620455","Sponsored Products","0.80","CAD"
"2026-01-15","375840213985973","Sponsored Products","0.00","USD"
"2026-01-07","380662946968621","Sponsored Display","20.39","USD"
"2026-01-05","298636506131156","Sponsored Brands","0.00","AUD"
"2026-01-16","392972027720670","Sponsored Products","0.61","CAD"
"2026-01-11","395588635574089","Sponsored Brands","0.00","USD"
"2026-01-20","375880567146391","Sponsored Display","0.89","AUD"
"2026-01-23","488650993039900","Sponsored Brands","0.00","USD"
"2026-01-12","360412290312296","Sponsored Brands","0.00","CAD"
"2026-01-05","338934805167255","Sponsored Products","2.12","USD"
"2026-01-10","342468627864471","Sponsored Products","0.00","GBP"
"2026-01-10","411293040066733","Sponsored Products","0.69","GBP"
"2026-01-20","407444835513369","Sponsored Brands","0.53","CAD"
"2026-01-18","539834455179217","Sponsored Products","1.18","USD"
"2026-01-26","531616041116243","Sponsored Products","0.00","USD"
"2026-01-20","562763694980171","Sponsored Products","0.00","GBP"
"2026-01-27","398122169001461","Sponsored Products","3.03","AUD"
"2026-01-31","555516622120091","Sponsored Brands","1.26","GBP"
"2026-01-19","291060086740958","Sponsored Products","8.66","USD"
"2026-01-08","312451130238004","Sponsored Brands","0.22","USD"
"2026-01-08","455688132780953","Sponsored Brands","0.66","USD"
"2026-01-07","454571413921997","Sponsored Products","0.00","GBP"
"2026-01-18","453187476718269","Sponsored Display","1.32","CAD"
"2026-01-01","280884599605823","Sponsored Products","7.76","USD"
"2026-01-28","93061813718954","Sponsored Products","5.07","USD"
"2026-01-03","546618773117950","Sponsored Brands","0.00","AUD"
"2026-01-03","316207062053537","Sponsored Products","0.00","AUD"
"2026-01-16","494590942145867","Sponsored Products","30.92","CAD"
"2026-01-26","402078469217372","Sponsored Products","21.92","USD"
"2026-01-11","562873832621330","Sponsored Products","0.74","GBP"
"2026-01-04","517771475884325","Sponsored Brands","0.00","USD"
"2026-01-25","511509048867805","Sponsored Products","84.34","USD"
"2026-01-22","419764168918332","Sponsored Brands","2.13","AUD"
"2026-01-14","461174245552414","Sponsored Products","0.00","AUD"
"2026-01-26","368310850203338","Sponsored Products","0.00","USD"
"2026-01-05","303344079444236","Sponsored Brands","2.55","GBP"
"2026-01-16","400936883710783","Sponsored Products","0.84","AUD"
"2026-01-22","317772463042332","Sponsored Products","0.06","AUD"
"2026-01-05","503995766126833","Sponsored Products","1.93","GBP"
"2026-01-05","429080278331990","Sponsored Products","0.00","USD"
"2026-01-30","555625239663839","Sponsored Products","0.00","USD"
"2026-01-14","323864334787492","Sponsored Products","0.00","AUD"
"2026-01-19","317772463042332","Sponsored Products","0.00","AUD"
"2026-01-10","457705240079738","Sponsored Brands","0.00","GBP"
"2026-01-14","305150240202410","Sponsored Brands","0.98","USD"
"2026-01-24","345786769504667","Sponsored Products","1.53","USD"
"2026-01-29","455100983218716","Sponsored Brands","0.00","USD"
"2026-01-29","531616041116243","Sponsored Products","0.00","USD"
"2026-01-16","351594278748520","Sponsored Products","1.05","USD"
"2026-01-27","454992450655768","Sponsored Products","0.99","USD"
"2026-01-30","455100983218716","Sponsored Brands","0.00","USD"
"2026-01-01","463874563272935","Sponsored Brands","0.43","AUD"
"2026-01-18","286855949125211","Sponsored Products","3.59","AUD"
"2026-01-03","495699106211812","Sponsored Products","7.34","AUD"
"2026-01-22","369371745062988","Sponsored Products","0.00","CAD"
"2026-01-26","380787783830601","Sponsored Products","0.00","USD"
"2026-01-07","428201110992726","Sponsored Products","11.82","USD"
"2026-01-07","375262111034104","Sponsored Brands","2.16","USD"
"2026-01-31","352761064226908","Sponsored Brands","10.70","CAD"
"2026-01-02","488227359567395","Sponsored Products","0.00","GBP"
"2026-01-04","288851430690246","Sponsored Products","0.60","GBP"
"2026-01-16","395304589984653","Sponsored Products","0.00","CAD"
"2026-01-09","291612323170971","Sponsored Products","0.00","CAD"
"2026-01-02","455510939824845","Sponsored Products","1.98","USD"
"2026-01-10","486969120687335","Sponsored Products","13.57","USD"
"2026-01-10","467986598930085","Sponsored Products","6.24","USD"
"2026-01-28","518653489850740","Sponsored Brands","0.00","USD"
"2026-01-03","303332324664421","Sponsored Products","0.00","USD"
"2026-01-26","422044464968254","Sponsored Products","6.79","GBP"
"2026-01-23","454992450655768","Sponsored Products","0.99","USD"
"2026-01-05","342233969782751","Sponsored Products","4.60","USD"
"2026-01-08","562763694980171","Sponsored Products","0.00","GBP"
"2026-01-23","536492240546443","Sponsored Products","0.00","CAD"
"2026-01-09","531616041116243","Sponsored Products","0.84","USD"
"2026-01-07","316207062053537","Sponsored Products","0.00","AUD"
"2026-01-04","303344079444236","Sponsored Brands","0.22","GBP"
"2026-01-28","312632253610695","Sponsored Brands","57.53","USD"
"2026-01-02","471805907077682","Sponsored Products","0.00","USD"
"2026-01-09","443805539282973","Sponsored Brands","0.00","CAD"
"2026-01-23","291060086740958","Sponsored Products","20.92","USD"
"2026-01-08","532503737498489","Sponsored Products","4.14","USD"
"2026-01-21","318148591057223","Sponsored Products","0.00","GBP"
"2026-01-11","434871922933588","Sponsored Brands","1.61","CAD"
"2026-01-10","531616041116243","Sponsored Products","0.00","USD"
"2026-01-06","302895720770009","Sponsored Brands","0.00","GBP"
"2026-01-02","555379102425019","Sponsored Products","1.04","CAD"
"2026-01-08","344516434946756","Sponsored Products","1.68","USD"
"2026-01-11","521187964040554","Sponsored Products","0.03","CAD"
"2026-01-21","328156874590794","Sponsored Brands","1.71","USD"
"2026-01-11","342233969782751","Sponsored Products","1.06","USD"
"2026-01-21","386893543852916","Sponsored Products","4.11","CAD"
"2026-01-28","469438672280657","Sponsored Products","0.00","GBP"
"2026-01-14","517050919084211","Sponsored Products","0.00","CAD"
"2026-01-16","491792683377286","Sponsored Products","1.26","USD"
"2026-01-17","288851430690246","Sponsored Products","0.00","GBP"
"2026-01-01","454564300195235","Sponsored Products","1.51","GBP"
"2026-01-02","408719546145761","Sponsored Products","0.54","USD"
"2026-01-15","354484097353439","Sponsored Products","1.88","GBP"
"2026-01-25","320522945603717","Sponsored Brands","4.32","CAD"
"2026-01-19","461174245552414","Sponsored Products","2.65","AUD"
"2026-01-18","367083122067501","Sponsored Display","0.31","USD"
"2026-01-16","464658704178346","Sponsored Brands","10.56","USD"
"2026-01-02","432312765744113","Sponsored Products","10.06","USD"
"2026-01-18","375451164709840","Sponsored Products","0.00","GBP"
"2026-01-02","493216310640409","Sponsored Brands","2.25","USD"
"2026-01-25","432312765744113","Sponsored Products","0.32","USD"
"2026-01-30","392537273853228","Sponsored Brands","0.20","AUD"
"2026-01-14","400050759741035","Sponsored Products","0.17","USD"
"2026-01-11","455983082050138","Sponsored Products","0.00","CAD"
"2026-01-27","494590942145867","Sponsored Products","29.96","CAD"
"2026-01-22","535387208566969","Sponsored Products","0.00","USD"
"2026-01-29","1069464513580","Sponsored Products","0.00","USD"
"2026-01-28","368310850203338","Sponsored Products","0.00","USD"
"2026-01-28","288669281122601","Sponsored Products","0.00","AUD"
"2026-01-23","546618773117950","Sponsored Brands","0.12","AUD"
"2026-01-13","516157903732083","Sponsored Products","2.95","GBP"
"2026-01-19","497204182729156","Sponsored Brands","0.89","USD"
"2026-01-04","493216310640409","Sponsored Brands","3.00","USD"
"2026-01-24","305150240202410","Sponsored Brands","0.95","USD"
"2026-01-04","524843805783693","Sponsored Products","5.70","USD"
"2026-01-04","342233969782751","Sponsored Products","10.26","USD"
"2026-01-01","322178684810700","Sponsored Products","1.39","USD"
"2026-01-21","286601245904247","Sponsored Products","0.00","CAD"
"2026-01-29","304676183651349","Sponsored Products","0.00","USD"
"2026-01-13","380662946968621","Sponsored Display","11.19","USD"
"2026-01-29","278626821184075","Sponsored Products","8.44","USD"
"2026-01-18","413308568322873","Sponsored Brands","0.29","USD"
"2026-01-28","537194794349407","Sponsored Products","3.44","USD"
"2026-01-22","488078103319545","Sponsored Brands","1.16","USD"
"2026-01-16","380662946968621","Sponsored Display","1.94","USD"
"2026-01-31","461803854184467","Sponsored Products","1.96","CAD"
"2026-01-13","386893543852916","Sponsored Products","3.08","CAD"
"2026-01-29","417535655271448","Sponsored Products","0.00","USD"
"2026-01-30","386920533914758","Sponsored Brands","0.00","CAD"
"2026-01-03","518653489850740","Sponsored Brands","1.41","USD"
"2026-01-17","377578915667002","Sponsored Products","6.31","USD"
"2026-01-27","453503689032806","Sponsored Products","0.00","GBP"
"2026-01-31","530911335551258","Sponsored Products","0.00","CAD"
"2026-01-21","441276644656791","Sponsored Brands","0.00","AUD"
"2026-01-02","439663157752722","Sponsored Brands","0.77","USD"
"2026-01-02","551785069524711","Sponsored Products","12.19","USD"
"2026-01-12","487313850471925","Sponsored Brands","0.26","USD"
"2026-01-18","328156874590794","Sponsored Brands","4.98","USD"
"2026-01-03","282030525448578","Sponsored Products","0.00","USD"
"2026-01-11","532503737498489","Sponsored Products","0.00","USD"
"2026-01-21","378858058113466","Sponsored Products","0.00","CAD"
"2026-01-20","408719546145761","Sponsored Products","0.58","USD"
"2026-01-02","557388890025484","Sponsored Products","13.72","USD"
"2026-01-24","455983082050138","Sponsored Products","0.00","CAD"
"2026-01-09","434871922933588","Sponsored Brands","1.05","CAD"
"2026-01-23","377578915667002","Sponsored Products","5.31","USD"
"2026-01-05","307922603865773","Sponsored Products","16.92","USD"
"2026-01-08","411293040066733","Sponsored Products","2.64","GBP"
"2026-01-28","320522945603717","Sponsored Brands","0.00","CAD"
"2026-01-01","407444835513369","Sponsored Brands","3.33","CAD"
"2026-01-31","554517553013265","Sponsored Products","0.00","CAD"
"2026-01-16","539931100075119","Sponsored Brands","4.45","USD"
"2026-01-06","400050759741035","Sponsored Products","0.00","USD"
"2026-01-29","303344079444236","Sponsored Brands","0.54","GBP"
"2026-01-29","557388890025484","Sponsored Products","0.00","USD"
"2026-01-21","398859393836995","Sponsored Products","0.73","GBP"
"2026-01-01","314318800479242","Sponsored Products","0.00","AUD"
"2026-01-18","522533017982048","Sponsored Products","0.21","CAD"
"2026-01-22","511509048867805","Sponsored Products","78.55","USD"
"2026-01-01","508144069166640","Sponsored Products","0.00","USD"
"2026-01-18","313102197760283","Sponsored Products","8.29","USD"
"2026-01-16","491366396962687","Sponsored Brands","3.91","USD"
"2026-01-29","420797773596938","Sponsored Products","0.00","USD"
"2026-01-09","381948820461821","Sponsored Brands","0.00","USD"
"2026-01-28","414778030564989","Sponsored Products","0.81","GBP"
"2026-01-21","297446437541925","Sponsored Products","15.40","USD"
"2026-01-25","459488439760934","Sponsored Products","1.19","GBP"
"2026-01-30","137772430611725","Sponsored Products","0.73","USD"
"2026-01-02","439118795538688","Sponsored Brands","0.00","CAD"
"2026-01-29","345230959620455","Sponsored Products","1.39","CAD"
"2026-01-28","494590942145867","Sponsored Products","29.80","CAD"
"2026-01-19","453754530299965","Sponsored Brands","19.52","USD"
"2026-01-11","452082306058129","Sponsored Brands","1.40","CAD"
"2026-01-16","399703016940832","Sponsored Brands","1.20","CAD"
"2026-01-26","348537181713557","Sponsored Products","0.24","GBP"
"2026-01-09","360836238849040","Sponsored Products","0.00","AUD"
"2026-01-05","457705240079738","Sponsored Brands","3.12","GBP"
"2026-01-21","313102197760283","Sponsored Products","15.18","USD"
"2026-01-19","417535655271448","Sponsored Products","0.00","USD"
"2026-01-27","452065263384491","Sponsored Brands","6.94","USD"
"2026-01-02","481128825306762","Sponsored Brands","0.00","USD"
"2026-01-20","419764168918332","Sponsored Brands","2.90","AUD"
"2026-01-26","383706936707329","Sponsored Brands","0.47","USD"
"2026-01-28","297335215332435","Sponsored Products","2.56","CAD"
"2026-01-20","428201110992726","Sponsored Products","9.79","USD"
"2026-01-09","398859393836995","Sponsored Products","1.96","GBP"
"2026-01-23","480355060288556","Sponsored Products","0.00","AUD"
"2026-01-30","202299611765170","Sponsored Products","0.00","USD"
"2026-01-22","395304589984653","Sponsored Products","0.00","CAD"
"2026-01-23","307534770253902","Sponsored Products","0.00","CAD"
"2026-01-21","419802202221779","Sponsored Products","0.35","CAD"
"2026-01-15","526735719174751","Sponsored Products","0.00","USD"
"2026-01-25","448149727236636","Sponsored Products","0.00","AUD"
"2026-01-17","540593023678755","Sponsored Products","5.78","USD"
"2026-01-23","288086271468562","Sponsored Products","36.04","USD"
"2026-01-23","442522120858299","Sponsored Products","0.00","USD"
"2026-01-04","407530123839349","Sponsored Products","0.00","AUD"
"2026-01-07","494734928633883","Sponsored Brands","0.00","USD"
"2026-01-09","461174245552414","Sponsored Products","2.95","AUD"
"2026-01-21","368310850203338","Sponsored Products","1.60","USD"
"2026-01-09","296882349967704","Sponsored Products","19.40","USD"
"2026-01-25","307922603865773","Sponsored Products","11.59","USD"
"2026-01-25","527711743915708","Sponsored Products","37.52","USD"
"2026-01-08","488650993039900","Sponsored Brands","0.00","USD"
"2026-01-19","450116297068538","Sponsored Products","0.91","USD"
"2026-01-11","321516368269611","Sponsored Products","0.44","CAD"
"2026-01-30","186804517918072","Sponsored Products","3.40","USD"
"2026-01-03","471805907077682","Sponsored Products","0.00","USD"
"2026-01-18","417350251520986","Sponsored Products","0.98","USD"
"2026-01-20","396006036421092","Sponsored Products","0.00","USD"
"2026-01-29","317413414518930","Sponsored Products","1.95","GBP"
"2026-01-10","363579801300326","Sponsored Products","0.00","CAD"
"2026-01-02","292138679780956","Sponsored Products","0.92","AUD"
"2026-01-04","431453849332804","Sponsored Products","0.68","USD"
"2026-01-27","424413890381694","Sponsored Products","0.00","USD"
"2026-01-08","529431876389782","Sponsored Products","0.00","USD"
"2026-01-20","284235017891966","Sponsored Products","6.62","CAD"
"2026-01-12","411197191773342","Sponsored Products","0.00","AUD"
"2026-01-03","469490646233874","Sponsored Products","0.00","USD"
"2026-01-26","411564343397398","Sponsored Products","3.13","USD"
"2026-01-02","483494234649944","Sponsored Products","0.00","USD"
"2026-01-09","450116297068538","Sponsored Products","1.43","USD"
"2026-01-09","492312442577894","Sponsored Products","5.66","USD"
"2026-01-20","542395622943712","Sponsored Products","0.50","GBP"
"2026-01-28","538699937906302","Sponsored Products","0.00","USD"
"2026-01-03","441925918527435","Sponsored Brands","11.72","USD"
"2026-01-04","392537273853228","Sponsored Brands","2.21","AUD"
"2026-01-25","288851430690246","Sponsored Products","0.00","GBP"
"2026-01-30","23854220044300","Sponsored Products","17.78","USD"
"2026-01-15","494896120843036","Sponsored Products","0.84","USD"
"2026-01-25","324740828073799","Sponsored Products","0.00","AUD"
"2026-01-12","288086271468562","Sponsored Products","75.31","USD"
"2026-01-23","327955853177271","Sponsored Products","4.35","USD"
"2026-01-12","303784488331012","Sponsored Display","1.20","AUD"
"2026-01-24","387735099454991","Sponsored Products","0.00","USD"
"2026-01-04","486969120687335","Sponsored Products","20.75","USD"
"2026-01-03","477120010084382","Sponsored Products","3.16","USD"
"2026-01-15","321879822518995","Sponsored Products","0.00","AUD"
"2026-01-11","555516622120091","Sponsored Brands","0.15","GBP"
"2026-01-05","529845821022802","Sponsored Products","0.00","AUD"
"2026-01-14","527711743915708","Sponsored Products","39.86","USD"
"2026-01-01","495699106211812","Sponsored Products","1.28","AUD"
"2026-01-31","34478632960968","Sponsored Products","11.66","USD"
"2026-01-20","350228282296039","Sponsored Products","2.08","USD"
"2026-01-02","483182403867537","Sponsored Products","0.81","USD"
"2026-01-14","297335215332435","Sponsored Products","4.65","CAD"
"2026-01-10","498311429491057","Sponsored Display","0.01","CAD"
"2026-01-27","555379102425019","Sponsored Products","0.74","CAD"
"2026-01-22","405896045618734","Sponsored Display","0.00","USD"
"2026-01-23","352761064226908","Sponsored Brands","0.00","CAD"
"2026-01-06","511830588245108","Sponsored Products","0.26","GBP"
"2026-01-19","375880567146391","Sponsored Display","1.81","AUD"
"2026-01-28","398859393836995","Sponsored Products","1.61","GBP"
"2026-01-17","555379102425019","Sponsored Products","1.14","CAD"
"2026-01-15","348537181713557","Sponsored Products","0.24","GBP"
"2026-01-02","455100983218716","Sponsored Brands","2.59","USD"
"2026-01-27","392537273853228","Sponsored Brands","0.00","AUD"
"2026-01-20","344516434946756","Sponsored Products","2.45","USD"
"2026-01-07","542616313773815","Sponsored Brands","0.00","USD"
"2026-01-11","398718122329444","Sponsored Products","0.00","GBP"
"2026-01-28","338934805167255","Sponsored Products","0.00","USD"
"2026-01-25","495677195822245","Sponsored Brands","0.31","USD"
"2026-01-30","175777768252798","Sponsored Products","1.00","USD"
"2026-01-31","406964010755868","Sponsored Products","0.10","CAD"
"2026-01-16","328156874590794","Sponsored Brands","3.61","USD"
"2026-01-07","477846512499333","Sponsored Brands","0.00","USD"
"2026-01-29","557814926181675","Sponsored Products","0.02","CAD"
"2026-01-15","278400043801722","Sponsored Products","0.00","GBP"
"2026-01-14","293195244233089","Sponsored Products","4.26","USD"
"2026-01-25","463570831006082","Sponsored Products","0.00","CAD"
"2026-01-12","297335215332435","Sponsored Products","3.35","CAD"
"2026-01-23","392598200964005","Sponsored Products","1.29","CAD"
"2026-01-18","491792683377286","Sponsored Products","0.00","USD"
"2026-01-18","532209379687062","Sponsored Display","0.30","GBP"
"2026-01-29","286601245904247","Sponsored Products","0.00","CAD"
"2026-01-21","467633236874996","Sponsored Products","0.00","AUD"
"2026-01-03","346023186686134","Sponsored Brands","0.00","USD"
"2026-01-05","411197191773342","Sponsored Products","0.00","AUD"
"2026-01-18","536492240546443","Sponsored Products","0.00","CAD"
"2026-01-12","548511206574211","Sponsored Brands","0.00","AUD"
"2026-01-06","288851430690246","Sponsored Products","0.30","GBP"
"2026-01-04","354484097353439","Sponsored Products","0.39","GBP"
"2026-01-14","324740828073799","Sponsored Products","0.00","AUD"
"2026-01-26","508144069166640","Sponsored Products","0.00","USD"
"2026-01-14","437016942104478","Sponsored Brands","0.00","CAD"
"2026-01-09","522533017982048","Sponsored Products","0.00","CAD"
"2026-01-17","483182403867537","Sponsored Products","3.11","USD"
"2026-01-07","323864334787492","Sponsored Products","0.00","AUD"
"2026-01-15","514416545593290","Sponsored Products","0.00","USD"
"2026-01-22","327137186916287","Sponsored Products","0.00","USD"
"2026-01-01","342157027477562","Sponsored Products","22.61","USD"
"2026-01-21","422803050752749","Sponsored Products","0.00","USD"
"2026-01-25","316506785332318","Sponsored Products","0.80","USD"
"2026-01-10","494994223093944","Sponsored Brands","3.42","AUD"
"2026-01-31","40237294180920","Sponsored Products","1.31","USD"
"2026-01-24","557814926181675","Sponsored Products","0.76","CAD"
"2026-01-01","288669281122601","Sponsored Products","3.03","AUD"
"2026-01-05","378095244761436","Sponsored Products","0.72","USD"
"2026-01-17","423699972104364","Sponsored Brands","0.00","USD"
"2026-01-06","495677195822245","Sponsored Brands","0.00","USD"
"2026-01-07","556675911222056","Sponsored Products","0.00","GBP"
"2026-01-02","331897417467946","Sponsored Brands","0.00","GBP"
"2026-01-24","304676183651349","Sponsored Products","0.00","USD"
"2026-01-03","424413890381694","Sponsored Products","2.06","USD"
"2026-01-30","553804041062258","Sponsored Products","0.00","USD"
"2026-01-25","387735099454991","Sponsored Products","0.00","USD"
"2026-01-01","495242868805173","Sponsored Products","2.77","GBP"
"2026-01-06","444969564092992","Sponsored Products","0.00","CAD"
"2026-01-07","488227359567395","Sponsored Products","0.00","GBP"
"2026-01-09","300894362771504","Sponsored Products","0.00","GBP"
"2026-01-03","446869334265005","Sponsored Products","0.00","USD"
"2026-01-23","469438672280657","Sponsored Products","0.00","GBP"
"2026-01-07","517771475884325","Sponsored Brands","0.00","USD"
"2026-01-13","517050919084211","Sponsored Products","0.00","CAD"
"2026-01-14","529845821022802","Sponsored Products","0.00","AUD"
"2026-01-26","555360954347903","Sponsored Products","0.20","CAD"
"2026-01-01","509593684638198","Sponsored Brands","1.85","USD"
"2026-01-02","542616313773815","Sponsored Brands","4.88","USD"
"2026-01-12","500955748191612","Sponsored Products","2.09","USD"
"2026-01-02","298636506131156","Sponsored Brands","1.74","AUD"
"2026-01-24","526735719174751","Sponsored Products","0.00","USD"
"2026-01-22","479364871682871","Sponsored Products","8.65","USD"
"2026-01-06","451323086678396","Sponsored Products","1.72","USD"
"2026-01-15","354591663011981","Sponsored Brands","1.48","USD"
"2026-01-02","500955748191612","Sponsored Products","0.00","USD"
"2026-01-21","518228166841375","Sponsored Brands","0.58","GBP"
"2026-01-26","491366396962687","Sponsored Brands","2.17","USD"
"2026-01-06","557814926181675","Sponsored Products","0.38","CAD"
"2026-01-30","382263989834817","Sponsored Products","0.00","AUD"
"2026-01-30","467633236874996","Sponsored Products","0.00","AUD"
"2026-01-01","550084596372285","Sponsored Products","5.25","USD"
"2026-01-09","523047960784195","Sponsored Products","2.60","USD"
"2026-01-25","538771699321102","Sponsored Products","0.00","AUD"
"2026-01-27","344516434946756","Sponsored Products","2.04","USD"
"2026-01-13","558297049226516","Sponsored Brands","0.00","CAD"
"2026-01-27","553804041062258","Sponsored Products","2.30","USD"
"2026-01-11","375262111034104","Sponsored Brands","1.13","USD"
"2026-01-19","434871922933588","Sponsored Brands","1.91","CAD"
"2026-01-12","541042710567147","Sponsored Products","4.59","USD"
"2026-01-21","499207203040639","Sponsored Products","0.00","USD"
"2026-01-23","383356525876468","Sponsored Products","0.00","USD"
"2026-01-19","508144069166640","Sponsored Products","0.00","USD"
"2026-01-09","286308132559342","Sponsored Brands","0.00","AUD"
"2026-01-26","371623685288534","Sponsored Brands","0.96","GBP"
"2026-01-08","521187964040554","Sponsored Products","0.00","CAD"
"2026-01-03","491770987077396","Sponsored Products","32.56","USD"
"2026-01-26","293195244233089","Sponsored Products","2.00","USD"
"2026-01-08","518228166841375","Sponsored Brands","1.23","GBP"
"2026-01-13","497204182729156","Sponsored Brands","0.00","USD"
"2026-01-08","542333703103187","Sponsored Products","0.00","AUD"
"2026-01-09","486969120687335","Sponsored Products","15.92","USD"
"2026-01-25","488650993039900","Sponsored Brands","0.00","USD"
"2026-01-15","553804041062258","Sponsored Products","4.94","USD"
"2026-01-18","542616313773815","Sponsored Brands","0.91","USD"
"2026-01-05","401058364234122","Sponsored Products","2.38","CAD"
"2026-01-10","518653489850740","Sponsored Brands","0.25","USD"
"2026-01-15","464658704178346","Sponsored Brands","12.20","USD"
"2026-01-15","394083050171294","Sponsored Products","7.84","USD"
"2026-01-15","554517553013265","Sponsored Products","0.00","CAD"
"2026-01-17","423471492340141","Sponsored Brands","1.26","USD"
"2026-01-25","515637010546761","Sponsored Brands","7.11","USD"
"2026-01-23","453754530299965","Sponsored Brands","12.23","USD"
"2026-01-09","463874563272935","Sponsored Brands","0.00","AUD"
"2026-01-27","423447600502988","Sponsored Brands","0.00","CAD"
"2026-01-16","455688132780953","Sponsored Brands","0.00","USD"
"2026-01-16","436562742415834","Sponsored Products","0.98","GBP"
"2026-01-18","400936883710783","Sponsored Products","3.59","AUD"
"2026-01-28","417535655271448","Sponsored Products","0.00","USD"
"2026-01-25","529431876389782","Sponsored Products","0.00","USD"
"2026-01-04","383706936707329","Sponsored Brands","5.29","USD"
"2026-01-10","363801591495934","Sponsored Brands","0.00","CAD"
"2026-01-09","509593684638198","Sponsored Brands","0.00","USD"
"2026-01-19","352761064226908","Sponsored Brands","0.00","CAD"
"2026-01-16","304676183651349","Sponsored Products","1.14","USD"
"2026-01-15","380439551325000","Sponsored Products","4.19","GBP"
"2026-01-16","423538576850039","Sponsored Products","0.00","AUD"
"2026-01-18","501445692271818","Sponsored Products","0.40","USD"
"2026-01-05","498311429491057","Sponsored Display","0.00","CAD"
"2026-01-10","463874563272935","Sponsored Brands","0.00","AUD"
"2026-01-01","409429087898453","Sponsored Display","0.00","CAD"
"2026-01-15","455983082050138","Sponsored Products","1.88","CAD"
"2026-01-18","417555316939613","Sponsored Brands","0.00","AUD"
"2026-01-02","475621849553010","Sponsored Brands","0.00","CAD"
"2026-01-20","328156874590794","Sponsored Brands","1.88","USD"
"2026-01-27","461174245552414","Sponsored Products","0.00","AUD"
"2026-01-25","417350251520986","Sponsored Products","0.81","USD"
"2026-01-14","292726552706968","Sponsored Products","12.81","USD"
"2026-01-18","409429087898453","Sponsored Display","0.00","CAD"
"2026-01-24","472554317410495","Sponsored Brands","0.00","USD"
"2026-01-19","405261002610411","Sponsored Products","0.00","GBP"
"2026-01-31","392972027720670","Sponsored Products","0.00","CAD"
"2026-01-07","411564343397398","Sponsored Products","0.00","USD"
"2026-01-21","530353594830018","Sponsored Display","0.00","CAD"
"2026-01-19","409249674990450","Sponsored Products","0.00","AUD"
"2026-01-28","405896045618734","Sponsored Display","0.00","USD"
"2026-01-28","394083050171294","Sponsored Products","0.00","USD"
"2026-01-21","414778030564989","Sponsored Products","0.00","GBP"
"2026-01-05","375880567146391","Sponsored Display","0.71","AUD"
"2026-01-24","515637010546761","Sponsored Brands","7.39","USD"
"2026-01-03","363801591495934","Sponsored Brands","0.00","CAD"
"2026-01-08","498217737469979","Sponsored Brands","0.00","USD"
"2026-01-17","494590942145867","Sponsored Products","37.50","CAD"
"2026-01-06","518228166841375","Sponsored Brands","1.03","GBP"
"2026-01-18","530543664696574","Sponsored Products","0.00","AUD"
"2026-01-04","380787783830601","Sponsored Products","0.00","USD"
"2026-01-26","312711508263023","Sponsored Products","0.00","AUD"
"2026-01-21","291680855614624","Sponsored Brands","0.65","GBP"
"2026-01-30","402744546317623","Sponsored Brands","0.00","GBP"
"2026-01-22","471805907077682","Sponsored Products","0.90","USD"
"2026-01-10","303332324664421","Sponsored Products","0.00","USD"
"2026-01-29","11143044290906","Sponsored Products","0.00","USD"
"2026-01-09","485543012454911","Sponsored Products","1.54","USD"
"2026-01-15","291612323170971","Sponsored Products","0.00","CAD"
"2026-01-18","292138679780956","Sponsored Products","0.00","AUD"
"2026-01-28","556616987602606","Sponsored Products","1.97","USD"
"2026-01-30","555516622120091","Sponsored Brands","0.92","GBP"
"2026-01-25","345786769504667","Sponsored Products","1.53","USD"
"2026-01-04","373593607967581","Sponsored Display","0.00","AUD"
"2026-01-14","508144069166640","Sponsored Products","0.00","USD"
"2026-01-24","355737664148283","Sponsored Brands","3.44","USD"
"2026-01-23","405261002610411","Sponsored Products","0.00","GBP"
"2026-01-18","453239686745418","Sponsored Products","1.20","GBP"
"2026-01-21","407530123839349","Sponsored Products","0.00","AUD"
"2026-01-23","373663567761151","Sponsored Products","0.00","USD"
"2026-01-23","515637010546761","Sponsored Brands","6.14","USD"
"2026-01-10","476511840833684","Sponsored Products","0.00","GBP"
"2026-01-14","344516434946756","Sponsored Products","6.49","USD"
"2026-01-28","495677195822245","Sponsored Brands","0.00","USD"
"2026-01-22","326742961453164","Sponsored Products","0.00","CAD"
"2026-01-28","473740316381787","Sponsored Products","2.86","GBP"
"2026-01-29","263910374759225","Sponsored Products","2.86","CAD"
"2026-01-27","546641048554747","Sponsored Products","0.00","USD"
"2026-01-13","304676183651349","Sponsored Products","0.00","USD"
"2026-01-13","378095244761436","Sponsored Products","1.44","USD"
"2026-01-09","371021037712738","Sponsored Products","41.42","USD"
"2026-01-08","386865813070708","Sponsored Products","1.80","USD"
"2026-01-06","291612323170971","Sponsored Products","0.00","CAD"
"2026-01-24","512730232590991","Sponsored Products","0.00","USD"
"2026-01-11","344516434946756","Sponsored Products","6.10","USD"
"2026-01-26","516342953216189","Sponsored Products","0.00","USD"
"2026-01-31","245503802057093","Sponsored Products","0.00","USD"
"2026-01-25","430840323605870","Sponsored Products","0.00","USD"
"2026-01-24","348184859637636","Sponsored Brands","0.00","USD"
"2026-01-27","363579801300326","Sponsored Products","0.00","CAD"
"2026-01-31","536492240546443","Sponsored Products","0.00","CAD"
"2026-01-28","279125239605082","Sponsored Products","0.15","USD"
"2026-01-26","382263989834817","Sponsored Products","0.00","AUD"
"2026-01-17","278400043801722","Sponsored Products","0.00","GBP"
"2026-01-16","407346576799567","Sponsored Products","0.00","AUD"
"2026-01-06","431386932028495","Sponsored Products","13.87","USD"
"2026-01-12","305150240202410","Sponsored Brands","0.00","USD"
"2026-01-14","378095244761436","Sponsored Products","0.72","USD"
"2026-01-10","497204182729156","Sponsored Brands","0.69","USD"
"2026-01-11","501445692271818","Sponsored Products","0.00","USD"
"2026-01-07","450215291242396","Sponsored Products","0.00","USD"
"2026-01-31","53404531347848","Sponsored Products","0.00","USD"
"2026-01-24","375880567146391","Sponsored Display","1.31","AUD"
"2026-01-29","81320226496883","Sponsored Products","0.00","USD"
"2026-01-09","383356525876468","Sponsored Products","0.90","USD"
"2026-01-18","457705240079738","Sponsored Brands","0.00","GBP"
"2026-01-16","477846512499333","Sponsored Brands","0.00","USD"
"2026-01-23","396006036421092","Sponsored Products","0.00","USD"
"2026-01-25","531616041116243","Sponsored Products","3.13","USD"
"2026-01-06","407444835513369","Sponsored Brands","2.26","CAD"
"2026-01-18","531187508971652","Sponsored Display","0.19","CAD"
"2026-01-19","436562742415834","Sponsored Products","0.30","GBP"
"2026-01-27","522533017982048","Sponsored Products","0.00","CAD"
"2026-01-23","542395622943712","Sponsored Products","1.00","GBP"
"2026-01-19","551134208715253","Sponsored Products","0.09","AUD"
"2026-01-29","486701736662809","Sponsored Products","0.00","AUD"
"2026-01-29","432013629308606","Sponsored Brands","2.85","CAD"
"2026-01-22","342568396157124","Sponsored Display","0.00","USD"
"2026-01-30","257373022214500","Sponsored Products","0.00","USD"
"2026-01-31","291612323170971","Sponsored Products","0.00","CAD"
"2026-01-06","432312765744113","Sponsored Products","0.00","USD"
"2026-01-29","293287193628180","Sponsored Brands","0.00","GBP"
"2026-01-10","455622109943339","Sponsored Products","0.00","AUD"
"2026-01-12","293195244233089","Sponsored Products","11.47","USD"
"2026-01-06","286855949125211","Sponsored Products","1.38","AUD"
"2026-01-22","375451164709840","Sponsored Products","2.00","GBP"
"2026-01-09","518653489850740","Sponsored Brands","0.50","USD"
"2026-01-13","485031869326352","Sponsored Products","0.00","AUD"
"2026-01-16","428201110992726","Sponsored Products","9.80","USD"
"2026-01-23","454571413921997","Sponsored Products","0.70","GBP"
"2026-01-26","430840323605870","Sponsored Products","0.00","USD"
"2026-01-15","434170639918769","Sponsored Brands","2.16","USD"
"2026-01-10","310318758176650","Sponsored Products","0.00","CAD"
"2026-01-10","324740828073799","Sponsored Products","0.00","AUD"
"2026-01-29","378095244761436","Sponsored Products","0.00","USD"
"2026-01-16","546641048554747","Sponsored Products","0.00","USD"
"2026-01-13","477120010084382","Sponsored Products","4.74","USD"
"2026-01-17","500955748191612","Sponsored Products","0.00","USD"
"2026-01-09","325883174926875","Sponsored Brands","1.14","USD"
"2026-01-20","392699328377229","Sponsored Products","0.00","AUD"
"2026-01-04","297446437541925","Sponsored Products","16.50","USD"
"2026-01-26","536186527693818","Sponsored Products","9.99","USD"
"2026-01-15","542616313773815","Sponsored Brands","1.16","USD"
"2026-01-17","355940295532015","Sponsored Brands","0.00","AUD"
"2026-01-06","288086271468562","Sponsored Products","31.16","USD"
"2026-01-11","392972027720670","Sponsored Products","0.00","CAD"
"2026-01-24","383486487068158","Sponsored Display","3.67","GBP"
"2026-01-06","455100983218716","Sponsored Brands","0.93","USD"
"2026-01-04","386893543852916","Sponsored Products","2.40","CAD"
"2026-01-01","505299994018527","Sponsored Products","0.00","CAD"
"2026-01-26","494590942145867","Sponsored Products","30.13","CAD"
"2026-01-21","473740316381787","Sponsored Products","8.06","GBP"
"2026-01-07","286601245904247","Sponsored Products","0.00","CAD"
"2026-01-23","312711508263023","Sponsored Products","0.57","AUD"
"2026-01-24","441925918527435","Sponsored Brands","1.65","USD"
"2026-01-23","436562742415834","Sponsored Products","0.00","GBP"
"2026-01-26","499207203040639","Sponsored Products","0.00","USD"
"2026-01-18","312711508263023","Sponsored Products","0.00","AUD"
"2026-01-19","340849210853799","Sponsored Products","6.06","USD"
"2026-01-11","284096201830626","Sponsored Display","0.29","USD"
"2026-01-31","522533017982048","Sponsored Products","0.00","CAD"
"2026-01-20","338934805167255","Sponsored Products","0.00","USD"
"2026-01-09","323864334787492","Sponsored Products","0.00","AUD"
"2026-01-06","409249674990450","Sponsored Products","0.00","AUD"
"2026-01-17","554029658228344","Sponsored Display","0.00","GBP"
"2026-01-04","419764168918332","Sponsored Brands","3.59","AUD"
"2026-01-19","288086271468562","Sponsored Products","37.24","USD"
"2026-01-10","428201110992726","Sponsored Products","9.34","USD"
"2026-01-27","443207948405482","Sponsored Products","0.00","CAD"
"2026-01-08","320522945603717","Sponsored Brands","0.00","CAD"
"2026-01-06","490007501473330","Sponsored Products","2.82","USD"
"2026-01-10","359104344566153","Sponsored Products","0.00","USD"
"2026-01-20","490007501473330","Sponsored Products","3.41","USD"
"2026-01-29","154118694541854","Sponsored Products","0.00","USD"
"2026-01-13","513927767815024","Sponsored Products","1.64","USD"
"2026-01-15","476877916686317","Sponsored Brands","4.35","AUD"
"2026-01-23","461174245552414","Sponsored Products","3.48","AUD"
"2026-01-30","239677460933975","Sponsored Products","25.47","USD"
"2026-01-30","246452377117901","Sponsored Products","0.00","USD"
"2026-01-08","443207948405482","Sponsored Products","0.90","CAD"
"2026-01-06","367083122067501","Sponsored Display","0.00","USD"
"2026-01-29","96060745446945","Sponsored Products","7.46","USD"
"2026-01-29","558782683947956","Sponsored Products","0.00","CAD"
"2026-01-07","458737362224255","Sponsored Products","0.00","GBP"
"2026-01-06","413308568322873","Sponsored Brands","2.05","USD"
"2026-01-18","309601314328778","Sponsored Products","0.32","CAD"
"2026-01-31","434871922933588","Sponsored Brands","4.47","CAD"
"2026-01-02","497204182729156","Sponsored Brands","0.00","USD"
"2026-01-24","373188657935606","Sponsored Products","0.00","AUD"
"2026-01-05","551785069524711","Sponsored Products","0.78","USD"
"2026-01-23","423447600502988","Sponsored Brands","0.00","CAD"
"2026-01-18","562857825893299","Sponsored Products","2.19","USD"
"2026-01-02","550084596372285","Sponsored Products","4.31","USD"
"2026-01-09","292726552706968","Sponsored Products","4.46","USD"
"2026-01-14","309978526979947","Sponsored Products","0.45","USD"
"2026-01-24","536186527693818","Sponsored Products","7.21","USD"
"2026-01-30","215176800738804","Sponsored Products","0.45","USD"
"2026-01-02","400050759741035","Sponsored Products","0.00","USD"
"2026-01-28","384137786867273","Sponsored Products","0.00","USD"
"2026-01-30","443805539282973","Sponsored Brands","0.25","CAD"
"2026-01-13","327137186916287","Sponsored Products","0.00","USD"
"2026-01-23","375840213985973","Sponsored Products","0.00","USD"
"2026-01-31","327323455598643","Sponsored Products","0.00","GBP"
"2026-01-12","494590942145867","Sponsored Products","29.32","CAD"
"2026-01-04","309601314328778","Sponsored Products","0.54","CAD"
"2026-01-05","381243195375500","Sponsored Products","0.00","USD"
"2026-01-08","307534770253902","Sponsored Products","0.00","CAD"
"2026-01-11","327137186916287","Sponsored Products","0.00","USD"
"2026-01-07","532503737498489","Sponsored Products","0.00","USD"
"2026-01-29","502907079288115","Sponsored Products","1.68","CAD"
"2026-01-27","338934805167255","Sponsored Products","0.00","USD"
"2026-01-29","419764168918332","Sponsored Brands","2.49","AUD"
"2026-01-30","40237294180920","Sponsored Products","0.00","USD"
"2026-01-11","355737664148283","Sponsored Brands","16.15","USD"
"2026-01-11","508144069166640","Sponsored Products","0.00","USD"
"2026-01-06","483182403867537","Sponsored Products","4.93","USD"
"2026-01-10","513927767815024","Sponsored Products","1.24","USD"
"2026-01-02","327413819985503","Sponsored Products","1.75","USD"
"2026-01-29","270513944391898","Sponsored Products","9.34","USD"
"2026-01-07","488081803937581","Sponsored Products","0.30","GBP"
"2026-01-18","304676183651349","Sponsored Products","0.00","USD"
"2026-01-10","529845821022802","Sponsored Products","0.00","AUD"
"2026-01-28","359104344566153","Sponsored Products","0.00","USD"
"2026-01-03","546191132663927","Sponsored Brands","3.33","USD"
"2026-01-29","324740828073799","Sponsored Products","0.00","AUD"
"2026-01-17","417350251520986","Sponsored Products","1.37","USD"
"2026-01-30","436562742415834","Sponsored Products","0.00","GBP"
"2026-01-25","555379102425019","Sponsored Products","2.04","CAD"
"2026-01-24","493216310640409","Sponsored Brands","14.79","USD"
"2026-01-18","336361735801015","Sponsored Products","0.40","USD"
"2026-01-07","345786769504667","Sponsored Products","0.00","USD"
"2026-01-26","300894362771504","Sponsored Products","0.00","GBP"
"2026-01-15","423699972104364","Sponsored Brands","0.00","USD"
"2026-01-26","529845821022802","Sponsored Products","0.79","AUD"
"2026-01-15","554029658228344","Sponsored Display","0.00","GBP"
"2026-01-13","384986795476042","Sponsored Brands","0.00","CAD"
"2026-01-23","332000738328227","Sponsored Products","9.76","USD"
"2026-01-25","338934805167255","Sponsored Products","0.00","USD"
"2026-01-10","375262111034104","Sponsored Brands","5.58","USD"
"2026-01-24","494896120843036","Sponsored Products","1.79","USD"
"2026-01-24","495677195822245","Sponsored Brands","1.78","USD"
"2026-01-17","286855949125211","Sponsored Products","3.26","AUD"
"2026-01-11","506556070299851","Sponsored Products","0.00","USD"
"2026-01-11","538699937906302","Sponsored Products","0.00","USD"
"2026-01-18","512730232590991","Sponsored Products","0.00","USD"
"2026-01-15","491366396962687","Sponsored Brands","0.00","USD"
"2026-01-30","317413414518930","Sponsored Products","0.32","GBP"
"2026-01-27","284096201830626","Sponsored Display","0.39","USD"
"2026-01-03","514416545593290","Sponsored Products","1.60","USD"
"2026-01-26","512730232590991","Sponsored Products","0.00","USD"
"2026-01-15","397652540263806","Sponsored Products","0.00","CAD"
"2026-01-17","538699937906302","Sponsored Products","0.00","USD"
"2026-01-27","440997775738977","Sponsored Products","0.00","AUD"
"2026-01-06","354627207584492","Sponsored Products","0.00","CAD"
"2026-01-11","354627207584492","Sponsored Products","0.00","CAD"
"2026-01-23","411197191773342","Sponsored Products","0.00","AUD"
"2026-01-31","174719285602701","Sponsored Products","11.84","USD"
"2026-01-11","313102197760283","Sponsored Products","15.96","USD"
"2026-01-23","531187508971652","Sponsored Display","0.00","CAD"
"2026-01-13","458452283549074","Sponsored Brands","0.00","CAD"
"2026-01-19","419764168918332","Sponsored Brands","1.18","AUD"
"2026-01-16","529431876389782","Sponsored Products","0.00","USD"
"2026-01-16","494994223093944","Sponsored Brands","0.00","AUD"
"2026-01-07","551134208715253","Sponsored Products","0.00","AUD"
"2026-01-17","443805539282973","Sponsored Brands","1.78","CAD"
"2026-01-25","531194039320877","Sponsored Products","0.00","CAD"
"2026-01-24","380662946968621","Sponsored Display","11.44","USD"
"2026-01-29","186804517918072","Sponsored Products","5.20","USD"
"2026-01-29","130912331972988","Sponsored Products","0.00","USD"
"2026-01-20","539750977499191","Sponsored Products","1.90","CAD"
"2026-01-24","406964010755868","Sponsored Products","1.47","CAD"
"2026-01-28","291612323170971","Sponsored Products","0.00","CAD"
"2026-01-17","392537273853228","Sponsored Brands","1.79","AUD"
"2026-01-30","488081803937581","Sponsored Products","0.00","GBP"
"2026-01-25","526735719174751","Sponsored Products","0.00","USD"
"2026-01-14","526735719174751","Sponsored Products","0.00","USD"
"2026-01-14","530911335551258","Sponsored Products","0.00","CAD"
"2026-01-02","557802220335065","Sponsored Products","1.20","CAD"
"2026-01-22","486701736662809","Sponsored Products","0.00","AUD"
"2026-01-26","327323455598643","Sponsored Products","0.00","GBP"
"2026-01-29","254109808305934","Sponsored Products","0.00","USD"
"2026-01-18","327323455598643","Sponsored Products","0.00","GBP"
"2026-01-12","396006036421092","Sponsored Products","0.00","USD"
"2026-01-17","437016942104478","Sponsored Brands","0.00","CAD"
"2026-01-19","375412452273685","Sponsored Products","6.08","GBP"
"2026-01-27","392972027720670","Sponsored Products","2.63","CAD"
"2026-01-08","399703016940832","Sponsored Brands","0.00","CAD"
"2026-01-23","378858058113466","Sponsored Products","0.00","CAD"
"2026-01-18","288669281122601","Sponsored Products","4.49","AUD"
"2026-01-23","439663157752722","Sponsored Brands","0.84","USD"
"2026-01-04","303784488331012","Sponsored Display","0.00","AUD"
"2026-01-19","423825131329520","Sponsored Products","15.68","USD"
"2026-01-21","278400043801722","Sponsored Products","0.39","GBP"
"2026-01-31","348537181713557","Sponsored Products","0.00","GBP"
"2026-01-12","542616313773815","Sponsored Brands","2.45","USD"
"2026-01-09","495242868805173","Sponsored Products","5.58","GBP"
"2026-01-05","375840213985973","Sponsored Products","1.30","USD"
"2026-01-06","473740316381787","Sponsored Products","1.09","GBP"
"2026-01-20","423825131329520","Sponsored Products","13.19","USD"
"2026-01-16","321516368269611","Sponsored Products","0.00","CAD"
"2026-01-29","431503342672607","Sponsored Products","0.00","USD"
"2026-01-07","455622109943339","Sponsored Products","0.57","AUD"
"2026-01-01","469438672280657","Sponsored Products","0.00","GBP"
"2026-01-19","297446437541925","Sponsored Products","2.35","USD"
"2026-01-12","529845821022802","Sponsored Products","0.00","AUD"
"2026-01-08","453187476718269","Sponsored Display","0.00","CAD"
"2026-01-28","61503627186513","Sponsored Products","0.00","USD"
"2026-01-28","494896120843036","Sponsored Products","0.00","USD"
"2026-01-04","450215291242396","Sponsored Products","0.46","USD"
"2026-01-23","539834455179217","Sponsored Products","0.00","USD"
"2026-01-03","465277078791533","Sponsored Brands","0.00","GBP"
"2026-01-18","344717374719347","Sponsored Display","0.00","CAD"
"2026-01-24","293195244233089","Sponsored Products","4.00","USD"
"2026-01-11","366303362151528","Sponsored Products","2.90","USD"
"2026-01-07","417535655271448","Sponsored Products","4.00","USD"
"2026-01-25","381243195375500","Sponsored Products","3.25","USD"
"2026-01-22","347536643859180","Sponsored Products","0.00","GBP"
"2026-01-07","516157903732083","Sponsored Products","2.33","GBP"
"2026-01-30","321879822518995","Sponsored Products","0.04","AUD"
"2026-01-20","387735099454991","Sponsored Products","0.00","USD"
"2026-01-31","383706936707329","Sponsored Brands","0.00","USD"
"2026-01-08","417350251520986","Sponsored Products","0.00","USD"
"2026-01-27","363551194960955","Sponsored Products","0.00","CAD"
"2026-01-22","488650993039900","Sponsored Brands","0.00","USD"
"2026-01-21","494994223093944","Sponsored Brands","0.00","AUD"
"2026-01-12","455193289976402","Sponsored Products","2.10","USD"
"2026-01-30","429345285920060","Sponsored Brands","2.58","GBP"
"2026-01-11","303344079444236","Sponsored Brands","3.30","GBP"
"2026-01-07","530353594830018","Sponsored Display","0.00","CAD"
"2026-01-11","554517553013265","Sponsored Products","0.60","CAD"
"2026-01-11","357384467879967","Sponsored Brands","2.68","USD"
"2026-01-10","327955853177271","Sponsored Products","12.94","USD"
"2026-01-13","443805539282973","Sponsored Brands","1.61","CAD"
"2026-01-08","417535655271448","Sponsored Products","0.99","USD"
"2026-01-14","440503817971150","Sponsored Products","8.25","USD"
"2026-01-13","495699106211812","Sponsored Products","0.00","AUD"
"2026-01-22","383356525876468","Sponsored Products","0.00","USD"
"2026-01-23","375451164709840","Sponsored Products","0.52","GBP"
"2026-01-20","405261002610411","Sponsored Products","0.00","GBP"
"2026-01-24","411293040066733","Sponsored Products","1.37","GBP"
"2026-01-30","18193170148935","Sponsored Products","0.06","USD"
"2026-01-01","320522945603717","Sponsored Brands","0.00","CAD"
"2026-01-02","378095244761436","Sponsored Products","0.72","USD"
"2026-01-27","384137786867273","Sponsored Products","0.00","USD"
"2026-01-04","369615938436026","Sponsored Products","0.00","USD"
"2026-01-29","373188657935606","Sponsored Products","0.00","AUD"
"2026-01-16","360836238849040","Sponsored Products","0.00","AUD"
"2026-01-13","396006036421092","Sponsored Products","0.00","USD"
"2026-01-17","420797773596938","Sponsored Products","0.00","USD"
"2026-01-17","518228166841375","Sponsored Brands","1.77","GBP"
"2026-01-19","349690804752896","Sponsored Products","32.95","USD"
"2026-01-30","346023186686134","Sponsored Brands","0.91","USD"
"2026-01-19","327323455598643","Sponsored Products","0.00","GBP"
"2026-01-04","423471492340141","Sponsored Brands","1.01","USD"
"2026-01-21","373593607967581","Sponsored Display","0.00","AUD"
"2026-01-07","545989665090053","Sponsored Brands","1.85","GBP"
"2026-01-27","316086976315498","Sponsored Brands","0.00","USD"
"2026-01-20","384986795476042","Sponsored Brands","0.50","CAD"
"2026-01-26","511519443187302","Sponsored Products","3.00","GBP"
"2026-01-13","383356525876468","Sponsored Products","0.00","USD"
"2026-01-07","373593607967581","Sponsored Display","0.24","AUD"
"2026-01-22","314318800479242","Sponsored Products","0.00","AUD"
"2026-01-25","318148591057223","Sponsored Products","0.00","GBP"
"2026-01-21","375451164709840","Sponsored Products","0.00","GBP"
"2026-01-05","436562742415834","Sponsored Products","0.00","GBP"
"2026-01-22","558297049226516","Sponsored Brands","0.00","CAD"
"2026-01-16","439663157752722","Sponsored Brands","0.15","USD"
"2026-01-10","429216730447678","Sponsored Products","0.00","AUD"
"2026-01-29","188279469264899","Sponsored Products","0.00","USD"
"2026-01-19","539750977499191","Sponsored Products","0.00","CAD"
"2026-01-04","318148591057223","Sponsored Products","0.35","GBP"
"2026-01-09","303332324664421","Sponsored Products","0.00","USD"
"2026-01-02","406314828765201","Sponsored Products","0.00","AUD"
"2026-01-28","121446500477002","Sponsored Products","2.00","USD"
"2026-01-29","399629340308947","Sponsored Brands","0.00","AUD"
"2026-01-18","312451130238004","Sponsored Brands","0.00","USD"
"2026-01-11","407346576799567","Sponsored Products","0.06","AUD"
"2026-01-17","284235017891966","Sponsored Products","6.62","CAD"
"2026-01-28","532209379687062","Sponsored Display","0.40","GBP"
"2026-01-20","342568396157124","Sponsored Display","0.00","USD"
"2026-01-20","455465774244567","Sponsored Products","0.00","USD"
"2026-01-15","378095244761436","Sponsored Products","2.09","USD"
"2026-01-19","292138679780956","Sponsored Products","0.00","AUD"
"2026-01-17","498311429491057","Sponsored Display","0.00","CAD"
"2026-01-12","494896120843036","Sponsored Products","2.27","USD"
"2026-01-19","553804041062258","Sponsored Products","1.87","USD"
"2026-01-27","482686146435604","Sponsored Brands","1.39","USD"
"2026-01-04","491770987077396","Sponsored Products","19.25","USD"
"2026-01-29","540593023678755","Sponsored Products","0.00","USD"
"2026-01-04","562857825893299","Sponsored Products","2.54","USD"
"2026-01-02","369371745062988","Sponsored Products","0.00","CAD"
"2026-01-15","288851430690246","Sponsored Products","0.63","GBP"
"2026-01-01","413308568322873","Sponsored Brands","2.44","USD"
"2026-01-23","420797773596938","Sponsored Products","1.10","USD"
"2026-01-15","515637010546761","Sponsored Brands","8.51","USD"
"2026-01-04","561131507618203","Sponsored Products","0.95","AUD"
"2026-01-07","321516368269611","Sponsored Products","0.00","CAD"
"2026-01-15","434871922933588","Sponsored Brands","1.61","CAD"
"2026-01-30","461803854184467","Sponsored Products","0.00","CAD"
"2026-01-18","423447600502988","Sponsored Brands","0.00","CAD"
"2026-01-27","473740316381787","Sponsored Products","13.68","GBP"
"2026-01-19","532209379687062","Sponsored Display","0.45","GBP"
"2026-01-03","492312442577894","Sponsored Products","15.73","USD"
"2026-01-20","303332324664421","Sponsored Products","0.00","USD"
"2026-01-02","324740828073799","Sponsored Products","0.00","AUD"
"2026-01-23","324446919049652","Sponsored Products","2.42","USD"
"2026-01-22","384137786867273","Sponsored Products","0.00","USD"
"2026-01-30","467986598930085","Sponsored Products","0.00","USD"
"2026-01-02","465191710626164","Sponsored Brands","0.00","GBP"
"2026-01-15","557738489078024","Sponsored Products","0.53","CAD"
"2026-01-16","342568396157124","Sponsored Display","0.00","USD"
"2026-01-01","546191132663927","Sponsored Brands","4.48","USD"
"2026-01-26","346023186686134","Sponsored Brands","1.76","USD"
"2026-01-25","336347500415431","Sponsored Products","3.98","USD"
"2026-01-05","487313850471925","Sponsored Brands","0.00","USD"
"2026-01-14","555379102425019","Sponsored Products","0.00","CAD"
"2026-01-28","423538576850039","Sponsored Products","0.00","AUD"
"2026-01-29","79620432535917","Sponsored Products","4.45","USD"
"2026-01-31","516157903732083","Sponsored Products","0.00","GBP"
"2026-01-07","562873832621330","Sponsored Products","0.37","GBP"
"2026-01-13","369371745062988","Sponsored Products","0.00","CAD"
"2026-01-21","561131507618203","Sponsored Products","8.27","AUD"
"2026-01-26","411197191773342","Sponsored Products","0.00","AUD"
"2026-01-21","316086976315498","Sponsored Brands","0.00","USD"
"2026-01-25","535387208566969","Sponsored Products","2.01","USD"
"2026-01-20","467986598930085","Sponsored Products","15.48","USD"
"2026-01-23","303784488331012","Sponsored Display","1.23","AUD"
"2026-01-28","440503817971150","Sponsored Products","10.56","USD"
"2026-01-03","411197191773342","Sponsored Products","0.76","AUD"
"2026-01-02","476511840833684","Sponsored Products","0.40","GBP"
"2026-01-02","317413414518930","Sponsored Products","0.00","GBP"
"2026-01-10","340849210853799","Sponsored Products","6.06","USD"
"2026-01-26","429216730447678","Sponsored Products","0.00","AUD"
"2026-01-21","317413414518930","Sponsored Products","1.96","GBP"
"2026-01-21","454571413921997","Sponsored Products","0.00","GBP"
"2026-01-14","479364871682871","Sponsored Products","6.42","USD"
"2026-01-24","538699937906302","Sponsored Products","0.00","USD"
"2026-01-28","348537181713557","Sponsored Products","0.00","GBP"
"2026-01-24","488081803937581","Sponsored Products","0.00","GBP"
"2026-01-04","422803050752749","Sponsored Products","0.46","USD"
"2026-01-23","487327596470810","Sponsored Products","0.00","USD"
"2026-01-04","538771699321102","Sponsored Products","0.00","AUD"
"2026-01-30","366616645988820","Sponsored Products","0.00","CAD"
"2026-01-22","450116297068538","Sponsored Products","0.00","USD"
"2026-01-11","499207203040639","Sponsored Products","0.00","USD"
"2026-01-18","423825131329520","Sponsored Products","16.14","USD"
"2026-01-16","482686146435604","Sponsored Brands","0.91","USD"
"2026-01-28","489671557305898","Sponsored Display","0.34","USD"
"2026-01-09","378771240092800","Sponsored Products","0.00","AUD"
"2026-01-07","355737664148283","Sponsored Brands","0.00","USD"
"2026-01-29","392537273853228","Sponsored Brands","5.51","AUD"
"2026-01-08","512730232590991","Sponsored Products","0.00","USD"
"2026-01-28","558297049226516","Sponsored Brands","0.00","CAD"
"2026-01-14","420797773596938","Sponsored Products","0.00","USD"
"2026-01-05","454571413921997","Sponsored Products","0.36","GBP"
"2026-01-03","375880567146391","Sponsored Display","0.00","AUD"
"2026-01-05","292726552706968","Sponsored Products","0.00","USD"
"2026-01-01","455465774244567","Sponsored Products","0.00","USD"
"2026-01-05","538737001972988","Sponsored Brands","0.00","USD"
"2026-01-17","342468627864471","Sponsored Products","0.00","GBP"
"2026-01-20","542616313773815","Sponsored Brands","0.98","USD"
"2026-01-07","360412290312296","Sponsored Brands","3.50","CAD"
"2026-01-14","324446919049652","Sponsored Products","1.94","USD"
"2026-01-05","446701085946014","Sponsored Products","0.00","GBP"
"2026-01-11","303332324664421","Sponsored Products","0.00","USD"
"2026-01-18","402744546317623","Sponsored Brands","0.00","GBP"
"2026-01-10","485031869326352","Sponsored Products","0.00","AUD"
"2026-01-13","346023186686134","Sponsored Brands","0.00","USD"
"2026-01-07","348537181713557","Sponsored Products","0.26","GBP"
"2026-01-11","428914757065848","Sponsored Products","2.31","CAD"
"2026-01-27","453239686745418","Sponsored Products","1.13","GBP"
"2026-01-05","400050759741035","Sponsored Products","0.00","USD"
"2026-01-22","555360954347903","Sponsored Products","0.00","CAD"
"2026-01-04","365912534680395","Sponsored Products","0.00","GBP"
"2026-01-31","373188657935606","Sponsored Products","0.00","AUD"
"2026-01-31","373593607967581","Sponsored Display","0.00","AUD"
"2026-01-14","459488439760934","Sponsored Products","0.00","GBP"
"2026-01-07","331945445153602","Sponsored Products","0.00","GBP"
"2026-01-12","539931100075119","Sponsored Brands","1.26","USD"
"2026-01-11","344717374719347","Sponsored Display","0.06","CAD"
"2026-01-04","555360954347903","Sponsored Products","0.00","CAD"
"2026-01-15","428201110992726","Sponsored Products","9.84","USD"
"2026-01-29","500955748191612","Sponsored Products","0.00","USD"
"2026-01-12","526735719174751","Sponsored Products","0.00","USD"
"2026-01-23","417535655271448","Sponsored Products","0.00","USD"
"2026-01-22","363579801300326","Sponsored Products","0.00","CAD"
"2026-01-22","558782683947956","Sponsored Products","0.00","CAD"
"2026-01-15","291618943691121","Sponsored Brands","0.00","AUD"
"2026-01-14","286308132559342","Sponsored Brands","0.00","AUD"
"2026-01-10","354036750973331","Sponsored Products","1.00","CAD"
"2026-01-28","350228282296039","Sponsored Products","2.08","USD"
"2026-01-14","328392570118308","Sponsored Brands","0.00","AUD"
"2026-01-26","518228166841375","Sponsored Brands","0.00","GBP"
"2026-01-24","408719546145761","Sponsored Products","1.07","USD"
"2026-01-22","494896120843036","Sponsored Products","1.79","USD"
"2026-01-11","441925918527435","Sponsored Brands","5.87","USD"
"2026-01-10","320522945603717","Sponsored Brands","0.00","CAD"
"2026-01-28","461803854184467","Sponsored Products","0.69","CAD"
"2026-01-27","556616987602606","Sponsored Products","2.03","USD"
"2026-01-09","396524009311704","Sponsored Brands","1.58","CAD"
"2026-01-28","344717374719347","Sponsored Display","0.00","CAD"
"2026-01-06","555516622120091","Sponsored Brands","0.00","GBP"
"2026-01-26","342468627864471","Sponsored Products","0.00","GBP"
"2026-01-26","536492240546443","Sponsored Products","0.00","CAD"
"2026-01-28","451323086678396","Sponsored Products","1.21","USD"
"2026-01-21","487908370268380","Sponsored Products","5.45","USD"
"2026-01-25","518653489850740","Sponsored Brands","1.01","USD"
"2026-01-08","286855949125211","Sponsored Products","4.48","AUD"
"2026-01-07","406314828765201","Sponsored Products","0.00","AUD"
"2026-01-15","399703016940832","Sponsored Brands","1.38","CAD"
"2026-01-18","405896045618734","Sponsored Display","0.00","USD"
"2026-01-24","459130146103681","Sponsored Display","0.00","AUD"
"2026-01-19","298636506131156","Sponsored Brands","0.55","AUD"
"2026-01-16","414778030564989","Sponsored Products","0.00","GBP"
"2026-01-17","555625239663839","Sponsored Products","9.09","USD"
"2026-01-27","320522945603717","Sponsored Brands","0.00","CAD"
"2026-01-10","542333703103187","Sponsored Products","0.00","AUD"
"2026-01-15","318148591057223","Sponsored Products","0.00","GBP"
"2026-01-25","483182403867537","Sponsored Products","3.31","USD"
"2026-01-04","316207062053537","Sponsored Products","0.00","AUD"
"2026-01-08","325883174926875","Sponsored Brands","1.75","USD"
"2026-01-18","383706936707329","Sponsored Brands","2.48","USD"
"2026-01-27","297335215332435","Sponsored Products","3.33","CAD"
"2026-01-22","309978526979947","Sponsored Products","0.00","USD"
"2026-01-31","94121140300347","Sponsored Products","5.98","USD"
"2026-01-11","511509048867805","Sponsored Products","93.76","USD"
"2026-01-11","557388890025484","Sponsored Products","15.30","USD"
"2026-01-26","310318758176650","Sponsored Products","0.65","CAD"
"2026-01-29","291612323170971","Sponsored Products","0.00","CAD"
"2026-01-09","373593607967581","Sponsored Display","0.00","AUD"
"2026-01-21","491792683377286","Sponsored Products","1.16","USD"
"2026-01-19","305150240202410","Sponsored Brands","1.19","USD"
"2026-01-07","503995766126833","Sponsored Products","0.00","GBP"
"2026-01-16","342233969782751","Sponsored Products","2.19","USD"
"2026-01-03","291194333337791","Sponsored Products","0.00","USD"
"2026-01-01","327160636077377","Sponsored Products","0.00","USD"
"2026-01-23","321516368269611","Sponsored Products","0.45","CAD"
"2026-01-29","536850070634966","Sponsored Products","2.62","GBP"
"2026-01-09","491792683377286","Sponsored Products","0.00","USD"
"2026-01-29","386893543852916","Sponsored Products","1.93","CAD"
"2026-01-04","323864334787492","Sponsored Products","0.08","AUD"
"2026-01-07","371021037712738","Sponsored Products","58.48","USD"
"2026-01-07","290006083942538","Sponsored Products","1.39","AUD"
"2026-01-21","366993568403124","Sponsored Products","64.64","USD"
"2026-01-18","353698807350187","Sponsored Products","8.30","USD"
"2026-01-31","342468627864471","Sponsored Products","0.29","GBP"
"2026-01-31","453503689032806","Sponsored Products","0.65","GBP"
"2026-01-07","423471492340141","Sponsored Brands","0.32","USD"
"2026-01-22","472554317410495","Sponsored Brands","0.00","USD"
"2026-01-21","488078103319545","Sponsored Brands","0.00","USD"
"2026-01-01","450215291242396","Sponsored Products","0.00","USD"
"2026-01-23","300894362771504","Sponsored Products","0.00","GBP"
"2026-01-19","443805539282973","Sponsored Brands","2.49","CAD"
"2026-01-06","303344079444236","Sponsored Brands","1.65","GBP"
"2026-01-21","342568396157124","Sponsored Display","0.00","USD"
"2026-01-31","64790741448016","Sponsored Products","9.50","USD"
"2026-01-20","397652540263806","Sponsored Products","0.00","CAD"
"2026-01-28","327137186916287","Sponsored Products","0.00","USD"
"2026-01-04","546641048554747","Sponsored Products","0.00","USD"
"2026-01-06","407530123839349","Sponsored Products","0.00","AUD"
"2026-01-09","303344079444236","Sponsored Brands","0.00","GBP"
"2026-01-03","558297049226516","Sponsored Brands","0.00","CAD"
"2026-01-04","446701085946014","Sponsored Products","0.00","GBP"
"2026-01-29","226743970768774","Sponsored Products","0.00","USD"
"2026-01-16","562873832621330","Sponsored Products","1.48","GBP"
"2026-01-25","487313850471925","Sponsored Brands","2.38","USD"
"2026-01-27","327999245273994","Sponsored Brands","1.56","USD"
"2026-01-27","93061813718954","Sponsored Products","7.90","USD"
"2026-01-14","353698807350187","Sponsored Products","8.04","USD"
"2026-01-05","511519443187302","Sponsored Products","4.08","GBP"
"2026-01-31","281024885672869","Sponsored Products","0.00","USD"
"2026-01-24","189738652799913","Sponsored Brands","0.00","CAD"
"2026-01-09","485031869326352","Sponsored Products","0.00","AUD"
"2026-01-27","524843805783693","Sponsored Products","0.60","USD"
"2026-01-09","189738652799913","Sponsored Brands","0.29","CAD"
"2026-01-29","354484097353439","Sponsored Products","0.83","GBP"
"2026-01-15","485543012454911","Sponsored Products","1.72","USD"
"2026-01-21","459488439760934","Sponsored Products","0.81","GBP"
"2026-01-14","483182403867537","Sponsored Products","3.00","USD"
"2026-01-30","115943131527635","Sponsored Products","5.23","USD"
"2026-01-07","387735099454991","Sponsored Products","0.00","USD"
"2026-01-21","326742961453164","Sponsored Products","0.00","CAD"
"2026-01-10","405896045618734","Sponsored Display","0.00","USD"
"2026-01-26","386865813070708","Sponsored Products","0.93","USD"
"2026-01-28","307922603865773","Sponsored Products","10.00","USD"
"2026-01-28","375880567146391","Sponsored Display","0.00","AUD"
"2026-01-26","316207062053537","Sponsored Products","0.06","AUD"
"2026-01-27","342568396157124","Sponsored Display","0.00","USD"
"2026-01-07","416822662696131","Sponsored Brands","3.22","USD"
"2026-01-13","446869334265005","Sponsored Products","0.00","USD"
"2026-01-27","366993568403124","Sponsored Products","51.27","USD"
"2026-01-05","284235017891966","Sponsored Products","2.44","CAD"
"2026-01-18","336347500415431","Sponsored Products","1.60","USD"
"2026-01-26","491792683377286","Sponsored Products","0.00","USD"
"2026-01-29","531194039320877","Sponsored Products","0.00","CAD"
"2026-01-28","316506785332318","Sponsored Products","0.00","USD"
"2026-01-02","310318758176650","Sponsored Products","0.59","CAD"
"2026-01-02","348184859637636","Sponsored Brands","0.72","USD"
"2026-01-22","562763694980171","Sponsored Products","0.96","GBP"
"2026-01-19","524438997214345","Sponsored Products","2.63","USD"
"2026-01-28","555625239663839","Sponsored Products","25.37","USD"
"2026-01-16","349690804752896","Sponsored Products","60.17","USD"
"2026-01-18","316506785332318","Sponsored Products","1.49","USD"
"2026-01-26","439118795538688","Sponsored Brands","0.00","CAD"
"2026-01-03","310318758176650","Sponsored Products","0.35","CAD"
"2026-01-16","278400043801722","Sponsored Products","0.95","GBP"
"2026-01-28","378095244761436","Sponsored Products","0.65","USD"
"2026-01-12","351594278748520","Sponsored Products","0.00","USD"
"2026-01-22","560541401556849","Sponsored Products","0.00","GBP"
"2026-01-19","556616987602606","Sponsored Products","2.54","USD"
"2026-01-08","531616041116243","Sponsored Products","0.94","USD"
"2026-01-19","540593023678755","Sponsored Products","0.00","USD"
"2026-01-05","392598200964005","Sponsored Products","0.00","CAD"
"2026-01-26","291194333337791","Sponsored Products","0.00","USD"
"2026-01-28","511828144987995","Sponsored Products","0.76","GBP"
"2026-01-12","422803050752749","Sponsored Products","0.46","USD"
"2026-01-20","546618773117950","Sponsored Brands","0.20","AUD"
"2026-01-08","299897583007336","Sponsored Products","5.87","USD"
"2026-01-03","512730232590991","Sponsored Products","0.00","USD"
"2026-01-01","514416545593290","Sponsored Products","2.49","USD"
"2026-01-21","458452283549074","Sponsored Brands","0.00","CAD"
"2026-01-12","492312442577894","Sponsored Products","14.04","USD"
"2026-01-02","509593684638198","Sponsored Brands","0.81","USD"
"2026-01-17","394083050171294","Sponsored Products","3.01","USD"
"2026-01-27","314318800479242","Sponsored Products","1.09","AUD"
"2026-01-05","439190542974029","Sponsored Brands","3.29","USD"
"2026-01-07","562763694980171","Sponsored Products","0.00","GBP"
"2026-01-25","378858058113466","Sponsored Products","0.00","CAD"
"2026-01-25","452082306058129","Sponsored Brands","1.83","CAD"
"2026-01-27","407444835513369","Sponsored Brands","3.41","CAD"
"2026-01-30","53404531347848","Sponsored Products","6.81","USD"
"2026-01-22","392972027720670","Sponsored Products","0.00","CAD"
"2026-01-29","494994223093944","Sponsored Brands","0.00","AUD"
"2026-01-17","301972852761247","Sponsored Products","0.00","USD"
"2026-01-27","448149727236636","Sponsored Products","0.00","AUD"
"2026-01-20","459130146103681","Sponsored Display","0.00","AUD"
"2026-01-14","340849210853799","Sponsored Products","4.82","USD"
"2026-01-23","455983082050138","Sponsored Products","0.00","CAD"
"2026-01-01","557802220335065","Sponsored Products","0.00","CAD"
"2026-01-26","459488439760934","Sponsored Products","0.00","GBP"
"2026-01-04","386865813070708","Sponsored Products","0.48","USD"
"2026-01-02","395588635574089","Sponsored Brands","2.68","USD"
"2026-01-08","551134208715253","Sponsored Products","0.00","AUD"
"2026-01-12","366616645988820","Sponsored Products","0.00","CAD"
"2026-01-16","344516434946756","Sponsored Products","10.74","USD"
"2026-01-08","406964010755868","Sponsored Products","0.00","CAD"
"2026-01-01","450116297068538","Sponsored Products","0.86","USD"
"2026-01-26","367083122067501","Sponsored Display","0.00","USD"
"2026-01-29","383486487068158","Sponsored Display","4.72","GBP"
"2026-01-04","441888784513828","Sponsored Display","0.07","USD"
"2026-01-09","318399173824872","Sponsored Products","1.34","GBP"
"2026-01-14","537194794349407","Sponsored Products","1.34","USD"
"2026-01-23","441276644656791","Sponsored Brands","0.00","AUD"
"2026-01-15","399629340308947","Sponsored Brands","0.00","AUD"
"2026-01-21","345230959620455","Sponsored Products","0.00","CAD"
"2026-01-16","332116728677051","Sponsored Products","0.00","CAD"
"2026-01-08","524438997214345","Sponsored Products","0.00","USD"
"2026-01-20","493519110544788","Sponsored Products","12.88","USD"
"2026-01-11","419764168918332","Sponsored Brands","1.92","AUD"
"2026-01-05","297335215332435","Sponsored Products","4.56","CAD"
"2026-01-07","304676183651349","Sponsored Products","0.00","USD"
"2026-01-31","439663157752722","Sponsored Brands","0.39","USD"
"2026-01-15","381243195375500","Sponsored Products","4.73","USD"
"2026-01-19","363551194960955","Sponsored Products","0.00","CAD"
"2026-01-04","417535655271448","Sponsored Products","6.69","USD"
"2026-01-21","524438997214345","Sponsored Products","1.85","USD"
"2026-01-26","375880567146391","Sponsored Display","0.82","AUD"
"2026-01-04","378771240092800","Sponsored Products","0.00","AUD"
"2026-01-05","413308568322873","Sponsored Brands","5.76","USD"
"2026-01-05","444969564092992","Sponsored Products","0.00","CAD"
"2026-01-18","363579801300326","Sponsored Products","0.00","CAD"
"2026-01-19","545989665090053","Sponsored Brands","1.66","GBP"
"2026-01-21","434170639918769","Sponsored Brands","2.86","USD"
"2026-01-20","317413414518930","Sponsored Products","2.28","GBP"
"2026-01-02","461174245552414","Sponsored Products","0.22","AUD"
"2026-01-19","443207948405482","Sponsored Products","0.31","CAD"
"2026-01-29","486830706800832","Sponsored Products","0.00","CAD"
"2026-01-21","480355060288556","Sponsored Products","2.72","AUD"
"2026-01-31","463874563272935","Sponsored Brands","1.31","AUD"
"2026-01-29","382536260418493","Sponsored Brands","0.00","USD"
"2026-01-20","373188657935606","Sponsored Products","0.00","AUD"
"2026-01-19","423538576850039","Sponsored Products","0.00","AUD"
"2026-01-20","384137786867273","Sponsored Products","0.00","USD"
"2026-01-27","408719546145761","Sponsored Products","0.00","USD"
"2026-01-21","424413890381694","Sponsored Products","1.66","USD"
"2026-01-09","386920533914758","Sponsored Brands","0.66","CAD"
"2026-01-17","446869334265005","Sponsored Products","0.00","USD"
"2026-01-29","316018693107855","Sponsored Products","0.00","USD"
"2026-01-07","536186527693818","Sponsored Products","6.36","USD"
"2026-01-26","471805907077682","Sponsored Products","0.00","USD"
"2026-01-26","278400043801722","Sponsored Products","0.00","GBP"
"2026-01-02","446869334265005","Sponsored Products","0.00","USD"
"2026-01-12","442522120858299","Sponsored Products","0.00","USD"
"2026-01-17","491770987077396","Sponsored Products","30.01","USD"
"2026-01-08","412663623607577","Sponsored Products","0.00","USD"
"2026-01-08","491792683377286","Sponsored Products","1.95","USD"
"2026-01-11","309601314328778","Sponsored Products","0.17","CAD"
"2026-01-25","557738489078024","Sponsored Products","0.00","CAD"
"2026-01-22","292726552706968","Sponsored Products","9.47","USD"
"2026-01-22","444969564092992","Sponsored Products","2.00","CAD"
"2026-01-18","373663567761151","Sponsored Products","0.00","USD"
"2026-01-31","192968792078402","Sponsored Products","0.00","USD"
"2026-01-29","324446919049652","Sponsored Products","0.00","USD"
"2026-01-12","380787783830601","Sponsored Products","0.00","USD"
"2026-01-14","486830706800832","Sponsored Products","0.83","CAD"
"2026-01-03","312451130238004","Sponsored Brands","0.59","USD"
"2026-01-21","288086271468562","Sponsored Products","43.32","USD"
"2026-01-19","316018693107855","Sponsored Products","10.50","USD"
"2026-01-27","455688132780953","Sponsored Brands","0.20","USD"
"2026-01-28","384986795476042","Sponsored Brands","1.79","CAD"
"2026-01-13","318399173824872","Sponsored Products","0.32","GBP"
"2026-01-31","312632253610695","Sponsored Brands","0.47","USD"
"2026-01-09","417535655271448","Sponsored Products","0.00","USD"
"2026-01-09","400050759741035","Sponsored Products","0.00","USD"
"2026-01-18","473740316381787","Sponsored Products","7.95","GBP"
"2026-01-29","444969564092992","Sponsored Products","0.00","CAD"
"2026-01-09","530543664696574","Sponsored Products","0.00","AUD"
"2026-01-04","303332324664421","Sponsored Products","0.00","USD"
"2026-01-13","345786769504667","Sponsored Products","5.22","USD"
"2026-01-29","296882349967704","Sponsored Products","0.00","USD"
"2026-01-23","508144069166640","Sponsored Products","0.00","USD"
"2026-01-30","482686146435604","Sponsored Brands","0.34","USD"
"2026-01-19","428015197375542","Sponsored Products","0.42","AUD"
"2026-01-16","463874563272935","Sponsored Brands","0.78","AUD"
"2026-01-23","381948820461821","Sponsored Brands","0.00","USD"
"2026-01-19","512730232590991","Sponsored Products","0.00","USD"
"2026-01-23","286855949125211","Sponsored Products","4.86","AUD"
"2026-01-22","524438997214345","Sponsored Products","2.77","USD"
"2026-01-31","467986598930085","Sponsored Products","0.00","USD"
"2026-01-31","101459965063202","Sponsored Products","11.74","USD"
"2026-01-26","397652540263806","Sponsored Products","0.00","CAD"
"2026-01-18","436562742415834","Sponsored Products","0.00","GBP"
"2026-01-16","297446437541925","Sponsored Products","0.00","USD"
"2026-01-27","350228282296039","Sponsored Products","6.24","USD"
"2026-01-14","298636506131156","Sponsored Brands","0.29","AUD"
"2026-01-06","524843805783693","Sponsored Products","4.22","USD"
"2026-01-25","540593023678755","Sponsored Products","0.00","USD"
"2026-01-25","375451164709840","Sponsored Products","0.53","GBP"
"2026-01-06","557738489078024","Sponsored Products","0.00","CAD"
"2026-01-14","398718122329444","Sponsored Products","0.22","GBP"
"2026-01-09","288851430690246","Sponsored Products","0.00","GBP"
"2026-01-04","531187508971652","Sponsored Display","0.00","CAD"
"2026-01-05","367083122067501","Sponsored Display","0.00","USD"
"2026-01-30","22348745290500","Sponsored Products","1.88","USD"
"2026-01-03","451323086678396","Sponsored Products","0.00","USD"
"2026-01-06","430840323605870","Sponsored Products","0.00","USD"
"2026-01-26","557802220335065","Sponsored Products","1.20","CAD"
"2026-01-09","407346576799567","Sponsored Products","0.00","AUD"
"2026-01-02","288086271468562","Sponsored Products","53.95","USD"
"2026-01-01","303916812672560","Sponsored Brands","0.00","GBP"
"2026-01-01","412362697167927","Sponsored Products","0.20","GBP"
"2026-01-13","455622109943339","Sponsored Products","0.44","AUD"
"2026-01-16","386920533914758","Sponsored Brands","0.49","CAD"
"2026-01-23","502907079288115","Sponsored Products","2.91","CAD"
"2026-01-02","322178684810700","Sponsored Products","0.00","USD"
"2026-01-12","263910374759225","Sponsored Products","4.25","CAD"
"2026-01-03","529431876389782","Sponsored Products","0.82","USD"
"2026-01-01","291194333337791","Sponsored Products","0.00","USD"
"2026-01-13","555625239663839","Sponsored Products","18.51","USD"
"2026-01-17","526735719174751","Sponsored Products","0.00","USD"
"2026-01-25","394083050171294","Sponsored Products","2.70","USD"
"2026-01-20","542333703103187","Sponsored Products","0.00","AUD"
"2026-01-11","366993568403124","Sponsored Products","23.83","USD"
"2026-01-11","562857825893299","Sponsored Products","1.85","USD"
"2026-01-10","551134208715253","Sponsored Products","0.00","AUD"
"2026-01-29","332000738328227","Sponsored Products","0.62","USD"
"2026-01-13","377578915667002","Sponsored Products","16.67","USD"
"2026-01-20","355737664148283","Sponsored Brands","0.00","USD"
"2026-01-08","446869334265005","Sponsored Products","0.00","USD"
"2026-01-20","423538576850039","Sponsored Products","0.00","AUD"
"2026-01-20","561131507618203","Sponsored Products","23.21","AUD"
"2026-01-08","516157903732083","Sponsored Products","1.02","GBP"
"2026-01-14","366303362151528","Sponsored Products","0.00","USD"
"2026-01-14","441925918527435","Sponsored Brands","4.89","USD"
"2026-01-12","354484097353439","Sponsored Products","0.61","GBP"
"2026-01-01","288086271468562","Sponsored Products","70.99","USD"
"2026-01-19","459488439760934","Sponsored Products","0.23","GBP"
"2026-01-16","517050919084211","Sponsored Products","0.00","CAD"
"2026-01-15","461174245552414","Sponsored Products","0.37","AUD"
"2026-01-09","291680855614624","Sponsored Brands","2.11","GBP"
"2026-01-13","536186527693818","Sponsored Products","18.59","USD"
"2026-01-13","488650993039900","Sponsored Brands","0.00","USD"
"2026-01-31","392537273853228","Sponsored Brands","0.00","AUD"
"2026-01-03","291618943691121","Sponsored Brands","0.00","AUD"
"2026-01-05","301972852761247","Sponsored Products","0.00","USD"
"2026-01-07","380787783830601","Sponsored Products","0.62","USD"
"2026-01-20","411293040066733","Sponsored Products","0.69","GBP"
"2026-01-09","459130146103681","Sponsored Display","0.00","AUD"
"2026-01-22","476877916686317","Sponsored Brands","0.48","AUD"
"2026-01-19","348184859637636","Sponsored Brands","0.32","USD"
"2026-01-08","424413890381694","Sponsored Products","0.00","USD"
"2026-01-19","523047960784195","Sponsored Products","9.98","USD"
"2026-01-08","495677195822245","Sponsored Brands","0.00","USD"
"2026-01-20","529279517874985","Sponsored Products","0.00","AUD"
"2026-01-31","473740316381787","Sponsored Products","4.13","GBP"
"2026-01-18","297335215332435","Sponsored Products","4.81","CAD"
"2026-01-30","11588448157956","Sponsored Products","1.92","USD"
"2026-01-30","79620432535917","Sponsored Products","13.16","USD"
"2026-01-03","555625239663839","Sponsored Products","19.80","USD"
"2026-01-01","375840213985973","Sponsored Products","0.00","USD"
"2026-01-29","432312765744113","Sponsored Products","0.00","USD"
"2026-01-03","297335215332435","Sponsored Products","6.40","CAD"
"2026-01-06","455622109943339","Sponsored Products","0.00","AUD"
"2026-01-09","363801591495934","Sponsored Brands","0.00","CAD"
"2026-01-17","527711743915708","Sponsored Products","43.27","USD"
"2026-01-13","488081803937581","Sponsored Products","0.00","GBP"
"2026-01-13","392699328377229","Sponsored Products","0.00","AUD"
"2026-01-27","316265693147625","Sponsored Products","0.00","GBP"
"2026-01-31","555360954347903","Sponsored Products","0.00","CAD"
"2026-01-21","536492240546443","Sponsored Products","0.33","CAD"
"2026-01-10","382263989834817","Sponsored Products","0.00","AUD"
"2026-01-03","488078103319545","Sponsored Brands","1.08","USD"
"2026-01-16","361646797125820","Sponsored Products","0.06","AUD"
"2026-01-23","446869334265005","Sponsored Products","0.00","USD"
"2026-01-05","440997775738977","Sponsored Products","0.00","AUD"
"2026-01-20","488078103319545","Sponsored Brands","0.00","USD"
"2026-01-14","423471492340141","Sponsored Brands","0.32","USD"
"2026-01-24","491366396962687","Sponsored Brands","4.18","USD"
"2026-01-29","375880567146391","Sponsored Display","0.27","AUD"
"2026-01-08","396006036421092","Sponsored Products","0.65","USD"
"2026-01-07","398718122329444","Sponsored Products","0.93","GBP"
"2026-01-10","483182403867537","Sponsored Products","7.04","USD"
"2026-01-29","417350251520986","Sponsored Products","0.00","USD"
"2026-01-21","317772463042332","Sponsored Products","0.00","AUD"
"2026-01-18","355940295532015","Sponsored Brands","0.00","AUD"
"2026-01-12","342568396157124","Sponsored Display","0.13","USD"
"2026-01-03","320522945603717","Sponsored Brands","0.85","CAD"
"2026-01-22","300894362771504","Sponsored Products","0.00","GBP"
"2026-01-15","339568026468029","Sponsored Brands","0.00","CAD"
"2026-01-26","291680855614624","Sponsored Brands","1.19","GBP"
"2026-01-04","344717374719347","Sponsored Display","0.00","CAD"
"2026-01-23","327323455598643","Sponsored Products","0.00","GBP"
"2026-01-29","113013759920940","Sponsored Products","0.00","USD"
"2026-01-17","419802202221779","Sponsored Products","2.31","CAD"
"2026-01-21","336347500415431","Sponsored Products","0.54","USD"
"2026-01-22","554029658228344","Sponsored Display","0.00","GBP"
"2026-01-29","328156874590794","Sponsored Brands","0.00","USD"
"2026-01-04","542333703103187","Sponsored Products","0.00","AUD"
"2026-01-14","450116297068538","Sponsored Products","0.76","USD"
"2026-01-03","555516622120091","Sponsored Brands","0.00","GBP"
"2026-01-03","446701085946014","Sponsored Products","0.34","GBP"
"2026-01-20","526735719174751","Sponsored Products","0.00","USD"
"2026-01-17","523047960784195","Sponsored Products","12.67","USD"
"2026-01-30","560541401556849","Sponsored Products","0.00","GBP"
"2026-01-06","344516434946756","Sponsored Products","0.54","USD"
"2026-01-25","488078103319545","Sponsored Brands","0.00","USD"
"2026-01-12","458452283549074","Sponsored Brands","0.00","CAD"
"2026-01-18","339568026468029","Sponsored Brands","0.28","CAD"
"2026-01-22","312632253610695","Sponsored Brands","50.40","USD"
"2026-01-04","495242868805173","Sponsored Products","2.20","GBP"
"2026-01-14","378771240092800","Sponsored Products","0.00","AUD"
"2026-01-15","524438997214345","Sponsored Products","2.92","USD"
"2026-01-13","322178684810700","Sponsored Products","4.10","USD"
"2026-01-08","380439551325000","Sponsored Products","3.28","GBP"
"2026-01-06","542616313773815","Sponsored Brands","3.69","USD"
"2026-01-02","392598200964005","Sponsored Products","0.00","CAD"
"2026-01-22","407346576799567","Sponsored Products","0.00","AUD"
"2026-01-26","297335215332435","Sponsored Products","3.21","CAD"
"2026-01-16","453754530299965","Sponsored Brands","19.53","USD"
"2026-01-05","555625239663839","Sponsored Products","17.39","USD"
"2026-01-10","491792683377286","Sponsored Products","0.00","USD"
"2026-01-16","454564300195235","Sponsored Products","1.41","GBP"
"2026-01-13","288086271468562","Sponsored Products","65.24","USD"
"2026-01-21","327999245273994","Sponsored Brands","0.21","USD"
"2026-01-01","529431876389782","Sponsored Products","0.00","USD"
"2026-01-09","380787783830601","Sponsored Products","0.00","USD"
"2026-01-02","316207062053537","Sponsored Products","0.00","AUD"
"2026-01-30","476511840833684","Sponsored Products","0.00","GBP"
"2026-01-11","371623685288534","Sponsored Brands","1.80","GBP"
"2026-01-11","495699106211812","Sponsored Products","0.98","AUD"
"2026-01-06","332000738328227","Sponsored Products","6.63","USD"
"2026-01-01","531194039320877","Sponsored Products","0.00","CAD"
"2026-01-29","259323671730401","Sponsored Products","6.41","USD"
"2026-01-19","558782683947956","Sponsored Products","0.00","CAD"
"2026-01-17","455100983218716","Sponsored Brands","0.00","USD"
"2026-01-17","434871922933588","Sponsored Brands","1.43","CAD"
"2026-01-31","562873832621330","Sponsored Products","0.00","GBP"
"2026-01-21","491366396962687","Sponsored Brands","4.26","USD"
"2026-01-11","455688132780953","Sponsored Brands","0.00","USD"
"2026-01-16","489671557305898","Sponsored Display","0.04","USD"
"2026-01-25","399629340308947","Sponsored Brands","0.00","AUD"
"2026-01-13","545146961820010","Sponsored Products","2.96","GBP"
"2026-01-18","494590942145867","Sponsored Products","32.74","CAD"
"2026-01-03","509593684638198","Sponsored Brands","0.00","USD"
"2026-01-05","317249860293143","Sponsored Products","1.30","USD"
"2026-01-26","363579801300326","Sponsored Products","0.00","CAD"
"2026-01-06","469814503032884","Sponsored Products","0.00","AUD"
"2026-01-08","465277078791533","Sponsored Brands","0.00","GBP"
"2026-01-06","491700931771136","Sponsored Products","0.00","GBP"
"2026-01-31","54673378227395","Sponsored Products","0.00","USD"
"2026-01-24","314318800479242","Sponsored Products","0.00","AUD"
"2026-01-10","443207948405482","Sponsored Products","0.00","CAD"
"2026-01-03","557802220335065","Sponsored Products","0.96","CAD"
"2026-01-21","324740828073799","Sponsored Products","0.00","AUD"
"2026-01-18","484239021223334","Sponsored Products","0.00","AUD"
"2026-01-06","373593607967581","Sponsored Display","0.00","AUD"
"2026-01-07","312711508263023","Sponsored Products","1.51","AUD"
"2026-01-22","432013629308606","Sponsored Brands","4.15","CAD"
"2026-01-02","512730232590991","Sponsored Products","0.00","USD"
"2026-01-29","505299994018527","Sponsored Products","0.00","CAD"
"2026-01-12","291194333337791","Sponsored Products","0.00","USD"
"2026-01-03","439190542974029","Sponsored Brands","10.37","USD"
"2026-01-27","383706936707329","Sponsored Brands","3.85","USD"
"2026-01-06","327999245273994","Sponsored Brands","2.45","USD"
"2026-01-30","392972027720670","Sponsored Products","0.00","CAD"
"2026-01-05","540593023678755","Sponsored Products","1.97","USD"
"2026-01-13","423447600502988","Sponsored Brands","0.00","CAD"
"2026-01-09","545989665090053","Sponsored Brands","0.72","GBP"
"2026-01-27","429345285920060","Sponsored Brands","0.00","GBP"
"2026-01-24","392537273853228","Sponsored Brands","0.00","AUD"
"2026-01-08","286601245904247","Sponsored Products","0.00","CAD"
"2026-01-07","527711743915708","Sponsored Products","23.80","USD"
"2026-01-09","535387208566969","Sponsored Products","0.00","USD"
"2026-01-20","278400043801722","Sponsored Products","0.00","GBP"
"2026-01-02","444969564092992","Sponsored Products","0.00","CAD"
"2026-01-31","284235017891966","Sponsored Products","5.83","CAD"
"2026-01-06","551785069524711","Sponsored Products","0.51","USD"
"2026-01-05","455100983218716","Sponsored Brands","1.62","USD"
"2026-01-14","562857825893299","Sponsored Products","3.28","USD"
"2026-01-11","458452283549074","Sponsored Brands","0.00","CAD"
"2026-01-12","328392570118308","Sponsored Brands","0.00","AUD"
"2026-01-07","412663623607577","Sponsored Products","0.00","USD"
"2026-01-31","65861573413220","Sponsored Products","2.50","USD"
"2026-01-01","321516368269611","Sponsored Products","0.00","CAD"
"2026-01-09","399629340308947","Sponsored Brands","0.00","AUD"
"2026-01-14","522533017982048","Sponsored Products","0.00","CAD"
"2026-01-17","347536643859180","Sponsored Products","0.59","GBP"
"2026-01-21","535387208566969","Sponsored Products","1.07","USD"
"2026-01-13","312451130238004","Sponsored Brands","0.00","USD"
"2026-01-20","373593607967581","Sponsored Display","0.00","AUD"
"2026-01-31","557738489078024","Sponsored Products","0.00","CAD"
"2026-01-09","537194794349407","Sponsored Products","0.00","USD"
"2026-01-24","453239686745418","Sponsored Products","0.00","GBP"
"2026-01-28","363551194960955","Sponsored Products","0.81","CAD"
"2026-01-28","126638359335345","Sponsored Products","0.00","USD"
"2026-01-01","494734928633883","Sponsored Brands","5.43","USD"
"2026-01-02","488078103319545","Sponsored Brands","1.08","USD"
"2026-01-23","516342953216189","Sponsored Products","4.26","USD"
"2026-01-10","536186527693818","Sponsored Products","8.05","USD"
"2026-01-02","360412290312296","Sponsored Brands","0.00","CAD"
"2026-01-24","562857825893299","Sponsored Products","3.22","USD"
"2026-01-14","401058364234122","Sponsored Products","4.92","CAD"
"2026-01-01","335433659020477","Sponsored Products","0.00","USD"
"2026-01-20","368310850203338","Sponsored Products","3.06","USD"
"2026-01-15","366303362151528","Sponsored Products","0.00","USD"
"2026-01-27","501445692271818","Sponsored Products","0.00","USD"
"2026-01-04","407346576799567","Sponsored Products","0.00","AUD"
"2026-01-12","398718122329444","Sponsored Products","0.27","GBP"
"2026-01-17","373188657935606","Sponsored Products","0.00","AUD"
"2026-01-18","401058364234122","Sponsored Products","4.28","CAD"
"2026-01-28","64790741448016","Sponsored Products","2.37","USD"
"2026-01-04","349690804752896","Sponsored Products","51.26","USD"
"2026-01-14","561131507618203","Sponsored Products","0.00","AUD"
"2026-01-19","407346576799567","Sponsored Products","0.00","AUD"
"2026-01-26","498311429491057","Sponsored Display","0.00","CAD"
"2026-01-02","314318800479242","Sponsored Products","0.00","AUD"
"2026-01-28","551134208715253","Sponsored Products","0.00","AUD"
"2026-01-17","318399173824872","Sponsored Products","0.17","GBP"
"2026-01-02","440503817971150","Sponsored Products","6.10","USD"
"2026-01-29","154085784178560","Sponsored Products","3.61","USD"
"2026-01-02","291618943691121","Sponsored Brands","0.00","AUD"
"2026-01-28","354627207584492","Sponsored Products","0.00","CAD"
"2026-01-29","469814503032884","Sponsored Products","0.00","AUD"
"2026-01-08","349690804752896","Sponsored Products","67.38","USD"
"2026-01-07","317413414518930","Sponsored Products","0.00","GBP"
"2026-01-26","383486487068158","Sponsored Display","4.44","GBP"
"2026-01-12","298636506131156","Sponsored Brands","0.00","AUD"
"2026-01-02","554029658228344","Sponsored Display","0.33","GBP"
"2026-01-02","399857229182854","Sponsored Brands","0.00","GBP"
"2026-01-01","562857825893299","Sponsored Products","15.65","USD"
"2026-01-08","539750977499191","Sponsored Products","3.93","CAD"
"2026-01-30","77231525415892","Sponsored Products","0.00","USD"
"2026-01-28","1861066386589","Sponsored Products","0.00","USD"
"2026-01-04","387735099454991","Sponsored Products","0.00","USD"
"2026-01-13","486969120687335","Sponsored Products","17.03","USD"
"2026-01-19","383356525876468","Sponsored Products","0.00","USD"
"2026-01-24","442522120858299","Sponsored Products","0.00","USD"
"2026-01-30","243204708497477","Sponsored Products","2.19","USD"
"2026-01-30","154118694541854","Sponsored Products","0.00","USD"
"2026-01-02","329222077811459","Sponsored Brands","0.00","GBP"
"2026-01-10","472554317410495","Sponsored Brands","0.00","USD"
"2026-01-26","523047960784195","Sponsored Products","14.52","USD"
"2026-01-16","399857229182854","Sponsored Brands","0.00","GBP"
"2026-01-28","444969564092992","Sponsored Products","0.17","CAD"
"2026-01-06","303784488331012","Sponsored Display","0.00","AUD"
"2026-01-05","373593607967581","Sponsored Display","0.00","AUD"
"2026-01-04","316265693147625","Sponsored Products","0.00","GBP"
"2026-01-26","345786769504667","Sponsored Products","0.00","USD"
"2026-01-15","530911335551258","Sponsored Products","0.00","CAD"
"2026-01-15","516157903732083","Sponsored Products","0.64","GBP"
"2026-01-15","446701085946014","Sponsored Products","0.00","GBP"
"2026-01-30","54673378227395","Sponsored Products","0.00","USD"
"2026-01-07","524438997214345","Sponsored Products","0.00","USD"
"2026-01-20","551785069524711","Sponsored Products","0.67","USD"
"2026-01-15","406487274006731","Sponsored Products","0.00","AUD"
"2026-01-27","562857825893299","Sponsored Products","1.56","USD"
"2026-01-03","494734928633883","Sponsored Brands","4.71","USD"
"2026-01-09","307922603865773","Sponsored Products","10.37","USD"
"2026-01-23","304676183651349","Sponsored Products","0.00","USD"
"2026-01-24","427514193060341","Sponsored Products","1.09","USD"
"2026-01-11","487313850471925","Sponsored Brands","0.00","USD"
"2026-01-15","499207203040639","Sponsored Products","0.39","USD"
"2026-01-08","431503342672607","Sponsored Products","0.00","USD"
"2026-01-20","280884599605823","Sponsored Products","23.22","USD"
"2026-01-05","530911335551258","Sponsored Products","0.00","CAD"
"2026-01-07","509593684638198","Sponsored Brands","0.00","USD"
"2026-01-31","255100442617527","Sponsored Products","1.81","USD"
"2026-01-09","327955853177271","Sponsored Products","6.73","USD"
"2026-01-15","409249674990450","Sponsored Products","0.00","AUD"
"2026-01-03","444969564092992","Sponsored Products","0.00","CAD"
"2026-01-14","378858058113466","Sponsored Products","1.41","CAD"
"2026-01-04","335433659020477","Sponsored Products","0.96","USD"
"2026-01-27","378095244761436","Sponsored Products","0.93","USD"
"2026-01-21","423471492340141","Sponsored Brands","0.00","USD"
"2026-01-30","286855949125211","Sponsored Products","6.83","AUD"
"2026-01-01","286855949125211","Sponsored Products","0.98","AUD"
"2026-01-04","455100983218716","Sponsored Brands","2.71","USD"
"2026-01-05","521187964040554","Sponsored Products","0.17","CAD"
"2026-01-17","419764168918332","Sponsored Brands","1.93","AUD"
"2026-01-01","464658704178346","Sponsored Brands","25.24","USD"
"2026-01-08","511519443187302","Sponsored Products","7.98","GBP"
"2026-01-31","505299994018527","Sponsored Products","0.00","CAD"
"2026-01-19","344717374719347","Sponsored Display","0.00","CAD"
"2026-01-19","339568026468029","Sponsored Brands","0.33","CAD"
"2026-01-20","354036750973331","Sponsored Products","7.01","CAD"
"2026-01-29","419802202221779","Sponsored Products","0.41","CAD"
"2026-01-12","345786769504667","Sponsored Products","0.00","USD"
"2026-01-17","402744546317623","Sponsored Brands","0.00","GBP"
"2026-01-11","369371745062988","Sponsored Products","0.00","CAD"
"2026-01-25","396524009311704","Sponsored Brands","5.86","CAD"
"2026-01-13","407346576799567","Sponsored Products","0.00","AUD"
"2026-01-24","417350251520986","Sponsored Products","0.81","USD"
"2026-01-22","316086976315498","Sponsored Brands","0.00","USD"
"2026-01-04","539834455179217","Sponsored Products","3.89","USD"
"2026-01-26","452065263384491","Sponsored Brands","7.41","USD"
"2026-01-08","392699328377229","Sponsored Products","0.00","AUD"
"2026-01-21","511828144987995","Sponsored Products","0.00","GBP"
"2026-01-14","539931100075119","Sponsored Brands","2.59","USD"
"2026-01-24","402078469217372","Sponsored Products","22.91","USD"
"2026-01-04","355737664148283","Sponsored Brands","0.00","USD"
"2026-01-24","422803050752749","Sponsored Products","0.00","USD"
"2026-01-30","67855357390881","Sponsored Products","0.00","USD"
"2026-01-28","396006036421092","Sponsored Products","2.40","USD"
"2026-01-28","408719546145761","Sponsored Products","0.54","USD"
"2026-01-06","392699328377229","Sponsored Products","0.00","AUD"
"2026-01-10","303344079444236","Sponsored Brands","0.37","GBP"
"2026-01-01","455510939824845","Sponsored Products","6.52","USD"
"2026-01-03","313102197760283","Sponsored Products","17.99","USD"
"2026-01-13","357384467879967","Sponsored Brands","1.31","USD"
"2026-01-13","489671557305898","Sponsored Display","0.00","USD"
"2026-01-06","494590942145867","Sponsored Products","33.80","CAD"
"2026-01-08","354591663011981","Sponsored Brands","1.05","USD"
"2026-01-06","401058364234122","Sponsored Products","3.16","CAD"
"2026-01-27","384986795476042","Sponsored Brands","0.90","CAD"
"2026-01-07","317249860293143","Sponsored Products","1.30","USD"
"2026-01-13","453187476718269","Sponsored Display","0.00","CAD"
"2026-01-21","500955748191612","Sponsored Products","0.69","USD"
"2026-01-16","429345285920060","Sponsored Brands","1.42","GBP"
"2026-01-27","380439551325000","Sponsored Products","0.90","GBP"
"2026-01-31","443805539282973","Sponsored Brands","5.14","CAD"
"2026-01-30","1069464513580","Sponsored Products","0.00","USD"
"2026-01-28","548511206574211","Sponsored Brands","0.00","AUD"
"2026-01-15","378858058113466","Sponsored Products","1.41","CAD"
"2026-01-19","284096201830626","Sponsored Display","0.02","USD"
"2026-01-07","300894362771504","Sponsored Products","0.00","GBP"
"2026-01-18","371623685288534","Sponsored Brands","5.41","GBP"
"2026-01-17","342233969782751","Sponsored Products","1.48","USD"
"2026-01-29","198809778193730","Sponsored Products","154.50","USD"
"2026-01-12","407346576799567","Sponsored Products","0.00","AUD"
"2026-01-27","437016942104478","Sponsored Brands","0.00","CAD"
"2026-01-28","327999245273994","Sponsored Brands","2.95","USD"
"2026-01-05","455465774244567","Sponsored Products","0.00","USD"
"2026-01-13","319039175979040","Sponsored Products","0.03","CAD"
"2026-01-13","521187964040554","Sponsored Products","0.51","CAD"
"2026-01-28","375840213985973","Sponsored Products","0.00","USD"
"2026-01-16","336347500415431","Sponsored Products","5.38","USD"
"2026-01-09","532209379687062","Sponsored Display","3.73","GBP"
"2026-01-19","422803050752749","Sponsored Products","0.00","USD"
"2026-01-08","463570831006082","Sponsored Products","0.00","CAD"
"2026-01-22","536492240546443","Sponsored Products","0.00","CAD"
"2026-01-23","318399173824872","Sponsored Products","0.61","GBP"
"2026-01-21","297335215332435","Sponsored Products","2.91","CAD"
"2026-01-31","23854220044300","Sponsored Products","19.59","USD"
"2026-01-16","398718122329444","Sponsored Products","3.92","GBP"
"2026-01-02","280884599605823","Sponsored Products","6.09","USD"
"2026-01-06","354591663011981","Sponsored Brands","0.15","USD"
"2026-01-05","420797773596938","Sponsored Products","0.00","USD"
"2026-01-03","342233969782751","Sponsored Products","8.22","USD"
"2026-01-16","386893543852916","Sponsored Products","6.80","CAD"
"2026-01-31","328156874590794","Sponsored Brands","0.00","USD"
"2026-01-18","538771699321102","Sponsored Products","0.00","AUD"
"2026-01-13","509593684638198","Sponsored Brands","1.62","USD"
"2026-01-14","491770987077396","Sponsored Products","29.90","USD"
"2026-01-01","441276644656791","Sponsored Brands","0.00","AUD"
"2026-01-24","291060086740958","Sponsored Products","15.78","USD"
"2026-01-22","367083122067501","Sponsored Display","0.00","USD"
"2026-01-10","431503342672607","Sponsored Products","0.00","USD"
"2026-01-22","516157903732083","Sponsored Products","4.25","GBP"
"2026-01-18","487313850471925","Sponsored Brands","0.00","USD"
"2026-01-09","545146961820010","Sponsored Products","1.26","GBP"
"2026-01-17","320522945603717","Sponsored Brands","0.90","CAD"
"2026-01-14","453754530299965","Sponsored Brands","27.59","USD"
"2026-01-13","298636506131156","Sponsored Brands","0.00","AUD"
"2026-01-05","318148591057223","Sponsored Products","0.18","GBP"
"2026-01-30","205764417979436","Sponsored Products","0.00","USD"
"2026-01-08","354036750973331","Sponsored Products","0.00","CAD"
"2026-01-16","522533017982048","Sponsored Products","0.00","CAD"
"2026-01-29","194838680698310","Sponsored Products","2.90","USD"
"2026-01-03","363579801300326","Sponsored Products","0.00","CAD"
"2026-01-07","324740828073799","Sponsored Products","0.00","AUD"
"2026-01-20","486701736662809","Sponsored Products","0.02","AUD"
"2026-01-05","542333703103187","Sponsored Products","0.00","AUD"
"2026-01-30","292138679780956","Sponsored Products","8.02","AUD"
"2026-01-25","486830706800832","Sponsored Products","0.00","CAD"
"2026-01-06","454564300195235","Sponsored Products","3.15","GBP"
"2026-01-13","530911335551258","Sponsored Products","0.00","CAD"
"2026-01-23","316018693107855","Sponsored Products","2.55","USD"
"2026-01-23","423471492340141","Sponsored Brands","0.35","USD"
"2026-01-02","399629340308947","Sponsored Brands","0.00","AUD"
"2026-01-05","557814926181675","Sponsored Products","1.49","CAD"
"2026-01-24","349690804752896","Sponsored Products","51.04","USD"
"2026-01-08","522533017982048","Sponsored Products","0.00","CAD"
"2026-01-22","557802220335065","Sponsored Products","0.00","CAD"
"2026-01-11","477846512499333","Sponsored Brands","0.00","USD"
"2026-01-31","184593163947523","Sponsored Products","0.00","USD"
"2026-01-02","375840213985973","Sponsored Products","0.00","USD"
"2026-01-03","555379102425019","Sponsored Products","0.00","CAD"
"2026-01-18","529279517874985","Sponsored Products","0.00","AUD"
"2026-01-12","387735099454991","Sponsored Products","0.00","USD"
"2026-01-23","424413890381694","Sponsored Products","1.66","USD"
"2026-01-08","405896045618734","Sponsored Display","0.24","USD"
"2026-01-18","327955853177271","Sponsored Products","12.53","USD"
"2026-01-14","316086976315498","Sponsored Brands","0.00","USD"
"2026-01-13","557802220335065","Sponsored Products","0.00","CAD"
"2026-01-09","554517553013265","Sponsored Products","0.00","CAD"
"2026-01-13","553804041062258","Sponsored Products","8.59","USD"
"2026-01-17","487327596470810","Sponsored Products","0.00","USD"
"2026-01-31","298636506131156","Sponsored Brands","3.01","AUD"
"2026-01-28","339568026468029","Sponsored Brands","0.00","CAD"
"2026-01-14","531616041116243","Sponsored Products","0.00","USD"
"2026-01-29","353468389499196","Sponsored Brands","0.00","USD"
"2026-01-20","301972852761247","Sponsored Products","0.00","USD"
"2026-01-24","551134208715253","Sponsored Products","0.00","AUD"
"2026-01-26","369371745062988","Sponsored Products","0.00","CAD"
"2026-01-29","307922603865773","Sponsored Products","0.71","USD"
"2026-01-25","440503817971150","Sponsored Products","11.94","USD"
"2026-01-05","450116297068538","Sponsored Products","3.42","USD"
"2026-01-11","491792683377286","Sponsored Products","0.00","USD"
"2026-01-31","48192245895031","Sponsored Products","0.00","USD"
"2026-01-02","530543664696574","Sponsored Products","1.31","AUD"
"2026-01-15","459488439760934","Sponsored Products","0.00","GBP"
"2026-01-09","505299994018527","Sponsored Products","0.00","CAD"
"2026-01-07","482686146435604","Sponsored Brands","1.30","USD"
"2026-01-04","378858058113466","Sponsored Products","1.49","CAD"
"2026-01-03","288669281122601","Sponsored Products","0.37","AUD"
"2026-01-07","432312765744113","Sponsored Products","0.40","USD"
"2026-01-06","556675911222056","Sponsored Products","0.00","GBP"
"2026-01-29","375451164709840","Sponsored Products","0.86","GBP"
"2026-01-20","463570831006082","Sponsored Products","0.00","CAD"
"2026-01-16","424600049511604","Sponsored Products","8.05","USD"
"2026-01-16","480355060288556","Sponsored Products","0.28","AUD"
"2026-01-30","422044464968254","Sponsored Products","7.61","GBP"
"2026-01-25","316086976315498","Sponsored Brands","1.43","USD"
"2026-01-31","467633236874996","Sponsored Products","0.22","AUD"
"2026-01-07","263910374759225","Sponsored Products","10.85","CAD"
"2026-01-17","469814503032884","Sponsored Products","0.00","AUD"
"2026-01-27","300354268849742","Sponsored Brands","0.00","CAD"
"2026-01-01","313102197760283","Sponsored Products","6.40","USD"
"2026-01-03","494590942145867","Sponsored Products","34.05","CAD"
"2026-01-29","101965336081409","Sponsored Products","4.25","USD"
"2026-01-28","354036750973331","Sponsored Products","3.75","CAD"
"2026-01-17","312451130238004","Sponsored Brands","0.00","USD"
"2026-01-26","353468389499196","Sponsored Brands","1.03","USD"
"2026-01-30","354627207584492","Sponsored Products","0.00","CAD"
"2026-01-28","377578915667002","Sponsored Products","2.46","USD"
"2026-01-27","434871922933588","Sponsored Brands","3.03","CAD"
"2026-01-03","412663623607577","Sponsored Products","0.99","USD"
"2026-01-11","305150240202410","Sponsored Brands","0.00","USD"
"2026-01-18","430840323605870","Sponsored Products","0.00","USD"
"2026-01-26","493519110544788","Sponsored Products","5.99","USD"
"2026-01-14","558297049226516","Sponsored Brands","0.00","CAD"
"2026-01-12","420797773596938","Sponsored Products","0.00","USD"
"2026-01-23","492312442577894","Sponsored Products","2.97","USD"
"2026-01-07","469438672280657","Sponsored Products","0.00","GBP"
"2026-01-14","380787783830601","Sponsored Products","0.00","USD"
"2026-01-11","354036750973331","Sponsored Products","2.14","CAD"
"2026-01-31","67855357390881","Sponsored Products","0.00","USD"
"2026-01-29","473740316381787","Sponsored Products","3.03","GBP"
"2026-01-26","522533017982048","Sponsored Products","0.00","CAD"
"2026-01-17","493216310640409","Sponsored Brands","19.39","USD"
"2026-01-31","288851430690246","Sponsored Products","0.00","GBP"
"2026-01-24","501445692271818","Sponsored Products","0.00","USD"
"2026-01-24","446869334265005","Sponsored Products","2.83","USD"
"2026-01-16","555360954347903","Sponsored Products","0.00","CAD"
"2026-01-24","369371745062988","Sponsored Products","0.00","CAD"
"2026-01-13","299897583007336","Sponsored Products","3.01","USD"
"2026-01-31","429216730447678","Sponsored Products","0.00","AUD"
"2026-01-27","278400043801722","Sponsored Products","0.41","GBP"
"2026-01-03","405404402286043","Sponsored Products","0.00","USD"
"2026-01-14","314318800479242","Sponsored Products","0.00","AUD"
"2026-01-09","420797773596938","Sponsored Products","1.30","USD"
"2026-01-09","407530123839349","Sponsored Products","0.00","AUD"
"2026-01-16","399629340308947","Sponsored Brands","3.39","AUD"
"2026-01-25","546641048554747","Sponsored Products","0.00","USD"
"2026-01-27","486830706800832","Sponsored Products","0.43","CAD"
"2026-01-30","156285188540724","Sponsored Products","12.04","USD"
"2026-01-08","409429087898453","Sponsored Display","0.00","CAD"
"2026-01-15","562857825893299","Sponsored Products","5.30","USD"
"2026-01-26","461803854184467","Sponsored Products","0.00","CAD"
"2026-01-12","336347500415431","Sponsored Products","1.42","USD"
"2026-01-04","498217737469979","Sponsored Brands","0.00","USD"
"2026-01-26","559365035833525","Sponsored Brands","0.51","AUD"
"2026-01-06","556616987602606","Sponsored Products","9.54","USD"
"2026-01-11","392699328377229","Sponsored Products","0.00","AUD"
"2026-01-05","363801591495934","Sponsored Brands","0.00","CAD"
"2026-01-18","434170639918769","Sponsored Brands","6.90","USD"
"2026-01-20","516157903732083","Sponsored Products","2.24","GBP"
"2026-01-21","321879822518995","Sponsored Products","1.10","AUD"
"2026-01-09","562873832621330","Sponsored Products","0.73","GBP"
"2026-01-17","386865813070708","Sponsored Products","5.54","USD"
"2026-01-18","444969564092992","Sponsored Products","1.32","CAD"
"2026-01-31","443207948405482","Sponsored Products","0.76","CAD"
"2026-01-10","324446919049652","Sponsored Products","1.99","USD"
"2026-01-31","34639218619625","Sponsored Products","3.33","USD"
"2026-01-28","387735099454991","Sponsored Products","0.00","USD"
"2026-01-16","378095244761436","Sponsored Products","0.00","USD"
"2026-01-24","375412452273685","Sponsored Products","9.71","GBP"
"2026-01-17","297446437541925","Sponsored Products","0.00","USD"
"2026-01-18","511509048867805","Sponsored Products","94.22","USD"
"2026-01-07","455983082050138","Sponsored Products","2.18","CAD"
"2026-01-11","486830706800832","Sponsored Products","0.00","CAD"
"2026-01-31","409429087898453","Sponsored Display","1.41","CAD"
"2026-01-06","436562742415834","Sponsored Products","0.00","GBP"
"2026-01-02","300894362771504","Sponsored Products","0.47","GBP"
"2026-01-24","321516368269611","Sponsored Products","0.00","CAD"
"2026-01-29","455983082050138","Sponsored Products","2.15","CAD"
"2026-01-24","476511840833684","Sponsored Products","0.46","GBP"
"2026-01-29","559365035833525","Sponsored Brands","0.00","AUD"
"2026-01-22","405261002610411","Sponsored Products","0.00","GBP"
"2026-01-06","399703016940832","Sponsored Brands","0.00","CAD"
"2026-01-14","280884599605823","Sponsored Products","13.23","USD"
"2026-01-18","381948820461821","Sponsored Brands","0.00","USD"
"2026-01-12","467633236874996","Sponsored Products","6.11","AUD"
"2026-01-24","513927767815024","Sponsored Products","0.00","USD"
"2026-01-22","539834455179217","Sponsored Products","4.02","USD"
"2026-01-03","483182403867537","Sponsored Products","2.90","USD"
"2026-01-15","440503817971150","Sponsored Products","3.00","USD"
"2026-01-10","561131507618203","Sponsored Products","0.00","AUD"
"2026-01-24","436562742415834","Sponsored Products","0.00","GBP"
"2026-01-16","454992450655768","Sponsored Products","0.00","USD"
"2026-01-07","553804041062258","Sponsored Products","1.35","USD"
"2026-01-13","539834455179217","Sponsored Products","1.35","USD"
"2026-01-22","292138679780956","Sponsored Products","0.00","AUD"
"2026-01-07","531194039320877","Sponsored Products","0.76","CAD"
"2026-01-24","535387208566969","Sponsored Products","1.30","USD"
"2026-01-22","387735099454991","Sponsored Products","0.00","USD"
"2026-01-13","555379102425019","Sponsored Products","0.00","CAD"
"2026-01-26","492312442577894","Sponsored Products","1.83","USD"
"2026-01-04","327160636077377","Sponsored Products","2.27","USD"
"2026-01-17","352761064226908","Sponsored Brands","0.00","CAD"
"2026-01-12","373593607967581","Sponsored Display","0.00","AUD"
"2026-01-08","300354268849742","Sponsored Brands","0.00","CAD"
"2026-01-03","546641048554747","Sponsored Products","0.00","USD"
"2026-01-20","304676183651349","Sponsored Products","0.00","USD"
"2026-01-12","423471492340141","Sponsored Brands","0.00","USD"
"2026-01-15","375262111034104","Sponsored Brands","0.00","USD"
"2026-01-04","455193289976402","Sponsored Products","0.00","USD"
"2026-01-16","383356525876468","Sponsored Products","1.08","USD"
"2026-01-26","439663157752722","Sponsored Brands","1.38","USD"
"2026-01-25","303344079444236","Sponsored Brands","0.80","GBP"
"2026-01-25","454564300195235","Sponsored Products","2.62","GBP"
"2026-01-27","357384467879967","Sponsored Brands","1.19","USD"
"2026-01-14","516157903732083","Sponsored Products","4.61","GBP"
"2026-01-10","455100983218716","Sponsored Brands","3.87","USD"
"2026-01-01","396524009311704","Sponsored Brands","8.22","CAD"
"2026-01-23","504962652065858","Sponsored Brands","0.00","AUD"
"2026-01-03","423538576850039","Sponsored Products","0.00","AUD"
"2026-01-06","318148591057223","Sponsored Products","0.00","GBP"
"2026-01-20","424413890381694","Sponsored Products","1.66","USD"
"2026-01-31","130912331972988","Sponsored Products","0.00","USD"
"2026-01-10","297335215332435","Sponsored Products","2.35","CAD"
"2026-01-18","317772463042332","Sponsored Products","0.00","AUD"
"2026-01-04","483494234649944","Sponsored Products","0.89","USD"
"2026-01-13","515637010546761","Sponsored Brands","7.08","USD"
"2026-01-17","381243195375500","Sponsored Products","3.26","USD"
"2026-01-03","432013629308606","Sponsored Brands","0.00","CAD"
"2026-01-10","413308568322873","Sponsored Brands","4.11","USD"
"2026-01-02","328392570118308","Sponsored Brands","2.31","AUD"
"2026-01-30","82064097659476","Sponsored Products","0.74","USD"
"2026-01-13","300354268849742","Sponsored Brands","1.53","CAD"
"2026-01-19","494896120843036","Sponsored Products","3.51","USD"
"2026-01-05","342157027477562","Sponsored Products","14.06","USD"
"2026-01-28","539750977499191","Sponsored Products","1.40","CAD"
"2026-01-05","342468627864471","Sponsored Products","3.31","GBP"
"2026-01-19","398859393836995","Sponsored Products","5.09","GBP"
"2026-01-28","346023186686134","Sponsored Brands","0.00","USD"
"2026-01-01","354591663011981","Sponsored Brands","0.00","USD"
"2026-01-16","355737664148283","Sponsored Brands","12.27","USD"
"2026-01-28","288045582881440","Sponsored Products","0.00","USD"
"2026-01-14","442522120858299","Sponsored Products","0.00","USD"
"2026-01-16","316506785332318","Sponsored Products","0.44","USD"
"2026-01-30","205922105032655","Sponsored Products","3.30","USD"
"2026-01-11","325883174926875","Sponsored Brands","2.97","USD"
"2026-01-13","555360954347903","Sponsored Products","0.00","CAD"
"2026-01-26","304676183651349","Sponsored Products","0.85","USD"
"2026-01-10","467633236874996","Sponsored Products","0.08","AUD"
"2026-01-28","454564300195235","Sponsored Products","2.09","GBP"
"2026-01-17","476511840833684","Sponsored Products","0.00","GBP"
"2026-01-13","366993568403124","Sponsored Products","20.10","USD"
"2026-01-22","318148591057223","Sponsored Products","0.00","GBP"
"2026-01-05","402078469217372","Sponsored Products","3.76","USD"
"2026-01-21","321516368269611","Sponsored Products","0.00","CAD"
"2026-01-19","453187476718269","Sponsored Display","0.00","CAD"
"2026-01-12","339568026468029","Sponsored Brands","0.00","CAD"
"2026-01-24","557388890025484","Sponsored Products","6.11","USD"
"2026-01-19","469438672280657","Sponsored Products","0.75","GBP"
"2026-01-22","350228282296039","Sponsored Products","0.00","USD"
"2026-01-31","291060086740958","Sponsored Products","0.00","USD"
"2026-01-05","344516434946756","Sponsored Products","3.58","USD"
"2026-01-03","431386932028495","Sponsored Products","9.94","USD"
"2026-01-06","327160636077377","Sponsored Products","2.62","USD"
"2026-01-15","354627207584492","Sponsored Products","0.00","CAD"
"2026-01-14","463570831006082","Sponsored Products","0.00","CAD"
"2026-01-21","555625239663839","Sponsored Products","11.07","USD"
"2026-01-13","546641048554747","Sponsored Products","0.00","USD"
"2026-01-30","291618943691121","Sponsored Brands","0.00","AUD"
"2026-01-07","489671557305898","Sponsored Display","0.57","USD"
"2026-01-26","432013629308606","Sponsored Brands","10.85","CAD"
"2026-01-18","513927767815024","Sponsored Products","0.00","USD"
"2026-01-31","39061317933304","Sponsored Products","0.00","USD"
"2026-01-02","332000738328227","Sponsored Products","3.35","USD"
"2026-01-29","172779439196738","Sponsored Products","7.99","USD"
"2026-01-30","469814503032884","Sponsored Products","0.00","AUD"
"2026-01-06","514416545593290","Sponsored Products","0.53","USD"
"2026-01-15","539834455179217","Sponsored Products","1.35","USD"
"2026-01-10","440997775738977","Sponsored Products","0.00","AUD"
"2026-01-09","477120010084382","Sponsored Products","0.00","USD"
"2026-01-23","532209379687062","Sponsored Display","5.29","GBP"
"2026-01-12","310318758176650","Sponsored Products","0.31","CAD"
"2026-01-13","561131507618203","Sponsored Products","0.00","AUD"
"2026-01-10","542616313773815","Sponsored Brands","0.00","USD"
"2026-01-23","551134208715253","Sponsored Products","0.00","AUD"
"2026-01-29","346023186686134","Sponsored Brands","0.00","USD"
"2026-01-01","317249860293143","Sponsored Products","3.30","USD"
"2026-01-02","456837390130096","Sponsored Products","0.00","AUD"
"2026-01-24","345230959620455","Sponsored Products","3.72","CAD"
"2026-01-24","502907079288115","Sponsored Products","0.00","CAD"
"2026-01-04","316506785332318","Sponsored Products","0.00","USD"
"2026-01-16","380787783830601","Sponsored Products","0.00","USD"
"2026-01-17","477120010084382","Sponsored Products","3.02","USD"
"2026-01-03","297446437541925","Sponsored Products","4.29","USD"
"2026-01-10","345786769504667","Sponsored Products","3.40","USD"
"2026-01-26","417535655271448","Sponsored Products","0.00","USD"
"2026-01-29","292726552706968","Sponsored Products","0.00","USD"
"2026-01-12","322178684810700","Sponsored Products","0.00","USD"
"2026-01-04","559365035833525","Sponsored Brands","0.00","AUD"
"2026-01-19","280884599605823","Sponsored Products","14.41","USD"
"2026-01-10","317413414518930","Sponsored Products","0.00","GBP"
"2026-01-14","327955853177271","Sponsored Products","6.97","USD"
"2026-01-02","371623685288534","Sponsored Brands","0.00","GBP"
"2026-01-02","431453849332804","Sponsored Products","0.77","USD"
"2026-01-28","281024885672869","Sponsored Products","0.00","USD"
"2026-01-16","327955853177271","Sponsored Products","12.68","USD"
"2026-01-07","325883174926875","Sponsored Brands","2.09","USD"
"2026-01-23","419764168918332","Sponsored Brands","3.48","AUD"
"2026-01-22","344516434946756","Sponsored Products","5.32","USD"
"2026-01-31","428914757065848","Sponsored Products","0.00","CAD"
"2026-01-10","286601245904247","Sponsored Products","0.60","CAD"
"2026-01-28","96473122408354","Sponsored Products","0.00","USD"
"2026-01-12","399857229182854","Sponsored Brands","2.48","GBP"
"2026-01-25","464658704178346","Sponsored Brands","10.52","USD"
"2026-01-27","321879822518995","Sponsored Products","0.00","AUD"
"2026-01-21","493519110544788","Sponsored Products","11.25","USD"
"2026-01-07","459488439760934","Sponsored Products","0.00","GBP"
"2026-01-18","386920533914758","Sponsored Brands","0.91","CAD"
"2026-01-22","434170639918769","Sponsored Brands","0.65","USD"
"2026-01-04","458737362224255","Sponsored Products","0.00","GBP"
"2026-01-10","378858058113466","Sponsored Products","2.45","CAD"
"2026-01-24","288851430690246","Sponsored Products","0.00","GBP"
"2026-01-17","291194333337791","Sponsored Products","0.00","USD"
"2026-01-23","293287193628180","Sponsored Brands","0.00","GBP"
"2026-01-06","429080278331990","Sponsored Products","0.00","USD"
"2026-01-08","407346576799567","Sponsored Products","0.00","AUD"
"2026-01-25","532503737498489","Sponsored Products","0.00","USD"
"2026-01-29","327999245273994","Sponsored Brands","0.00","USD"
"2026-01-14","557388890025484","Sponsored Products","8.64","USD"
"2026-01-03","365912534680395","Sponsored Products","0.45","GBP"
"2026-01-02","407444835513369","Sponsored Brands","6.26","CAD"
"2026-01-22","378095244761436","Sponsored Products","0.00","USD"
"2026-01-11","489671557305898","Sponsored Display","0.03","USD"
"2026-01-06","454571413921997","Sponsored Products","0.00","GBP"
"2026-01-29","396006036421092","Sponsored Products","2.40","USD"
"2026-01-21","411197191773342","Sponsored Products","0.00","AUD"
"2026-01-14","325883174926875","Sponsored Brands","2.76","USD"
"2026-01-15","291680855614624","Sponsored Brands","1.67","GBP"
"2026-01-23","454564300195235","Sponsored Products","2.22","GBP"
"2026-01-18","441276644656791","Sponsored Brands","0.00","AUD"
"2026-01-20","527711743915708","Sponsored Products","33.15","USD"
"2026-01-02","465265480172711","Sponsored Products","2.68","USD"
"2026-01-09","442522120858299","Sponsored Products","0.00","USD"
"2026-01-06","309601314328778","Sponsored Products","0.00","CAD"
"2026-01-20","286855949125211","Sponsored Products","1.26","AUD"
"2026-01-14","488081803937581","Sponsored Products","0.22","GBP"
"2026-01-07","457705240079738","Sponsored Brands","0.00","GBP"
"2026-01-30","281024885672869","Sponsored Products","5.51","USD"
"2026-01-30","168803396873792","Sponsored Products","0.97","USD"
"2026-01-11","424413890381694","Sponsored Products","0.00","USD"
"2026-01-26","398718122329444","Sponsored Products","0.30","GBP"
"2026-01-29","454992450655768","Sponsored Products","0.00","USD"
"2026-01-18","375412452273685","Sponsored Products","6.92","GBP"
"2026-01-25","375262111034104","Sponsored Brands","2.58","USD"
"2026-01-07","440997775738977","Sponsored Products","0.00","AUD"
"2026-01-15","477120010084382","Sponsored Products","3.16","USD"
"2026-01-22","407530123839349","Sponsored Products","0.00","AUD"
"2026-01-28","189738652799913","Sponsored Brands","0.00","CAD"
"2026-01-05","440503817971150","Sponsored Products","7.84","USD"
"2026-01-07","424413890381694","Sponsored Products","0.00","USD"
"2026-01-04","342157027477562","Sponsored Products","15.06","USD"
"2026-01-17","312632253610695","Sponsored Brands","58.59","USD"
"2026-01-07","495699106211812","Sponsored Products","0.00","AUD"
"2026-01-08","322178684810700","Sponsored Products","0.00","USD"
"2026-01-25","453187476718269","Sponsored Display","0.00","CAD"
"2026-01-30","224639482376841","Sponsored Products","3.08","USD"
"2026-01-02","327160636077377","Sponsored Products","0.00","USD"
"2026-01-11","375412452273685","Sponsored Products","4.68","GBP"
"2026-01-16","328392570118308","Sponsored Brands","0.00","AUD"
"2026-01-05","431386932028495","Sponsored Products","7.22","USD"
"2026-01-17","360836238849040","Sponsored Products","0.00","AUD"
"2026-01-28","523047960784195","Sponsored Products","12.63","USD"
"2026-01-30","454571413921997","Sponsored Products","1.15","GBP"
"2026-01-25","559365035833525","Sponsored Brands","0.00","AUD"
"2026-01-03","536850070634966","Sponsored Products","0.21","GBP"
"2026-01-23","303344079444236","Sponsored Brands","0.49","GBP"
"2026-01-23","383486487068158","Sponsored Display","6.32","GBP"
"2026-01-05","309601314328778","Sponsored Products","0.00","CAD"
"2026-01-22","557814926181675","Sponsored Products","2.82","CAD"
"2026-01-19","320522945603717","Sponsored Brands","0.00","CAD"
"2026-01-10","540593023678755","Sponsored Products","3.74","USD"
"2026-01-21","291618943691121","Sponsored Brands","0.00","AUD"
"2026-01-26","428914757065848","Sponsored Products","5.70","CAD"
"2026-01-14","455983082050138","Sponsored Products","0.03","CAD"
"2026-01-17","423447600502988","Sponsored Brands","2.66","CAD"
"2026-01-22","293195244233089","Sponsored Products","0.00","USD"
"2026-01-02","491770987077396","Sponsored Products","38.30","USD"
"2026-01-09","532503737498489","Sponsored Products","0.00","USD"
"2026-01-04","465265480172711","Sponsored Products","12.32","USD"
"2026-01-06","440503817971150","Sponsored Products","11.54","USD"
"2026-01-20","402078469217372","Sponsored Products","16.31","USD"
"2026-01-25","444969564092992","Sponsored Products","0.67","CAD"
"2026-01-12","291680855614624","Sponsored Brands","2.41","GBP"
"2026-01-20","189738652799913","Sponsored Brands","0.51","CAD"
"2026-01-30","206968068657618","Sponsored Products","0.78","USD"
"2026-01-02","490007501473330","Sponsored Products","1.09","USD"
"2026-01-02","373188657935606","Sponsored Products","0.00","AUD"
"2026-01-17","562873832621330","Sponsored Products","0.00","GBP"
"2026-01-09","263910374759225","Sponsored Products","3.08","CAD"
"2026-01-09","386865813070708","Sponsored Products","2.11","USD"
"2026-01-09","405896045618734","Sponsored Display","0.00","USD"
"2026-01-10","537194794349407","Sponsored Products","2.12","USD"
"2026-01-25","536492240546443","Sponsored Products","0.00","CAD"
"2026-01-04","497204182729156","Sponsored Brands","0.00","USD"
"2026-01-19","347536643859180","Sponsored Products","0.00","GBP"
"2026-01-22","316018693107855","Sponsored Products","1.42","USD"
"2026-01-14","452082306058129","Sponsored Brands","1.39","CAD"
"2026-01-28","342468627864471","Sponsored Products","0.51","GBP"
"2026-01-17","463570831006082","Sponsored Products","0.00","CAD"
"2026-01-12","428201110992726","Sponsored Products","9.12","USD"
"2026-01-14","546618773117950","Sponsored Brands","2.30","AUD"
"2026-01-12","443805539282973","Sponsored Brands","0.00","CAD"
"2026-01-02","411564343397398","Sponsored Products","10.39","USD"
"2026-01-14","464658704178346","Sponsored Brands","14.22","USD"
"2026-01-25","339568026468029","Sponsored Brands","0.25","CAD"
"2026-01-04","363551194960955","Sponsored Products","0.00","CAD"
"2026-01-21","353468389499196","Sponsored Brands","0.00","USD"
"2026-01-28","300894362771504","Sponsored Products","0.00","GBP"
"2026-01-18","545146961820010","Sponsored Products","1.40","GBP"
"2026-01-04","442522120858299","Sponsored Products","0.00","USD"
"2026-01-05","480355060288556","Sponsored Products","0.00","AUD"
"2026-01-07","443805539282973","Sponsored Brands","2.78","CAD"
"2026-01-23","486701736662809","Sponsored Products","0.14","AUD"
"2026-01-31","309601314328778","Sponsored Products","0.00","CAD"
"2026-01-21","439663157752722","Sponsored Brands","0.15","USD"
"2026-01-28","239677460933975","Sponsored Products","3.37","USD"
"2026-01-31","436562742415834","Sponsored Products","0.00","GBP"
"2026-01-05","452082306058129","Sponsored Brands","0.00","CAD"
"2026-01-12","383706936707329","Sponsored Brands","1.44","USD"
"2026-01-22","336347500415431","Sponsored Products","0.71","USD"
"2026-01-28","303784488331012","Sponsored Display","1.10","AUD"
"2026-01-16","363579801300326","Sponsored Products","0.00","CAD"
"2026-01-23","513927767815024","Sponsored Products","0.00","USD"
"2026-01-22","489671557305898","Sponsored Display","0.00","USD"
"2026-01-08","557814926181675","Sponsored Products","0.09","CAD"
"2026-01-06","531616041116243","Sponsored Products","0.00","USD"
"2026-01-10","293195244233089","Sponsored Products","1.78","USD"
"2026-01-07","395588635574089","Sponsored Brands","19.09","USD"
"2026-01-13","501445692271818","Sponsored Products","8.13","USD"
"2026-01-23","344516434946756","Sponsored Products","2.88","USD"
"2026-01-07","453239686745418","Sponsored Products","2.20","GBP"
"2026-01-09","459488439760934","Sponsored Products","0.73","GBP"
"2026-01-27","354036750973331","Sponsored Products","0.00","CAD"
"2026-01-28","464658704178346","Sponsored Brands","4.37","USD"
"2026-01-16","397652540263806","Sponsored Products","0.00","CAD"
"2026-01-19","310318758176650","Sponsored Products","0.00","CAD"
"2026-01-15","292726552706968","Sponsored Products","9.04","USD"
"2026-01-19","332000738328227","Sponsored Products","14.86","USD"
"2026-01-08","317413414518930","Sponsored Products","0.00","GBP"
"2026-01-11","475621849553010","Sponsored Brands","0.00","CAD"
"2026-01-11","355940295532015","Sponsored Brands","0.10","AUD"
"2026-01-01","485031869326352","Sponsored Products","0.00","AUD"
"2026-01-31","320522945603717","Sponsored Brands","0.00","CAD"
"2026-01-14","432013629308606","Sponsored Brands","3.42","CAD"
"2026-01-29","246452377117901","Sponsored Products","0.00","USD"
"2026-01-28","349690804752896","Sponsored Products","47.08","USD"
"2026-01-27","301972852761247","Sponsored Products","1.35","USD"
"2026-01-27","299897583007336","Sponsored Products","14.90","USD"
"2026-01-07","562857825893299","Sponsored Products","4.44","USD"
"2026-01-02","383706936707329","Sponsored Brands","11.40","USD"
"2026-01-29","440997775738977","Sponsored Products","0.00","AUD"
"2026-01-13","380787783830601","Sponsored Products","0.00","USD"
"2026-01-08","292726552706968","Sponsored Products","2.34","USD"
"2026-01-27","383486487068158","Sponsored Display","5.36","GBP"
"2026-01-01","409249674990450","Sponsored Products","0.00","AUD"
"2026-01-03","486701736662809","Sponsored Products","0.00","AUD"
"2026-01-31","310318758176650","Sponsored Products","0.67","CAD"
"2026-01-02","375412452273685","Sponsored Products","9.50","GBP"
"2026-01-29","526735719174751","Sponsored Products","0.00","USD"
"2026-01-09","369371745062988","Sponsored Products","0.35","CAD"
"2026-01-30","554029658228344","Sponsored Display","0.00","GBP"
"2026-01-15","459130146103681","Sponsored Display","0.00","AUD"
"2026-01-22","342468627864471","Sponsored Products","0.00","GBP"
"2026-01-31","398122169001461","Sponsored Products","3.57","AUD"
"2026-01-12","378858058113466","Sponsored Products","0.00","CAD"
"2026-01-06","399857229182854","Sponsored Brands","0.00","GBP"
"2026-01-13","413308568322873","Sponsored Brands","0.00","USD"
"2026-01-25","524843805783693","Sponsored Products","8.94","USD"
"2026-01-25","562763694980171","Sponsored Products","0.00","GBP"
"2026-01-08","355737664148283","Sponsored Brands","7.31","USD"
"2026-01-08","454992450655768","Sponsored Products","0.00","USD"
"2026-01-19","325883174926875","Sponsored Brands","1.77","USD"
"2026-01-10","537407450418588","Sponsored Products","0.00","USD"
"2026-01-11","328392570118308","Sponsored Brands","0.45","AUD"
"2026-01-11","288086271468562","Sponsored Products","82.62","USD"
"2026-01-06","562873832621330","Sponsored Products","3.35","GBP"
"2026-01-28","529845821022802","Sponsored Products","0.00","AUD"
"2026-01-16","303344079444236","Sponsored Brands","0.27","GBP"
"2026-01-05","382536260418493","Sponsored Brands","7.51","USD"
"2026-01-14","304676183651349","Sponsored Products","0.00","USD"
"2026-01-05","321516368269611","Sponsored Products","0.00","CAD"
"2026-01-22","443207948405482","Sponsored Products","0.00","CAD"
"2026-01-28","392537273853228","Sponsored Brands","0.00","AUD"
"2026-01-18","417535655271448","Sponsored Products","0.00","USD"
"2026-01-09","371604599978031","Sponsored Products","0.00","AUD"
"2026-01-20","298636506131156","Sponsored Brands","0.00","AUD"
"2026-01-02","491366396962687","Sponsored Brands","4.45","USD"
"2026-01-19","336347500415431","Sponsored Products","2.39","USD"
"2026-01-03","412362697167927","Sponsored Products","0.00","GBP"
"2026-01-30","310318758176650","Sponsored Products","0.00","CAD"
"2026-01-17","316207062053537","Sponsored Products","0.00","AUD"
"2026-01-22","532503737498489","Sponsored Products","0.00","USD"
"2026-01-05","316506785332318","Sponsored Products","0.50","USD"
"2026-01-03","494896120843036","Sponsored Products","0.45","USD"
"2026-01-23","530353594830018","Sponsored Display","0.00","CAD"
"2026-01-17","375451164709840","Sponsored Products","0.00","GBP"
"2026-01-01","416822662696131","Sponsored Brands","3.46","USD"
"2026-01-13","394083050171294","Sponsored Products","4.27","USD"
"2026-01-17","472554317410495","Sponsored Brands","0.00","USD"
"2026-01-10","493216310640409","Sponsored Brands","18.60","USD"
"2026-01-24","553804041062258","Sponsored Products","0.00","USD"
"2026-01-21","380662946968621","Sponsored Display","1.92","USD"
"2026-01-31","126638359335345","Sponsored Products","0.00","USD"
"2026-01-29","216925562826343","Sponsored Products","0.00","USD"
"2026-01-17","557738489078024","Sponsored Products","0.00","CAD"
"2026-01-13","408719546145761","Sponsored Products","1.65","USD"
"2026-01-17","340849210853799","Sponsored Products","3.30","USD"
"2026-01-14","545146961820010","Sponsored Products","2.07","GBP"
"2026-01-19","560541401556849","Sponsored Products","1.49","GBP"
"2026-01-21","439118795538688","Sponsored Brands","0.00","CAD"
"2026-01-15","487313850471925","Sponsored Brands","1.63","USD"
"2026-01-17","516157903732083","Sponsored Products","3.66","GBP"
"2026-01-30","303344079444236","Sponsored Brands","0.18","GBP"
"2026-01-20","346023186686134","Sponsored Brands","2.55","USD"
"2026-01-06","375262111034104","Sponsored Brands","1.98","USD"
"2026-01-27","312711508263023","Sponsored Products","0.75","AUD"
"2026-01-11","291612323170971","Sponsored Products","1.65","CAD"
"2026-01-22","339568026468029","Sponsored Brands","0.00","CAD"
"2026-01-21","504962652065858","Sponsored Brands","3.32","AUD"
"2026-01-19","455983082050138","Sponsored Products","0.00","CAD"
"2026-01-26","461174245552414","Sponsored Products","6.05","AUD"
"2026-01-17","304676183651349","Sponsored Products","0.48","USD"
"2026-01-20","559365035833525","Sponsored Brands","0.00","AUD"
"2026-01-21","542616313773815","Sponsored Brands","0.00","USD"
"2026-01-07","492312442577894","Sponsored Products","1.06","USD"
"2026-01-06","363551194960955","Sponsored Products","0.00","CAD"
"2026-01-30","314318800479242","Sponsored Products","0.00","AUD"
"2026-01-24","366303362151528","Sponsored Products","1.08","USD"
"2026-01-03","411564343397398","Sponsored Products","1.21","USD"
"2026-01-13","443207948405482","Sponsored Products","0.15","CAD"
"2026-01-10","397652540263806","Sponsored Products","0.70","CAD"
"2026-01-03","409429087898453","Sponsored Display","0.00","CAD"
"2026-01-15","494590942145867","Sponsored Products","31.04","CAD"
"2026-01-11","288851430690246","Sponsored Products","0.00","GBP"
"2026-01-04","408719546145761","Sponsored Products","0.70","USD"
"2026-01-29","317772463042332","Sponsored Products","0.00","AUD"
"2026-01-25","327999245273994","Sponsored Brands","4.61","USD"
"2026-01-20","312451130238004","Sponsored Brands","0.00","USD"
"2026-01-04","495677195822245","Sponsored Brands","0.00","USD"
"2026-01-22","432312765744113","Sponsored Products","0.00","USD"
"2026-01-07","538771699321102","Sponsored Products","0.00","AUD"
"2026-01-04","463874563272935","Sponsored Brands","0.00","AUD"
"2026-01-05","357384467879967","Sponsored Brands","3.55","USD"
"2026-01-13","382263989834817","Sponsored Products","0.00","AUD"
"2026-01-04","500955748191612","Sponsored Products","2.85","USD"
"2026-01-21","396006036421092","Sponsored Products","3.76","USD"
"2026-01-13","292726552706968","Sponsored Products","5.85","USD"
"2026-01-17","508144069166640","Sponsored Products","0.00","USD"
"2026-01-27","406487274006731","Sponsored Products","0.00","AUD"
"2026-01-21","292726552706968","Sponsored Products","12.60","USD"
"2026-01-21","377578915667002","Sponsored Products","4.79","USD"
"2026-01-22","441276644656791","Sponsored Brands","0.00","AUD"
"2026-01-14","296882349967704","Sponsored Products","21.88","USD"
"2026-01-14","500955748191612","Sponsored Products","3.05","USD"
"2026-01-01","327137186916287","Sponsored Products","2.36","USD"
"2026-01-22","327160636077377","Sponsored Products","0.00","USD"
"2026-01-02","317249860293143","Sponsored Products","1.65","USD"
"2026-01-19","484271755377666","Sponsored Products","0.00","CAD"
"2026-01-12","342468627864471","Sponsored Products","0.98","GBP"
"2026-01-02","468484245538664","Sponsored Products","0.00","GBP"
"2026-01-17","417535655271448","Sponsored Products","0.00","USD"
"2026-01-01","420797773596938","Sponsored Products","0.00","USD"
"2026-01-06","535387208566969","Sponsored Products","0.00","USD"
"2026-01-02","316506785332318","Sponsored Products","0.25","USD"
"2026-01-17","369371745062988","Sponsored Products","0.00","CAD"
"2026-01-23","367083122067501","Sponsored Display","0.00","USD"
"2026-01-14","328156874590794","Sponsored Brands","1.01","USD"
"2026-01-13","473740316381787","Sponsored Products","8.07","GBP"
"2026-01-07","402078469217372","Sponsored Products","1.95","USD"
"2026-01-26","542395622943712","Sponsored Products","0.92","GBP"
"2026-01-04","342568396157124","Sponsored Display","0.00","USD"
"2026-01-04","537194794349407","Sponsored Products","0.00","USD"
"2026-01-16","542333703103187","Sponsored Products","0.00","AUD"
"2026-01-12","494994223093944","Sponsored Brands","0.00","AUD"
"2026-01-31","386893543852916","Sponsored Products","2.44","CAD"
"2026-01-20","345786769504667","Sponsored Products","1.53","USD"
"2026-01-26","353698807350187","Sponsored Products","0.00","USD"
"2026-01-26","378771240092800","Sponsored Products","0.00","AUD"
"2026-01-09","419802202221779","Sponsored Products","5.39","CAD"
"2026-01-17","488078103319545","Sponsored Brands","2.88","USD"
"2026-01-18","527711743915708","Sponsored Products","43.33","USD"
"2026-01-27","452082306058129","Sponsored Brands","0.00","CAD"
"2026-01-27","557802220335065","Sponsored Products","0.00","CAD"
"2026-01-11","509593684638198","Sponsored Brands","1.15","USD"
"2026-01-26","556616987602606","Sponsored Products","1.55","USD"
"2026-01-15","296615200458181","Sponsored Brands","27.85","USD"
"2026-01-03","536492240546443","Sponsored Products","0.00","CAD"
"2026-01-09","423538576850039","Sponsored Products","0.00","AUD"
"2026-01-19","455100983218716","Sponsored Brands","0.00","USD"
"2026-01-07","465191710626164","Sponsored Brands","0.00","GBP"
"2026-01-19","278400043801722","Sponsored Products","0.00","GBP"
"2026-01-02","451323086678396","Sponsored Products","0.00","USD"
"2026-01-04","351594278748520","Sponsored Products","1.70","USD"
"2026-01-03","455100983218716","Sponsored Brands","1.00","USD"
"2026-01-02","488081803937581","Sponsored Products","0.34","GBP"
"2026-01-08","380787783830601","Sponsored Products","0.00","USD"
"2026-01-10","453754530299965","Sponsored Brands","42.00","USD"
"2026-01-21","344717374719347","Sponsored Display","0.00","CAD"
"2026-01-31","96060745446945","Sponsored Products","0.00","USD"
"2026-01-17","511509048867805","Sponsored Products","91.83","USD"
"2026-01-14","476877916686317","Sponsored Brands","0.86","AUD"
"2026-01-30","398122169001461","Sponsored Products","1.58","AUD"
"2026-01-09","354484097353439","Sponsored Products","0.42","GBP"
"2026-01-04","439190542974029","Sponsored Brands","10.35","USD"
"2026-01-01","417350251520986","Sponsored Products","2.65","USD"
"2026-01-15","546191132663927","Sponsored Brands","5.69","USD"
"2026-01-21","327137186916287","Sponsored Products","0.00","USD"
"2026-01-30","399703016940832","Sponsored Brands","2.67","CAD"
"2026-01-23","477120010084382","Sponsored Products","0.66","USD"
"2026-01-25","498217737469979","Sponsored Brands","0.00","USD"
"2026-01-18","557388890025484","Sponsored Products","6.77","USD"
"2026-01-14","538699937906302","Sponsored Products","0.45","USD"
"2026-01-11","298636506131156","Sponsored Brands","0.00","AUD"
"2026-01-12","429345285920060","Sponsored Brands","0.62","GBP"
"2026-01-05","423471492340141","Sponsored Brands","0.92","USD"
"2026-01-01","291612323170971","Sponsored Products","0.03","CAD"
"2026-01-01","463876892629538","Sponsored Products","13.32","CAD"
"2026-01-24","324740828073799","Sponsored Products","0.00","AUD"
"2026-01-04","431503342672607","Sponsored Products","0.00","USD"
"2026-01-16","400050759741035","Sponsored Products","0.00","USD"
"2026-01-17","384986795476042","Sponsored Brands","0.00","CAD"
"2026-01-06","463570831006082","Sponsored Products","0.00","CAD"
"2026-01-05","286308132559342","Sponsored Brands","0.00","AUD"
"2026-01-18","558297049226516","Sponsored Brands","0.00","CAD"
"2026-01-16","292726552706968","Sponsored Products","14.31","USD"
"2026-01-01","405404402286043","Sponsored Products","0.80","USD"
"2026-01-21","539750977499191","Sponsored Products","2.63","CAD"
"2026-01-17","560541401556849","Sponsored Products","0.00","GBP"
"2026-01-25","500955748191612","Sponsored Products","1.16","USD"
"2026-01-19","324446919049652","Sponsored Products","2.56","USD"
"2026-01-20","314318800479242","Sponsored Products","0.00","AUD"
"2026-01-10","495242868805173","Sponsored Products","1.85","GBP"
"2026-01-30","397652540263806","Sponsored Products","0.00","CAD"
"2026-01-28","276797522102375","Sponsored Products","24.05","USD"
"2026-01-23","363579801300326","Sponsored Products","0.00","CAD"
"2026-01-31","101965336081409","Sponsored Products","13.09","USD"
"2026-01-02","455465774244567","Sponsored Products","0.00","USD"
"2026-01-28","476511840833684","Sponsored Products","0.00","GBP"
"2026-01-21","312711508263023","Sponsored Products","0.00","AUD"
"2026-01-30","452082306058129","Sponsored Brands","8.03","CAD"
"2026-01-07","327413819985503","Sponsored Products","1.59","USD"
"2026-01-01","398122169001461","Sponsored Products","2.15","AUD"
"2026-01-28","332000738328227","Sponsored Products","7.34","USD"
"2026-01-24","399629340308947","Sponsored Brands","0.00","AUD"
"2026-01-15","494994223093944","Sponsored Brands","0.00","AUD"
"2026-01-13","321516368269611","Sponsored Products","0.00","CAD"
"2026-01-20","332000738328227","Sponsored Products","18.56","USD"
"2026-01-26","422803050752749","Sponsored Products","0.00","USD"
"2026-01-29","303332324664421","Sponsored Products","0.00","USD"
"2026-01-01","327999245273994","Sponsored Brands","2.24","USD"
"2026-01-07","497204182729156","Sponsored Brands","0.00","USD"
"2026-01-23","531616041116243","Sponsored Products","0.85","USD"
"2026-01-25","494994223093944","Sponsored Brands","2.46","AUD"
"2026-01-10","307922603865773","Sponsored Products","25.99","USD"
"2026-01-07","560000811916391","Sponsored Brands","2.25","USD"
"2026-01-01","532503737498489","Sponsored Products","0.00","USD"
"2026-01-06","303332324664421","Sponsored Products","0.00","USD"
"2026-01-18","348537181713557","Sponsored Products","0.00","GBP"
"2026-01-17","446701085946014","Sponsored Products","0.00","GBP"
"2026-01-03","493216310640409","Sponsored Brands","14.27","USD"
"2026-01-16","486701736662809","Sponsored Products","0.33","AUD"
"2026-01-18","454992450655768","Sponsored Products","0.00","USD"
"2026-01-25","531187508971652","Sponsored Display","0.43","CAD"
"2026-01-12","463874563272935","Sponsored Brands","0.00","AUD"
"2026-01-18","363551194960955","Sponsored Products","0.00","CAD"
"2026-01-26","434871922933588","Sponsored Brands","0.90","CAD"
"2026-01-31","463570831006082","Sponsored Products","0.00","CAD"
"2026-01-14","542333703103187","Sponsored Products","0.00","AUD"
"2026-01-28","558782683947956","Sponsored Products","0.00","CAD"
"2026-01-12","309978526979947","Sponsored Products","1.20","USD"
"2026-01-16","338934805167255","Sponsored Products","1.17","USD"
"2026-01-17","511519443187302","Sponsored Products","3.62","GBP"
"2026-01-17","353468389499196","Sponsored Brands","2.00","USD"
"2026-01-21","344516434946756","Sponsored Products","5.82","USD"
"2026-01-08","434170639918769","Sponsored Brands","1.24","USD"
"2026-01-06","338934805167255","Sponsored Products","0.00","USD"
"2026-01-15","392699328377229","Sponsored Products","0.00","AUD"
"2026-01-18","551134208715253","Sponsored Products","0.95","AUD"
"2026-01-28","400050759741035","Sponsored Products","0.00","USD"
"2026-01-09","531187508971652","Sponsored Display","0.00","CAD"
"2026-01-13","514416545593290","Sponsored Products","2.58","USD"
"2026-01-23","493216310640409","Sponsored Brands","19.19","USD"
"2026-01-25","417535655271448","Sponsored Products","0.00","USD"
"2026-01-19","309978526979947","Sponsored Products","0.00","USD"
"2026-01-19","529279517874985","Sponsored Products","14.00","AUD"
"2026-01-13","548511206574211","Sponsored Brands","0.00","AUD"
"2026-01-24","342568396157124","Sponsored Display","0.00","USD"
"2026-01-15","375880567146391","Sponsored Display","0.00","AUD"
"2026-01-15","461803854184467","Sponsored Products","2.29","CAD"
"2026-01-02","352761064226908","Sponsored Brands","0.00","CAD"
"2026-01-13","431386932028495","Sponsored Products","14.90","USD"
"2026-01-10","554029658228344","Sponsored Display","0.00","GBP"
"2026-01-22","446701085946014","Sponsored Products","0.00","GBP"
"2026-01-06","463874563272935","Sponsored Brands","1.21","AUD"
"2026-01-19","312451130238004","Sponsored Brands","0.00","USD"
"2026-01-30","94073967562900","Sponsored Products","0.00","USD"
"2026-01-01","284096201830626","Sponsored Display","0.00","USD"
"2026-01-02","300354268849742","Sponsored Brands","0.00","CAD"
"2026-01-16","495242868805173","Sponsored Products","0.00","GBP"
"2026-01-25","392972027720670","Sponsored Products","0.00","CAD"
"2026-01-06","371623685288534","Sponsored Brands","0.80","GBP"
"2026-01-15","506556070299851","Sponsored Products","0.00","USD"
"2026-01-17","406964010755868","Sponsored Products","0.00","CAD"
"2026-01-28","428015197375542","Sponsored Products","0.00","AUD"
"2026-01-20","378771240092800","Sponsored Products","0.00","AUD"
"2026-01-31","422044464968254","Sponsored Products","4.84","GBP"
"2026-01-27","428914757065848","Sponsored Products","0.51","CAD"
"2026-01-05","531616041116243","Sponsored Products","0.74","USD"
"2026-01-30","202838039381314","Sponsored Products","0.00","USD"
"2026-01-24","354484097353439","Sponsored Products","0.35","GBP"
"2026-01-29","395304589984653","Sponsored Products","0.00","CAD"
"2026-01-29","34478632960968","Sponsored Products","4.10","USD"
"2026-01-23","538699937906302","Sponsored Products","0.45","USD"
"2026-01-29","434170639918769","Sponsored Brands","2.51","USD"
"2026-01-08","491366396962687","Sponsored Brands","0.47","USD"
"2026-01-14","348537181713557","Sponsored Products","0.00","GBP"
"2026-01-30","456837390130096","Sponsored Products","0.00","AUD"
"2026-01-30","531187508971652","Sponsored Display","0.00","CAD"
"2026-01-05","453187476718269","Sponsored Display","0.00","CAD"
"2026-01-24","380787783830601","Sponsored Products","0.00","USD"
"2026-01-21","493216310640409","Sponsored Brands","16.43","USD"
"2026-01-30","327999245273994","Sponsored Brands","0.00","USD"
"2026-01-11","299897583007336","Sponsored Products","4.04","USD"
"2026-01-01","392972027720670","Sponsored Products","2.85","CAD"
"2026-01-20","557802220335065","Sponsored Products","0.99","CAD"
"2026-01-14","428914757065848","Sponsored Products","4.28","CAD"
"2026-01-30","371623685288534","Sponsored Brands","4.57","GBP"
"2026-01-26","355737664148283","Sponsored Brands","2.55","USD"
"2026-01-24","373663567761151","Sponsored Products","0.00","USD"
"2026-01-06","417350251520986","Sponsored Products","0.00","USD"
"2026-01-28","392598200964005","Sponsored Products","3.27","CAD"
"2026-01-15","398859393836995","Sponsored Products","3.86","GBP"
"2026-01-23","511509048867805","Sponsored Products","100.76","USD"
"2026-01-19","301972852761247","Sponsored Products","4.27","USD"
"2026-01-14","482686146435604","Sponsored Brands","0.62","USD"
"2026-01-14","511509048867805","Sponsored Products","88.56","USD"
"2026-01-04","509593684638198","Sponsored Brands","0.00","USD"
"2026-01-30","8078369968995","Sponsored Products","0.00","USD"
"2026-01-27","427514193060341","Sponsored Products","0.00","USD"
"2026-01-13","309978526979947","Sponsored Products","0.00","USD"
"2026-01-16","532209379687062","Sponsored Display","0.19","GBP"
"2026-01-06","397652540263806","Sponsored Products","0.00","CAD"
"2026-01-27","303344079444236","Sponsored Brands","0.86","GBP"
"2026-01-30","280513164622908","Sponsored Products","0.00","USD"
"2026-01-16","305150240202410","Sponsored Brands","1.71","USD"
"2026-01-02","396006036421092","Sponsored Products","0.00","USD"
"2026-01-02","317772463042332","Sponsored Products","0.38","AUD"
"2026-01-08","371623685288534","Sponsored Brands","2.74","GBP"
"2026-01-07","546618773117950","Sponsored Brands","0.00","AUD"
"2026-01-06","392537273853228","Sponsored Brands","0.00","AUD"
"2026-01-18","344516434946756","Sponsored Products","3.00","USD"
"2026-01-31","488081803937581","Sponsored Products","0.21","GBP"
"2026-01-18","300354268849742","Sponsored Brands","0.00","CAD"
"2026-01-12","371604599978031","Sponsored Products","0.00","AUD"
"2026-01-22","500955748191612","Sponsored Products","1.38","USD"
"2026-01-22","300354268849742","Sponsored Brands","0.00","CAD"
"2026-01-28","562857825893299","Sponsored Products","2.56","USD"
"2026-01-17","441925918527435","Sponsored Brands","3.31","USD"
"2026-01-05","432312765744113","Sponsored Products","0.90","USD"
"2026-01-16","300354268849742","Sponsored Brands","0.00","CAD"
"2026-01-09","514416545593290","Sponsored Products","1.12","USD"
"2026-01-28","517771475884325","Sponsored Brands","0.00","USD"
"2026-01-28","312711508263023","Sponsored Products","0.00","AUD"
"2026-01-12","291060086740958","Sponsored Products","9.80","USD"
"2026-01-17","487908370268380","Sponsored Products","16.69","USD"
"2026-01-31","561131507618203","Sponsored Products","6.56","AUD"
"2026-01-07","427514193060341","Sponsored Products","0.00","USD"
"2026-01-14","486701736662809","Sponsored Products","0.00","AUD"
"2026-01-31","48433117829801","Sponsored Products","11.19","USD"
"2026-01-09","309978526979947","Sponsored Products","0.45","USD"
"2026-01-02","400936883710783","Sponsored Products","7.86","AUD"
"2026-01-17","336361735801015","Sponsored Products","0.64","USD"
"2026-01-23","351594278748520","Sponsored Products","0.00","USD"
"2026-01-08","440503817971150","Sponsored Products","16.42","USD"
"2026-01-05","288851430690246","Sponsored Products","0.60","GBP"
"2026-01-03","487327596470810","Sponsored Products","0.00","USD"
"2026-01-11","453239686745418","Sponsored Products","6.81","GBP"
"2026-01-27","532503737498489","Sponsored Products","0.00","USD"
"2026-01-27","499207203040639","Sponsored Products","1.41","USD"
"2026-01-17","375840213985973","Sponsored Products","0.00","USD"
"2026-01-06","548511206574211","Sponsored Brands","0.00","AUD"
"2026-01-22","420797773596938","Sponsored Products","0.00","USD"
"2026-01-18","324446919049652","Sponsored Products","7.90","USD"
"2026-01-26","344516434946756","Sponsored Products","6.53","USD"
"2026-01-15","488078103319545","Sponsored Brands","0.00","USD"
"2026-01-04","540593023678755","Sponsored Products","5.94","USD"
"2026-01-15","405261002610411","Sponsored Products","0.00","GBP"
"2026-01-14","495242868805173","Sponsored Products","1.76","GBP"
"2026-01-03","398859393836995","Sponsored Products","6.17","GBP"
"2026-01-20","479364871682871","Sponsored Products","2.17","USD"
"2026-01-16","539750977499191","Sponsored Products","0.00","CAD"
"2026-01-16","387735099454991","Sponsored Products","0.00","USD"
"2026-01-09","557814926181675","Sponsored Products","0.00","CAD"
"2026-01-20","303784488331012","Sponsored Display","1.57","AUD"
"2026-01-17","366303362151528","Sponsored Products","0.00","USD"
"2026-01-23","396524009311704","Sponsored Brands","4.61","CAD"
"2026-01-03","542395622943712","Sponsored Products","2.08","GBP"
"2026-01-06","493216310640409","Sponsored Brands","9.14","USD"
"2026-01-16","485543012454911","Sponsored Products","1.22","USD"
"2026-01-28","291618943691121","Sponsored Brands","0.00","AUD"
"2026-01-26","504962652065858","Sponsored Brands","0.00","AUD"
"2026-01-28","411197191773342","Sponsored Products","0.00","AUD"
"2026-01-30","405261002610411","Sponsored Products","0.00","GBP"
"2026-01-27","407530123839349","Sponsored Products","0.00","AUD"
"2026-01-09","346023186686134","Sponsored Brands","0.00","USD"
"2026-01-20","517050919084211","Sponsored Products","0.00","CAD"
"2026-01-13","349690804752896","Sponsored Products","27.54","USD"
"2026-01-05","377578915667002","Sponsored Products","26.65","USD"
"2026-01-19","500955748191612","Sponsored Products","0.00","USD"
"2026-01-21","303344079444236","Sponsored Brands","2.55","GBP"
"2026-01-20","423447600502988","Sponsored Brands","0.00","CAD"
"2026-01-10","423447600502988","Sponsored Brands","0.00","CAD"
"2026-01-10","557802220335065","Sponsored Products","0.00","CAD"
"2026-01-16","429216730447678","Sponsored Products","0.00","AUD"
"2026-01-03","372498463102329","Sponsored Products","0.85","GBP"
"2026-01-11","400936883710783","Sponsored Products","3.48","AUD"
"2026-01-18","455983082050138","Sponsored Products","2.24","CAD"
"2026-01-28","328156874590794","Sponsored Brands","3.95","USD"
"2026-01-01","535387208566969","Sponsored Products","1.36","USD"
"2026-01-07","288045582881440","Sponsored Products","1.70","USD"
"2026-01-06","322178684810700","Sponsored Products","0.00","USD"
"2026-01-20","412663623607577","Sponsored Products","0.00","USD"
"2026-01-15","439663157752722","Sponsored Brands","0.00","USD"
"2026-01-19","361646797125820","Sponsored Products","0.00","AUD"
"2026-01-27","540593023678755","Sponsored Products","6.84","USD"
"2026-01-23","471805907077682","Sponsored Products","1.35","USD"
"2026-01-09","312632253610695","Sponsored Brands","40.14","USD"
"2026-01-15","399857229182854","Sponsored Brands","3.79","GBP"
"2026-01-01","292726552706968","Sponsored Products","0.00","USD"
"2026-01-15","299897583007336","Sponsored Products","3.30","USD"
"2026-01-13","355737664148283","Sponsored Brands","4.76","USD"
"2026-01-13","354484097353439","Sponsored Products","0.42","GBP"
"2026-01-10","488078103319545","Sponsored Brands","0.00","USD"
"2026-01-22","386865813070708","Sponsored Products","0.55","USD"
"2026-01-04","469438672280657","Sponsored Products","0.00","GBP"
"2026-01-29","194512325763287","Sponsored Products","0.78","USD"
"2026-01-28","491792683377286","Sponsored Products","0.00","USD"
"2026-01-28","518228166841375","Sponsored Brands","0.26","GBP"
"2026-01-19","307922603865773","Sponsored Products","19.03","USD"
"2026-01-06","484271755377666","Sponsored Products","0.00","CAD"
"2026-01-27","348184859637636","Sponsored Brands","0.00","USD"
"2026-01-25","286601245904247","Sponsored Products","0.00","CAD"
"2026-01-20","522533017982048","Sponsored Products","0.00","CAD"
"2026-01-16","453239686745418","Sponsored Products","0.82","GBP"
"2026-01-28","514416545593290","Sponsored Products","1.37","USD"
"2026-01-10","476877916686317","Sponsored Brands","2.27","AUD"
"2026-01-05","488078103319545","Sponsored Brands","0.25","USD"
"2026-01-03","345786769504667","Sponsored Products","4.25","USD"
"2026-01-01","307922603865773","Sponsored Products","0.00","USD"
"2026-01-11","452065263384491","Sponsored Brands","10.72","USD"
"2026-01-09","551785069524711","Sponsored Products","1.07","USD"
"2026-01-28","8078369968995","Sponsored Products","0.00","USD"
"2026-01-17","338934805167255","Sponsored Products","0.00","USD"
"2026-01-02","307922603865773","Sponsored Products","12.02","USD"
"2026-01-20","428914757065848","Sponsored Products","6.84","CAD"
"2026-01-10","346023186686134","Sponsored Brands","0.00","USD"
"2026-01-04","489671557305898","Sponsored Display","0.04","USD"
"2026-01-17","493519110544788","Sponsored Products","12.81","USD"
"2026-01-23","452082306058129","Sponsored Brands","1.37","CAD"
"2026-01-21","431386932028495","Sponsored Products","15.62","USD"
"2026-01-27","332116728677051","Sponsored Products","0.00","CAD"
"2026-01-09","428201110992726","Sponsored Products","10.16","USD"
"2026-01-09","373188657935606","Sponsored Products","0.00","AUD"
"2026-01-06","480355060288556","Sponsored Products","0.00","AUD"
"2026-01-24","545146961820010","Sponsored Products","2.96","GBP"
"2026-01-23","560000811916391","Sponsored Brands","1.27","USD"
"2026-01-19","402078469217372","Sponsored Products","13.38","USD"
"2026-01-07","399703016940832","Sponsored Brands","0.00","CAD"
"2026-01-08","407444835513369","Sponsored Brands","1.34","CAD"
"2026-01-26","454992450655768","Sponsored Products","0.99","USD"
"2026-01-17","360412290312296","Sponsored Brands","3.00","CAD"
"2026-01-06","310318758176650","Sponsored Products","0.70","CAD"
"2026-01-21","346023186686134","Sponsored Brands","0.91","USD"
"2026-01-05","550084596372285","Sponsored Products","0.00","USD"
"2026-01-30","241960271286519","Sponsored Products","0.00","USD"
"2026-01-10","505299994018527","Sponsored Products","0.00","CAD"
"2026-01-02","499207203040639","Sponsored Products","0.90","USD"
"2026-01-04","309978526979947","Sponsored Products","0.00","USD"
"2026-01-03","323864334787492","Sponsored Products","0.00","AUD"
"2026-01-06","545989665090053","Sponsored Brands","1.39","GBP"
"2026-01-20","354484097353439","Sponsored Products","0.00","GBP"
"2026-01-15","288669281122601","Sponsored Products","10.38","AUD"
"2026-01-06","542333703103187","Sponsored Products","0.00","AUD"
"2026-01-20","455688132780953","Sponsored Brands","0.00","USD"
"2026-01-11","406964010755868","Sponsored Products","0.00","CAD"
"2026-01-10","488081803937581","Sponsored Products","0.00","GBP"
"2026-01-30","321516368269611","Sponsored Products","0.70","CAD"
"2026-01-03","455622109943339","Sponsored Products","0.00","AUD"
"2026-01-11","493216310640409","Sponsored Brands","16.88","USD"
"2026-01-11","424600049511604","Sponsored Products","9.60","USD"
"2026-01-06","557388890025484","Sponsored Products","0.00","USD"
"2026-01-06","290006083942538","Sponsored Products","0.72","AUD"
"2026-01-27","360836238849040","Sponsored Products","0.00","AUD"
"2026-01-14","417535655271448","Sponsored Products","0.00","USD"
"2026-01-01","486701736662809","Sponsored Products","0.00","AUD"
"2026-01-04","444969564092992","Sponsored Products","0.00","CAD"
"2026-01-19","318148591057223","Sponsored Products","0.00","GBP"
"2026-01-19","422044464968254","Sponsored Products","0.00","GBP"
"2026-01-01","380662946968621","Sponsored Display","4.24","USD"
"2026-01-31","363551194960955","Sponsored Products","0.00","CAD"
"2026-01-26","450116297068538","Sponsored Products","0.00","USD"
"2026-01-24","429216730447678","Sponsored Products","0.00","AUD"
"2026-01-02","378771240092800","Sponsored Products","0.00","AUD"
"2026-01-24","562763694980171","Sponsored Products","0.98","GBP"
"2026-01-28","492312442577894","Sponsored Products","0.00","USD"
"2026-01-21","524843805783693","Sponsored Products","4.71","USD"
"2026-01-13","339568026468029","Sponsored Brands","0.00","CAD"
"2026-01-23","422803050752749","Sponsored Products","0.00","USD"
"2026-01-05","556616987602606","Sponsored Products","10.80","USD"
"2026-01-08","430840323605870","Sponsored Products","0.00","USD"
"2026-01-10","327323455598643","Sponsored Products","0.00","GBP"
"2026-01-14","375412452273685","Sponsored Products","6.62","GBP"
"2026-01-15","303344079444236","Sponsored Brands","1.75","GBP"
"2026-01-01","500955748191612","Sponsored Products","0.00","USD"
"2026-01-20","342468627864471","Sponsored Products","0.00","GBP"
"2026-01-16","406487274006731","Sponsored Products","0.00","AUD"
"2026-01-12","349690804752896","Sponsored Products","43.61","USD"
"2026-01-10","518228166841375","Sponsored Brands","1.61","GBP"
"2026-01-06","439663157752722","Sponsored Brands","0.59","USD"
"2026-01-11","536492240546443","Sponsored Products","0.00","CAD"
"2026-01-22","412663623607577","Sponsored Products","0.00","USD"
"2026-01-29","353698807350187","Sponsored Products","0.00","USD"
"2026-01-17","409429087898453","Sponsored Display","0.00","CAD"
"2026-01-10","366993568403124","Sponsored Products","26.18","USD"
"2026-01-30","64790741448016","Sponsored Products","11.16","USD"
"2026-01-13","486830706800832","Sponsored Products","1.80","CAD"
"2026-01-19","557814926181675","Sponsored Products","0.39","CAD"
"2026-01-21","551134208715253","Sponsored Products","0.00","AUD"
"2026-01-04","346642528003053","Sponsored Products","0.00","USD"
"2026-01-13","411564343397398","Sponsored Products","4.41","USD"
"2026-01-01","532209379687062","Sponsored Display","0.27","GBP"
"2026-01-21","469438672280657","Sponsored Products","0.00","GBP"
"2026-01-30","419802202221779","Sponsored Products","0.84","CAD"
"2026-01-22","280884599605823","Sponsored Products","8.37","USD"
"2026-01-26","417555316939613","Sponsored Brands","0.00","AUD"
"2026-01-02","332116728677051","Sponsored Products","0.00","CAD"
"2026-01-03","296615200458181","Sponsored Brands","53.57","USD"
"2026-01-17","371021037712738","Sponsored Products","37.66","USD"
"2026-01-17","299897583007336","Sponsored Products","19.76","USD"
"2026-01-17","546641048554747","Sponsored Products","0.00","USD"
"2026-01-04","292138679780956","Sponsored Products","0.00","AUD"
"2026-01-13","542395622943712","Sponsored Products","0.99","GBP"
"2026-01-10","455688132780953","Sponsored Brands","0.70","USD"
"2026-01-08","439118795538688","Sponsored Brands","0.00","CAD"
"2026-01-21","452082306058129","Sponsored Brands","2.01","CAD"
"2026-01-21","463570831006082","Sponsored Products","0.00","CAD"
"2026-01-10","486701736662809","Sponsored Products","0.04","AUD"
"2026-01-11","495242868805173","Sponsored Products","3.66","GBP"
"2026-01-17","494896120843036","Sponsored Products","2.81","USD"
"2026-01-16","545146961820010","Sponsored Products","3.64","GBP"
"2026-01-03","503995766126833","Sponsored Products","0.00","GBP"
"2026-01-04","372498463102329","Sponsored Products","0.00","GBP"
"2026-01-24","323864334787492","Sponsored Products","0.00","AUD"
"2026-01-09","526735719174751","Sponsored Products","0.00","USD"
"2026-01-17","536186527693818","Sponsored Products","9.39","USD"
"2026-01-23","366303362151528","Sponsored Products","0.50","USD"
"2026-01-25","469438672280657","Sponsored Products","0.00","GBP"
"2026-01-08","386893543852916","Sponsored Products","0.13","CAD"
"2026-01-28","419764168918332","Sponsored Brands","0.00","AUD"
"2026-01-28","463570831006082","Sponsored Products","0.00","CAD"
"2026-01-14","419802202221779","Sponsored Products","0.75","CAD"
"2026-01-29","399857229182854","Sponsored Brands","1.50","GBP"
"2026-01-17","545989665090053","Sponsored Brands","1.23","GBP"
"2026-01-25","491792683377286","Sponsored Products","8.69","USD"
"2026-01-25","486969120687335","Sponsored Products","16.01","USD"
"2026-01-04","554517553013265","Sponsored Products","0.00","CAD"
"2026-01-28","491366396962687","Sponsored Brands","6.85","USD"
"2026-01-22","396524009311704","Sponsored Brands","0.00","CAD"
"2026-01-01","539834455179217","Sponsored Products","3.36","USD"
"2026-01-20","442522120858299","Sponsored Products","1.78","USD"
"2026-01-01","397652540263806","Sponsored Products","0.00","CAD"
"2026-01-29","542395622943712","Sponsored Products","0.00","GBP"
"2026-01-26","502907079288115","Sponsored Products","0.82","CAD"
"2026-01-27","487327596470810","Sponsored Products","0.00","USD"
"2026-01-23","506556070299851","Sponsored Products","0.00","USD"
"2026-01-25","298636506131156","Sponsored Brands","0.00","AUD"
"2026-01-30","452065263384491","Sponsored Brands","3.48","USD"
"2026-01-12","325883174926875","Sponsored Brands","2.07","USD"
"2026-01-14","355737664148283","Sponsored Brands","15.06","USD"
"2026-01-11","396524009311704","Sponsored Brands","4.27","CAD"
"2026-01-16","443805539282973","Sponsored Brands","0.00","CAD"
"2026-01-16","479364871682871","Sponsored Products","13.90","USD"
"2026-01-03","557388890025484","Sponsored Products","6.12","USD"
"2026-01-28","476877916686317","Sponsored Brands","0.42","AUD"
"2026-01-19","373593607967581","Sponsored Display","0.00","AUD"
"2026-01-02","441925918527435","Sponsored Brands","4.93","USD"
"2026-01-11","545989665090053","Sponsored Brands","1.97","GBP"
"2026-01-06","531187508971652","Sponsored Display","0.22","CAD"
"2026-01-24","327160636077377","Sponsored Products","0.00","USD"
"2026-01-18","291680855614624","Sponsored Brands","3.81","GBP"
"2026-01-04","450116297068538","Sponsored Products","2.28","USD"
"2026-01-06","469490646233874","Sponsored Products","5.25","USD"
"2026-01-10","381948820461821","Sponsored Brands","0.00","USD"
"2026-01-31","276488907454289","Sponsored Products","0.00","USD"
"2026-01-20","318399173824872","Sponsored Products","0.21","GBP"
"2026-01-17","350228282296039","Sponsored Products","3.09","USD"
"2026-01-07","407530123839349","Sponsored Products","0.00","AUD"
"2026-01-12","398122169001461","Sponsored Products","0.50","AUD"
"2026-01-22","455983082050138","Sponsored Products","0.00","CAD"
"2026-01-29","554029658228344","Sponsored Display","0.33","GBP"
"2026-01-29","103204875656014","Sponsored Products","0.00","USD"
"2026-01-28","522533017982048","Sponsored Products","0.00","CAD"
"2026-01-11","318148591057223","Sponsored Products","0.28","GBP"
"2026-01-12","367083122067501","Sponsored Display","0.00","USD"
"2026-01-05","492312442577894","Sponsored Products","5.58","USD"
"2026-01-30","312632253610695","Sponsored Brands","34.55","USD"
"2026-01-30","551134208715253","Sponsored Products","0.00","AUD"
"2026-01-05","330930085884248","Sponsored Brands","0.00","GBP"
"2026-01-01","93061813718954","Sponsored Products","13.27","USD"
"2026-01-27","517050919084211","Sponsored Products","0.00","CAD"
"2026-01-05","327955853177271","Sponsored Products","4.94","USD"
"2026-01-03","373663567761151","Sponsored Products","0.00","USD"
"2026-01-26","494896120843036","Sponsored Products","1.01","USD"
"2026-01-26","400050759741035","Sponsored Products","0.00","USD"
"2026-01-31","54386198712419","Sponsored Products","3.22","USD"
"2026-01-10","344717374719347","Sponsored Display","0.00","CAD"
"2026-01-19","291612323170971","Sponsored Products","1.22","CAD"
"2026-01-25","443207948405482","Sponsored Products","0.93","CAD"
"2026-01-01","378771240092800","Sponsored Products","0.00","AUD"
"2026-01-14","485031869326352","Sponsored Products","0.00","AUD"
"2026-01-26","479364871682871","Sponsored Products","5.25","USD"
"2026-01-31","241960271286519","Sponsored Products","13.54","USD"
"2026-01-18","495242868805173","Sponsored Products","0.00","GBP"
"2026-01-29","375262111034104","Sponsored Brands","4.44","USD"
"2026-01-06","452082306058129","Sponsored Brands","1.35","CAD"
"2026-01-18","93061813718954","Sponsored Products","10.01","USD"
"2026-01-11","531194039320877","Sponsored Products","0.00","CAD"
"2026-01-05","400220148801129","Sponsored Products","0.00","GBP"
"2026-01-22","394083050171294","Sponsored Products","1.19","USD"
"2026-01-22","263910374759225","Sponsored Products","4.69","CAD"
"2026-01-13","494590942145867","Sponsored Products","27.95","CAD"
"2026-01-18","429345285920060","Sponsored Brands","0.97","GBP"
"2026-01-16","327323455598643","Sponsored Products","0.00","GBP"
"2026-01-19","381948820461821","Sponsored Brands","0.00","USD"
"2026-01-14","562763694980171","Sponsored Products","0.00","GBP"
"2026-01-20","486969120687335","Sponsored Products","13.87","USD"
"2026-01-08","263910374759225","Sponsored Products","3.94","CAD"
"2026-01-30","162987026418786","Sponsored Products","2.73","USD"
"2026-01-26","506556070299851","Sponsored Products","0.00","USD"
"2026-01-28","432312765744113","Sponsored Products","0.00","USD"
"2026-01-16","322178684810700","Sponsored Products","0.00","USD"
"2026-01-09","384986795476042","Sponsored Brands","0.96","CAD"
"2026-01-07","382536260418493","Sponsored Brands","0.00","USD"
"2026-01-22","536850070634966","Sponsored Products","0.92","GBP"
"2026-01-10","411564343397398","Sponsored Products","9.39","USD"
"2026-01-11","467633236874996","Sponsored Products","0.00","AUD"
"2026-01-16","559365035833525","Sponsored Brands","0.00","AUD"
"2026-01-31","382263989834817","Sponsored Products","0.00","AUD"
"2026-01-05","486830706800832","Sponsored Products","0.00","CAD"
"2026-01-12","407530123839349","Sponsored Products","0.00","AUD"
"2026-01-03","399703016940832","Sponsored Brands","0.00","CAD"
"2026-01-05","304676183651349","Sponsored Products","0.00","USD"
"2026-01-19","440997775738977","Sponsored Products","0.00","AUD"
"2026-01-17","554517553013265","Sponsored Products","0.00","CAD"
"2026-01-17","414778030564989","Sponsored Products","0.00","GBP"
"2026-01-23","541042710567147","Sponsored Products","4.16","USD"
"2026-01-08","555625239663839","Sponsored Products","7.90","USD"
"2026-01-05","317772463042332","Sponsored Products","0.06","AUD"
"2026-01-20","494590942145867","Sponsored Products","23.95","CAD"
"2026-01-12","557738489078024","Sponsored Products","0.00","CAD"
"2026-01-12","517050919084211","Sponsored Products","0.33","CAD"
"2026-01-21","354627207584492","Sponsored Products","0.45","CAD"
"2026-01-06","536186527693818","Sponsored Products","9.75","USD"
"2026-01-09","422803050752749","Sponsored Products","0.00","USD"
"2026-01-20","511519443187302","Sponsored Products","4.52","GBP"
"2026-01-17","512730232590991","Sponsored Products","0.00","USD"
"2026-01-25","405896045618734","Sponsored Display","0.01","USD"
"2026-01-11","443805539282973","Sponsored Brands","0.00","CAD"
"2026-01-08","352761064226908","Sponsored Brands","0.00","CAD"
"2026-01-01","342233969782751","Sponsored Products","15.60","USD"
"2026-01-28","375412452273685","Sponsored Products","4.81","GBP"
"2026-01-09","428914757065848","Sponsored Products","2.69","CAD"
"2026-01-30","291680855614624","Sponsored Brands","2.20","GBP"
"2026-01-22","469438672280657","Sponsored Products","0.66","GBP"
"2026-01-06","291618943691121","Sponsored Brands","0.00","AUD"
"2026-01-12","518653489850740","Sponsored Brands","0.00","USD"
"2026-01-14","506556070299851","Sponsored Products","0.00","USD"
"2026-01-24","424600049511604","Sponsored Products","14.20","USD"
"2026-01-03","501445692271818","Sponsored Products","0.00","USD"
"2026-01-18","296882349967704","Sponsored Products","6.23","USD"
"2026-01-15","305150240202410","Sponsored Brands","0.00","USD"
"2026-01-19","263910374759225","Sponsored Products","3.06","CAD"
"2026-01-24","486830706800832","Sponsored Products","0.34","CAD"
"2026-01-26","296615200458181","Sponsored Brands","51.30","USD"
"2026-01-25","288045582881440","Sponsored Products","0.00","USD"
"2026-01-04","434871922933588","Sponsored Brands","2.26","CAD"
"2026-01-21","560541401556849","Sponsored Products","0.00","GBP"
"2026-01-04","498311429491057","Sponsored Display","0.00","CAD"
"2026-01-08","434871922933588","Sponsored Brands","2.77","CAD"
"2026-01-26","366993568403124","Sponsored Products","53.54","USD"
"2026-01-29","278400043801722","Sponsored Products","0.00","GBP"
"2026-01-29","442522120858299","Sponsored Products","0.00","USD"
"2026-01-31","489671557305898","Sponsored Display","0.00","USD"
"2026-01-02","263910374759225","Sponsored Products","6.04","CAD"
"2026-01-17","386920533914758","Sponsored Brands","0.30","CAD"
"2026-01-24","463570831006082","Sponsored Products","0.00","CAD"
"2026-01-09","314318800479242","Sponsored Products","0.00","AUD"
"2026-01-14","545989665090053","Sponsored Brands","1.39","GBP"
"2026-01-10","332000738328227","Sponsored Products","21.67","USD"
"2026-01-30","378858058113466","Sponsored Products","1.41","CAD"
"2026-01-12","318148591057223","Sponsored Products","0.00","GBP"
"2026-01-02","422044464968254","Sponsored Products","10.95","GBP"
"2026-01-09","427514193060341","Sponsored Products","0.00","USD"
"2026-01-12","386865813070708","Sponsored Products","0.00","USD"
"2026-01-24","380439551325000","Sponsored Products","1.53","GBP"
"2026-01-31","383486487068158","Sponsored Display","4.92","GBP"
"2026-01-02","487327596470810","Sponsored Products","1.25","USD"
"2026-01-27","455100983218716","Sponsored Brands","1.30","USD"
"2026-01-05","378771240092800","Sponsored Products","0.00","AUD"
"2026-01-18","349690804752896","Sponsored Products","50.52","USD"
"2026-01-01","366616645988820","Sponsored Products","0.00","CAD"
"2026-01-24","411197191773342","Sponsored Products","0.00","AUD"
"2026-01-20","383356525876468","Sponsored Products","0.00","USD"
"2026-01-02","392972027720670","Sponsored Products","0.00","CAD"
"2026-01-17","423825131329520","Sponsored Products","15.43","USD"
"2026-01-25","485543012454911","Sponsored Products","0.62","USD"
"2026-01-21","486969120687335","Sponsored Products","14.22","USD"
"2026-01-15","452082306058129","Sponsored Brands","1.82","CAD"
"2026-01-15","384986795476042","Sponsored Brands","0.78","CAD"
"2026-01-03","498217737469979","Sponsored Brands","0.00","USD"
"2026-01-20","554029658228344","Sponsored Display","0.73","GBP"
"2026-01-16","493216310640409","Sponsored Brands","19.09","USD"
"2026-01-05","408719546145761","Sponsored Products","0.00","USD"
"2026-01-01","494490339894946","Sponsored Products","2.51","USD"
"2026-01-02","286855949125211","Sponsored Products","2.38","AUD"
"2026-01-17","325883174926875","Sponsored Brands","2.67","USD"
"2026-01-27","551134208715253","Sponsored Products","0.00","AUD"
"2026-01-24","423825131329520","Sponsored Products","12.37","USD"
"2026-01-08","557738489078024","Sponsored Products","0.00","CAD"
"2026-01-11","304676183651349","Sponsored Products","1.21","USD"
"2026-01-20","454992450655768","Sponsored Products","0.73","USD"
"2026-01-31","140453739775668","Sponsored Products","0.00","USD"
"2026-01-03","539750977499191","Sponsored Products","0.92","CAD"
"2026-01-17","348184859637636","Sponsored Brands","2.10","USD"
"2026-01-08","288851430690246","Sponsored Products","0.35","GBP"
"2026-01-22","322178684810700","Sponsored Products","1.20","USD"
"2026-01-21","455688132780953","Sponsored Brands","0.00","USD"
"2026-01-05","369615938436026","Sponsored Products","0.00","USD"
"2026-01-04","501445692271818","Sponsored Products","0.00","USD"
"2026-01-02","555360954347903","Sponsored Products","0.00","CAD"
"2026-01-17","380787783830601","Sponsored Products","1.36","USD"
"2026-01-03","436562742415834","Sponsored Products","0.00","GBP"
"2026-01-26","560541401556849","Sponsored Products","0.00","GBP"
"2026-01-07","299897583007336","Sponsored Products","12.64","USD"
"2026-01-29","348537181713557","Sponsored Products","0.00","GBP"
"2026-01-29","138135222992233","Sponsored Products","0.00","USD"
"2026-01-28","423471492340141","Sponsored Brands","0.00","USD"
"2026-01-02","423447600502988","Sponsored Brands","0.00","CAD"
"2026-01-29","515637010546761","Sponsored Brands","12.01","USD"
"2026-01-23","371021037712738","Sponsored Products","36.02","USD"
"2026-01-25","304676183651349","Sponsored Products","0.00","USD"
"2026-01-21","342468627864471","Sponsored Products","0.00","GBP"
"2026-01-04","413308568322873","Sponsored Brands","2.87","USD"
"2026-01-28","402078469217372","Sponsored Products","36.47","USD"
"2026-01-22","524843805783693","Sponsored Products","0.61","USD"
"2026-01-11","280884599605823","Sponsored Products","22.38","USD"
"2026-01-21","522533017982048","Sponsored Products","0.00","CAD"
"2026-01-19","286308132559342","Sponsored Brands","0.00","AUD"
"2026-01-14","395304589984653","Sponsored Products","0.00","CAD"
"2026-01-07","486969120687335","Sponsored Products","21.60","USD"
"2026-01-13","383706936707329","Sponsored Brands","1.86","USD"
"2026-01-28","429345285920060","Sponsored Brands","1.68","GBP"
"2026-01-16","330930085884248","Sponsored Brands","0.00","GBP"
"2026-01-27","440503817971150","Sponsored Products","12.48","USD"
"2026-01-09","454571413921997","Sponsored Products","0.35","GBP"
"2026-01-28","291060086740958","Sponsored Products","18.27","USD"
"2026-01-22","288045582881440","Sponsored Products","0.00","USD"
"2026-01-11","540593023678755","Sponsored Products","0.00","USD"
"2026-01-28","542395622943712","Sponsored Products","0.00","GBP"
"2026-01-09","366616645988820","Sponsored Products","0.00","CAD"
"2026-01-05","532209379687062","Sponsored Display","0.15","GBP"
"2026-01-08","303784488331012","Sponsored Display","1.90","AUD"
"2026-01-04","291612323170971","Sponsored Products","0.00","CAD"
"2026-01-26","511509048867805","Sponsored Products","92.81","USD"
"2026-01-16","369371745062988","Sponsored Products","0.00","CAD"
"2026-01-16","458452283549074","Sponsored Brands","0.00","CAD"
"2026-01-28","304676183651349","Sponsored Products","0.36","USD"
"2026-01-26","448149727236636","Sponsored Products","1.57","AUD"
"2026-01-20","434170639918769","Sponsored Brands","4.45","USD"
"2026-01-07","530543664696574","Sponsored Products","0.45","AUD"
"2026-01-31","399629340308947","Sponsored Brands","0.00","AUD"
"2026-01-22","348184859637636","Sponsored Brands","0.20","USD"
"2026-01-10","394083050171294","Sponsored Products","2.39","USD"
"2026-01-29","313102197760283","Sponsored Products","0.77","USD"
"2026-01-28","351594278748520","Sponsored Products","0.00","USD"
"2026-01-04","535387208566969","Sponsored Products","0.00","USD"
"2026-01-30","434871922933588","Sponsored Brands","1.54","CAD"
"2026-01-13","511509048867805","Sponsored Products","87.67","USD"
"2026-01-08","459130146103681","Sponsored Display","0.00","AUD"
"2026-01-23","464658704178346","Sponsored Brands","7.24","USD"
"2026-01-08","477120010084382","Sponsored Products","1.39","USD"
"2026-01-15","443805539282973","Sponsored Brands","1.29","CAD"
"2026-01-12","453754530299965","Sponsored Brands","18.71","USD"
"2026-01-17","463874563272935","Sponsored Brands","0.00","AUD"
"2026-01-04","439526402269373","Sponsored Products","0.27","GBP"
"2026-01-29","545989665090053","Sponsored Brands","1.32","GBP"
"2026-01-01","498217737469979","Sponsored Brands","0.00","USD"
"2026-01-13","417535655271448","Sponsored Products","0.00","USD"
"2026-01-06","384986795476042","Sponsored Brands","0.00","CAD"
"2026-01-10","431386932028495","Sponsored Products","12.31","USD"
"2026-01-01","527711743915708","Sponsored Products","47.72","USD"
"2026-01-24","342233969782751","Sponsored Products","5.77","USD"
"2026-01-15","409429087898453","Sponsored Display","0.25","CAD"
"2026-01-26","473740316381787","Sponsored Products","4.70","GBP"
"2026-01-29","305150240202410","Sponsored Brands","0.00","USD"
"2026-01-20","503460776607859","Sponsored Brands","0.00","CAD"
"2026-01-17","407787068225839","Sponsored Display","0.00","AUD"
"2026-01-31","494994223093944","Sponsored Brands","2.89","AUD"
"2026-01-14","487327596470810","Sponsored Products","0.00","USD"
"2026-01-24","450116297068538","Sponsored Products","3.06","USD"
"2026-01-03","378095244761436","Sponsored Products","0.00","USD"
"2026-01-07","455465774244567","Sponsored Products","0.00","USD"
"2026-01-21","307534770253902","Sponsored Products","0.00","CAD"
"2026-01-29","168803396873792","Sponsored Products","10.31","USD"
"2026-01-28","560541401556849","Sponsored Products","1.82","GBP"
"2026-01-15","495242868805173","Sponsored Products","0.00","GBP"
"2026-01-19","486969120687335","Sponsored Products","14.32","USD"
"2026-01-27","360412290312296","Sponsored Brands","0.54","CAD"
"2026-01-05","430840323605870","Sponsored Products","0.00","USD"
"2026-01-23","536850070634966","Sponsored Products","0.95","GBP"
"2026-01-28","469814503032884","Sponsored Products","0.00","AUD"
"2026-01-08","545989665090053","Sponsored Brands","1.26","GBP"
"2026-01-03","382536260418493","Sponsored Brands","4.41","USD"
"2026-01-07","480355060288556","Sponsored Products","0.00","AUD"
"2026-01-14","422803050752749","Sponsored Products","0.00","USD"
"2026-01-13","342468627864471","Sponsored Products","1.13","GBP"
"2026-01-03","288086271468562","Sponsored Products","36.22","USD"
"2026-01-01","537194794349407","Sponsored Products","0.00","USD"
"2026-01-21","360412290312296","Sponsored Brands","0.00","CAD"
"2026-01-06","309978526979947","Sponsored Products","0.00","USD"
"2026-01-20","430840323605870","Sponsored Products","0.00","USD"
"2026-01-15","491770987077396","Sponsored Products","29.07","USD"
"2026-01-29","134777743429986","Sponsored Products","4.31","USD"
"2026-01-11","454571413921997","Sponsored Products","0.00","GBP"
"2026-01-28","488650993039900","Sponsored Brands","0.00","USD"
"2026-01-13","348184859637636","Sponsored Brands","0.43","USD"
"2026-01-27","546191132663927","Sponsored Brands","1.61","USD"
"2026-01-18","493216310640409","Sponsored Brands","19.40","USD"
"2026-01-30","504962652065858","Sponsored Brands","0.00","AUD"
"2026-01-03","453239686745418","Sponsored Products","1.05","GBP"
"2026-01-31","284096201830626","Sponsored Display","2.45","USD"
"2026-01-17","434170639918769","Sponsored Brands","10.25","USD"
"2026-01-12","558297049226516","Sponsored Brands","0.00","CAD"
"2026-01-04","298636506131156","Sponsored Brands","0.00","AUD"
"2026-01-13","539750977499191","Sponsored Products","3.42","CAD"
"2026-01-15","297446437541925","Sponsored Products","0.00","USD"
"2026-01-26","366616645988820","Sponsored Products","0.00","CAD"
"2026-01-20","454571413921997","Sponsored Products","0.00","GBP"
"2026-01-25","411197191773342","Sponsored Products","0.00","AUD"
"2026-01-29","555379102425019","Sponsored Products","3.64","CAD"
"2026-01-12","383356525876468","Sponsored Products","0.00","USD"
"2026-01-25","427514193060341","Sponsored Products","0.00","USD"
"2026-01-04","557814926181675","Sponsored Products","0.00","CAD"
"2026-01-16","189738652799913","Sponsored Brands","0.00","CAD"
"2026-01-06","317413414518930","Sponsored Products","0.00","GBP"
"2026-01-27","368310850203338","Sponsored Products","0.00","USD"
"2026-01-08","467633236874996","Sponsored Products","0.00","AUD"
"2026-01-25","514416545593290","Sponsored Products","0.79","USD"
"2026-01-09","504962652065858","Sponsored Brands","0.90","AUD"
"2026-01-31","2414736156339","Sponsored Products","0.00","USD"
"2026-01-31","271780514756108","Sponsored Products","0.00","USD"
"2026-01-15","373188657935606","Sponsored Products","0.06","AUD"
"2026-01-15","548511206574211","Sponsored Brands","0.00","AUD"
"2026-01-24","536850070634966","Sponsored Products","0.86","GBP"
"2026-01-21","429345285920060","Sponsored Brands","1.65","GBP"
"2026-01-25","375840213985973","Sponsored Products","0.00","USD"
"2026-01-01","303344079444236","Sponsored Brands","0.68","GBP"
"2026-01-19","357384467879967","Sponsored Brands","4.14","USD"
"2026-01-18","488078103319545","Sponsored Brands","0.00","USD"
"2026-01-11","328156874590794","Sponsored Brands","6.90","USD"
"2026-01-25","375880567146391","Sponsored Display","2.02","AUD"
"2026-01-26","527711743915708","Sponsored Products","37.79","USD"
"2026-01-29","281024885672869","Sponsored Products","0.00","USD"
"2026-01-19","530353594830018","Sponsored Display","0.00","CAD"
"2026-01-21","417535655271448","Sponsored Products","0.00","USD"
"2026-01-20","497204182729156","Sponsored Brands","0.43","USD"
"2026-01-01","342468627864471","Sponsored Products","4.08","GBP"
"2026-01-22","451323086678396","Sponsored Products","0.00","USD"
"2026-01-03","419764168918332","Sponsored Brands","0.26","AUD"
"2026-01-08","369371745062988","Sponsored Products","0.00","CAD"
"2026-01-23","555360954347903","Sponsored Products","0.00","CAD"
"2026-01-21","310318758176650","Sponsored Products","0.00","CAD"
"2026-01-01","310318758176650","Sponsored Products","0.00","CAD"
"2026-01-09","402744546317623","Sponsored Brands","0.90","GBP"
"2026-01-22","371623685288534","Sponsored Brands","2.70","GBP"
"2026-01-01","439526402269373","Sponsored Products","0.00","GBP"
"2026-01-02","308606443975325","Sponsored Display","0.99","AUD"
"2026-01-04","464658704178346","Sponsored Brands","19.39","USD"
"2026-01-21","381948820461821","Sponsored Brands","0.00","USD"
"2026-01-02","562873832621330","Sponsored Products","3.15","GBP"
"2026-01-02","553947994872935","Sponsored Products","0.00","AUD"
"2026-01-27","286308132559342","Sponsored Brands","0.00","AUD"
"2026-01-11","300354268849742","Sponsored Brands","0.00","CAD"
"2026-01-05","375412452273685","Sponsored Products","9.35","GBP"
"2026-01-12","354591663011981","Sponsored Brands","1.35","USD"
"2026-01-14","434871922933588","Sponsored Brands","0.00","CAD"
"2026-01-31","270513944391898","Sponsored Products","9.58","USD"
"2026-01-31","172779439196738","Sponsored Products","3.45","USD"
"2026-01-02","553804041062258","Sponsored Products","2.41","USD"
"2026-01-06","551134208715253","Sponsored Products","0.00","AUD"
"2026-01-27","420797773596938","Sponsored Products","1.16","USD"
"2026-01-17","342568396157124","Sponsored Display","0.00","USD"
"2026-01-08","560000811916391","Sponsored Brands","2.67","USD"
"2026-01-28","423825131329520","Sponsored Products","11.31","USD"
"2026-01-11","535387208566969","Sponsored Products","1.34","USD"
"2026-01-11","381948820461821","Sponsored Brands","0.15","USD"
"2026-01-26","386893543852916","Sponsored Products","0.00","CAD"
"2026-01-09","409249674990450","Sponsored Products","1.95","AUD"
"2026-01-11","542395622943712","Sponsored Products","0.42","GBP"
"2026-01-25","413308568322873","Sponsored Brands","0.00","USD"
"2026-01-25","380787783830601","Sponsored Products","0.00","USD"
"2026-01-25","429345285920060","Sponsored Brands","1.47","GBP"
"2026-01-08","488078103319545","Sponsored Brands","1.08","USD"
"2026-01-27","312451130238004","Sponsored Brands","0.30","USD"
"2026-01-29","554517553013265","Sponsored Products","0.00","CAD"
"2026-01-06","333188264337958","Sponsored Products","2.81","AUD"
"2026-01-23","394083050171294","Sponsored Products","1.62","USD"
"2026-01-23","550084596372285","Sponsored Products","0.00","USD"
"2026-01-29","482686146435604","Sponsored Brands","6.17","USD"
"2026-01-08","422803050752749","Sponsored Products","0.64","USD"
"2026-01-13","317772463042332","Sponsored Products","0.00","AUD"
"2026-01-05","454564300195235","Sponsored Products","2.59","GBP"
"2026-01-22","297335215332435","Sponsored Products","2.34","CAD"
"2026-01-16","366616645988820","Sponsored Products","0.00","CAD"
"2026-01-01","530353594830018","Sponsored Display","0.00","CAD"
"2026-01-28","317413414518930","Sponsored Products","1.61","GBP"
"2026-01-19","557802220335065","Sponsored Products","1.20","CAD"
"2026-01-16","546618773117950","Sponsored Brands","0.00","AUD"
"2026-01-23","491770987077396","Sponsored Products","29.36","USD"
"2026-01-23","350228282296039","Sponsored Products","0.00","USD"
"2026-01-15","377578915667002","Sponsored Products","10.88","USD"
"2026-01-05","320522945603717","Sponsored Brands","0.00","CAD"
"2026-01-30","495677195822245","Sponsored Brands","0.00","USD"
"2026-01-24","316086976315498","Sponsored Brands","1.77","USD"
"2026-01-04","366993568403124","Sponsored Products","19.09","USD"
"2026-01-01","367083122067501","Sponsored Display","1.35","USD"
"2026-01-29","204544178017947","Sponsored Products","0.00","USD"
"2026-01-04","291618943691121","Sponsored Brands","0.00","AUD"
"2026-01-10","424600049511604","Sponsored Products","11.80","USD"
"2026-01-24","455510939824845","Sponsored Products","1.34","USD"
"2026-01-22","554517553013265","Sponsored Products","0.00","CAD"
"2026-01-10","395304589984653","Sponsored Products","0.00","CAD"
"2026-01-02","360836238849040","Sponsored Products","0.00","AUD"
"2026-01-28","284096201830626","Sponsored Display","0.59","USD"
"2026-01-07","491366396962687","Sponsored Brands","1.14","USD"
"2026-01-23","400936883710783","Sponsored Products","7.94","AUD"
"2026-01-10","551785069524711","Sponsored Products","2.12","USD"
"2026-01-31","546191132663927","Sponsored Brands","0.00","USD"
"2026-01-17","398718122329444","Sponsored Products","5.94","GBP"
"2026-01-02","467986598930085","Sponsored Products","29.31","USD"
"2026-01-08","523047960784195","Sponsored Products","10.08","USD"
"2026-01-06","263910374759225","Sponsored Products","1.78","CAD"
"2026-01-25","366616645988820","Sponsored Products","0.00","CAD"
"2026-01-30","38682977693457","Sponsored Products","0.00","USD"
"2026-01-29","467633236874996","Sponsored Products","0.00","AUD"
"2026-01-22","511828144987995","Sponsored Products","0.00","GBP"
"2026-01-15","558297049226516","Sponsored Brands","0.00","CAD"
"2026-01-13","467633236874996","Sponsored Products","0.00","AUD"
"2026-01-26","546641048554747","Sponsored Products","0.00","USD"
"2026-01-31","202838039381314","Sponsored Products","1.05","USD"
"2026-01-28","434170639918769","Sponsored Brands","4.03","USD"
"2026-01-02","354036750973331","Sponsored Products","7.64","CAD"
"2026-01-25","537194794349407","Sponsored Products","0.00","USD"
"2026-01-08","545146961820010","Sponsored Products","1.80","GBP"
"2026-01-09","494994223093944","Sponsored Brands","0.00","AUD"
"2026-01-20","360412290312296","Sponsored Brands","0.90","CAD"
"2026-01-03","328392570118308","Sponsored Brands","0.61","AUD"
"2026-01-15","407346576799567","Sponsored Products","0.54","AUD"
"2026-01-29","65271102777505","Sponsored Products","0.00","USD"
"2026-01-12","340849210853799","Sponsored Products","6.25","USD"
"2026-01-09","395588635574089","Sponsored Brands","0.00","USD"
"2026-01-03","482195104755571","Sponsored Brands","3.13","GBP"
"2026-01-31","432013629308606","Sponsored Brands","1.23","CAD"
"2026-01-26","428201110992726","Sponsored Products","9.60","USD"
"2026-01-09","530353594830018","Sponsored Display","0.00","CAD"
"2026-01-27","423471492340141","Sponsored Brands","0.35","USD"
"2026-01-22","553804041062258","Sponsored Products","0.00","USD"
"2026-01-11","475323940290788","Sponsored Products","9.77","USD"
"2026-01-21","557814926181675","Sponsored Products","0.00","CAD"
"2026-01-29","354591663011981","Sponsored Brands","0.00","USD"
"2026-01-08","480355060288556","Sponsored Products","0.00","AUD"
"2026-01-31","226743970768774","Sponsored Products","0.00","USD"
"2026-01-18","405261002610411","Sponsored Products","0.00","GBP"
"2026-01-25","360836238849040","Sponsored Products","0.10","AUD"
"2026-01-25","303332324664421","Sponsored Products","1.71","USD"
"2026-01-15","280884599605823","Sponsored Products","10.73","USD"
"2026-01-20","558801050351146","Sponsored Brands","0.00","AUD"
"2026-01-24","312451130238004","Sponsored Brands","0.32","USD"
"2026-01-24","455100983218716","Sponsored Brands","0.00","USD"
"2026-01-22","301972852761247","Sponsored Products","0.00","USD"
"2026-01-01","346642528003053","Sponsored Products","0.00","USD"
"2026-01-18","531616041116243","Sponsored Products","0.00","USD"
"2026-01-18","375840213985973","Sponsored Products","0.00","USD"
"2026-01-30","516157903732083","Sponsored Products","1.38","GBP"
"2026-01-27","530543664696574","Sponsored Products","0.00","AUD"
"2026-01-23","366993568403124","Sponsored Products","55.63","USD"
"2026-01-24","375262111034104","Sponsored Brands","5.91","USD"
"2026-01-12","498311429491057","Sponsored Display","0.00","CAD"
"2026-01-07","529431876389782","Sponsored Products","2.27","USD"
"2026-01-31","239772993878028","Sponsored Products","1.82","USD"
"2026-01-01","491366396962687","Sponsored Brands","3.28","USD"
"2026-01-15","501445692271818","Sponsored Products","2.61","USD"
"2026-01-10","380439551325000","Sponsored Products","4.73","GBP"
"2026-01-28","542616313773815","Sponsored Brands","0.53","USD"
"2026-01-03","548511206574211","Sponsored Brands","0.00","AUD"
"2026-01-30","158171452508120","Sponsored Products","0.00","USD"
"2026-01-03","527711743915708","Sponsored Products","54.95","USD"
"2026-01-10","368310850203338","Sponsored Products","1.84","USD"
"2026-01-18","456837390130096","Sponsored Products","0.00","AUD"
"2026-01-17","511828144987995","Sponsored Products","0.84","GBP"
"2026-01-21","340849210853799","Sponsored Products","3.03","USD"
"2026-01-07","312632253610695","Sponsored Brands","0.00","USD"
"2026-01-17","327137186916287","Sponsored Products","1.45","USD"
"2026-01-02","423825131329520","Sponsored Products","3.73","USD"
"2026-01-20","467633236874996","Sponsored Products","0.00","AUD"
"2026-01-30","444969564092992","Sponsored Products","0.03","CAD"
"2026-01-04","380439551325000","Sponsored Products","3.20","GBP"
"2026-01-14","398122169001461","Sponsored Products","1.02","AUD"
"2026-01-24","363579801300326","Sponsored Products","0.00","CAD"
"2026-01-23","434871922933588","Sponsored Brands","0.00","CAD"
"2026-01-21","453754530299965","Sponsored Brands","14.96","USD"
"2026-01-18","515637010546761","Sponsored Brands","18.82","USD"
"2026-01-23","392537273853228","Sponsored Brands","0.00","AUD"
"2026-01-24","291618943691121","Sponsored Brands","0.00","AUD"
"2026-01-05","354591663011981","Sponsored Brands","1.63","USD"
"2026-01-29","327160636077377","Sponsored Products","0.00","USD"
"2026-01-16","422044464968254","Sponsored Products","5.19","GBP"
"2026-01-18","423538576850039","Sponsored Products","0.00","AUD"
"2026-01-28","402744546317623","Sponsored Brands","0.00","GBP"
"2026-01-22","371604599978031","Sponsored Products","0.00","AUD"
"2026-01-12","392972027720670","Sponsored Products","1.94","CAD"
"2026-01-23","378771240092800","Sponsored Products","0.00","AUD"
"2026-01-24","332000738328227","Sponsored Products","20.40","USD"
"2026-01-30","255100442617527","Sponsored Products","0.00","USD"
"2026-01-22","498311429491057","Sponsored Display","0.00","CAD"
"2026-01-26","307922603865773","Sponsored Products","10.77","USD"
"2026-01-09","424413890381694","Sponsored Products","1.38","USD"
"2026-01-21","423538576850039","Sponsored Products","0.00","AUD"
"2026-01-12","540593023678755","Sponsored Products","1.07","USD"
"2026-01-21","327955853177271","Sponsored Products","7.04","USD"
"2026-01-09","371623685288534","Sponsored Brands","1.84","GBP"
"2026-01-17","357384467879967","Sponsored Brands","0.73","USD"
"2026-01-30","493216310640409","Sponsored Brands","3.39","USD"
"2026-01-13","459130146103681","Sponsored Display","0.00","AUD"
"2026-01-27","401058364234122","Sponsored Products","0.49","CAD"
"2026-01-27","339568026468029","Sponsored Brands","0.00","CAD"
"2026-01-22","464658704178346","Sponsored Brands","11.04","USD"
"2026-01-18","560000811916391","Sponsored Brands","4.87","USD"
"2026-01-01","363579801300326","Sponsored Products","0.00","CAD"
"2026-01-15","414778030564989","Sponsored Products","0.00","GBP"
"2026-01-02","380662946968621","Sponsored Display","4.86","USD"
"2026-01-27","431386932028495","Sponsored Products","11.96","USD"
"2026-01-26","500955748191612","Sponsored Products","1.38","USD"
"2026-01-12","327160636077377","Sponsored Products","4.22","USD"
"2026-01-29","386865813070708","Sponsored Products","0.45","USD"
"2026-01-05","546191132663927","Sponsored Brands","0.00","USD"
"2026-01-27","555625239663839","Sponsored Products","12.52","USD"
"2026-01-13","422044464968254","Sponsored Products","7.34","GBP"
"2026-01-18","303784488331012","Sponsored Display","5.38","AUD"
"2026-01-05","405896045618734","Sponsored Display","0.00","USD"
"2026-01-26","444969564092992","Sponsored Products","0.00","CAD"
"2026-01-02","357384467879967","Sponsored Brands","2.37","USD"
"2026-01-05","562873832621330","Sponsored Products","1.19","GBP"
"2026-01-23","561131507618203","Sponsored Products","10.38","AUD"
"2026-01-03","373188657935606","Sponsored Products","0.00","AUD"
"2026-01-03","386893543852916","Sponsored Products","10.90","CAD"
"2026-01-25","508144069166640","Sponsored Products","0.00","USD"
"2026-01-19","405896045618734","Sponsored Display","0.06","USD"
"2026-01-12","539750977499191","Sponsored Products","2.22","CAD"
"2026-01-12","397652540263806","Sponsored Products","0.00","CAD"
"2026-01-23","360836238849040","Sponsored Products","0.00","AUD"
"2026-01-01","373663567761151","Sponsored Products","0.00","USD"
"2026-01-29","479364871682871","Sponsored Products","0.00","USD"
"2026-01-28","332116728677051","Sponsored Products","0.00","CAD"
"2026-01-29","459130146103681","Sponsored Display","0.00","AUD"
"2026-01-13","455100983218716","Sponsored Brands","0.00","USD"
"2026-01-17","345786769504667","Sponsored Products","0.00","USD"
"2026-01-11","484271755377666","Sponsored Products","0.00","CAD"
"2026-01-05","278400043801722","Sponsored Products","0.00","GBP"
"2026-01-02","346642528003053","Sponsored Products","0.00","USD"
"2026-01-18","318148591057223","Sponsored Products","0.00","GBP"
"2026-01-16","380439551325000","Sponsored Products","2.63","GBP"
"2026-01-14","397652540263806","Sponsored Products","0.00","CAD"
"2026-01-09","517050919084211","Sponsored Products","0.00","CAD"
"2026-01-29","156285188540724","Sponsored Products","13.15","USD"
"2026-01-22","316207062053537","Sponsored Products","0.00","AUD"
"2026-01-25","545146961820010","Sponsored Products","2.44","GBP"
"2026-01-29","509593684638198","Sponsored Brands","0.00","USD"
"2026-01-30","233888031600237","Sponsored Products","0.00","USD"
"2026-01-30","81320226496883","Sponsored Products","1.56","USD"
"2026-01-23","557738489078024","Sponsored Products","0.00","CAD"
"2026-01-10","439118795538688","Sponsored Brands","0.00","CAD"
"2026-01-29","115758363210245","Sponsored Products","49.13","USD"
"2026-01-04","499207203040639","Sponsored Products","0.00","USD"
"2026-01-21","555516622120091","Sponsored Brands","0.70","GBP"
"2026-01-07","431386932028495","Sponsored Products","8.30","USD"
"2026-01-05","467986598930085","Sponsored Products","10.92","USD"
"2026-01-18","551785069524711","Sponsored Products","5.67","USD"
"2026-01-14","336347500415431","Sponsored Products","1.50","USD"
"2026-01-11","483182403867537","Sponsored Products","6.47","USD"
"2026-01-16","481343337793629","Sponsored Products","0.00","GBP"
"2026-01-18","407346576799567","Sponsored Products","0.00","AUD"
"2026-01-16","373188657935606","Sponsored Products","0.00","AUD"
"2026-01-24","327955853177271","Sponsored Products","9.89","USD"
"2026-01-05","473740316381787","Sponsored Products","7.23","GBP"
"2026-01-24","309978526979947","Sponsored Products","0.41","USD"
"2026-01-24","316506785332318","Sponsored Products","2.53","USD"
"2026-01-24","499207203040639","Sponsored Products","0.00","USD"
"2026-01-22","291194333337791","Sponsored Products","0.00","USD"
"2026-01-22","551785069524711","Sponsored Products","3.36","USD"
"2026-01-08","297335215332435","Sponsored Products","0.51","CAD"
"2026-01-23","386893543852916","Sponsored Products","2.65","CAD"
"2026-01-18","378095244761436","Sponsored Products","0.00","USD"
"2026-01-10","500955748191612","Sponsored Products","4.53","USD"
"2026-01-31","81320226496883","Sponsored Products","1.56","USD"
"2026-01-19","286601245904247","Sponsored Products","0.00","CAD"
"2026-01-19","397652540263806","Sponsored Products","0.00","CAD"
"2026-01-24","432013629308606","Sponsored Brands","10.31","CAD"
"2026-01-25","490007501473330","Sponsored Products","2.77","USD"
"2026-01-29","491366396962687","Sponsored Brands","3.55","USD"
"2026-01-11","463874563272935","Sponsored Brands","0.00","AUD"
"2026-01-04","494896120843036","Sponsored Products","0.00","USD"
"2026-01-05","303332324664421","Sponsored Products","0.00","USD"
"2026-01-01","501445692271818","Sponsored Products","0.00","USD"
"2026-01-19","354627207584492","Sponsored Products","0.45","CAD"
"2026-01-28","243204708497477","Sponsored Products","0.00","USD"
"2026-01-26","303784488331012","Sponsored Display","0.00","AUD"
"2026-01-13","305150240202410","Sponsored Brands","0.00","USD"
"2026-01-22","354484097353439","Sponsored Products","0.00","GBP"
"2026-01-19","537194794349407","Sponsored Products","1.07","USD"
"2026-01-05","366616645988820","Sponsored Products","0.00","CAD"
"2026-01-22","375262111034104","Sponsored Brands","8.34","USD"
"2026-01-22","428201110992726","Sponsored Products","11.05","USD"
"2026-01-15","452065263384491","Sponsored Brands","3.17","USD"
"2026-01-24","461174245552414","Sponsored Products","1.28","AUD"
"2026-01-29","490007501473330","Sponsored Products","0.00","USD"
"2026-01-29","378858058113466","Sponsored Products","1.94","CAD"
"2026-01-28","309978526979947","Sponsored Products","0.00","USD"
"2026-01-30","459488439760934","Sponsored Products","0.00","GBP"
"2026-01-20","509593684638198","Sponsored Brands","0.00","USD"
"2026-01-23","440503817971150","Sponsored Products","11.66","USD"
"2026-01-14","555625239663839","Sponsored Products","9.56","USD"
"2026-01-01","373593607967581","Sponsored Display","0.00","AUD"
"2026-01-17","406487274006731","Sponsored Products","0.02","AUD"
"2026-01-20","399857229182854","Sponsored Brands","2.40","GBP"
"2026-01-02","372498463102329","Sponsored Products","0.00","GBP"
"2026-01-15","384137786867273","Sponsored Products","0.00","USD"
"2026-01-13","327160636077377","Sponsored Products","0.00","USD"
"2026-01-22","317413414518930","Sponsored Products","1.66","GBP"
"2026-01-08","354484097353439","Sponsored Products","0.77","GBP"
"2026-01-25","437016942104478","Sponsored Brands","0.00","CAD"
"2026-01-13","300894362771504","Sponsored Products","0.00","GBP"
"2026-01-18","498311429491057","Sponsored Display","0.00","CAD"
"2026-01-16","394083050171294","Sponsored Products","4.02","USD"
"2026-01-16","487313850471925","Sponsored Brands","0.00","USD"
"2026-01-29","539750977499191","Sponsored Products","3.20","CAD"
"2026-01-02","309601314328778","Sponsored Products","0.00","CAD"
"2026-01-23","517771475884325","Sponsored Brands","0.00","USD"
"2026-01-04","423447600502988","Sponsored Brands","0.31","CAD"
"2026-01-01","288851430690246","Sponsored Products","0.00","GBP"
"2026-01-07","443207948405482","Sponsored Products","0.00","CAD"
"2026-01-24","325883174926875","Sponsored Brands","4.63","USD"
"2026-01-04","530353594830018","Sponsored Display","0.00","CAD"
"2026-01-18","400050759741035","Sponsored Products","0.00","USD"
"2026-01-26","517771475884325","Sponsored Brands","0.00","USD"
"2026-01-24","400936883710783","Sponsored Products","7.33","AUD"
"2026-01-14","369371745062988","Sponsored Products","0.00","CAD"
"2026-01-16","506556070299851","Sponsored Products","0.00","USD"
"2026-01-07","317772463042332","Sponsored Products","0.00","AUD"
"2026-01-29","546191132663927","Sponsored Brands","0.00","USD"
"2026-01-29","521187964040554","Sponsored Products","0.74","CAD"
"2026-01-03","488650993039900","Sponsored Brands","0.00","USD"
"2026-01-09","489671557305898","Sponsored Display","0.00","USD"
"2026-01-15","332116728677051","Sponsored Products","0.00","CAD"
"2026-01-16","354591663011981","Sponsored Brands","0.00","USD"
"2026-01-07","288086271468562","Sponsored Products","51.28","USD"
"2026-01-07","360836238849040","Sponsored Products","0.00","AUD"
"2026-01-25","492312442577894","Sponsored Products","1.83","USD"
"2026-01-25","424413890381694","Sponsored Products","1.39","USD"
"2026-01-25","414778030564989","Sponsored Products","1.11","GBP"
"2026-01-21","488081803937581","Sponsored Products","1.14","GBP"
"2026-01-07","386893543852916","Sponsored Products","7.68","CAD"
"2026-01-11","546641048554747","Sponsored Products","0.00","USD"
"2026-01-31","58475731073369","Sponsored Products","1.08","USD"
"2026-01-29","336347500415431","Sponsored Products","0.00","USD"
"2026-01-30","288851430690246","Sponsored Products","0.00","GBP"
"2026-01-08","317772463042332","Sponsored Products","0.00","AUD"
"2026-01-01","469490646233874","Sponsored Products","8.79","USD"
"2026-01-02","288851430690246","Sponsored Products","0.00","GBP"
"2026-01-21","437016942104478","Sponsored Brands","0.00","CAD"
"2026-01-26","363551194960955","Sponsored Products","0.00","CAD"
"2026-01-02","431503342672607","Sponsored Products","0.00","USD"
"2026-01-11","422044464968254","Sponsored Products","5.98","GBP"
"2026-01-14","392972027720670","Sponsored Products","0.39","CAD"
"2026-01-20","493216310640409","Sponsored Brands","15.30","USD"
"2026-01-14","288045582881440","Sponsored Products","0.00","USD"
"2026-01-25","555360954347903","Sponsored Products","0.03","CAD"
"2026-01-25","360412290312296","Sponsored Brands","0.59","CAD"
"2026-01-24","371021037712738","Sponsored Products","79.37","USD"
"2026-01-26","402744546317623","Sponsored Brands","0.00","GBP"
"2026-01-08","530353594830018","Sponsored Display","0.00","CAD"
"2026-01-06","299897583007336","Sponsored Products","4.61","USD"
"2026-01-26","469438672280657","Sponsored Products","0.00","GBP"
"2026-01-15","411564343397398","Sponsored Products","3.00","USD"
"2026-01-24","303784488331012","Sponsored Display","0.00","AUD"
"2026-01-28","342233969782751","Sponsored Products","1.48","USD"
"2026-01-27","471805907077682","Sponsored Products","1.18","USD"
"2026-01-07","400936883710783","Sponsored Products","0.98","AUD"
"2026-01-05","530543664696574","Sponsored Products","0.00","AUD"
"2026-01-03","455193289976402","Sponsored Products","0.00","USD"
"2026-01-21","502907079288115","Sponsored Products","1.42","CAD"
"2026-01-26","483182403867537","Sponsored Products","0.00","USD"
"2026-01-25","536850070634966","Sponsored Products","1.46","GBP"
"2026-01-30","463874563272935","Sponsored Brands","0.00","AUD"
"2026-01-24","351594278748520","Sponsored Products","0.00","USD"
"2026-01-31","156285188540724","Sponsored Products","13.21","USD"
"2026-01-10","488650993039900","Sponsored Brands","0.00","USD"
"2026-01-29","77231525415892","Sponsored Products","0.00","USD"
"2026-01-28","398122169001461","Sponsored Products","0.00","AUD"
"2026-01-17","560000811916391","Sponsored Brands","1.59","USD"
"2026-01-23","486969120687335","Sponsored Products","15.91","USD"
"2026-01-19","515637010546761","Sponsored Brands","10.72","USD"
"2026-01-19","288045582881440","Sponsored Products","0.00","USD"
"2026-01-20","536186527693818","Sponsored Products","1.30","USD"
"2026-01-24","422044464968254","Sponsored Products","1.75","GBP"
"2026-01-29","538771699321102","Sponsored Products","0.00","AUD"
"2026-01-09","434170639918769","Sponsored Brands","1.74","USD"
"2026-01-10","355737664148283","Sponsored Brands","11.51","USD"
"2026-01-05","488650993039900","Sponsored Brands","0.00","USD"
"2026-01-03","387735099454991","Sponsored Products","0.00","USD"
"2026-01-02","427514193060341","Sponsored Products","0.00","USD"
"2026-01-19","307534770253902","Sponsored Products","0.00","CAD"
"2026-01-14","558782683947956","Sponsored Products","0.00","CAD"
"2026-01-13","386865813070708","Sponsored Products","2.13","USD"
"2026-01-01","518228166841375","Sponsored Brands","0.98","GBP"
"2026-01-04","518228166841375","Sponsored Brands","0.86","GBP"
"2026-01-11","469814503032884","Sponsored Products","0.00","AUD"
"2026-01-05","291194333337791","Sponsored Products","1.05","USD"
"2026-01-05","313102197760283","Sponsored Products","7.94","USD"
"2026-01-30","210638600694486","Sponsored Products","23.59","USD"
"2026-01-18","558801050351146","Sponsored Brands","0.00","AUD"
"2026-01-26","475323940290788","Sponsored Products","5.40","USD"
"2026-01-29","366993568403124","Sponsored Products","0.00","USD"
"2026-01-24","263910374759225","Sponsored Products","3.01","CAD"
"2026-01-01","536850070634966","Sponsored Products","0.00","GBP"
"2026-01-11","384986795476042","Sponsored Brands","0.00","CAD"
"2026-01-09","455465774244567","Sponsored Products","0.00","USD"
"2026-01-12","508144069166640","Sponsored Products","0.00","USD"
"2026-01-13","540593023678755","Sponsored Products","1.36","USD"
"2026-01-07","406487274006731","Sponsored Products","0.00","AUD"
"2026-01-25","377578915667002","Sponsored Products","5.19","USD"
"2026-01-08","327999245273994","Sponsored Brands","2.69","USD"
"2026-01-08","469438672280657","Sponsored Products","0.85","GBP"
"2026-01-31","194838680698310","Sponsored Products","2.95","USD"
"2026-01-26","419802202221779","Sponsored Products","1.00","CAD"
"2026-01-01","331897417467946","Sponsored Brands","1.80","GBP"
"2026-01-19","498217737469979","Sponsored Brands","0.00","USD"
"2026-01-03","545989665090053","Sponsored Brands","0.44","GBP"
"2026-01-04","392598200964005","Sponsored Products","0.00","CAD"
"2026-01-23","310318758176650","Sponsored Products","0.35","CAD"
"2026-01-10","461174245552414","Sponsored Products","1.19","AUD"
"2026-01-03","380662946968621","Sponsored Display","5.43","USD"
"2026-01-29","382263989834817","Sponsored Products","0.00","AUD"
"2026-01-04","286308132559342","Sponsored Brands","0.00","AUD"
"2026-01-20","292726552706968","Sponsored Products","11.47","USD"
"2026-01-10","423471492340141","Sponsored Brands","0.00","USD"
"2026-01-28","439663157752722","Sponsored Brands","0.00","USD"
"2026-01-15","463874563272935","Sponsored Brands","0.00","AUD"
"2026-01-14","428015197375542","Sponsored Products","0.00","AUD"
"2026-01-02","518228166841375","Sponsored Brands","2.99","GBP"
"2026-01-12","324740828073799","Sponsored Products","0.00","AUD"
"2026-01-01","442522120858299","Sponsored Products","2.09","USD"
"2026-01-21","494590942145867","Sponsored Products","34.40","CAD"
"2026-01-06","498217737469979","Sponsored Brands","0.00","USD"
"2026-01-15","561131507618203","Sponsored Products","1.86","AUD"
"2026-01-28","381948820461821","Sponsored Brands","0.00","USD"
"2026-01-28","140453739775668","Sponsored Products","2.05","USD"
"2026-01-12","297446437541925","Sponsored Products","0.00","USD"
"2026-01-04","317249860293143","Sponsored Products","1.57","USD"
"2026-01-20","452065263384491","Sponsored Brands","6.43","USD"
"2026-01-11","288669281122601","Sponsored Products","0.00","AUD"
"2026-01-01","434871922933588","Sponsored Brands","2.66","CAD"
"2026-01-19","539931100075119","Sponsored Brands","5.82","USD"
"2026-01-31","317413414518930","Sponsored Products","0.00","GBP"
"2026-01-10","296615200458181","Sponsored Brands","41.40","USD"
"2026-01-30","164743561215297","Sponsored Products","4.10","USD"
"2026-01-31","266158523203302","Sponsored Products","0.00","USD"
"2026-01-29","318399173824872","Sponsored Products","0.00","GBP"
"2026-01-15","316018693107855","Sponsored Products","4.13","USD"
"2026-01-28","148265992493931","Sponsored Products","0.00","USD"
"2026-01-13","475323940290788","Sponsored Products","8.60","USD"
"2026-01-03","452082306058129","Sponsored Brands","2.42","CAD"
"2026-01-22","422044464968254","Sponsored Products","2.03","GBP"
"2026-01-19","346023186686134","Sponsored Brands","1.61","USD"
"2026-01-12","316265693147625","Sponsored Products","0.00","GBP"
"2026-01-10","455193289976402","Sponsored Products","1.56","USD"
"2026-01-11","454564300195235","Sponsored Products","1.22","GBP"
"2026-01-17","382536260418493","Sponsored Brands","4.55","USD"
"2026-01-23","284096201830626","Sponsored Display","0.53","USD"
"2026-01-25","523047960784195","Sponsored Products","12.78","USD"
"2026-01-21","477120010084382","Sponsored Products","3.38","USD"
"2026-01-19","529431876389782","Sponsored Products","0.00","USD"
"2026-01-10","454571413921997","Sponsored Products","0.34","GBP"
"2026-01-22","407444835513369","Sponsored Brands","1.45","CAD"
"2026-01-26","555516622120091","Sponsored Brands","0.43","GBP"
"2026-01-31","413308568322873","Sponsored Brands","0.00","USD"
"2026-01-23","467986598930085","Sponsored Products","3.80","USD"
"2026-01-14","349690804752896","Sponsored Products","30.29","USD"
"2026-01-03","499207203040639","Sponsored Products","1.80","USD"
"2026-01-14","392699328377229","Sponsored Products","0.00","AUD"
"2026-01-20","499207203040639","Sponsored Products","0.00","USD"
"2026-01-17","532209379687062","Sponsored Display","0.75","GBP"
"2026-01-17","557814926181675","Sponsored Products","0.00","CAD"
"2026-01-09","397652540263806","Sponsored Products","0.00","CAD"
"2026-01-23","545989665090053","Sponsored Brands","1.51","GBP"
"2026-01-14","380439551325000","Sponsored Products","1.06","GBP"
"2026-01-10","288086271468562","Sponsored Products","61.74","USD"
"2026-01-24","441276644656791","Sponsored Brands","0.00","AUD"
"2026-01-31","402078469217372","Sponsored Products","0.00","USD"
"2026-01-03","441276644656791","Sponsored Brands","2.02","AUD"
"2026-01-30","172779439196738","Sponsored Products","10.31","USD"
"2026-01-02","551134208715253","Sponsored Products","0.00","AUD"
"2026-01-19","392598200964005","Sponsored Products","1.29","CAD"
"2026-01-24","392972027720670","Sponsored Products","0.53","CAD"
"2026-01-16","336361735801015","Sponsored Products","0.77","USD"
"2026-01-08","93061813718954","Sponsored Products","4.87","USD"
"2026-01-23","288669281122601","Sponsored Products","0.00","AUD"
"2026-01-05","291060086740958","Sponsored Products","18.17","USD"
"2026-01-11","432312765744113","Sponsored Products","0.40","USD"
"2026-01-11","546191132663927","Sponsored Brands","1.64","USD"
"2026-01-19","444969564092992","Sponsored Products","0.00","CAD"
"2026-01-28","407346576799567","Sponsored Products","0.00","AUD"
"2026-01-04","378095244761436","Sponsored Products","1.44","USD"
"2026-01-27","541042710567147","Sponsored Products","0.00","USD"
"2026-01-12","486969120687335","Sponsored Products","15.51","USD"
"2026-01-15","419764168918332","Sponsored Brands","2.90","AUD"
"2026-01-04","357384467879967","Sponsored Brands","3.18","USD"
"2026-01-07","342568396157124","Sponsored Display","0.00","USD"
"2026-01-31","115943131527635","Sponsored Products","6.67","USD"
"2026-01-29","44065507618346","Sponsored Products","9.99","USD"
"2026-01-14","475621849553010","Sponsored Brands","0.00","CAD"
"2026-01-04","488650993039900","Sponsored Brands","0.00","USD"
"2026-01-21","316018693107855","Sponsored Products","3.64","USD"
"2026-01-13","342568396157124","Sponsored Display","0.00","USD"
"2026-01-17","499207203040639","Sponsored Products","0.00","USD"
"2026-01-31","324740828073799","Sponsored Products","0.00","AUD"
"2026-01-07","554517553013265","Sponsored Products","0.00","CAD"
"2026-01-04","488078103319545","Sponsored Brands","0.00","USD"
"2026-01-10","327160636077377","Sponsored Products","3.10","USD"
"2026-01-16","419802202221779","Sponsored Products","1.05","CAD"
"2026-01-20","398859393836995","Sponsored Products","1.84","GBP"
"2026-01-09","455983082050138","Sponsored Products","1.62","CAD"
"2026-01-23","345786769504667","Sponsored Products","1.53","USD"
"2026-01-08","473740316381787","Sponsored Products","4.11","GBP"
"2026-01-24","419764168918332","Sponsored Brands","2.19","AUD"
"2026-01-28","441925918527435","Sponsored Brands","1.03","USD"
"2026-01-10","291194333337791","Sponsored Products","0.00","USD"
"2026-01-24","522533017982048","Sponsored Products","0.00","CAD"
"2026-01-22","551134208715253","Sponsored Products","0.00","AUD"
"2026-01-25","498311429491057","Sponsored Display","0.28","CAD"
"2026-01-18","355737664148283","Sponsored Brands","7.04","USD"
"2026-01-18","392598200964005","Sponsored Products","1.00","CAD"
"2026-01-12","317772463042332","Sponsored Products","2.18","AUD"
"2026-01-07","537194794349407","Sponsored Products","0.00","USD"
"2026-01-04","468484245538664","Sponsored Products","0.00","GBP"
"2026-01-26","485543012454911","Sponsored Products","1.27","USD"
"2026-01-28","553804041062258","Sponsored Products","0.00","USD"
"2026-01-02","402744546317623","Sponsored Brands","0.00","GBP"
"2026-01-03","428914757065848","Sponsored Products","1.35","CAD"
"2026-01-13","491770987077396","Sponsored Products","30.50","USD"
"2026-01-15","307922603865773","Sponsored Products","0.00","USD"
"2026-01-01","530543664696574","Sponsored Products","0.00","AUD"
"2026-01-24","93061813718954","Sponsored Products","8.90","USD"
"2026-01-13","291618943691121","Sponsored Brands","2.00","AUD"
"2026-01-18","327160636077377","Sponsored Products","2.13","USD"
"2026-01-20","354627207584492","Sponsored Products","0.90","CAD"
"2026-01-28","531187508971652","Sponsored Display","0.00","CAD"
"2026-01-21","431503342672607","Sponsored Products","1.00","USD"
"2026-01-16","286855949125211","Sponsored Products","2.31","AUD"
"2026-01-05","312451130238004","Sponsored Brands","0.87","USD"
"2026-01-11","441276644656791","Sponsored Brands","1.16","AUD"
"2026-01-21","400936883710783","Sponsored Products","6.82","AUD"
"2026-01-17","324740828073799","Sponsored Products","0.00","AUD"
"2026-01-12","316018693107855","Sponsored Products","5.91","USD"
"2026-01-03","354591663011981","Sponsored Brands","0.00","USD"
"2026-01-17","524843805783693","Sponsored Products","1.48","USD"
"2026-01-22","373593607967581","Sponsored Display","0.00","AUD"
"2026-01-08","307922603865773","Sponsored Products","15.36","USD"
"2026-01-08","542616313773815","Sponsored Brands","0.00","USD"
"2026-01-14","288851430690246","Sponsored Products","0.68","GBP"
"2026-01-18","518653489850740","Sponsored Brands","0.20","USD"
"2026-01-13","411197191773342","Sponsored Products","0.00","AUD"
"2026-01-05","412362697167927","Sponsored Products","1.13","GBP"
"2026-01-05","524843805783693","Sponsored Products","3.62","USD"
"2026-01-20","455510939824845","Sponsored Products","0.52","USD"
"2026-01-26","531194039320877","Sponsored Products","0.00","CAD"
"2026-01-29","299897583007336","Sponsored Products","0.00","USD"
"2026-01-21","484239021223334","Sponsored Products","0.00","AUD"
"2026-01-26","342568396157124","Sponsored Display","0.01","USD"
"2026-01-17","189738652799913","Sponsored Brands","1.13","CAD"
"2026-01-24","491792683377286","Sponsored Products","4.64","USD"
"2026-01-31","458452283549074","Sponsored Brands","0.00","CAD"
"2026-01-03","316018693107855","Sponsored Products","10.31","USD"
"2026-01-28","517050919084211","Sponsored Products","0.45","CAD"
"2026-01-28","354591663011981","Sponsored Brands","0.21","USD"
"2026-01-27","506556070299851","Sponsored Products","0.00","USD"
"2026-01-12","440503817971150","Sponsored Products","8.76","USD"
"2026-01-26","545989665090053","Sponsored Brands","1.81","GBP"
"2026-01-23","286601245904247","Sponsored Products","0.00","CAD"
"2026-01-01","363801591495934","Sponsored Brands","0.00","CAD"
"2026-01-15","408719546145761","Sponsored Products","0.43","USD"
"2026-01-15","522533017982048","Sponsored Products","0.00","CAD"
"2026-01-21","371623685288534","Sponsored Brands","5.40","GBP"
"2026-01-02","455688132780953","Sponsored Brands","1.42","USD"
"2026-01-09","450215291242396","Sponsored Products","0.00","USD"
"2026-01-16","402744546317623","Sponsored Brands","0.00","GBP"
"2026-01-04","545146961820010","Sponsored Products","12.66","GBP"
"2026-01-19","348537181713557","Sponsored Products","0.00","GBP"
"2026-01-05","342568396157124","Sponsored Display","0.31","USD"
"2026-01-03","332000738328227","Sponsored Products","10.40","USD"
"2026-01-15","467633236874996","Sponsored Products","0.00","AUD"
"2026-01-12","307922603865773","Sponsored Products","0.00","USD"
"2026-01-01","353468389499196","Sponsored Brands","1.44","USD"
"2026-01-13","556616987602606","Sponsored Products","2.48","USD"
"2026-01-23","303332324664421","Sponsored Products","0.00","USD"
"2026-01-08","345786769504667","Sponsored Products","0.00","USD"
"2026-01-30","401058364234122","Sponsored Products","0.00","CAD"
"2026-01-02","291680855614624","Sponsored Brands","6.84","GBP"
"2026-01-22","536186527693818","Sponsored Products","7.84","USD"
"2026-01-22","531194039320877","Sponsored Products","0.00","CAD"
"2026-01-23","531194039320877","Sponsored Products","0.00","CAD"
"2026-01-26","494994223093944","Sponsored Brands","0.00","AUD"
"2026-01-26","332000738328227","Sponsored Products","13.58","USD"
"2026-01-28","557388890025484","Sponsored Products","1.96","USD"
"2026-01-12","555625239663839","Sponsored Products","13.96","USD"
"2026-01-24","419802202221779","Sponsored Products","1.56","CAD"
"2026-01-07","436562742415834","Sponsored Products","0.71","GBP"
"2026-01-14","288086271468562","Sponsored Products","24.21","USD"
"2026-01-12","455622109943339","Sponsored Products","0.00","AUD"
"2026-01-21","434871922933588","Sponsored Brands","4.76","CAD"
"2026-01-17","555360954347903","Sponsored Products","0.00","CAD"
"2026-01-16","314318800479242","Sponsored Products","1.52","AUD"
"2026-01-29","413308568322873","Sponsored Brands","1.85","USD"
"2026-01-14","297446437541925","Sponsored Products","0.00","USD"
"2026-01-12","375451164709840","Sponsored Products","0.00","GBP"
"2026-01-15","422044464968254","Sponsored Products","3.54","GBP"
"2026-01-28","1069464513580","Sponsored Products","0.00","USD"
"2026-01-23","430840323605870","Sponsored Products","0.00","USD"
"2026-01-18","441925918527435","Sponsored Brands","8.79","USD"
"2026-01-30","561131507618203","Sponsored Products","0.00","AUD"
"2026-01-14","396006036421092","Sponsored Products","0.00","USD"
"2026-01-06","312451130238004","Sponsored Brands","1.13","USD"
"2026-01-05","557388890025484","Sponsored Products","0.00","USD"
"2026-01-06","406487274006731","Sponsored Products","0.00","AUD"
"2026-01-30","352761064226908","Sponsored Brands","10.72","CAD"
"2026-01-17","513927767815024","Sponsored Products","0.00","USD"
"2026-01-14","529431876389782","Sponsored Products","0.00","USD"
"2026-01-11","546618773117950","Sponsored Brands","0.00","AUD"
"2026-01-17","542333703103187","Sponsored Products","0.00","AUD"
"2026-01-06","316506785332318","Sponsored Products","0.25","USD"
"2026-01-21","354591663011981","Sponsored Brands","0.00","USD"
"2026-01-11","327323455598643","Sponsored Products","0.00","GBP"
"2026-01-06","561131507618203","Sponsored Products","0.00","AUD"
"2026-01-07","375880567146391","Sponsored Display","0.82","AUD"
"2026-01-05","527711743915708","Sponsored Products","22.66","USD"
"2026-01-25","495242868805173","Sponsored Products","0.00","GBP"
"2026-01-18","189738652799913","Sponsored Brands","0.25","CAD"
"2026-01-24","428201110992726","Sponsored Products","8.73","USD"
"2026-01-07","354591663011981","Sponsored Brands","0.00","USD"
"2026-01-13","354036750973331","Sponsored Products","9.90","CAD"
"2026-01-19","319039175979040","Sponsored Products","0.00","CAD"
"2026-01-04","353062553216730","Sponsored Products","9.01","USD"
"2026-01-23","360412290312296","Sponsored Brands","2.98","CAD"
"2026-01-12","300354268849742","Sponsored Brands","1.53","CAD"
"2026-01-01","372498463102329","Sponsored Products","0.00","GBP"
"2026-01-08","318148591057223","Sponsored Products","0.00","GBP"
"2026-01-03","291060086740958","Sponsored Products","20.17","USD"
"2026-01-11","384137786867273","Sponsored Products","0.00","USD"
"2026-01-21","557802220335065","Sponsored Products","2.37","CAD"
"2026-01-27","459130146103681","Sponsored Display","0.00","AUD"
"2026-01-15","441925918527435","Sponsored Brands","7.73","USD"
"2026-01-03","307922603865773","Sponsored Products","21.74","USD"
"2026-01-07","454992450655768","Sponsored Products","0.00","USD"
"2026-01-28","398718122329444","Sponsored Products","1.46","GBP"
"2026-01-20","504962652065858","Sponsored Brands","0.81","AUD"
"2026-01-30","453754530299965","Sponsored Brands","1.61","USD"
"2026-01-04","327999245273994","Sponsored Brands","5.01","USD"
"2026-01-27","348537181713557","Sponsored Products","0.00","GBP"
"2026-01-27","502907079288115","Sponsored Products","3.00","CAD"
"2026-01-22","513927767815024","Sponsored Products","1.26","USD"
"2026-01-31","363801591495934","Sponsored Brands","0.00","CAD"
"2026-01-31","239677460933975","Sponsored Products","21.04","USD"
"2026-01-16","530911335551258","Sponsored Products","0.35","CAD"
"2026-01-15","359104344566153","Sponsored Products","0.00","USD"
"2026-01-15","378771240092800","Sponsored Products","0.00","AUD"
"2026-01-04","536186527693818","Sponsored Products","5.29","USD"
"2026-01-22","288669281122601","Sponsored Products","22.95","AUD"
"2026-01-05","504962652065858","Sponsored Brands","0.00","AUD"
"2026-01-24","477120010084382","Sponsored Products","7.65","USD"
"2026-01-10","328156874590794","Sponsored Brands","8.47","USD"
"2026-01-26","396524009311704","Sponsored Brands","2.74","CAD"
"2026-01-16","495677195822245","Sponsored Brands","0.00","USD"
"2026-01-19","313102197760283","Sponsored Products","9.36","USD"
"2026-01-06","509593684638198","Sponsored Brands","0.82","USD"
"2026-01-28","375262111034104","Sponsored Brands","3.71","USD"
"2026-01-10","494896120843036","Sponsored Products","0.45","USD"
"2026-01-31","93539819506468","Sponsored Products","1.20","USD"
"2026-01-08","455622109943339","Sponsored Products","0.00","AUD"
"2026-01-15","551785069524711","Sponsored Products","2.02","USD"
"2026-01-12","419802202221779","Sponsored Products","1.50","CAD"
"2026-01-19","342468627864471","Sponsored Products","0.88","GBP"
"2026-01-31","444969564092992","Sponsored Products","0.00","CAD"
"2026-01-10","487327596470810","Sponsored Products","0.00","USD"
"2026-01-21","475323940290788","Sponsored Products","4.02","USD"
"2026-01-17","381948820461821","Sponsored Brands","0.00","USD"
"2026-01-20","353468389499196","Sponsored Brands","1.69","USD"
"2026-01-04","429345285920060","Sponsored Brands","0.00","GBP"
"2026-01-02","441276644656791","Sponsored Brands","0.51","AUD"
"2026-01-21","441925918527435","Sponsored Brands","2.16","USD"
"2026-01-26","513927767815024","Sponsored Products","0.00","USD"
"2026-01-16","557814926181675","Sponsored Products","0.00","CAD"
"2026-01-24","320522945603717","Sponsored Brands","2.20","CAD"
"2026-01-07","399629340308947","Sponsored Brands","0.00","AUD"
"2026-01-23","313102197760283","Sponsored Products","11.65","USD"
"2026-01-25","504962652065858","Sponsored Brands","1.17","AUD"
"2026-01-16","371623685288534","Sponsored Brands","1.45","GBP"
"2026-01-19","367083122067501","Sponsored Display","0.00","USD"
"2026-01-26","429345285920060","Sponsored Brands","2.22","GBP"
"2026-01-30","309601314328778","Sponsored Products","0.00","CAD"
"2026-01-11","486969120687335","Sponsored Products","14.01","USD"
"2026-01-15","396006036421092","Sponsored Products","0.00","USD"
"2026-01-24","317413414518930","Sponsored Products","0.00","GBP"
"2026-01-29","494590942145867","Sponsored Products","19.73","CAD"
"2026-01-07","411197191773342","Sponsored Products","0.00","AUD"
"2026-01-20","399629340308947","Sponsored Brands","0.00","AUD"
"2026-01-12","488078103319545","Sponsored Brands","1.16","USD"
"2026-01-17","288669281122601","Sponsored Products","2.72","AUD"
"2026-01-08","310318758176650","Sponsored Products","0.00","CAD"
"2026-01-18","524438997214345","Sponsored Products","1.19","USD"
"2026-01-10","304676183651349","Sponsored Products","0.00","USD"
"2026-01-19","411197191773342","Sponsored Products","0.00","AUD"
"2026-01-16","483182403867537","Sponsored Products","1.70","USD"
"2026-01-01","488078103319545","Sponsored Brands","0.36","USD"
"2026-01-20","327999245273994","Sponsored Brands","0.72","USD"
"2026-01-21","479364871682871","Sponsored Products","12.71","USD"
"2026-01-20","291060086740958","Sponsored Products","11.69","USD"
"2026-01-17","423538576850039","Sponsored Products","0.00","AUD"
"2026-01-20","339568026468029","Sponsored Brands","0.33","CAD"
"2026-01-08","392598200964005","Sponsored Products","0.00","CAD"
"2026-01-05","396524009311704","Sponsored Brands","4.23","CAD"
"2026-01-15","386920533914758","Sponsored Brands","0.00","CAD"
"2026-01-30","345230959620455","Sponsored Products","3.88","CAD"
"2026-01-12","288851430690246","Sponsored Products","0.35","GBP"
"2026-01-02","494994223093944","Sponsored Brands","1.67","AUD"
"2026-01-20","443207948405482","Sponsored Products","0.37","CAD"
"2026-01-15","448149727236636","Sponsored Products","0.00","AUD"
"2026-01-18","560541401556849","Sponsored Products","0.00","GBP"
"2026-01-18","283528285237207","Sponsored Products","0.00","AUD"
"2026-01-15","316265693147625","Sponsored Products","0.00","GBP"
"2026-01-02","354591663011981","Sponsored Brands","1.63","USD"
"2026-01-03","423447600502988","Sponsored Brands","0.15","CAD"
"2026-01-05","554517553013265","Sponsored Products","0.00","CAD"
"2026-01-27","555360954347903","Sponsored Products","0.00","CAD"
"2026-01-07","350228282296039","Sponsored Products","0.00","USD"
"2026-01-06","518653489850740","Sponsored Brands","0.00","USD"
"2026-01-31","145958940968220","Sponsored Products","0.00","USD"
"2026-01-07","428015197375542","Sponsored Products","0.00","AUD"
"2026-01-09","312451130238004","Sponsored Brands","0.55","USD"
"2026-01-06","383706936707329","Sponsored Brands","4.51","USD"
"2026-01-01","529845821022802","Sponsored Products","0.00","AUD"
"2026-01-03","431503342672607","Sponsored Products","0.00","USD"
"2026-01-02","498217737469979","Sponsored Brands","0.00","USD"
"2026-01-21","486701736662809","Sponsored Products","1.72","AUD"
"2026-01-05","496249533315911","Sponsored Brands","0.00","USD"
"2026-01-05","509593684638198","Sponsored Brands","0.00","USD"
"2026-01-12","497204182729156","Sponsored Brands","0.00","USD"
"2026-01-17","286308132559342","Sponsored Brands","0.00","AUD"
"2026-01-28","325883174926875","Sponsored Brands","4.32","USD"
"2026-01-06","477846512499333","Sponsored Brands","0.00","USD"
"2026-01-20","288045582881440","Sponsored Products","0.00","USD"
"2026-01-15","383706936707329","Sponsored Brands","0.00","USD"
"2026-01-29","176992507771254","Sponsored Products","0.00","USD"
"2026-01-23","349690804752896","Sponsored Products","44.60","USD"
"2026-01-27","414778030564989","Sponsored Products","0.00","GBP"
"2026-01-07","309978526979947","Sponsored Products","1.09","USD"
"2026-01-20","359104344566153","Sponsored Products","0.95","USD"
"2026-01-20","461803854184467","Sponsored Products","0.00","CAD"
"2026-01-25","434170639918769","Sponsored Brands","0.92","USD"
"2026-01-03","318148591057223","Sponsored Products","1.60","GBP"
"2026-01-05","354036750973331","Sponsored Products","0.52","CAD"
"2026-01-04","557802220335065","Sponsored Products","0.00","CAD"
"2026-01-04","443207948405482","Sponsored Products","0.66","CAD"
"2026-01-03","314318800479242","Sponsored Products","0.00","AUD"
"2026-01-26","392537273853228","Sponsored Brands","0.00","AUD"
"2026-01-13","400050759741035","Sponsored Products","0.00","USD"
"2026-01-14","548511206574211","Sponsored Brands","0.00","AUD"
"2026-01-06","298636506131156","Sponsored Brands","0.00","AUD"
"2026-01-15","288086271468562","Sponsored Products","77.01","USD"
"2026-01-14","428201110992726","Sponsored Products","10.68","USD"
"2026-01-04","348184859637636","Sponsored Brands","0.65","USD"
"2026-01-08","366303362151528","Sponsored Products","0.00","USD"
"2026-01-03","476511840833684","Sponsored Products","0.00","GBP"
"2026-01-31","22348745290500","Sponsored Products","1.62","USD"
"2026-01-16","531194039320877","Sponsored Products","0.00","CAD"
"2026-01-29","245503802057093","Sponsored Products","0.00","USD"
"2026-01-02","439190542974029","Sponsored Brands","8.63","USD"
"2026-01-17","346023186686134","Sponsored Brands","1.16","USD"
"2026-01-25","554029658228344","Sponsored Display","1.67","GBP"
"2026-01-01","531187508971652","Sponsored Display","0.04","CAD"
"2026-01-24","328156874590794","Sponsored Brands","4.08","USD"
"2026-01-19","371623685288534","Sponsored Brands","5.72","GBP"
"2026-01-20","558297049226516","Sponsored Brands","0.00","CAD"
"2026-01-21","476877916686317","Sponsored Brands","8.45","AUD"
"2026-01-26","454564300195235","Sponsored Products","0.71","GBP"
"2026-01-02","542333703103187","Sponsored Products","0.00","AUD"
"2026-01-26","375262111034104","Sponsored Brands","5.33","USD"
"2026-01-07","328392570118308","Sponsored Brands","1.12","AUD"
"2026-01-05","371604599978031","Sponsored Products","0.00","AUD"
"2026-01-14","317413414518930","Sponsored Products","2.54","GBP"
"2026-01-28","437016942104478","Sponsored Brands","0.00","CAD"
"2026-01-20","291194333337791","Sponsored Products","0.77","USD"
"2026-01-28","186804517918072","Sponsored Products","0.87","USD"
"2026-01-04","427514193060341","Sponsored Products","0.00","USD"
"2026-01-03","496249533315911","Sponsored Brands","0.73","USD"
"2026-01-07","378771240092800","Sponsored Products","0.00","AUD"
"2026-01-23","489671557305898","Sponsored Display","0.37","USD"
"2026-01-30","61503627186513","Sponsored Products","0.00","USD"
"2026-01-12","316086976315498","Sponsored Brands","0.00","USD"
"2026-01-10","490007501473330","Sponsored Products","6.17","USD"
"2026-01-02","384986795476042","Sponsored Brands","0.00","CAD"
"2026-01-26","412663623607577","Sponsored Products","0.00","USD"
"2026-01-10","392598200964005","Sponsored Products","1.29","CAD"
"2026-01-19","499207203040639","Sponsored Products","0.00","USD"
"2026-01-06","284235017891966","Sponsored Products","5.44","CAD"
"2026-01-07","397652540263806","Sponsored Products","0.00","CAD"
"2026-01-31","347536643859180","Sponsored Products","0.51","GBP"
"2026-01-05","434871922933588","Sponsored Brands","2.06","CAD"
"2026-01-13","557814926181675","Sponsored Products","0.00","CAD"
"2026-01-15","332000738328227","Sponsored Products","17.58","USD"
"2026-01-29","215176800738804","Sponsored Products","0.00","USD"
"2026-01-17","309601314328778","Sponsored Products","0.18","CAD"
"2026-01-28","419802202221779","Sponsored Products","0.93","CAD"
"2026-01-05","371021037712738","Sponsored Products","53.20","USD"
"2026-01-05","316207062053537","Sponsored Products","0.83","AUD"
"2026-01-13","486701736662809","Sponsored Products","0.48","AUD"
"2026-01-18","321516368269611","Sponsored Products","0.56","CAD"
"2026-01-20","538699937906302","Sponsored Products","1.50","USD"
"2026-01-20","440997775738977","Sponsored Products","0.00","AUD"
"2026-01-15","432013629308606","Sponsored Brands","0.00","CAD"
"2026-01-24","486969120687335","Sponsored Products","15.54","USD"
"2026-01-21","189738652799913","Sponsored Brands","0.00","CAD"
"2026-01-30","83042096012825","Sponsored Products","0.00","USD"
"2026-01-28","417555316939613","Sponsored Brands","0.00","AUD"
"2026-01-28","555379102425019","Sponsored Products","1.82","CAD"
"2026-01-01","428914757065848","Sponsored Products","0.00","CAD"
"2026-01-02","330930085884248","Sponsored Brands","4.01","GBP"
"2026-01-07","419764168918332","Sponsored Brands","1.85","AUD"
"2026-01-20","553947994872935","Sponsored Products","0.00","AUD"
"2026-01-07","554029658228344","Sponsored Display","0.00","GBP"
"2026-01-14","346023186686134","Sponsored Brands","0.00","USD"
"2026-01-11","292138679780956","Sponsored Products","0.70","AUD"
"2026-01-02","423538576850039","Sponsored Products","0.00","AUD"
"2026-01-25","371021037712738","Sponsored Products","58.68","USD"
"2026-01-31","441925918527435","Sponsored Brands","6.46","USD"
"2026-01-16","296882349967704","Sponsored Products","11.97","USD"
"2026-01-11","485543012454911","Sponsored Products","1.22","USD"
"2026-01-31","44065507618346","Sponsored Products","13.75","USD"
"2026-01-24","382263989834817","Sponsored Products","0.00","AUD"
"2026-01-02","288669281122601","Sponsored Products","0.53","AUD"
"2026-01-28","115758363210245","Sponsored Products","15.01","USD"
"2026-01-08","550084596372285","Sponsored Products","0.00","USD"
"2026-01-21","545146961820010","Sponsored Products","4.04","GBP"
"2026-01-16","360412290312296","Sponsored Brands","6.09","CAD"
"2026-01-28","554029658228344","Sponsored Display","0.13","GBP"
"2026-01-26","392598200964005","Sponsored Products","0.00","CAD"
"2026-01-24","398718122329444","Sponsored Products","0.30","GBP"
"2026-01-17","345230959620455","Sponsored Products","2.30","CAD"
"2026-01-23","402078469217372","Sponsored Products","16.47","USD"
"2026-01-05","312711508263023","Sponsored Products","0.00","AUD"
"2026-01-27","399857229182854","Sponsored Brands","1.82","GBP"
"2026-01-13","312711508263023","Sponsored Products","0.00","AUD"
"2026-01-27","516157903732083","Sponsored Products","1.48","GBP"
"2026-01-05","398859393836995","Sponsored Products","1.45","GBP"
"2026-01-15","469438672280657","Sponsored Products","0.00","GBP"
"2026-01-25","312632253610695","Sponsored Brands","70.68","USD"
"2026-01-07","473740316381787","Sponsored Products","1.20","GBP"
"2026-01-12","284096201830626","Sponsored Display","0.79","USD"
"2026-01-26","354627207584492","Sponsored Products","0.00","CAD"
"2026-01-12","296882349967704","Sponsored Products","15.79","USD"
"2026-01-16","419764168918332","Sponsored Brands","1.20","AUD"
"2026-01-16","548511206574211","Sponsored Brands","0.00","AUD"
"2026-01-13","424413890381694","Sponsored Products","1.11","USD"
"2026-01-29","141552428309171","Sponsored Products","41.45","USD"
"2026-01-23","518653489850740","Sponsored Brands","0.00","USD"
"2026-01-07","555360954347903","Sponsored Products","0.00","CAD"
"2026-01-14","318148591057223","Sponsored Products","0.00","GBP"
"2026-01-07","477195069585228","Sponsored Products","5.79","USD"
"2026-01-31","113013759920940","Sponsored Products","1.56","USD"
"2026-01-15","559365035833525","Sponsored Brands","0.90","AUD"
"2026-01-22","383486487068158","Sponsored Display","3.82","GBP"
"2026-01-17","558297049226516","Sponsored Brands","0.00","CAD"
"2026-01-21","546618773117950","Sponsored Brands","1.42","AUD"
"2026-01-13","395304589984653","Sponsored Products","0.00","CAD"
"2026-01-26","557814926181675","Sponsored Products","0.00","CAD"
"2026-01-02","448149727236636","Sponsored Products","0.00","AUD"
"2026-01-28","526735719174751","Sponsored Products","0.00","USD"
"2026-01-13","506556070299851","Sponsored Products","0.00","USD"
"2026-01-08","453239686745418","Sponsored Products","2.93","GBP"
"2026-01-05","400936883710783","Sponsored Products","5.74","AUD"
"2026-01-14","476511840833684","Sponsored Products","0.00","GBP"
"2026-01-27","487908370268380","Sponsored Products","14.92","USD"
"2026-01-14","498217737469979","Sponsored Brands","0.00","USD"
"2026-01-05","554029658228344","Sponsored Display","0.00","GBP"
"2026-01-05","494490339894946","Sponsored Products","0.00","USD"
"2026-01-26","93061813718954","Sponsored Products","9.86","USD"
"2026-01-19","316207062053537","Sponsored Products","0.00","AUD"
"2026-01-09","378095244761436","Sponsored Products","0.00","USD"
"2026-01-06","524438997214345","Sponsored Products","4.08","USD"
"2026-01-07","373188657935606","Sponsored Products","0.00","AUD"
"2026-01-13","360836238849040","Sponsored Products","0.32","AUD"
"2026-01-22","529431876389782","Sponsored Products","0.00","USD"
"2026-01-22","325883174926875","Sponsored Brands","0.66","USD"
"2026-01-31","452065263384491","Sponsored Brands","4.60","USD"
"2026-01-04","375451164709840","Sponsored Products","0.24","GBP"
"2026-01-24","407346576799567","Sponsored Products","0.00","AUD"
"2026-01-17","521187964040554","Sponsored Products","0.67","CAD"
"2026-01-25","378095244761436","Sponsored Products","0.00","USD"
"2026-01-25","349690804752896","Sponsored Products","50.43","USD"
"2026-01-01","371623685288534","Sponsored Brands","0.00","GBP"
"2026-01-14","524438997214345","Sponsored Products","2.92","USD"
"2026-01-19","323864334787492","Sponsored Products","0.46","AUD"
"2026-01-30","395304589984653","Sponsored Products","0.00","CAD"
"2026-01-09","327323455598643","Sponsored Products","0.00","GBP"
"2026-01-27","558297049226516","Sponsored Brands","0.00","CAD"
"2026-01-28","312451130238004","Sponsored Brands","0.63","USD"
"2026-01-05","546641048554747","Sponsored Products","0.00","USD"
"2026-01-06","532209379687062","Sponsored Display","1.33","GBP"
"2026-01-29","423825131329520","Sponsored Products","0.00","USD"
"2026-01-09","467986598930085","Sponsored Products","7.28","USD"
"2026-01-18","288851430690246","Sponsored Products","0.35","GBP"
"2026-01-02","469814503032884","Sponsored Products","3.38","AUD"
"2026-01-28","316018693107855","Sponsored Products","3.27","USD"
"2026-01-04","338934805167255","Sponsored Products","0.00","USD"
"2026-01-13","301972852761247","Sponsored Products","0.00","USD"
"2026-01-23","529431876389782","Sponsored Products","0.00","USD"
"2026-01-07","423447600502988","Sponsored Brands","0.00","CAD"
"2026-01-31","395304589984653","Sponsored Products","0.00","CAD"
"2026-01-18","351594278748520","Sponsored Products","2.24","USD"
"2026-01-10","363551194960955","Sponsored Products","0.86","CAD"
"2026-01-29","463874563272935","Sponsored Brands","0.00","AUD"
"2026-01-23","342568396157124","Sponsored Display","0.00","USD"
"2026-01-29","441925918527435","Sponsored Brands","0.87","USD"
"2026-01-08","499207203040639","Sponsored Products","0.00","USD"
"2026-01-13","373188657935606","Sponsored Products","0.00","AUD"
"2026-01-15","508144069166640","Sponsored Products","0.00","USD"
"2026-01-24","398122169001461","Sponsored Products","1.93","AUD"
"2026-01-27","296882349967704","Sponsored Products","3.39","USD"
"2026-01-30","538771699321102","Sponsored Products","0.00","AUD"
"2026-01-14","348184859637636","Sponsored Brands","0.00","USD"
"2026-01-03","409249674990450","Sponsored Products","1.00","AUD"
"2026-01-19","480355060288556","Sponsored Products","0.00","AUD"
"2026-01-30","494994223093944","Sponsored Brands","0.00","AUD"
"2026-01-01","351594278748520","Sponsored Products","3.56","USD"
"2026-01-29","454564300195235","Sponsored Products","0.84","GBP"
"2026-01-28","405261002610411","Sponsored Products","0.00","GBP"
"2026-01-10","440503817971150","Sponsored Products","15.22","USD"
"2026-01-11","303784488331012","Sponsored Display","0.00","AUD"
"2026-01-15","429345285920060","Sponsored Brands","0.70","GBP"
"2026-01-04","93061813718954","Sponsored Products","6.27","USD"
"2026-01-30","281110747056753","Sponsored Products","0.00","USD"
"2026-01-11","488078103319545","Sponsored Brands","0.00","USD"
"2026-01-13","397652540263806","Sponsored Products","0.00","CAD"
"2026-01-21","559365035833525","Sponsored Brands","0.00","AUD"
"2026-01-26","446701085946014","Sponsored Products","0.00","GBP"
"2026-01-15","357384467879967","Sponsored Brands","0.20","USD"
"2026-01-26","437016942104478","Sponsored Brands","0.00","CAD"
"2026-01-02","312711508263023","Sponsored Products","0.80","AUD"
"2026-01-28","527711743915708","Sponsored Products","27.11","USD"
"2026-01-17","486969120687335","Sponsored Products","15.99","USD"
"2026-01-26","495677195822245","Sponsored Brands","0.21","USD"
"2026-01-25","93061813718954","Sponsored Products","10.06","USD"
"2026-01-10","432013629308606","Sponsored Brands","3.20","CAD"
"2026-01-08","329222077811459","Sponsored Brands","0.00","GBP"
"2026-01-31","213530912619228","Sponsored Products","12.73","USD"
"2026-01-30","44065507618346","Sponsored Products","4.13","USD"
"2026-01-16","381243195375500","Sponsored Products","1.67","USD"
"2026-01-22","509593684638198","Sponsored Brands","4.74","USD"
"2026-01-11","524438997214345","Sponsored Products","3.65","USD"
"2026-01-15","383356525876468","Sponsored Products","0.00","USD"
"2026-01-13","312632253610695","Sponsored Brands","54.85","USD"
"2026-01-03","434871922933588","Sponsored Brands","2.45","CAD"
"2026-01-07","286308132559342","Sponsored Brands","0.00","AUD"
"2026-01-19","386865813070708","Sponsored Products","4.29","USD"
"2026-01-14","539834455179217","Sponsored Products","4.47","USD"
"2026-01-08","384986795476042","Sponsored Brands","0.76","CAD"
"2026-01-22","353698807350187","Sponsored Products","4.46","USD"
"2026-01-15","327137186916287","Sponsored Products","0.22","USD"
"2026-01-15","555360954347903","Sponsored Products","0.00","CAD"
"2026-01-04","420797773596938","Sponsored Products","0.00","USD"
"2026-01-26","423471492340141","Sponsored Brands","0.67","USD"
"2026-01-01","429216730447678","Sponsored Products","0.00","AUD"
"2026-01-31","280528554873543","Sponsored Products","0.20","USD"
"2026-01-24","309601314328778","Sponsored Products","0.18","CAD"
"2026-01-29","458452283549074","Sponsored Brands","0.00","CAD"
"2026-01-24","354036750973331","Sponsored Products","1.95","CAD"
"2026-01-13","495242868805173","Sponsored Products","0.00","GBP"
"2026-01-11","382263989834817","Sponsored Products","0.02","AUD"
"2026-01-21","486830706800832","Sponsored Products","0.45","CAD"
"2026-01-16","531187508971652","Sponsored Display","0.00","CAD"
"2026-01-24","321879822518995","Sponsored Products","0.00","AUD"
"2026-01-24","561131507618203","Sponsored Products","1.41","AUD"
"2026-01-29","537194794349407","Sponsored Products","0.00","USD"
"2026-01-17","530911335551258","Sponsored Products","0.00","CAD"
"2026-01-07","524843805783693","Sponsored Products","4.00","USD"
"2026-01-26","493216310640409","Sponsored Brands","11.27","USD"
"2026-01-11","363801591495934","Sponsored Brands","0.00","CAD"
"2026-01-30","267283875717235","Sponsored Products","0.00","USD"
"2026-01-01","304676183651349","Sponsored Products","0.00","USD"
"2026-01-02","472554317410495","Sponsored Brands","0.00","USD"
"2026-01-17","93061813718954","Sponsored Products","5.97","USD"
"2026-01-22","377578915667002","Sponsored Products","5.00","USD"
"2026-01-03","423825131329520","Sponsored Products","2.42","USD"
"2026-01-29","437016942104478","Sponsored Brands","0.00","CAD"
"2026-01-06","485543012454911","Sponsored Products","3.97","USD"
"2026-01-05","375262111034104","Sponsored Brands","2.92","USD"
"2026-01-11","345786769504667","Sponsored Products","1.70","USD"
"2026-01-14","409249674990450","Sponsored Products","0.00","AUD"
"2026-01-08","424600049511604","Sponsored Products","4.13","USD"
"2026-01-28","434871922933588","Sponsored Brands","2.58","CAD"
"2026-01-06","423699972104364","Sponsored Brands","2.78","USD"
"2026-01-24","532503737498489","Sponsored Products","2.60","USD"
"2026-01-22","515637010546761","Sponsored Brands","10.06","USD"
"2026-01-20","437016942104478","Sponsored Brands","0.00","CAD"
"2026-01-24","516157903732083","Sponsored Products","0.24","GBP"
"2026-01-04","550084596372285","Sponsored Products","2.13","USD"
"2026-01-06","314318800479242","Sponsored Products","0.00","AUD"
"2026-01-25","305150240202410","Sponsored Brands","2.73","USD"
"2026-01-19","375262111034104","Sponsored Brands","1.53","USD"
"2026-01-14","291680855614624","Sponsored Brands","2.37","GBP"
"2026-01-24","452065263384491","Sponsored Brands","7.76","USD"
"2026-01-18","284096201830626","Sponsored Display","0.25","USD"
"2026-01-18","455193289976402","Sponsored Products","0.00","USD"
"2026-01-07","396006036421092","Sponsored Products","0.00","USD"
"2026-01-03","531187508971652","Sponsored Display","0.00","CAD"
"2026-01-17","398859393836995","Sponsored Products","4.76","GBP"
"2026-01-18","439118795538688","Sponsored Brands","0.00","CAD"
"2026-01-24","359104344566153","Sponsored Products","0.00","USD"
"2026-01-22","328156874590794","Sponsored Brands","1.14","USD"
"2026-01-16","546191132663927","Sponsored Brands","1.80","USD"
"2026-01-04","553804041062258","Sponsored Products","0.45","USD"
"2026-01-09","392972027720670","Sponsored Products","0.00","CAD"
"2026-01-17","327955853177271","Sponsored Products","12.73","USD"
"2026-01-29","348184859637636","Sponsored Brands","2.78","USD"
"2026-01-27","560541401556849","Sponsored Products","0.00","GBP"
"2026-01-11","515637010546761","Sponsored Brands","4.77","USD"
"2026-01-06","455193289976402","Sponsored Products","0.00","USD"
"2026-01-06","422803050752749","Sponsored Products","0.46","USD"
"2026-01-24","463874563272935","Sponsored Brands","0.00","AUD"
"2026-01-29","367083122067501","Sponsored Display","0.00","USD"
"2026-01-27","189738652799913","Sponsored Brands","0.00","CAD"
"2026-01-01","555379102425019","Sponsored Products","3.36","CAD"
"2026-01-31","469438672280657","Sponsored Products","0.00","GBP"
"2026-01-04","522533017982048","Sponsored Products","0.00","CAD"
"2026-01-06","291194333337791","Sponsored Products","0.00","USD"
"2026-01-10","506556070299851","Sponsored Products","0.00","USD"
"2026-01-10","546641048554747","Sponsored Products","0.00","USD"
"2026-01-18","554029658228344","Sponsored Display","0.24","GBP"
"2026-01-24","454571413921997","Sponsored Products","0.33","GBP"
"2026-01-29","329222077811459","Sponsored Brands","1.35","GBP"
"2026-01-06","406964010755868","Sponsored Products","1.78","CAD"
"2026-01-14","491792683377286","Sponsored Products","1.29","USD"
"2026-01-29","443805539282973","Sponsored Brands","0.43","CAD"
"2026-01-10","353468389499196","Sponsored Brands","0.71","USD"
"2026-01-23","453503689032806","Sponsored Products","0.00","GBP"
"2026-01-06","396006036421092","Sponsored Products","0.00","USD"
"2026-01-14","411197191773342","Sponsored Products","0.00","AUD"
"2026-01-19","398122169001461","Sponsored Products","0.74","AUD"
"2026-01-02","491792683377286","Sponsored Products","11.58","USD"
"2026-01-17","321516368269611","Sponsored Products","0.00","CAD"
"2026-01-28","531616041116243","Sponsored Products","0.00","USD"
"2026-01-17","553804041062258","Sponsored Products","17.55","USD"
"2026-01-15","328392570118308","Sponsored Brands","0.79","AUD"
"2026-01-19","455193289976402","Sponsored Products","0.00","USD"
"2026-01-17","411197191773342","Sponsored Products","0.00","AUD"
"2026-01-22","540593023678755","Sponsored Products","1.08","USD"
"2026-01-31","453754530299965","Sponsored Brands","4.86","USD"
"2026-01-03","529845821022802","Sponsored Products","0.00","AUD"
"2026-01-08","309601314328778","Sponsored Products","0.18","CAD"
"2026-01-20","432312765744113","Sponsored Products","0.00","USD"
"2026-01-16","417535655271448","Sponsored Products","0.00","USD"
"2026-01-13","407444835513369","Sponsored Brands","2.73","CAD"
"2026-01-17","307922603865773","Sponsored Products","0.00","USD"
"2026-01-14","485543012454911","Sponsored Products","1.59","USD"
"2026-01-12","557814926181675","Sponsored Products","0.02","CAD"
"2026-01-26","288086271468562","Sponsored Products","29.31","USD"
"2026-01-29","291194333337791","Sponsored Products","0.00","USD"
"2026-01-12","313102197760283","Sponsored Products","10.90","USD"
"2026-01-27","446869334265005","Sponsored Products","1.46","USD"
"2026-01-26","441276644656791","Sponsored Brands","0.79","AUD"
"2026-01-12","459488439760934","Sponsored Products","0.39","GBP"
"2026-01-20","413308568322873","Sponsored Brands","2.64","USD"
"2026-01-26","357384467879967","Sponsored Brands","2.50","USD"
"2026-01-08","432013629308606","Sponsored Brands","5.91","CAD"
"2026-01-30","39061317933304","Sponsored Products","11.28","USD"
"2026-01-18","368310850203338","Sponsored Products","4.67","USD"
"2026-01-21","392972027720670","Sponsored Products","0.00","CAD"
"2026-01-10","288045582881440","Sponsored Products","2.72","USD"
"2026-01-24","517050919084211","Sponsored Products","0.45","CAD"
"2026-01-18","561131507618203","Sponsored Products","0.06","AUD"
"2026-01-16","375840213985973","Sponsored Products","0.00","USD"
"2026-01-02","296882349967704","Sponsored Products","8.93","USD"
"2026-01-14","551785069524711","Sponsored Products","0.69","USD"
"2026-01-13","327323455598643","Sponsored Products","0.00","GBP"
"2026-01-13","429345285920060","Sponsored Brands","1.00","GBP"
"2026-01-19","429345285920060","Sponsored Brands","0.86","GBP"
"2026-01-16","498217737469979","Sponsored Brands","0.74","USD"
"2026-01-21","392598200964005","Sponsored Products","0.00","CAD"
"2026-01-06","537194794349407","Sponsored Products","0.00","USD"
"2026-01-29","369371745062988","Sponsored Products","0.00","CAD"
"2026-01-07","475323940290788","Sponsored Products","12.76","USD"
"2026-01-23","459130146103681","Sponsored Display","0.00","AUD"
"2026-01-18","463874563272935","Sponsored Brands","1.23","AUD"
"2026-01-25","489671557305898","Sponsored Display","0.36","USD"
"2026-01-10","398718122329444","Sponsored Products","0.00","GBP"
"2026-01-28","383706936707329","Sponsored Brands","2.25","USD"
"2026-01-30","226743970768774","Sponsored Products","0.00","USD"
"2026-01-28","494994223093944","Sponsored Brands","0.00","AUD"
"2026-01-06","325883174926875","Sponsored Brands","1.07","USD"
"2026-01-25","297446437541925","Sponsored Products","2.36","USD"
"2026-01-30","440997775738977","Sponsored Products","0.00","AUD"
"2026-01-23","453239686745418","Sponsored Products","0.60","GBP"
"2026-01-13","284235017891966","Sponsored Products","4.88","CAD"
"2026-01-10","288669281122601","Sponsored Products","0.00","AUD"
"2026-01-13","560000811916391","Sponsored Brands","0.62","USD"
"2026-01-20","482686146435604","Sponsored Brands","0.82","USD"
"2026-01-31","428015197375542","Sponsored Products","1.27","AUD"
"2026-01-19","475323940290788","Sponsored Products","5.92","USD"
"2026-01-27","413308568322873","Sponsored Brands","2.08","USD"
"2026-01-05","483182403867537","Sponsored Products","0.00","USD"
"2026-01-06","431503342672607","Sponsored Products","0.00","USD"
"2026-01-14","406964010755868","Sponsored Products","0.00","CAD"
"2026-01-21","318399173824872","Sponsored Products","0.50","GBP"
"2026-01-07","467633236874996","Sponsored Products","0.00","AUD"
"2026-01-20","441276644656791","Sponsored Brands","0.00","AUD"
"2026-01-12","557802220335065","Sponsored Products","1.83","CAD"
"2026-01-24","488650993039900","Sponsored Brands","0.00","USD"
"2026-01-30","490007501473330","Sponsored Products","0.00","USD"
"2026-01-02","301972852761247","Sponsored Products","0.00","USD"
"2026-01-04","284096201830626","Sponsored Display","0.00","USD"
"2026-01-17","491792683377286","Sponsored Products","1.16","USD"
"2026-01-31","448149727236636","Sponsored Products","1.16","AUD"
"2026-01-14","553804041062258","Sponsored Products","4.97","USD"
"2026-01-01","561131507618203","Sponsored Products","0.00","AUD"
"2026-01-24","344516434946756","Sponsored Products","6.51","USD"
"2026-01-10","455983082050138","Sponsored Products","9.79","CAD"
"2026-01-02","282030525448578","Sponsored Products","1.50","USD"
"2026-01-13","431503342672607","Sponsored Products","0.00","USD"
"2026-01-09","354591663011981","Sponsored Brands","0.00","USD"
"2026-01-14","562873832621330","Sponsored Products","1.06","GBP"
"2026-01-11","386893543852916","Sponsored Products","3.31","CAD"
"2026-01-27","542395622943712","Sponsored Products","0.96","GBP"
"2026-01-08","284235017891966","Sponsored Products","6.58","CAD"
"2026-01-16","422803050752749","Sponsored Products","0.00","USD"
"2026-01-21","301972852761247","Sponsored Products","0.38","USD"
"2026-01-21","436562742415834","Sponsored Products","0.34","GBP"
"2026-01-25","441276644656791","Sponsored Brands","0.00","AUD"
"2026-01-21","338934805167255","Sponsored Products","0.00","USD"
"2026-01-01","476877916686317","Sponsored Brands","4.39","AUD"
"2026-01-27","458452283549074","Sponsored Brands","0.00","CAD"
"2026-01-11","327160636077377","Sponsored Products","0.00","USD"
"2026-01-16","486830706800832","Sponsored Products","0.00","CAD"
"2026-01-09","541042710567147","Sponsored Products","11.04","USD"
"2026-01-16","354484097353439","Sponsored Products","0.00","GBP"
"2026-01-29","443207948405482","Sponsored Products","0.38","CAD"
"2026-01-28","336347500415431","Sponsored Products","0.00","USD"
"2026-01-28","455465774244567","Sponsored Products","0.00","USD"
"2026-01-16","535387208566969","Sponsored Products","0.00","USD"
"2026-01-29","406487274006731","Sponsored Products","0.00","AUD"
"2026-01-13","342233969782751","Sponsored Products","7.28","USD"
"2026-01-17","280884599605823","Sponsored Products","10.33","USD"
"2026-01-29","53404531347848","Sponsored Products","6.94","USD"
"2026-01-23","317772463042332","Sponsored Products","2.03","AUD"
"2026-01-24","400050759741035","Sponsored Products","0.00","USD"
"2026-01-03","296882349967704","Sponsored Products","2.12","USD"
"2026-01-10","291060086740958","Sponsored Products","14.12","USD"
"2026-01-14","407444835513369","Sponsored Brands","1.94","CAD"
"2026-01-16","428914757065848","Sponsored Products","2.28","CAD"
"2026-01-20","545146961820010","Sponsored Products","2.31","GBP"
"2026-01-21","471805907077682","Sponsored Products","0.00","USD"
"2026-01-13","424600049511604","Sponsored Products","10.91","USD"
"2026-01-22","480355060288556","Sponsored Products","0.00","AUD"
"2026-01-19","384137786867273","Sponsored Products","0.00","USD"
"2026-01-05","419764168918332","Sponsored Brands","6.17","AUD"
"2026-01-05","455510939824845","Sponsored Products","0.69","USD"
"2026-01-29","148265992493931","Sponsored Products","1.82","USD"
"2026-01-09","529431876389782","Sponsored Products","0.00","USD"
"2026-01-03","384986795476042","Sponsored Brands","0.00","CAD"
"2026-01-31","371021037712738","Sponsored Products","0.00","USD"
"2026-01-19","561131507618203","Sponsored Products","0.02","AUD"
"2026-01-14","439118795538688","Sponsored Brands","0.00","CAD"
"2026-01-02","303332324664421","Sponsored Products","0.51","USD"
"2026-01-16","423825131329520","Sponsored Products","15.57","USD"
"2026-01-17","329222077811459","Sponsored Brands","0.00","GBP"
"2026-01-08","382263989834817","Sponsored Products","0.08","AUD"
"2026-01-09","491770987077396","Sponsored Products","13.66","USD"
"2026-01-06","398718122329444","Sponsored Products","0.00","GBP"
"2026-01-21","453187476718269","Sponsored Display","0.00","CAD"
"2026-01-26","383356525876468","Sponsored Products","0.00","USD"
"2026-01-28","560000811916391","Sponsored Brands","3.15","USD"
"2026-01-28","128770506922317","Sponsored Products","0.00","USD"
"2026-01-02","423471492340141","Sponsored Brands","0.54","USD"
"2026-01-19","467986598930085","Sponsored Products","11.05","USD"
"2026-01-06","530353594830018","Sponsored Display","0.00","CAD"
"2026-01-14","515637010546761","Sponsored Brands","7.47","USD"
"2026-01-27","354484097353439","Sponsored Products","0.00","GBP"
"2026-01-03","309978526979947","Sponsored Products","1.08","USD"
"2026-01-11","316086976315498","Sponsored Brands","0.00","USD"
"2026-01-11","371021037712738","Sponsored Products","76.99","USD"
"2026-01-15","286855949125211","Sponsored Products","2.38","AUD"
"2026-01-29","318148591057223","Sponsored Products","2.96","GBP"
"2026-01-24","554517553013265","Sponsored Products","0.00","CAD"
"2026-01-27","476877916686317","Sponsored Brands","2.13","AUD"
"2026-01-31","551134208715253","Sponsored Products","0.84","AUD"
"2026-01-25","383486487068158","Sponsored Display","5.70","GBP"
"2026-01-11","485031869326352","Sponsored Products","0.00","AUD"
"2026-01-04","455983082050138","Sponsored Products","2.00","CAD"
"2026-01-27","309601314328778","Sponsored Products","0.00","CAD"
"2026-01-06","375840213985973","Sponsored Products","1.30","USD"
"2026-01-18","467633236874996","Sponsored Products","7.11","AUD"
"2026-01-08","455465774244567","Sponsored Products","0.00","USD"
"2026-01-08","432312765744113","Sponsored Products","0.00","USD"
"2026-01-05","439526402269373","Sponsored Products","0.00","GBP"
"2026-01-10","284096201830626","Sponsored Display","1.35","USD"
"2026-01-24","298636506131156","Sponsored Brands","0.00","AUD"
"2026-01-22","487908370268380","Sponsored Products","11.00","USD"
"2026-01-03","494994223093944","Sponsored Brands","1.41","AUD"
"2026-01-21","286308132559342","Sponsored Brands","0.00","AUD"
"2026-01-28","530911335551258","Sponsored Products","0.00","CAD"
"2026-01-09","382263989834817","Sponsored Products","0.00","AUD"
"2026-01-07","488078103319545","Sponsored Brands","0.00","USD"
"2026-01-21","386865813070708","Sponsored Products","3.72","USD"
"2026-01-14","413308568322873","Sponsored Brands","3.60","USD"
"2026-01-04","307697977606315","Sponsored Products","0.00","CAD"
"2026-01-23","545146961820010","Sponsored Products","2.15","GBP"
"2026-01-18","508144069166640","Sponsored Products","0.00","USD"
"2026-01-04","503995766126833","Sponsored Products","0.43","GBP"
"2026-01-04","483182403867537","Sponsored Products","3.87","USD"
"2026-01-21","529431876389782","Sponsored Products","0.00","USD"
"2026-01-13","546191132663927","Sponsored Brands","6.39","USD"
"2026-01-10","434871922933588","Sponsored Brands","0.25","CAD"
"2026-01-11","310318758176650","Sponsored Products","0.00","CAD"
"2026-01-01","494994223093944","Sponsored Brands","3.36","AUD"
"2026-01-31","1069464513580","Sponsored Products","13.43","USD"
"2026-01-06","366303362151528","Sponsored Products","0.00","USD"
"2026-01-10","455465774244567","Sponsored Products","0.00","USD"
"2026-01-02","440997775738977","Sponsored Products","0.00","AUD"
"2026-01-15","531187508971652","Sponsored Display","0.00","CAD"
"2026-01-17","439118795538688","Sponsored Brands","0.00","CAD"
"2026-01-21","477846512499333","Sponsored Brands","0.00","USD"
"2026-01-25","291060086740958","Sponsored Products","18.10","USD"
"2026-01-22","485543012454911","Sponsored Products","1.27","USD"
"2026-01-16","555625239663839","Sponsored Products","15.28","USD"
"2026-01-16","348184859637636","Sponsored Brands","0.53","USD"
"2026-01-21","345786769504667","Sponsored Products","1.53","USD"
"2026-01-09","342468627864471","Sponsored Products","0.34","GBP"
"2026-01-20","487908370268380","Sponsored Products","10.64","USD"
"2026-01-26","317413414518930","Sponsored Products","2.05","GBP"
"2026-01-09","327137186916287","Sponsored Products","0.00","USD"
"2026-01-13","491792683377286","Sponsored Products","1.29","USD"
"2026-01-25","417555316939613","Sponsored Brands","0.00","AUD"
"2026-01-23","409249674990450","Sponsored Products","0.00","AUD"
"2026-01-03","400936883710783","Sponsored Products","9.26","AUD"
"2026-01-30","382536260418493","Sponsored Brands","0.00","USD"
"2026-01-01","354627207584492","Sponsored Products","0.45","CAD"
"2026-01-15","380662946968621","Sponsored Display","5.67","USD"
"2026-01-02","429080278331990","Sponsored Products","0.00","USD"
"2026-01-16","340849210853799","Sponsored Products","3.24","USD"
"2026-01-01","382536260418493","Sponsored Brands","6.96","USD"
"2026-01-14","375880567146391","Sponsored Display","0.49","AUD"
"2026-01-25","436562742415834","Sponsored Products","0.00","GBP"
"2026-01-31","18193170148935","Sponsored Products","0.00","USD"
"2026-01-19","401058364234122","Sponsored Products","5.13","CAD"
"2026-01-12","515637010546761","Sponsored Brands","5.15","USD"
"2026-01-17","467986598930085","Sponsored Products","12.36","USD"
"2026-01-08","446701085946014","Sponsored Products","0.00","GBP"
"2026-01-01","538771699321102","Sponsored Products","0.00","AUD"
"2026-01-17","353698807350187","Sponsored Products","4.42","USD"
"2026-01-07","303784488331012","Sponsored Display","3.13","AUD"
"2026-01-05","383706936707329","Sponsored Brands","7.44","USD"
"2026-01-28","399703016940832","Sponsored Brands","0.00","CAD"
"2026-01-27","297446437541925","Sponsored Products","15.51","USD"
"2026-01-22","409429087898453","Sponsored Display","0.69","CAD"
"2026-01-18","450215291242396","Sponsored Products","0.00","USD"
"2026-01-06","317249860293143","Sponsored Products","0.00","USD"
"2026-01-01","346023186686134","Sponsored Brands","0.00","USD"
"2026-01-16","288669281122601","Sponsored Products","0.00","AUD"
"2026-01-13","296615200458181","Sponsored Brands","47.71","USD"
"2026-01-17","354591663011981","Sponsored Brands","3.57","USD"
"2026-01-22","448149727236636","Sponsored Products","0.78","AUD"
"2026-01-08","450215291242396","Sponsored Products","0.46","USD"
"2026-01-19","414778030564989","Sponsored Products","0.00","GBP"
"2026-01-22","316506785332318","Sponsored Products","5.66","USD"
"2026-01-21","531187508971652","Sponsored Display","0.00","CAD"
"2026-01-26","455465774244567","Sponsored Products","0.00","USD"
"2026-01-20","557814926181675","Sponsored Products","1.45","CAD"
"2026-01-16","375451164709840","Sponsored Products","0.00","GBP"
"2026-01-17","354627207584492","Sponsored Products","0.00","CAD"
"2026-01-05","422803050752749","Sponsored Products","0.00","USD"
"2026-01-16","300894362771504","Sponsored Products","0.00","GBP"
"2026-01-21","529845821022802","Sponsored Products","0.00","AUD"
"2026-01-03","517771475884325","Sponsored Brands","0.00","USD"
"2026-01-19","542616313773815","Sponsored Brands","0.97","USD"
"2026-01-08","442522120858299","Sponsored Products","0.00","USD"
"2026-01-17","291618943691121","Sponsored Brands","0.00","AUD"
"2026-01-19","303784488331012","Sponsored Display","3.21","AUD"
"2026-01-26","467633236874996","Sponsored Products","1.06","AUD"
"2026-01-14","459130146103681","Sponsored Display","0.21","AUD"
"2026-01-08","291618943691121","Sponsored Brands","0.00","AUD"
"2026-01-14","291060086740958","Sponsored Products","15.23","USD"
"2026-01-03","380439551325000","Sponsored Products","3.09","GBP"
"2026-01-29","396524009311704","Sponsored Brands","1.85","CAD"
"2026-01-31","205764417979436","Sponsored Products","0.00","USD"
"2026-01-19","494994223093944","Sponsored Brands","0.00","AUD"
"2026-01-19","429216730447678","Sponsored Products","0.00","AUD"
"2026-01-02","504962652065858","Sponsored Brands","0.00","AUD"
"2026-01-07","286855949125211","Sponsored Products","2.87","AUD"
"2026-01-23","455510939824845","Sponsored Products","0.75","USD"
"2026-01-27","354591663011981","Sponsored Brands","0.00","USD"
"2026-01-06","392598200964005","Sponsored Products","1.28","CAD"
"2026-01-09","291618943691121","Sponsored Brands","0.00","AUD"
"2026-01-02","555516622120091","Sponsored Brands","1.08","GBP"
"2026-01-24","291194333337791","Sponsored Products","0.00","USD"
"2026-01-04","296615200458181","Sponsored Brands","45.14","USD"
"2026-01-31","189380234928822","Sponsored Products","2.64","USD"
"2026-01-28","486701736662809","Sponsored Products","0.00","AUD"
"2026-01-30","454564300195235","Sponsored Products","1.99","GBP"
"2026-01-22","321516368269611","Sponsored Products","0.45","CAD"
"2026-01-20","395304589984653","Sponsored Products","0.00","CAD"
"2026-01-15","317413414518930","Sponsored Products","1.90","GBP"
"2026-01-19","336361735801015","Sponsored Products","0.00","USD"
"2026-01-06","498311429491057","Sponsored Display","0.37","CAD"
"2026-01-05","555360954347903","Sponsored Products","0.00","CAD"
"2026-01-27","344717374719347","Sponsored Display","0.00","CAD"
"2026-01-31","28565058702355","Sponsored Products","13.85","USD"
"2026-01-04","377578915667002","Sponsored Products","48.15","USD"
"2026-01-27","539931100075119","Sponsored Brands","6.89","USD"
"2026-01-14","336361735801015","Sponsored Products","0.41","USD"
"2026-01-11","557802220335065","Sponsored Products","0.00","CAD"
"2026-01-11","504962652065858","Sponsored Brands","0.16","AUD"
"2026-01-09","332116728677051","Sponsored Products","0.00","CAD"
"2026-01-30","399629340308947","Sponsored Brands","0.90","AUD"
"2026-01-14","377578915667002","Sponsored Products","8.45","USD"
"2026-01-09","298636506131156","Sponsored Brands","0.00","AUD"
"2026-01-30","286601245904247","Sponsored Products","0.00","CAD"
"2026-01-12","436562742415834","Sponsored Products","0.38","GBP"
"2026-01-27","531194039320877","Sponsored Products","0.54","CAD"
"2026-01-23","419802202221779","Sponsored Products","0.37","CAD"
"2026-01-26","299897583007336","Sponsored Products","9.68","USD"
"2026-01-21","314318800479242","Sponsored Products","0.00","AUD"
"2026-01-04","506556070299851","Sponsored Products","0.00","USD"
"2026-01-24","558297049226516","Sponsored Brands","0.00","CAD"
"2026-01-09","440503817971150","Sponsored Products","13.04","USD"
"2026-01-20","530543664696574","Sponsored Products","0.00","AUD"
"2026-01-03","375412452273685","Sponsored Products","9.27","GBP"
"2026-01-06","560000811916391","Sponsored Brands","1.66","USD"
"2026-01-12","419764168918332","Sponsored Brands","3.27","AUD"
"2026-01-24","541042710567147","Sponsored Products","0.00","USD"
"2026-01-30","202228555422966","Sponsored Products","0.00","USD"
"2026-01-29","368310850203338","Sponsored Products","0.00","USD"
"2026-01-09","487908370268380","Sponsored Products","0.00","USD"
"2026-01-14","286601245904247","Sponsored Products","0.00","CAD"
"2026-01-12","399703016940832","Sponsored Brands","1.83","CAD"
"2026-01-18","453754530299965","Sponsored Brands","29.51","USD"
"2026-01-11","338934805167255","Sponsored Products","0.00","USD"
"2026-01-26","297446437541925","Sponsored Products","11.53","USD"
"2026-01-19","392537273853228","Sponsored Brands","1.39","AUD"
"2026-01-29","340849210853799","Sponsored Products","1.24","USD"
"2026-01-02","397652540263806","Sponsored Products","0.00","CAD"
"2026-01-17","292726552706968","Sponsored Products","16.05","USD"
"2026-01-21","511509048867805","Sponsored Products","82.79","USD"
"2026-01-19","451323086678396","Sponsored Products","2.12","USD"
"2026-01-05","375451164709840","Sponsored Products","0.00","GBP"
"2026-01-24","324446919049652","Sponsored Products","7.24","USD"
"2026-01-04","392972027720670","Sponsored Products","3.40","CAD"
"2026-01-04","412362697167927","Sponsored Products","0.00","GBP"
"2026-01-31","560000811916391","Sponsored Brands","15.41","USD"
"2026-01-09","443207948405482","Sponsored Products","0.45","CAD"
"2026-01-03","407444835513369","Sponsored Brands","5.26","CAD"
"2026-01-07","429216730447678","Sponsored Products","0.00","AUD"
"2026-01-23","535387208566969","Sponsored Products","0.00","USD"
"2026-01-14","399629340308947","Sponsored Brands","0.00","AUD"
"2026-01-19","345786769504667","Sponsored Products","1.53","USD"
"2026-01-28","360412290312296","Sponsored Brands","0.25","CAD"
"2026-01-03","380787783830601","Sponsored Products","0.00","USD"
"2026-01-18","556616987602606","Sponsored Products","3.22","USD"
"2026-01-19","469814503032884","Sponsored Products","0.00","AUD"
"2026-01-09","366993568403124","Sponsored Products","28.01","USD"
"2026-01-09","382536260418493","Sponsored Brands","0.64","USD"
"2026-01-24","554029658228344","Sponsored Display","0.39","GBP"
"2026-01-27","422044464968254","Sponsored Products","6.69","GBP"
"2026-01-26","280884599605823","Sponsored Products","4.37","USD"
"2026-01-20","327323455598643","Sponsored Products","0.00","GBP"
"2026-01-28","239772993878028","Sponsored Products","0.00","USD"
"2026-01-21","557388890025484","Sponsored Products","9.34","USD"
"2026-01-09","329222077811459","Sponsored Brands","0.69","GBP"
"2026-01-22","473740316381787","Sponsored Products","2.48","GBP"
"2026-01-30","386893543852916","Sponsored Products","9.40","CAD"
"2026-01-04","546191132663927","Sponsored Brands","3.49","USD"
"2026-01-04","538737001972988","Sponsored Brands","0.00","USD"
"2026-01-30","259323671730401","Sponsored Products","11.35","USD"
"2026-01-03","551785069524711","Sponsored Products","11.28","USD"
"2026-01-18","529431876389782","Sponsored Products","0.00","USD"
"2026-01-21","530911335551258","Sponsored Products","0.00","CAD"
"2026-01-10","373663567761151","Sponsored Products","0.00","USD"
"2026-01-08","500955748191612","Sponsored Products","0.00","USD"
"2026-01-27","366616645988820","Sponsored Products","0.00","CAD"
"2026-01-21","560000811916391","Sponsored Brands","1.82","USD"
"2026-01-20","508144069166640","Sponsored Products","0.00","USD"
"2026-01-29","336361735801015","Sponsored Products","0.00","USD"
"2026-01-18","314318800479242","Sponsored Products","0.00","AUD"
"2026-01-28","360836238849040","Sponsored Products","0.00","AUD"
"2026-01-26","292138679780956","Sponsored Products","0.00","AUD"
"2026-01-07","318148591057223","Sponsored Products","0.00","GBP"
"2026-01-27","417350251520986","Sponsored Products","1.02","USD"
"2026-01-06","455688132780953","Sponsored Brands","0.67","USD"
"2026-01-13","423538576850039","Sponsored Products","0.00","AUD"
"2026-01-04","551785069524711","Sponsored Products","6.23","USD"
"2026-01-20","531616041116243","Sponsored Products","0.00","USD"
"2026-01-04","487908370268380","Sponsored Products","1.64","USD"
"2026-01-01","496249533315911","Sponsored Brands","1.24","USD"
"2026-01-17","475323940290788","Sponsored Products","3.72","USD"
"2026-01-25","463874563272935","Sponsored Brands","0.46","AUD"
"2026-01-08","436562742415834","Sponsored Products","0.13","GBP"
"2026-01-10","492312442577894","Sponsored Products","8.67","USD"
"2026-01-14","455193289976402","Sponsored Products","0.82","USD"
"2026-01-13","555516622120091","Sponsored Brands","0.56","GBP"
"2026-01-04","382536260418493","Sponsored Brands","3.69","USD"
"2026-01-11","450116297068538","Sponsored Products","1.66","USD"
"2026-01-07","296882349967704","Sponsored Products","7.93","USD"
"2026-01-26","451323086678396","Sponsored Products","0.00","USD"
"2026-01-29","255100442617527","Sponsored Products","0.00","USD"
"2026-01-13","316086976315498","Sponsored Brands","0.00","USD"
"2026-01-25","359104344566153","Sponsored Products","2.85","USD"
"2026-01-05","392972027720670","Sponsored Products","1.73","CAD"
"2026-01-01","482686146435604","Sponsored Brands","2.34","USD"
"2026-01-17","557388890025484","Sponsored Products","2.54","USD"
"2026-01-08","292138679780956","Sponsored Products","0.00","AUD"
"2026-01-31","419764168918332","Sponsored Brands","4.15","AUD"
"2026-01-14","299897583007336","Sponsored Products","7.52","USD"
"2026-01-14","430840323605870","Sponsored Products","0.00","USD"
"2026-01-11","354591663011981","Sponsored Brands","0.95","USD"
"2026-01-14","469814503032884","Sponsored Products","0.00","AUD"
"2026-01-29","28565058702355","Sponsored Products","1.92","USD"
"2026-01-22","286308132559342","Sponsored Brands","0.00","AUD"
"2026-01-07","354627207584492","Sponsored Products","0.00","CAD"
"2026-01-07","354484097353439","Sponsored Products","0.00","GBP"
"2026-01-06","402744546317623","Sponsored Brands","0.00","GBP"
"2026-01-02","556675911222056","Sponsored Products","0.00","GBP"
"2026-01-06","383356525876468","Sponsored Products","0.00","USD"
"2026-01-14","321879822518995","Sponsored Products","0.00","AUD"
"2026-01-02","303784488331012","Sponsored Display","0.00","AUD"
"2026-01-25","475323940290788","Sponsored Products","12.18","USD"
"2026-01-25","380439551325000","Sponsored Products","3.29","GBP"
"2026-01-07","434871922933588","Sponsored Brands","0.00","CAD"
"2026-01-18","407444835513369","Sponsored Brands","1.00","CAD"
"2026-01-30","354036750973331","Sponsored Products","2.86","CAD"
"2026-01-24","336361735801015","Sponsored Products","0.00","USD"
"2026-01-21","497204182729156","Sponsored Brands","0.00","USD"
"2026-01-31","38682977693457","Sponsored Products","0.00","USD"
"2026-01-29","18193170148935","Sponsored Products","0.92","USD"
"2026-01-03","522533017982048","Sponsored Products","0.00","CAD"
"2026-01-24","446701085946014","Sponsored Products","0.00","GBP"
"2026-01-20","328392570118308","Sponsored Brands","0.00","AUD"
"2026-01-17","495677195822245","Sponsored Brands","0.75","USD"
"2026-01-08","504962652065858","Sponsored Brands","0.00","AUD"
"2026-01-19","506556070299851","Sponsored Products","0.00","USD"
"2026-01-27","441925918527435","Sponsored Brands","1.32","USD"
"2026-01-04","331897417467946","Sponsored Brands","0.65","GBP"
"2026-01-12","530353594830018","Sponsored Display","0.00","CAD"
"2026-01-13","463874563272935","Sponsored Brands","0.00","AUD"
"2026-01-06","291060086740958","Sponsored Products","16.01","USD"
"2026-01-15","550084596372285","Sponsored Products","0.00","USD"
"2026-01-02","349690804752896","Sponsored Products","44.23","USD"
"2026-01-05","423699972104364","Sponsored Brands","4.85","USD"
"2026-01-05","432013629308606","Sponsored Brands","3.76","CAD"
"2026-01-20","93061813718954","Sponsored Products","13.53","USD"
"2026-01-12","354627207584492","Sponsored Products","0.00","CAD"
"2026-01-15","347536643859180","Sponsored Products","0.00","GBP"
"2026-01-25","286308132559342","Sponsored Brands","0.00","AUD"
"2026-01-29","357384467879967","Sponsored Brands","2.74","USD"
"2026-01-03","331897417467946","Sponsored Brands","0.38","GBP"
"2026-01-10","325883174926875","Sponsored Brands","2.76","USD"
"2026-01-22","495677195822245","Sponsored Brands","1.33","USD"
"2026-01-18","559365035833525","Sponsored Brands","0.00","AUD"
"2026-01-20","307922603865773","Sponsored Products","10.83","USD"
"2026-01-26","489671557305898","Sponsored Display","0.12","USD"
"2026-01-24","428015197375542","Sponsored Products","0.00","AUD"
"2026-01-15","453187476718269","Sponsored Display","0.00","CAD"
"2026-01-21","292138679780956","Sponsored Products","0.36","AUD"
"2026-01-17","522533017982048","Sponsored Products","0.00","CAD"
"2026-01-31","459130146103681","Sponsored Display","0.00","AUD"
"2026-01-19","492312442577894","Sponsored Products","4.75","USD"
"2026-01-19","394083050171294","Sponsored Products","4.92","USD"
"2026-01-06","539834455179217","Sponsored Products","2.37","USD"
"2026-01-10","400050759741035","Sponsored Products","0.00","USD"
"2026-01-26","432312765744113","Sponsored Products","0.44","USD"
"2026-01-16","556616987602606","Sponsored Products","5.20","USD"
"2026-01-01","402744546317623","Sponsored Brands","0.00","GBP"
"2026-01-05","538771699321102","Sponsored Products","0.00","AUD"
"2026-01-14","434170639918769","Sponsored Brands","0.00","USD"
"2026-01-17","398122169001461","Sponsored Products","1.97","AUD"
"2026-01-26","486830706800832","Sponsored Products","0.45","CAD"
"2026-01-29","409249674990450","Sponsored Products","0.00","AUD"
"2026-01-03","396524009311704","Sponsored Brands","7.90","CAD"
"2026-01-23","312451130238004","Sponsored Brands","0.00","USD"
"2026-01-25","400050759741035","Sponsored Products","0.00","USD"
"2026-01-20","317772463042332","Sponsored Products","0.41","AUD"
"2026-01-23","469814503032884","Sponsored Products","0.00","AUD"
"2026-01-28","366993568403124","Sponsored Products","33.46","USD"
"2026-01-13","444969564092992","Sponsored Products","0.00","CAD"
"2026-01-15","511519443187302","Sponsored Products","4.18","GBP"
"2026-01-29","371604599978031","Sponsored Products","0.00","AUD"
"2026-01-23","557388890025484","Sponsored Products","2.03","USD"
"2026-01-30","453187476718269","Sponsored Display","0.00","CAD"
"2026-01-10","392699328377229","Sponsored Products","0.00","AUD"
"2026-01-10","314318800479242","Sponsored Products","0.00","AUD"
"2026-01-02","467633236874996","Sponsored Products","0.00","AUD"
"2026-01-23","524438997214345","Sponsored Products","0.00","USD"
"2026-01-25","316018693107855","Sponsored Products","4.58","USD"
"2026-01-08","469490646233874","Sponsored Products","0.00","USD"
"2026-01-10","297446437541925","Sponsored Products","19.15","USD"
"2026-01-17","317772463042332","Sponsored Products","0.60","AUD"
"2026-01-04","409429087898453","Sponsored Display","0.00","CAD"
"2026-01-11","479364871682871","Sponsored Products","10.15","USD"
"2026-01-06","506556070299851","Sponsored Products","0.00","USD"
"2026-01-29","538699937906302","Sponsored Products","0.00","USD"
"2026-01-14","461803854184467","Sponsored Products","0.85","CAD"
"2026-01-23","524843805783693","Sponsored Products","2.20","USD"
"2026-01-08","485543012454911","Sponsored Products","2.05","USD"
"2026-01-07","518228166841375","Sponsored Brands","0.75","GBP"
"2026-01-31","307534770253902","Sponsored Products","0.00","CAD"
"2026-01-20","539834455179217","Sponsored Products","1.48","USD"
"2026-01-20","318148591057223","Sponsored Products","0.20","GBP"
"2026-01-05","366993568403124","Sponsored Products","45.91","USD"
"2026-01-30","263910374759225","Sponsored Products","1.53","CAD"
"2026-01-27","398859393836995","Sponsored Products","0.00","GBP"
"2026-01-11","350228282296039","Sponsored Products","6.98","USD"
"2026-01-01","286601245904247","Sponsored Products","0.00","CAD"
"2026-01-26","288669281122601","Sponsored Products","0.00","AUD"
"2026-01-21","539834455179217","Sponsored Products","1.77","USD"
"2026-01-17","487313850471925","Sponsored Brands","0.00","USD"
"2026-01-25","481343337793629","Sponsored Products","0.00","GBP"
"2026-01-31","375412452273685","Sponsored Products","3.43","GBP"
"2026-01-10","527711743915708","Sponsored Products","56.89","USD"
"2026-01-10","485543012454911","Sponsored Products","1.71","USD"
"2026-01-16","384986795476042","Sponsored Brands","0.80","CAD"
"2026-01-26","546618773117950","Sponsored Brands","2.63","AUD"
"2026-01-18","402078469217372","Sponsored Products","4.18","USD"
"2026-01-20","297446437541925","Sponsored Products","10.33","USD"
"2026-01-29","529431876389782","Sponsored Products","0.00","USD"
"2026-01-29","297335215332435","Sponsored Products","5.16","CAD"
"2026-01-04","384137786867273","Sponsored Products","0.00","USD"
"2026-01-05","399857229182854","Sponsored Brands","3.64","GBP"
"2026-01-10","291680855614624","Sponsored Brands","1.93","GBP"
"2026-01-12","417350251520986","Sponsored Products","2.13","USD"
"2026-01-17","300354268849742","Sponsored Brands","0.92","CAD"
"2026-01-11","432013629308606","Sponsored Brands","9.54","CAD"
"2026-01-25","363579801300326","Sponsored Products","0.00","CAD"
"2026-01-01","559365035833525","Sponsored Brands","0.00","AUD"
"2026-01-13","407530123839349","Sponsored Products","0.00","AUD"
"2026-01-18","530911335551258","Sponsored Products","0.00","CAD"
"2026-01-24","509593684638198","Sponsored Brands","2.26","USD"
"2026-01-26","307534770253902","Sponsored Products","0.00","CAD"
"2026-01-27","323864334787492","Sponsored Products","0.00","AUD"
"2026-01-21","353698807350187","Sponsored Products","0.00","USD"
"2026-01-15","93061813718954","Sponsored Products","13.16","USD"
"2026-01-04","530543664696574","Sponsored Products","0.79","AUD"
"2026-01-08","477195069585228","Sponsored Products","0.00","USD"
"2026-01-20","494994223093944","Sponsored Brands","0.00","AUD"
"2026-01-12","453187476718269","Sponsored Display","0.00","CAD"
"2026-01-22","537194794349407","Sponsored Products","3.46","USD"
"2026-01-30","266158523203302","Sponsored Products","0.00","USD"
"2026-01-03","539834455179217","Sponsored Products","3.66","USD"
"2026-01-19","459130146103681","Sponsored Display","0.00","AUD"
"2026-01-20","332116728677051","Sponsored Products","0.00","CAD"
"2026-01-30","384986795476042","Sponsored Brands","0.55","CAD"
"2026-01-07","365912534680395","Sponsored Products","0.00","GBP"
"2026-01-30","441276644656791","Sponsored Brands","0.00","AUD"
"2026-01-14","489671557305898","Sponsored Display","0.36","USD"
"2026-01-03","473740316381787","Sponsored Products","2.46","GBP"
"2026-01-23","347536643859180","Sponsored Products","0.00","GBP"
"2026-01-13","557738489078024","Sponsored Products","0.65","CAD"
"2026-01-20","491792683377286","Sponsored Products","0.00","USD"
"2026-01-29","512730232590991","Sponsored Products","0.00","USD"
"2026-01-16","477120010084382","Sponsored Products","3.01","USD"
"2026-01-30","300894362771504","Sponsored Products","0.00","GBP"
"2026-01-25","392537273853228","Sponsored Brands","2.80","AUD"
"2026-01-05","363579801300326","Sponsored Products","0.03","CAD"
"2026-01-24","405896045618734","Sponsored Display","0.00","USD"
"2026-01-26","409249674990450","Sponsored Products","0.00","AUD"
"2026-01-27","487313850471925","Sponsored Brands","0.72","USD"
"2026-01-30","423538576850039","Sponsored Products","0.00","AUD"
"2026-01-11","494896120843036","Sponsored Products","0.55","USD"
"2026-01-06","439526402269373","Sponsored Products","0.00","GBP"
"2026-01-06","351594278748520","Sponsored Products","0.00","USD"
"2026-01-13","531194039320877","Sponsored Products","0.00","CAD"
"2026-01-24","312711508263023","Sponsored Products","0.00","AUD"
"2026-01-02","455193289976402","Sponsored Products","0.00","USD"
"2026-01-13","350228282296039","Sponsored Products","4.03","USD"
"2026-01-02","93061813718954","Sponsored Products","13.57","USD"
"2026-01-12","406964010755868","Sponsored Products","0.00","CAD"
"2026-01-15","307534770253902","Sponsored Products","0.00","CAD"
"2026-01-13","422803050752749","Sponsored Products","0.84","USD"
"2026-01-05","189738652799913","Sponsored Brands","0.00","CAD"
"2026-01-14","423825131329520","Sponsored Products","20.90","USD"
"2026-01-28","375451164709840","Sponsored Products","0.00","GBP"
"2026-01-17","310318758176650","Sponsored Products","0.00","CAD"
"2026-01-13","386920533914758","Sponsored Brands","1.97","CAD"
"2026-01-31","329222077811459","Sponsored Brands","0.00","GBP"
"2026-01-15","368310850203338","Sponsored Products","12.05","USD"
"2026-01-22","406487274006731","Sponsored Products","0.00","AUD"
"2026-01-07","429345285920060","Sponsored Brands","0.54","GBP"
"2026-01-03","342468627864471","Sponsored Products","1.30","GBP"
"2026-01-24","329222077811459","Sponsored Brands","0.92","GBP"
"2026-01-28","491770987077396","Sponsored Products","30.63","USD"
"2026-01-24","494994223093944","Sponsored Brands","0.00","AUD"
"2026-01-03","461174245552414","Sponsored Products","0.96","AUD"
"2026-01-11","405896045618734","Sponsored Display","0.00","USD"
"2026-01-19","407444835513369","Sponsored Brands","1.78","CAD"
"2026-01-26","431386932028495","Sponsored Products","16.48","USD"
"2026-01-29","280513164622908","Sponsored Products","0.00","USD"
"2026-01-24","401058364234122","Sponsored Products","1.18","CAD"
"2026-01-11","278400043801722","Sponsored Products","0.00","GBP"
"2026-01-09","455100983218716","Sponsored Brands","1.82","USD"
"2026-01-22","461174245552414","Sponsored Products","4.32","AUD"
"2026-01-20","461174245552414","Sponsored Products","4.36","AUD"
"2026-01-28","407444835513369","Sponsored Brands","1.30","CAD"
"2026-01-18","558782683947956","Sponsored Products","0.00","CAD"
"2026-01-03","508144069166640","Sponsored Products","0.00","USD"
"2026-01-10","392537273853228","Sponsored Brands","0.00","AUD"
"2026-01-30","518228166841375","Sponsored Brands","1.28","GBP"
"2026-01-28","291680855614624","Sponsored Brands","2.05","GBP"
"2026-01-06","366993568403124","Sponsored Products","23.58","USD"
"2026-01-23","479364871682871","Sponsored Products","12.84","USD"
"2026-01-22","548511206574211","Sponsored Brands","0.00","AUD"
"2026-01-27","459488439760934","Sponsored Products","0.00","GBP"
"2026-01-20","291680855614624","Sponsored Brands","2.02","GBP"
"2026-01-08","444969564092992","Sponsored Products","0.13","CAD"
"2026-01-21","342233969782751","Sponsored Products","3.89","USD"
"2026-01-30","557814926181675","Sponsored Products","0.00","CAD"
"2026-01-23","298636506131156","Sponsored Brands","0.00","AUD"
"2026-01-07","464658704178346","Sponsored Brands","0.00","USD"
"2026-01-08","494590942145867","Sponsored Products","23.20","CAD"
"2026-01-02","406487274006731","Sponsored Products","0.00","AUD"
"2026-01-28","422803050752749","Sponsored Products","0.00","USD"
"2026-01-12","536186527693818","Sponsored Products","12.18","USD"
"2026-01-15","453503689032806","Sponsored Products","0.00","GBP"
"2026-01-04","495699106211812","Sponsored Products","10.69","AUD"
"2026-01-25","300894362771504","Sponsored Products","0.00","GBP"
"2026-01-07","363801591495934","Sponsored Brands","0.00","CAD"
"2026-01-30","284235017891966","Sponsored Products","4.26","CAD"
"2026-01-05","284096201830626","Sponsored Display","0.06","USD"
"2026-01-02","458737362224255","Sponsored Products","0.00","GBP"
"2026-01-06","553804041062258","Sponsored Products","2.67","USD"
"2026-01-20","380439551325000","Sponsored Products","4.20","GBP"
"2026-01-29","34639218619625","Sponsored Products","0.00","USD"
"2026-01-16","453503689032806","Sponsored Products","0.41","GBP"
"2026-01-03","455688132780953","Sponsored Brands","5.78","USD"
"2026-01-22","414778030564989","Sponsored Products","0.00","GBP"
"2026-01-08","336347500415431","Sponsored Products","4.56","USD"
"2026-01-18","371021037712738","Sponsored Products","48.79","USD"
"2026-01-30","1861066386589","Sponsored Products","0.00","USD"
"2026-01-30","174719285602701","Sponsored Products","8.80","USD"
"2026-01-20","299897583007336","Sponsored Products","13.45","USD"
"2026-01-20","310318758176650","Sponsored Products","0.64","CAD"
"2026-01-17","424413890381694","Sponsored Products","4.86","USD"
"2026-01-17","384137786867273","Sponsored Products","0.00","USD"
"2026-01-10","555516622120091","Sponsored Brands","0.36","GBP"
"2026-01-09","482686146435604","Sponsored Brands","0.85","USD"
"2026-01-31","303344079444236","Sponsored Brands","0.15","GBP"
"2026-01-15","541042710567147","Sponsored Products","4.73","USD"
"2026-01-05","539931100075119","Sponsored Brands","4.98","USD"
"2026-01-09","490007501473330","Sponsored Products","1.01","USD"
"2026-01-08","288086271468562","Sponsored Products","61.73","USD"
"2026-01-04","486830706800832","Sponsored Products","0.00","CAD"
"2026-01-26","339568026468029","Sponsored Brands","0.00","CAD"
"2026-01-13","320522945603717","Sponsored Brands","0.00","CAD"
"2026-01-02","417535655271448","Sponsored Products","19.12","USD"
"2026-01-15","286601245904247","Sponsored Products","0.00","CAD"
"2026-01-28","124202126398060","Sponsored Products","42.00","USD"
"2026-01-27","441276644656791","Sponsored Brands","0.00","AUD"
"2026-01-23","455688132780953","Sponsored Brands","0.00","USD"
"2026-01-04","375412452273685","Sponsored Products","8.72","GBP"
"2026-01-05","409429087898453","Sponsored Display","0.00","CAD"
"2026-01-22","508144069166640","Sponsored Products","0.00","USD"
"2026-01-30","278626821184075","Sponsored Products","18.19","USD"
"2026-01-15","490007501473330","Sponsored Products","7.92","USD"
"2026-01-29","1861066386589","Sponsored Products","1.14","USD"
"2026-01-15","505299994018527","Sponsored Products","0.00","CAD"
"2026-01-11","518653489850740","Sponsored Brands","0.00","USD"
"2026-01-28","486830706800832","Sponsored Products","0.00","CAD"
"2026-01-21","316207062053537","Sponsored Products","1.13","AUD"
"2026-01-25","355737664148283","Sponsored Brands","0.00","USD"
"2026-01-12","518228166841375","Sponsored Brands","0.59","GBP"
"2026-01-04","284235017891966","Sponsored Products","6.41","CAD"
"2026-01-03","292726552706968","Sponsored Products","0.00","USD"
"2026-01-11","291194333337791","Sponsored Products","0.00","USD"
"2026-01-15","429216730447678","Sponsored Products","0.00","AUD"
"2026-01-02","398122169001461","Sponsored Products","2.95","AUD"
"2026-01-23","381243195375500","Sponsored Products","1.14","USD"
"2026-01-06","419802202221779","Sponsored Products","1.98","CAD"
"2026-01-20","448149727236636","Sponsored Products","0.00","AUD"
"2026-01-20","440503817971150","Sponsored Products","9.96","USD"
"2026-01-16","432013629308606","Sponsored Brands","2.17","CAD"
"2026-01-22","400050759741035","Sponsored Products","0.00","USD"
"2026-01-05","483494234649944","Sponsored Products","0.00","USD"
"2026-01-13","363551194960955","Sponsored Products","0.00","CAD"
"2026-01-26","535387208566969","Sponsored Products","1.30","USD"
"2026-01-29","351594278748520","Sponsored Products","0.00","USD"
"2026-01-09","553804041062258","Sponsored Products","0.00","USD"
"2026-01-20","369371745062988","Sponsored Products","0.00","CAD"
"2026-01-23","309601314328778","Sponsored Products","0.18","CAD"
"2026-01-07","455193289976402","Sponsored Products","0.00","USD"
"2026-01-26","536850070634966","Sponsored Products","0.50","GBP"
"2026-01-16","347536643859180","Sponsored Products","0.00","GBP"
"2026-01-12","450215291242396","Sponsored Products","0.00","USD"
"2026-01-29","286855949125211","Sponsored Products","5.90","AUD"
"2026-01-23","503460776607859","Sponsored Brands","0.00","CAD"
"2026-01-15","509593684638198","Sponsored Brands","9.23","USD"
"2026-01-15","411197191773342","Sponsored Products","0.00","AUD"
"2026-01-02","401058364234122","Sponsored Products","0.70","CAD"
"2026-01-16","291618943691121","Sponsored Brands","0.00","AUD"
"2026-01-25","396006036421092","Sponsored Products","8.31","USD"
"2026-01-04","411197191773342","Sponsored Products","0.00","AUD"
"2026-01-21","411293040066733","Sponsored Products","0.00","GBP"
"2026-01-07","545146961820010","Sponsored Products","1.23","GBP"
"2026-01-25","395304589984653","Sponsored Products","0.00","CAD"
"2026-01-22","423447600502988","Sponsored Brands","0.83","CAD"
"2026-01-01","349690804752896","Sponsored Products","57.63","USD"
"2026-01-22","303332324664421","Sponsored Products","0.00","USD"
"2026-01-08","486830706800832","Sponsored Products","0.00","CAD"
"2026-01-23","453187476718269","Sponsored Display","0.00","CAD"
"2026-01-10","432312765744113","Sponsored Products","0.00","USD"
"2026-01-26","480355060288556","Sponsored Products","0.00","AUD"
"2026-01-25","392598200964005","Sponsored Products","0.00","CAD"
"2026-01-28","198809778193730","Sponsored Products","18.62","USD"
"2026-01-11","386865813070708","Sponsored Products","3.17","USD"
"2026-01-18","424600049511604","Sponsored Products","12.88","USD"
"2026-01-15","455100983218716","Sponsored Brands","0.47","USD"
"2026-01-16","318148591057223","Sponsored Products","0.00","GBP"
"2026-01-19","373663567761151","Sponsored Products","0.00","USD"
"2026-01-07","557814926181675","Sponsored Products","0.00","CAD"
"2026-01-14","375840213985973","Sponsored Products","0.00","USD"
"2026-01-26","320522945603717","Sponsored Brands","0.00","CAD"
"2026-01-22","443805539282973","Sponsored Brands","0.00","CAD"
"2026-01-12","378095244761436","Sponsored Products","0.00","USD"
"2026-01-16","467986598930085","Sponsored Products","16.02","USD"
"2026-01-02","382536260418493","Sponsored Brands","12.92","USD"
"2026-01-03","439663157752722","Sponsored Brands","1.20","USD"
"2026-01-29","124202126398060","Sponsored Products","40.29","USD"
"2026-01-08","464658704178346","Sponsored Brands","0.00","USD"
"2026-01-18","434871922933588","Sponsored Brands","0.98","CAD"
"2026-01-13","392537273853228","Sponsored Brands","0.00","AUD"
"2026-01-22","324446919049652","Sponsored Products","4.95","USD"
"2026-01-22","419802202221779","Sponsored Products","2.25","CAD"
"2026-01-31","164743561215297","Sponsored Products","0.00","USD"
"2026-01-02","494896120843036","Sponsored Products","7.35","USD"
"2026-01-02","501445692271818","Sponsored Products","0.00","USD"
"2026-01-28","317772463042332","Sponsored Products","0.00","AUD"
"2026-01-16","461174245552414","Sponsored Products","1.15","AUD"
"2026-01-07","432013629308606","Sponsored Brands","4.95","CAD"
"2026-01-30","325883174926875","Sponsored Brands","1.41","USD"
"2026-01-12","546191132663927","Sponsored Brands","2.55","USD"
"2026-01-24","411564343397398","Sponsored Products","6.31","USD"
"2026-01-24","453754530299965","Sponsored Brands","24.38","USD"
"2026-01-02","454564300195235","Sponsored Products","0.50","GBP"
"2026-01-15","386865813070708","Sponsored Products","0.56","USD"
"2026-01-09","316018693107855","Sponsored Products","8.12","USD"
"2026-01-28","134777743429986","Sponsored Products","0.00","USD"
"2026-01-31","476877916686317","Sponsored Brands","1.72","AUD"
"2026-01-18","411564343397398","Sponsored Products","0.00","USD"
"2026-01-09","481343337793629","Sponsored Products","0.00","GBP"
"2026-01-06","345786769504667","Sponsored Products","1.70","USD"
"2026-01-15","486830706800832","Sponsored Products","0.00","CAD"
"2026-01-11","459488439760934","Sponsored Products","2.04","GBP"
"2026-01-17","454571413921997","Sponsored Products","0.00","GBP"
"2026-01-07","316086976315498","Sponsored Brands","0.00","USD"
"2026-01-23","291680855614624","Sponsored Brands","2.87","GBP"
"2026-01-20","495677195822245","Sponsored Brands","0.00","USD"
"2026-01-05","452065263384491","Sponsored Brands","5.56","USD"
"2026-01-25","310318758176650","Sponsored Products","0.29","CAD"
"2026-01-18","488650993039900","Sponsored Brands","0.00","USD"
"2026-01-01","455622109943339","Sponsored Products","0.00","AUD"
"2026-01-04","443805539282973","Sponsored Brands","0.00","CAD"
"2026-01-27","354627207584492","Sponsored Products","0.00","CAD"
"2026-01-05","427514193060341","Sponsored Products","0.00","USD"
"2026-01-14","546641048554747","Sponsored Products","0.00","USD"
"2026-01-05","397652540263806","Sponsored Products","0.00","CAD"
"2026-01-11","488650993039900","Sponsored Brands","0.00","USD"
"2026-01-13","375840213985973","Sponsored Products","0.00","USD"
"2026-01-13","467986598930085","Sponsored Products","16.21","USD"
"2026-01-17","482686146435604","Sponsored Brands","6.15","USD"
"2026-01-04","558297049226516","Sponsored Brands","0.43","CAD"
"2026-01-03","458452283549074","Sponsored Brands","0.00","CAD"
"2026-01-01","486830706800832","Sponsored Products","0.45","CAD"
"2026-01-15","430840323605870","Sponsored Products","0.00","USD"
"2026-01-29","40237294180920","Sponsored Products","0.00","USD"
"2026-01-29","263531397076178","Sponsored Products","2.00","USD"
"2026-01-09","555360954347903","Sponsored Products","0.00","CAD"
"2026-01-01","348184859637636","Sponsored Brands","2.99","USD"
"2026-01-26","382536260418493","Sponsored Brands","3.01","USD"
"2026-01-07","298636506131156","Sponsored Brands","0.00","AUD"
"2026-01-03","324740828073799","Sponsored Products","0.00","AUD"
"2026-01-01","396006036421092","Sponsored Products","0.00","USD"
"2026-01-13","522533017982048","Sponsored Products","0.00","CAD"
"2026-01-29","555360954347903","Sponsored Products","0.00","CAD"
"2026-01-12","381243195375500","Sponsored Products","0.57","USD"
"2026-01-13","398859393836995","Sponsored Products","4.42","GBP"
"2026-01-12","554517553013265","Sponsored Products","0.00","CAD"
"2026-01-17","321879822518995","Sponsored Products","0.00","AUD"
"2026-01-27","498311429491057","Sponsored Display","0.00","CAD"
"2026-01-05","454992450655768","Sponsored Products","1.88","USD"
"2026-01-09","469814503032884","Sponsored Products","0.00","AUD"
"2026-01-24","396524009311704","Sponsored Brands","0.58","CAD"
"2026-01-29","453754530299965","Sponsored Brands","0.77","USD"
"2026-01-08","423825131329520","Sponsored Products","16.26","USD"
"2026-01-18","288086271468562","Sponsored Products","32.81","USD"
"2026-01-27","554029658228344","Sponsored Display","0.00","GBP"
"2026-01-11","539750977499191","Sponsored Products","0.00","CAD"
"2026-01-11","380662946968621","Sponsored Display","15.43","USD"
"2026-01-21","298636506131156","Sponsored Brands","0.00","AUD"
"2026-01-18","459488439760934","Sponsored Products","0.68","GBP"
"2026-01-04","557388890025484","Sponsored Products","1.85","USD"
"2026-01-22","545146961820010","Sponsored Products","2.42","GBP"
"2026-01-21","423825131329520","Sponsored Products","12.08","USD"
"2026-01-05","495677195822245","Sponsored Brands","1.64","USD"
"2026-01-19","293195244233089","Sponsored Products","2.00","USD"
"2026-01-06","521187964040554","Sponsored Products","0.00","CAD"
"2026-01-07","558297049226516","Sponsored Brands","0.00","CAD"
"2026-01-03","488081803937581","Sponsored Products","0.00","GBP"
"2026-01-11","417350251520986","Sponsored Products","0.24","USD"
"2026-01-26","413308568322873","Sponsored Brands","0.00","USD"
"2026-01-02","297446437541925","Sponsored Products","6.75","USD"
"2026-01-29","67855357390881","Sponsored Products","1.42","USD"
"2026-01-24","363551194960955","Sponsored Products","0.00","CAD"
"2026-01-28","487327596470810","Sponsored Products","0.00","USD"
"2026-01-30","432013629308606","Sponsored Brands","2.04","CAD"
"2026-01-17","514416545593290","Sponsored Products","0.00","USD"
"2026-01-06","349690804752896","Sponsored Products","67.31","USD"
"2026-01-07","486701736662809","Sponsored Products","10.86","AUD"
"2026-01-09","455688132780953","Sponsored Brands","1.13","USD"
"2026-01-12","532209379687062","Sponsored Display","4.24","GBP"
"2026-01-04","536492240546443","Sponsored Products","0.00","CAD"
"2026-01-03","497957834650736","Sponsored Products","0.00","AUD"
"2026-01-05","535387208566969","Sponsored Products","1.19","USD"
"2026-01-13","392598200964005","Sponsored Products","1.10","CAD"
"2026-01-20","523047960784195","Sponsored Products","14.55","USD"
"2026-01-16","443207948405482","Sponsored Products","0.00","CAD"
"2026-01-29","288045582881440","Sponsored Products","0.00","USD"
"2026-01-26","407346576799567","Sponsored Products","0.00","AUD"
"2026-01-09","401058364234122","Sponsored Products","2.49","CAD"
"2026-01-23","353468389499196","Sponsored Brands","0.98","USD"
"2026-01-18","486830706800832","Sponsored Products","0.66","CAD"
"2026-01-03","400050759741035","Sponsored Products","0.00","USD"
"2026-01-26","505299994018527","Sponsored Products","0.00","CAD"
"2026-01-02","486830706800832","Sponsored Products","0.00","CAD"
"2026-01-07","555379102425019","Sponsored Products","2.97","CAD"
"2026-01-26","495242868805173","Sponsored Products","1.75","GBP"
"2026-01-15","297335215332435","Sponsored Products","4.83","CAD"
"2026-01-09","378858058113466","Sponsored Products","0.00","CAD"
"2026-01-24","339568026468029","Sponsored Brands","0.00","CAD"
"2026-01-23","539931100075119","Sponsored Brands","1.96","USD"
"2026-01-12","398859393836995","Sponsored Products","2.76","GBP"
"2026-01-05","335433659020477","Sponsored Products","0.00","USD"
"2026-01-03","417535655271448","Sponsored Products","6.31","USD"
"2026-01-13","291612323170971","Sponsored Products","0.00","CAD"
"2026-01-15","348184859637636","Sponsored Brands","1.70","USD"
"2026-01-10","443805539282973","Sponsored Brands","0.00","CAD"
"2026-01-09","423471492340141","Sponsored Brands","0.00","USD"
"2026-01-02","363579801300326","Sponsored Products","0.03","CAD"
"2026-01-21","383356525876468","Sponsored Products","0.00","USD"
"2026-01-10","339568026468029","Sponsored Brands","0.35","CAD"
"2026-01-25","354627207584492","Sponsored Products","0.00","CAD"
"2026-01-05","332116728677051","Sponsored Products","0.00","CAD"
"2026-01-21","413308568322873","Sponsored Brands","0.00","USD"
"2026-01-02","480355060288556","Sponsored Products","0.00","AUD"
"2026-01-17","318148591057223","Sponsored Products","0.00","GBP"
"2026-01-22","529845821022802","Sponsored Products","0.00","AUD"
"2026-01-19","442522120858299","Sponsored Products","0.00","USD"
"2026-01-09","562857825893299","Sponsored Products","0.00","USD"
"2026-01-05","331897417467946","Sponsored Brands","0.73","GBP"
"2026-01-07","392699328377229","Sponsored Products","0.72","AUD"
"2026-01-25","428201110992726","Sponsored Products","10.38","USD"
"2026-01-08","293195244233089","Sponsored Products","0.00","USD"
"2026-01-05","288669281122601","Sponsored Products","0.00","AUD"
"2026-01-18","475323940290788","Sponsored Products","12.19","USD"
"2026-01-18","482686146435604","Sponsored Brands","8.34","USD"
"2026-01-24","540593023678755","Sponsored Products","2.30","USD"
"2026-01-30","42141939819441","Sponsored Products","1.29","USD"
"2026-01-03","431453849332804","Sponsored Products","0.77","USD"
"2026-01-24","459488439760934","Sponsored Products","0.00","GBP"
"2026-01-25","509593684638198","Sponsored Brands","5.64","USD"
"2026-01-06","392972027720670","Sponsored Products","0.00","CAD"
"2026-01-10","493519110544788","Sponsored Products","8.23","USD"
"2026-01-14","387735099454991","Sponsored Products","0.00","USD"
"2026-01-14","493519110544788","Sponsored Products","2.47","USD"
"2026-01-11","558297049226516","Sponsored Brands","0.00","CAD"
"2026-01-15","400936883710783","Sponsored Products","3.61","AUD"
"2026-01-19","546618773117950","Sponsored Brands","0.00","AUD"
"2026-01-02","527711743915708","Sponsored Products","104.43","USD"
"2026-01-02","531194039320877","Sponsored Products","0.75","CAD"
"2026-01-14","532209379687062","Sponsored Display","1.32","GBP"
"2026-01-20","455100983218716","Sponsored Brands","0.00","USD"
"2026-01-12","314318800479242","Sponsored Products","0.00","AUD"
"2026-01-31","121446500477002","Sponsored Products","5.16","USD"
"2026-01-29","205922105032655","Sponsored Products","0.00","USD"
"2026-01-24","366616645988820","Sponsored Products","0.00","CAD"
"2026-01-21","538699937906302","Sponsored Products","0.00","USD"
"2026-01-17","455193289976402","Sponsored Products","0.00","USD"
"2026-01-25","346023186686134","Sponsored Brands","0.00","USD"
"2026-01-23","490007501473330","Sponsored Products","3.30","USD"
"2026-01-19","483182403867537","Sponsored Products","0.00","USD"
"2026-01-08","297446437541925","Sponsored Products","7.93","USD"
"2026-01-07","446701085946014","Sponsored Products","0.00","GBP"
"2026-01-30","459130146103681","Sponsored Display","0.00","AUD"
"2026-01-12","402744546317623","Sponsored Brands","0.00","GBP"
"2026-01-04","515637010546761","Sponsored Brands","3.74","USD"
"2026-01-18","526735719174751","Sponsored Products","0.00","USD"
"2026-01-29","284235017891966","Sponsored Products","3.72","CAD"
"2026-01-09","303784488331012","Sponsored Display","0.00","AUD"
"2026-01-17","495242868805173","Sponsored Products","1.75","GBP"
"2026-01-21","300894362771504","Sponsored Products","0.60","GBP"
"2026-01-04","532503737498489","Sponsored Products","8.46","USD"
"2026-01-23","354036750973331","Sponsored Products","8.45","CAD"
"2026-01-07","483182403867537","Sponsored Products","3.02","USD"
"2026-01-07","316018693107855","Sponsored Products","5.83","USD"
"2026-01-17","516342953216189","Sponsored Products","0.00","USD"
"2026-01-01","458737362224255","Sponsored Products","0.00","GBP"
"2026-01-01","308606443975325","Sponsored Display","3.08","AUD"
"2026-01-01","411564343397398","Sponsored Products","15.84","USD"
"2026-01-03","432312765744113","Sponsored Products","6.52","USD"
"2026-01-04","556675911222056","Sponsored Products","0.00","GBP"
"2026-01-21","548511206574211","Sponsored Brands","0.00","AUD"
"2026-01-15","309978526979947","Sponsored Products","1.65","USD"
"2026-01-24","469814503032884","Sponsored Products","0.00","AUD"
"2026-01-20","319039175979040","Sponsored Products","0.00","CAD"
"2026-01-02","428914757065848","Sponsored Products","0.00","CAD"
"2026-01-21","329222077811459","Sponsored Brands","0.84","GBP"
"2026-01-24","327323455598643","Sponsored Products","0.00","GBP"
"2026-01-12","434871922933588","Sponsored Brands","2.55","CAD"
"2026-01-04","314318800479242","Sponsored Products","0.00","AUD"
"2026-01-24","542616313773815","Sponsored Brands","1.76","USD"
"2026-01-10","451323086678396","Sponsored Products","0.00","USD"
"2026-01-16","524843805783693","Sponsored Products","0.61","USD"
"2026-01-27","288045582881440","Sponsored Products","0.00","USD"
"2026-01-08","328392570118308","Sponsored Brands","0.83","AUD"
"2026-01-04","439118795538688","Sponsored Brands","0.00","CAD"
"2026-01-02","392537273853228","Sponsored Brands","0.00","AUD"
"2026-01-05","398718122329444","Sponsored Products","0.24","GBP"
"2026-01-23","399629340308947","Sponsored Brands","0.00","AUD"
"2026-01-02","469438672280657","Sponsored Products","4.59","GBP"
"2026-01-10","301972852761247","Sponsored Products","2.22","USD"
"2026-01-29","350228282296039","Sponsored Products","0.00","USD"
"2026-01-12","413308568322873","Sponsored Brands","2.29","USD"
"2026-01-22","298636506131156","Sponsored Brands","0.68","AUD"
"2026-01-08","377578915667002","Sponsored Products","16.56","USD"
"2026-01-31","554029658228344","Sponsored Display","0.00","GBP"
"2026-01-13","348537181713557","Sponsored Products","0.63","GBP"
"2026-01-26","384986795476042","Sponsored Brands","0.81","CAD"
"2026-01-26","440503817971150","Sponsored Products","5.77","USD"
"2026-01-28","303332324664421","Sponsored Products","0.00","USD"
"2026-01-01","488081803937581","Sponsored Products","0.00","GBP"
"2026-01-07","531187508971652","Sponsored Display","0.00","CAD"
"2026-01-24","291680855614624","Sponsored Brands","3.29","GBP"
"2026-01-06","464658704178346","Sponsored Brands","0.27","USD"
"2026-01-13","440997775738977","Sponsored Products","0.00","AUD"
"2026-01-22","93061813718954","Sponsored Products","19.82","USD"
"2026-01-07","471805907077682","Sponsored Products","0.00","USD"
"2026-01-29","128770506922317","Sponsored Products","6.88","USD"
"2026-01-29","48433117829801","Sponsored Products","11.20","USD"
"2026-01-03","369371745062988","Sponsored Products","0.00","CAD"
"2026-01-07","318399173824872","Sponsored Products","0.80","GBP"
"2026-01-16","312632253610695","Sponsored Brands","52.59","USD"
"2026-01-02","459130146103681","Sponsored Display","0.00","AUD"
"2026-01-28","557814926181675","Sponsored Products","0.00","CAD"
"2026-01-06","373188657935606","Sponsored Products","0.00","AUD"
"2026-01-01","457705240079738","Sponsored Brands","3.65","GBP"
"2026-01-03","457705240079738","Sponsored Brands","2.63","GBP"
"2026-01-30","288669281122601","Sponsored Products","0.40","AUD"
"2026-01-27","399703016940832","Sponsored Brands","1.03","CAD"
"2026-01-22","491366396962687","Sponsored Brands","2.79","USD"
"2026-01-03","556616987602606","Sponsored Products","7.28","USD"
"2026-01-23","522533017982048","Sponsored Products","0.00","CAD"
"2026-01-21","399703016940832","Sponsored Brands","0.00","CAD"
"2026-01-02","412663623607577","Sponsored Products","0.00","USD"
"2026-01-02","503995766126833","Sponsored Products","0.39","GBP"
"2026-01-21","531616041116243","Sponsored Products","0.00","USD"
"2026-01-21","373663567761151","Sponsored Products","0.00","USD"
"2026-01-21","412663623607577","Sponsored Products","0.00","USD"
"2026-01-17","453754530299965","Sponsored Brands","20.68","USD"
"2026-01-01","453239686745418","Sponsored Products","1.89","GBP"
"2026-01-14","469438672280657","Sponsored Products","0.00","GBP"
"2026-01-12","286308132559342","Sponsored Brands","0.00","AUD"
"2026-01-03","532503737498489","Sponsored Products","5.04","USD"
"2026-01-18","451323086678396","Sponsored Products","0.87","USD"
"2026-01-24","397652540263806","Sponsored Products","0.00","CAD"
"2026-01-25","328156874590794","Sponsored Brands","5.93","USD"
"2026-01-08","336361735801015","Sponsored Products","0.42","USD"
"2026-01-14","429345285920060","Sponsored Brands","0.00","GBP"
"2026-01-24","493519110544788","Sponsored Products","1.99","USD"
"2026-01-24","548511206574211","Sponsored Brands","0.00","AUD"
"2026-01-31","437016942104478","Sponsored Brands","0.00","CAD"
"2026-01-02","351594278748520","Sponsored Products","1.74","USD"
"2026-01-29","383356525876468","Sponsored Products","0.00","USD"
"2026-01-29","61503627186513","Sponsored Products","0.00","USD"
"2026-01-28","495242868805173","Sponsored Products","0.00","GBP"
"2026-01-21","501445692271818","Sponsored Products","2.22","USD"
"2026-01-20","548511206574211","Sponsored Brands","0.00","AUD"
"2026-01-30","548511206574211","Sponsored Brands","0.00","AUD"
"2026-01-22","368310850203338","Sponsored Products","0.74","USD"
"2026-01-01","490007501473330","Sponsored Products","4.24","USD"
"2026-01-14","443805539282973","Sponsored Brands","0.50","CAD"
"2026-01-29","54386198712419","Sponsored Products","4.20","USD"
"2026-01-20","375412452273685","Sponsored Products","7.87","GBP"
"2026-01-16","298636506131156","Sponsored Brands","0.00","AUD"
"2026-01-13","440503817971150","Sponsored Products","10.43","USD"
"2026-01-24","407444835513369","Sponsored Brands","1.33","CAD"
"2026-01-09","327999245273994","Sponsored Brands","10.19","USD"
"2026-01-06","476877916686317","Sponsored Brands","0.47","AUD"
"2026-01-22","475323940290788","Sponsored Products","5.61","USD"
"2026-01-10","292138679780956","Sponsored Products","0.00","AUD"
"2026-01-29","498311429491057","Sponsored Display","0.00","CAD"
"2026-01-28","145958940968220","Sponsored Products","0.00","USD"
"2026-01-25","434871922933588","Sponsored Brands","5.93","CAD"
"2026-01-11","411197191773342","Sponsored Products","0.00","AUD"
"2026-01-11","487327596470810","Sponsored Products","0.00","USD"
"2026-01-28","152555236474228","Sponsored Products","1.05","USD"
"2026-01-26","284235017891966","Sponsored Products","4.67","CAD"
"2026-01-11","531616041116243","Sponsored Products","0.94","USD"
"2026-01-11","539834455179217","Sponsored Products","2.11","USD"
"2026-01-20","550084596372285","Sponsored Products","0.00","USD"
"2026-01-15","327999245273994","Sponsored Brands","5.88","USD"
"2026-01-20","461796416279930","Sponsored Products","0.51","GBP"
"2026-01-12","455465774244567","Sponsored Products","0.00","USD"
"2026-01-19","412663623607577","Sponsored Products","0.00","USD"
"2026-01-12","422044464968254","Sponsored Products","3.20","GBP"
"2026-01-01","486162121720882","Sponsored Products","0.65","USD"
"2026-01-18","340849210853799","Sponsored Products","3.70","USD"
"2026-01-28","399857229182854","Sponsored Brands","2.25","GBP"
"2026-01-07","354036750973331","Sponsored Products","3.35","CAD"
"2026-01-10","357384467879967","Sponsored Brands","3.75","USD"
"2026-01-26","394083050171294","Sponsored Products","5.08","USD"
"2026-01-11","360412290312296","Sponsored Brands","3.61","CAD"
"2026-01-24","450215291242396","Sponsored Products","0.00","USD"
"2026-01-22","516342953216189","Sponsored Products","1.69","USD"
"2026-01-20","562857825893299","Sponsored Products","0.00","USD"
"2026-01-28","467633236874996","Sponsored Products","0.00","AUD"
"2026-01-15","366993568403124","Sponsored Products","63.59","USD"
"2026-01-22","338934805167255","Sponsored Products","0.00","USD"
"2026-01-07","292726552706968","Sponsored Products","6.71","USD"
"2026-01-20","492312442577894","Sponsored Products","2.81","USD"
"2026-01-29","377578915667002","Sponsored Products","0.00","USD"
"2026-01-12","473740316381787","Sponsored Products","1.71","GBP"
"2026-01-05","380787783830601","Sponsored Products","0.62","USD"
"2026-01-12","562857825893299","Sponsored Products","3.14","USD"
"2026-01-23","546191132663927","Sponsored Brands","1.01","USD"
"2026-01-08","353698807350187","Sponsored Products","2.76","USD"
"2026-01-14","472554317410495","Sponsored Brands","0.00","USD"
"2026-01-24","518653489850740","Sponsored Brands","0.00","USD"
"2026-01-22","557738489078024","Sponsored Products","0.00","CAD"
"2026-01-24","558782683947956","Sponsored Products","0.00","CAD"
"2026-01-12","384137786867273","Sponsored Products","0.00","USD"
"2026-01-02","557814926181675","Sponsored Products","0.33","CAD"
"2026-01-21","293195244233089","Sponsored Products","2.67","USD"
"2026-01-21","399857229182854","Sponsored Brands","2.28","GBP"
"2026-01-27","382263989834817","Sponsored Products","0.00","AUD"
"2026-01-05","349690804752896","Sponsored Products","52.35","USD"
"2026-01-01","407346576799567","Sponsored Products","0.00","AUD"
"2026-01-02","419764168918332","Sponsored Brands","0.72","AUD"
"2026-01-31","259323671730401","Sponsored Products","12.56","USD"
"2026-01-03","456837390130096","Sponsored Products","0.00","AUD"
"2026-01-02","511519443187302","Sponsored Products","2.15","GBP"
"2026-01-29","32030113168570","Sponsored Products","2.94","USD"
"2026-01-16","342468627864471","Sponsored Products","0.00","GBP"
"2026-01-25","354591663011981","Sponsored Brands","1.32","USD"
"2026-01-12","555360954347903","Sponsored Products","0.00","CAD"
"2026-01-11","553804041062258","Sponsored Products","3.81","USD"
"2026-01-07","400050759741035","Sponsored Products","0.00","USD"
"2026-01-09","428015197375542","Sponsored Products","0.00","AUD"
"2026-01-28","323864334787492","Sponsored Products","0.00","AUD"
"2026-01-25","517771475884325","Sponsored Brands","0.00","USD"
"2026-01-08","381948820461821","Sponsored Brands","0.00","USD"
"2026-01-25","363801591495934","Sponsored Brands","0.00","CAD"
"2026-01-16","324446919049652","Sponsored Products","13.63","USD"
"2026-01-16","280884599605823","Sponsored Products","10.04","USD"
"2026-01-29","65861573413220","Sponsored Products","0.00","USD"
"2026-01-29","321879822518995","Sponsored Products","0.00","AUD"
"2026-01-12","303344079444236","Sponsored Brands","0.22","GBP"
"2026-01-01","545989665090053","Sponsored Brands","0.44","GBP"
"2026-01-19","524843805783693","Sponsored Products","1.22","USD"
"2026-01-20","360836238849040","Sponsored Products","0.00","AUD"
"2026-01-12","309601314328778","Sponsored Products","0.36","CAD"
"2026-01-01","524438997214345","Sponsored Products","2.30","USD"
"2026-01-18","309978526979947","Sponsored Products","0.00","USD"
"2026-01-06","381948820461821","Sponsored Brands","0.00","USD"
"2026-01-20","486830706800832","Sponsored Products","0.45","CAD"
"2026-01-17","443207948405482","Sponsored Products","0.38","CAD"
"2026-01-15","473740316381787","Sponsored Products","1.32","GBP"
"2026-01-17","413308568322873","Sponsored Brands","0.20","USD"
"2026-01-31","414778030564989","Sponsored Products","1.59","GBP"
"2026-01-30","176992507771254","Sponsored Products","0.66","USD"
"2026-01-01","353062553216730","Sponsored Products","0.77","USD"
"2026-01-10","488469035179419","Sponsored Brands","0.00","AUD"
"2026-01-15","555379102425019","Sponsored Products","0.00","CAD"
"2026-01-19","297335215332435","Sponsored Products","0.84","CAD"
"2026-01-28","292138679780956","Sponsored Products","0.00","AUD"
"2026-01-09","386893543852916","Sponsored Products","2.14","CAD"
"2026-01-29","493216310640409","Sponsored Brands","8.12","USD"
"2026-01-22","477120010084382","Sponsored Products","1.90","USD"
"2026-01-01","402078469217372","Sponsored Products","8.78","USD"
"2026-01-29","454571413921997","Sponsored Products","0.00","GBP"
"2026-01-25","440997775738977","Sponsored Products","0.00","AUD"
"2026-01-16","286308132559342","Sponsored Brands","0.00","AUD"
"2026-01-22","562873832621330","Sponsored Products","0.37","GBP"
"2026-01-21","536186527693818","Sponsored Products","2.98","USD"
"2026-01-31","277250351840071","Sponsored Products","13.44","USD"
"2026-01-05","500955748191612","Sponsored Products","0.00","USD"
"2026-01-30","423471492340141","Sponsored Brands","10.90","USD"
"2026-01-30","279125239605082","Sponsored Products","0.47","USD"
"2026-01-06","292726552706968","Sponsored Products","1.17","USD"
"2026-01-29","189380234928822","Sponsored Products","6.51","USD"
"2026-01-25","501445692271818","Sponsored Products","0.00","USD"
"2026-01-08","511509048867805","Sponsored Products","86.52","USD"
"2026-01-19","353698807350187","Sponsored Products","0.60","USD"
"2026-01-31","536850070634966","Sponsored Products","3.58","GBP"
"2026-01-18","450116297068538","Sponsored Products","0.00","USD"
"2026-01-03","366616645988820","Sponsored Products","0.00","CAD"
"2026-01-26","509593684638198","Sponsored Brands","2.30","USD"
"2026-01-09","432312765744113","Sponsored Products","0.00","USD"
"2026-01-23","428201110992726","Sponsored Products","10.82","USD"
"2026-01-11","554029658228344","Sponsored Display","1.04","GBP"
"2026-01-10","531187508971652","Sponsored Display","0.14","CAD"
"2026-01-07","342468627864471","Sponsored Products","1.80","GBP"
"2026-01-24","402744546317623","Sponsored Brands","0.00","GBP"
"2026-01-16","416822662696131","Sponsored Brands","0.00","USD"
"2026-01-10","424413890381694","Sponsored Products","0.00","USD"
"2026-01-12","417535655271448","Sponsored Products","0.00","USD"
"2026-01-28","324740828073799","Sponsored Products","0.00","AUD"
"2026-01-30","383486487068158","Sponsored Display","3.22","GBP"
"2026-01-07","494994223093944","Sponsored Brands","0.52","AUD"
"2026-01-23","488078103319545","Sponsored Brands","0.00","USD"
"2026-01-21","554029658228344","Sponsored Display","0.66","GBP"
"2026-01-31","398859393836995","Sponsored Products","0.00","GBP"
"2026-01-03","330930085884248","Sponsored Brands","0.00","GBP"
"2026-01-24","532209379687062","Sponsored Display","0.52","GBP"
"2026-01-18","332116728677051","Sponsored Products","0.00","CAD"
"2026-01-31","65271102777505","Sponsored Products","5.17","USD"
"2026-01-11","450215291242396","Sponsored Products","0.00","USD"
"2026-01-10","508144069166640","Sponsored Products","0.00","USD"
"2026-01-26","296882349967704","Sponsored Products","9.83","USD"
"2026-01-01","455983082050138","Sponsored Products","2.57","CAD"
"2026-01-03","392598200964005","Sponsored Products","0.00","CAD"
"2026-01-15","439118795538688","Sponsored Brands","0.00","CAD"
"2026-01-28","270513944391898","Sponsored Products","9.03","USD"
"2026-01-27","424600049511604","Sponsored Products","6.42","USD"
"2026-01-01","384986795476042","Sponsored Brands","0.66","CAD"
"2026-01-24","417535655271448","Sponsored Products","0.00","USD"
"2026-01-22","439663157752722","Sponsored Brands","0.00","USD"
"2026-01-31","205922105032655","Sponsored Products","0.00","USD"
"2026-01-01","521187964040554","Sponsored Products","1.99","CAD"
"2026-01-10","458452283549074","Sponsored Brands","0.00","CAD"
"2026-01-29","516342953216189","Sponsored Products","0.00","USD"
"2026-01-12","303332324664421","Sponsored Products","0.00","USD"
"2026-01-14","557802220335065","Sponsored Products","0.00","CAD"
"2026-01-13","338934805167255","Sponsored Products","1.06","USD"
"2026-01-17","291680855614624","Sponsored Brands","0.53","GBP"
"2026-01-25","386865813070708","Sponsored Products","1.05","USD"
"2026-01-18","357384467879967","Sponsored Brands","1.05","USD"
"2026-01-28","141552428309171","Sponsored Products","3.23","USD"
"2026-01-31","272711015971799","Sponsored Products","2.23","USD"
"2026-01-02","532503737498489","Sponsored Products","1.41","USD"
"2026-01-20","558782683947956","Sponsored Products","0.00","CAD"
"2026-01-07","377578915667002","Sponsored Products","11.70","USD"
"2026-01-08","301972852761247","Sponsored Products","0.00","USD"
"2026-01-15","545989665090053","Sponsored Brands","0.36","GBP"
"2026-01-31","530353594830018","Sponsored Display","0.00","CAD"
"2026-01-18","395588635574089","Sponsored Brands","0.00","USD"
"2026-01-13","310318758176650","Sponsored Products","0.00","CAD"
"2026-01-28","455983082050138","Sponsored Products","0.00","CAD"
"2026-01-25","342568396157124","Sponsored Display","0.11","USD"
"2026-01-09","464658704178346","Sponsored Brands","7.75","USD"
"2026-01-15","555516622120091","Sponsored Brands","1.23","GBP"
"2026-01-22","527711743915708","Sponsored Products","30.66","USD"
"2026-01-31","357384467879967","Sponsored Brands","20.06","USD"
"2026-01-07","383356525876468","Sponsored Products","0.00","USD"
"2026-01-12","400050759741035","Sponsored Products","0.00","USD"
"2026-01-26","373188657935606","Sponsored Products","0.41","AUD"
"2026-01-07","353698807350187","Sponsored Products","0.75","USD"
"2026-01-25","423825131329520","Sponsored Products","12.32","USD"
"2026-01-19","344516434946756","Sponsored Products","7.25","USD"
"2026-01-06","443207948405482","Sponsored Products","1.17","CAD"
"2026-01-20","386865813070708","Sponsored Products","1.37","USD"
"2026-01-14","491366396962687","Sponsored Brands","2.64","USD"
"2026-01-02","432013629308606","Sponsored Brands","9.21","CAD"
"2026-01-31","482686146435604","Sponsored Brands","0.47","USD"
"2026-01-31","263910374759225","Sponsored Products","3.72","CAD"
"2026-01-10","312711508263023","Sponsored Products","0.00","AUD"
"2026-01-28","291194333337791","Sponsored Products","0.00","USD"
"2026-01-12","427514193060341","Sponsored Products","0.00","USD"
"2026-01-12","491792683377286","Sponsored Products","3.24","USD"
"2026-01-07","555625239663839","Sponsored Products","11.27","USD"
"2026-01-21","553804041062258","Sponsored Products","2.11","USD"
"2026-01-20","469814503032884","Sponsored Products","0.00","AUD"
"2026-01-10","312632253610695","Sponsored Brands","33.74","USD"
"2026-01-04","494590942145867","Sponsored Products","30.07","CAD"
"2026-01-24","546191132663927","Sponsored Brands","0.00","USD"
"2026-01-18","394083050171294","Sponsored Products","1.07","USD"
"2026-01-12","490007501473330","Sponsored Products","2.38","USD"
"2026-01-16","430840323605870","Sponsored Products","0.00","USD"
"2026-01-16","492312442577894","Sponsored Products","1.80","USD"
"2026-01-12","278400043801722","Sponsored Products","0.37","GBP"
"2026-01-23","452065263384491","Sponsored Brands","5.51","USD"
"2026-01-02","539834455179217","Sponsored Products","2.94","USD"
"2026-01-08","309978526979947","Sponsored Products","0.00","USD"
"2026-01-28","423447600502988","Sponsored Brands","1.51","CAD"
"2026-01-25","409429087898453","Sponsored Display","0.00","CAD"
"2026-01-18","545989665090053","Sponsored Brands","1.53","GBP"
"2026-01-03","553804041062258","Sponsored Products","1.52","USD"
"2026-01-06","469438672280657","Sponsored Products","0.00","GBP"
"2026-01-29","450116297068538","Sponsored Products","0.00","USD"
"2026-01-19","498311429491057","Sponsored Display","0.00","CAD"
"2026-01-02","452065263384491","Sponsored Brands","10.52","USD"
"2026-01-13","542616313773815","Sponsored Brands","0.55","USD"
"2026-01-04","398859393836995","Sponsored Products","4.24","GBP"
"2026-01-21","532209379687062","Sponsored Display","2.66","GBP"
"2026-01-10","516157903732083","Sponsored Products","1.19","GBP"
"2026-01-01","378095244761436","Sponsored Products","0.62","USD"
"2026-01-10","557388890025484","Sponsored Products","9.94","USD"
"2026-01-03","505299994018527","Sponsored Products","0.00","CAD"
"2026-01-27","303332324664421","Sponsored Products","0.00","USD"
"2026-01-13","382536260418493","Sponsored Brands","2.52","USD"
"2026-01-13","526735719174751","Sponsored Products","0.00","USD"
"2026-01-17","491366396962687","Sponsored Brands","0.00","USD"
"2026-01-19","532503737498489","Sponsored Products","0.00","USD"
"2026-01-12","476511840833684","Sponsored Products","0.43","GBP"
"2026-01-17","417555316939613","Sponsored Brands","0.00","AUD"
"2026-01-02","409429087898453","Sponsored Display","0.00","CAD"
"2026-01-07","501445692271818","Sponsored Products","6.01","USD"
"2026-01-01","422044464968254","Sponsored Products","7.35","GBP"
"2026-01-19","482686146435604","Sponsored Brands","7.30","USD"
"2026-01-05","443805539282973","Sponsored Brands","0.00","CAD"
"2026-01-12","423447600502988","Sponsored Brands","0.76","CAD"
"2026-01-22","288086271468562","Sponsored Products","40.23","USD"
"2026-01-15","342468627864471","Sponsored Products","2.14","GBP"
"2026-01-24","392598200964005","Sponsored Products","0.00","CAD"
"2026-01-19","375840213985973","Sponsored Products","2.35","USD"
"2026-01-05","399629340308947","Sponsored Brands","1.77","AUD"
"2026-01-11","263910374759225","Sponsored Products","7.06","CAD"
"2026-01-10","419764168918332","Sponsored Brands","1.85","AUD"
"2026-01-19","476511840833684","Sponsored Products","0.00","GBP"
"2026-01-05","472554317410495","Sponsored Brands","0.00","USD"
"2026-01-14","423447600502988","Sponsored Brands","0.00","CAD"
"2026-01-26","405896045618734","Sponsored Display","0.01","USD"
"2026-01-28","286601245904247","Sponsored Products","0.95","CAD"
"2026-01-17","344717374719347","Sponsored Display","0.00","CAD"
"2026-01-28","459130146103681","Sponsored Display","0.00","AUD"
"2026-01-15","537194794349407","Sponsored Products","0.00","USD"
"2026-01-07","557738489078024","Sponsored Products","1.13","CAD"
"2026-01-25","458452283549074","Sponsored Brands","0.00","CAD"
"2026-01-01","400936883710783","Sponsored Products","4.11","AUD"
"2026-01-07","291194333337791","Sponsored Products","0.00","USD"
"2026-01-06","400220148801129","Sponsored Products","0.00","GBP"
"2026-01-31","154118694541854","Sponsored Products","1.81","USD"
"2026-01-31","103204875656014","Sponsored Products","6.29","USD"
"2026-01-18","459130146103681","Sponsored Display","0.00","AUD"
"2026-01-17","556616987602606","Sponsored Products","2.42","USD"
"2026-01-14","454564300195235","Sponsored Products","1.54","GBP"
"2026-01-11","381243195375500","Sponsored Products","6.57","USD"
"2026-01-18","550084596372285","Sponsored Products","0.00","USD"
"2026-01-19","382263989834817","Sponsored Products","0.00","AUD"
"2026-01-26","423447600502988","Sponsored Brands","0.45","CAD"
"2026-01-09","487313850471925","Sponsored Brands","0.00","USD"
"2026-01-25","461174245552414","Sponsored Products","5.06","AUD"
"2026-01-21","429216730447678","Sponsored Products","0.00","AUD"
"2026-01-16","327137186916287","Sponsored Products","2.14","USD"
"2026-01-02","487313850471925","Sponsored Brands","3.62","USD"
"2026-01-05","506556070299851","Sponsored Products","0.00","USD"
"2026-01-11","551785069524711","Sponsored Products","1.07","USD"
"2026-01-23","461803854184467","Sponsored Products","0.00","CAD"
"2026-01-26","530353594830018","Sponsored Display","0.00","CAD"
"2026-01-23","336361735801015","Sponsored Products","0.00","USD"
"2026-01-04","548511206574211","Sponsored Brands","0.00","AUD"
"2026-01-28","303344079444236","Sponsored Brands","0.41","GBP"
"2026-01-03","292138679780956","Sponsored Products","0.00","AUD"
"2026-01-14","360412290312296","Sponsored Brands","1.65","CAD"
"2026-01-31","280513164622908","Sponsored Products","0.00","USD"
"2026-01-26","363048566293204","Sponsored Brands","0.00","GBP"
"2026-01-28","407530123839349","Sponsored Products","0.00","AUD"
"2026-01-21","359104344566153","Sponsored Products","0.00","USD"
"2026-01-07","297446437541925","Sponsored Products","13.64","USD"
"2026-01-25","539931100075119","Sponsored Brands","4.38","USD"
"2026-01-04","521187964040554","Sponsored Products","0.00","CAD"
"2026-01-21","452065263384491","Sponsored Brands","4.13","USD"
"2026-01-23","369371745062988","Sponsored Products","0.00","CAD"
"2026-01-14","498311429491057","Sponsored Display","0.58","CAD"
"2026-01-26","551785069524711","Sponsored Products","1.97","USD"
"2026-01-13","297446437541925","Sponsored Products","0.00","USD"
"2026-01-30","318399173824872","Sponsored Products","0.44","GBP"
"2026-01-03","360412290312296","Sponsored Brands","1.02","CAD"
"2026-01-23","495677195822245","Sponsored Brands","0.00","USD"
"2026-01-21","296615200458181","Sponsored Brands","9.46","USD"
"2026-01-13","316265693147625","Sponsored Products","0.00","GBP"
"2026-01-05","439118795538688","Sponsored Brands","0.00","CAD"
"2026-01-24","550084596372285","Sponsored Products","0.00","USD"
"2026-01-20","402744546317623","Sponsored Brands","0.00","GBP"
"2026-01-30","489671557305898","Sponsored Display","0.00","USD"
"2026-01-15","363551194960955","Sponsored Products","0.00","CAD"
"2026-01-29","530911335551258","Sponsored Products","0.00","CAD"
"2026-01-07","340849210853799","Sponsored Products","0.00","USD"
"2026-01-17","535387208566969","Sponsored Products","1.01","USD"
"2026-01-25","536186527693818","Sponsored Products","8.66","USD"
"2026-01-18","535387208566969","Sponsored Products","2.60","USD"
"2026-01-28","355737664148283","Sponsored Brands","1.62","USD"
"2026-01-06","381243195375500","Sponsored Products","8.10","USD"
"2026-01-10","384986795476042","Sponsored Brands","0.00","CAD"
"2026-01-10","459130146103681","Sponsored Display","0.00","AUD"
"2026-01-14","392598200964005","Sponsored Products","1.16","CAD"
"2026-01-02","353468389499196","Sponsored Brands","4.28","USD"
"2026-01-20","312632253610695","Sponsored Brands","54.73","USD"
"2026-01-25","291618943691121","Sponsored Brands","0.00","AUD"
"2026-01-16","407444835513369","Sponsored Brands","1.90","CAD"
"2026-01-31","486830706800832","Sponsored Products","0.00","CAD"
"2026-01-21","339568026468029","Sponsored Brands","0.00","CAD"
"2026-01-13","493216310640409","Sponsored Brands","16.21","USD"
"2026-01-01","330930085884248","Sponsored Brands","5.12","GBP"
"2026-01-08","515637010546761","Sponsored Brands","6.53","USD"
"2026-01-31","446701085946014","Sponsored Products","1.95","GBP"
"2026-01-27","555516622120091","Sponsored Brands","0.00","GBP"
"2026-01-11","316207062053537","Sponsored Products","2.39","AUD"
"2026-01-30","291612323170971","Sponsored Products","0.00","CAD"
"2026-01-20","532209379687062","Sponsored Display","0.59","GBP"
"2026-01-31","539750977499191","Sponsored Products","5.80","CAD"
"2026-01-20","351594278748520","Sponsored Products","4.60","USD"
"2026-01-26","455688132780953","Sponsored Brands","0.00","USD"
"2026-01-16","288851430690246","Sponsored Products","0.45","GBP"
"2026-01-24","530353594830018","Sponsored Display","0.00","CAD"
"2026-01-14","419764168918332","Sponsored Brands","1.36","AUD"
"2026-01-22","399857229182854","Sponsored Brands","1.50","GBP"
"2026-01-20","394083050171294","Sponsored Products","2.88","USD"
"2026-01-12","428914757065848","Sponsored Products","0.00","CAD"
"2026-01-28","353698807350187","Sponsored Products","2.64","USD"
"2026-01-28","383486487068158","Sponsored Display","6.45","GBP"
"2026-01-03","440503817971150","Sponsored Products","19.32","USD"
"2026-01-16","518653489850740","Sponsored Brands","0.20","USD"
"2026-01-15","545146961820010","Sponsored Products","3.11","GBP"
"2026-01-05","465191710626164","Sponsored Brands","0.77","GBP"
"2026-01-14","380662946968621","Sponsored Display","16.09","USD"
"2026-01-11","548511206574211","Sponsored Brands","0.00","AUD"
"2026-01-11","360836238849040","Sponsored Products","0.00","AUD"
"2026-01-12","373188657935606","Sponsored Products","0.52","AUD"
"2026-01-22","340849210853799","Sponsored Products","3.58","USD"
"2026-01-22","446869334265005","Sponsored Products","0.00","USD"
"2026-01-31","124202126398060","Sponsored Products","37.36","USD"
"2026-01-05","294988432395200","Sponsored Products","0.00","USD"
"2026-01-30","128835884603962","Sponsored Products","0.00","USD"
"2026-01-10","548511206574211","Sponsored Brands","0.00","AUD"
"2026-01-15","317772463042332","Sponsored Products","1.11","AUD"
"2026-01-16","461803854184467","Sponsored Products","0.00","CAD"
"2026-01-19","536492240546443","Sponsored Products","0.00","CAD"
"2026-01-02","464658704178346","Sponsored Brands","38.77","USD"
"2026-01-25","455465774244567","Sponsored Products","0.00","USD"
"2026-01-19","359104344566153","Sponsored Products","0.00","USD"
"2026-01-21","495242868805173","Sponsored Products","0.00","GBP"
"2026-01-09","516157903732083","Sponsored Products","0.89","GBP"
"2026-01-07","491770987077396","Sponsored Products","36.69","USD"
"2026-01-09","431386932028495","Sponsored Products","8.89","USD"
"2026-01-14","284096201830626","Sponsored Display","0.00","USD"
"2026-01-13","399857229182854","Sponsored Brands","3.60","GBP"
"2026-01-12","484271755377666","Sponsored Products","0.00","CAD"
"2026-01-20","396524009311704","Sponsored Brands","2.43","CAD"
"2026-01-29","164743561215297","Sponsored Products","0.00","USD"
"2026-01-11","286308132559342","Sponsored Brands","0.00","AUD"
"2026-01-04","486961844653357","Sponsored Products","0.00","CAD"
"2026-01-19","396524009311704","Sponsored Brands","2.78","CAD"
"2026-01-16","455465774244567","Sponsored Products","0.00","USD"
"2026-01-27","412663623607577","Sponsored Products","0.00","USD"
"2026-01-17","450215291242396","Sponsored Products","0.55","USD"
"2026-01-04","562873832621330","Sponsored Products","1.84","GBP"
"2026-01-24","353468389499196","Sponsored Brands","3.96","USD"
"2026-01-18","494896120843036","Sponsored Products","0.00","USD"
"2026-01-14","312711508263023","Sponsored Products","0.00","AUD"
"2026-01-24","453187476718269","Sponsored Display","0.00","CAD"
"2026-01-16","309978526979947","Sponsored Products","0.00","USD"
"2026-01-16","411197191773342","Sponsored Products","0.00","AUD"
"2026-01-15","424600049511604","Sponsored Products","9.93","USD"
"2026-01-04","562763694980171","Sponsored Products","0.00","GBP"
"2026-01-02","424413890381694","Sponsored Products","2.08","USD"
"2026-01-29","450215291242396","Sponsored Products","0.00","USD"
"2026-01-28","72790979016813","Sponsored Products","0.00","USD"
"2026-01-16","537194794349407","Sponsored Products","1.10","USD"
"2026-01-25","293287193628180","Sponsored Brands","0.00","GBP"
"2026-01-12","495242868805173","Sponsored Products","0.00","GBP"
"2026-01-20","518228166841375","Sponsored Brands","1.19","GBP"
"2026-01-03","476877916686317","Sponsored Brands","0.00","AUD"
"2026-01-08","505299994018527","Sponsored Products","0.00","CAD"
"2026-01-01","537407450418588","Sponsored Products","15.74","USD"
"2026-01-20","450215291242396","Sponsored Products","0.55","USD"
"2026-01-16","263910374759225","Sponsored Products","4.82","CAD"
"2026-01-28","551785069524711","Sponsored Products","1.69","USD"
"2026-01-16","313102197760283","Sponsored Products","10.59","USD"
"2026-01-29","360836238849040","Sponsored Products","0.08","AUD"
"2026-01-13","487327596470810","Sponsored Products","0.00","USD"
"2026-01-30","298636506131156","Sponsored Brands","0.00","AUD"
"2026-01-04","369371745062988","Sponsored Products","0.00","CAD"
"2026-01-10","353698807350187","Sponsored Products","0.42","USD"
"2026-01-24","395304589984653","Sponsored Products","0.00","CAD"
"2026-01-28","373663567761151","Sponsored Products","0.00","USD"
"2026-01-08","355940295532015","Sponsored Brands","0.00","AUD"
"2026-01-23","300354268849742","Sponsored Brands","0.42","CAD"
"2026-01-31","300894362771504","Sponsored Products","0.57","GBP"
"2026-01-14","432312765744113","Sponsored Products","0.00","USD"
"2026-01-28","479364871682871","Sponsored Products","0.00","USD"
"2026-01-04","354036750973331","Sponsored Products","1.35","CAD"
"2026-01-22","560000811916391","Sponsored Brands","0.00","USD"
"2026-01-31","423447600502988","Sponsored Brands","0.00","CAD"
"2026-01-23","409429087898453","Sponsored Display","0.00","CAD"
"2026-01-14","530543664696574","Sponsored Products","0.04","AUD"
"2026-01-18","303332324664421","Sponsored Products","0.00","USD"
"2026-01-06","529431876389782","Sponsored Products","0.00","USD"
"2026-01-10","336361735801015","Sponsored Products","0.00","USD"
"2026-01-19","314318800479242","Sponsored Products","1.11","AUD"
"2026-01-30","380439551325000","Sponsored Products","5.38","GBP"
"2026-01-20","375262111034104","Sponsored Brands","2.84","USD"
"2026-01-23","427514193060341","Sponsored Products","0.00","USD"
"2026-01-23","536186527693818","Sponsored Products","3.58","USD"
"2026-01-19","491770987077396","Sponsored Products","30.53","USD"
"2026-01-27","488078103319545","Sponsored Brands","1.36","USD"
"2026-01-11","423538576850039","Sponsored Products","0.00","AUD"
"2026-01-17","484239021223334","Sponsored Products","0.00","AUD"
"2026-01-25","189738652799913","Sponsored Brands","0.00","CAD"
"2026-01-12","375880567146391","Sponsored Display","0.00","AUD"
"2026-01-24","432312765744113","Sponsored Products","0.00","USD"
"2026-01-07","450116297068538","Sponsored Products","3.89","USD"
"2026-01-20","472554317410495","Sponsored Brands","0.00","USD"
"2026-01-09","539834455179217","Sponsored Products","0.67","USD"
"2026-01-25","513927767815024","Sponsored Products","0.00","USD"
"2026-01-31","371604599978031","Sponsored Products","0.00","AUD"
"2026-01-13","375880567146391","Sponsored Display","0.00","AUD"
"2026-01-04","458452283549074","Sponsored Brands","0.00","CAD"
"2026-01-03","367083122067501","Sponsored Display","0.00","USD"
"2026-01-01","477120010084382","Sponsored Products","3.99","USD"
"2026-01-06","465191710626164","Sponsored Brands","1.05","GBP"
"2026-01-15","532503737498489","Sponsored Products","0.00","USD"
"2026-01-09","338934805167255","Sponsored Products","0.00","USD"
"2026-01-02","559365035833525","Sponsored Brands","0.00","AUD"
"2026-01-04","332000738328227","Sponsored Products","9.14","USD"
"2026-01-15","411293040066733","Sponsored Products","2.07","GBP"
"2026-01-09","406964010755868","Sponsored Products","1.45","CAD"
"2026-01-17","402078469217372","Sponsored Products","14.48","USD"
"2026-01-31","546618773117950","Sponsored Brands","1.27","AUD"
"2026-01-14","327160636077377","Sponsored Products","1.64","USD"
"2026-01-11","317772463042332","Sponsored Products","0.06","AUD"
"2026-01-13","441276644656791","Sponsored Brands","0.00","AUD"
"2026-01-24","529431876389782","Sponsored Products","0.00","USD"
"2026-01-15","329222077811459","Sponsored Brands","0.00","GBP"
"2026-01-31","464658704178346","Sponsored Brands","4.73","USD"
"2026-01-07","381948820461821","Sponsored Brands","0.00","USD"
"2026-01-21","320522945603717","Sponsored Brands","0.00","CAD"
"2026-01-10","342568396157124","Sponsored Display","0.00","USD"
"2026-01-27","431503342672607","Sponsored Products","0.00","USD"
"2026-01-17","303784488331012","Sponsored Display","1.35","AUD"
"2026-01-19","536850070634966","Sponsored Products","2.48","GBP"
"2026-01-31","154085784178560","Sponsored Products","0.43","USD"
"2026-01-05","487327596470810","Sponsored Products","0.00","USD"
"2026-01-21","423447600502988","Sponsored Brands","0.00","CAD"
"2026-01-28","422044464968254","Sponsored Products","7.35","GBP"
"2026-01-17","444969564092992","Sponsored Products","0.90","CAD"
"2026-01-16","450215291242396","Sponsored Products","0.00","USD"
"2026-01-08","548511206574211","Sponsored Brands","0.00","AUD"
"2026-01-08","494994223093944","Sponsored Brands","0.00","AUD"
"2026-01-19","455510939824845","Sponsored Products","0.00","USD"
"2026-01-18","463570831006082","Sponsored Products","0.00","CAD"
"2026-01-28","488078103319545","Sponsored Brands","1.46","USD"
"2026-01-05","512730232590991","Sponsored Products","3.41","USD"
"2026-01-10","406964010755868","Sponsored Products","0.00","CAD"
"2026-01-29","532503737498489","Sponsored Products","0.00","USD"
"2026-01-14","557814926181675","Sponsored Products","0.00","CAD"
"2026-01-29","423538576850039","Sponsored Products","0.00","AUD"
"2026-01-17","450116297068538","Sponsored Products","4.55","USD"
"2026-01-02","536850070634966","Sponsored Products","0.04","GBP"
"2026-01-12","554029658228344","Sponsored Display","0.00","GBP"
"2026-01-24","430840323605870","Sponsored Products","0.00","USD"
"2026-01-31","360412290312296","Sponsored Brands","0.00","CAD"
"2026-01-06","511519443187302","Sponsored Products","4.36","GBP"
"2026-01-28","545146961820010","Sponsored Products","1.96","GBP"
"2026-01-29","345786769504667","Sponsored Products","0.00","USD"
"2026-01-16","538699937906302","Sponsored Products","0.00","USD"
"2026-01-09","286601245904247","Sponsored Products","0.00","CAD"
"2026-01-23","383706936707329","Sponsored Brands","2.45","USD"
"2026-01-07","316265693147625","Sponsored Products","0.00","GBP"
"2026-01-18","539931100075119","Sponsored Brands","2.33","USD"
"2026-01-24","479364871682871","Sponsored Products","10.78","USD"
"2026-01-22","455100983218716","Sponsored Brands","0.00","USD"
"2026-01-05","327137186916287","Sponsored Products","0.00","USD"
"2026-01-11","420797773596938","Sponsored Products","1.97","USD"
"2026-01-28","2414736156339","Sponsored Products","2.00","USD"
"2026-01-02","530353594830018","Sponsored Display","0.00","CAD"
"2026-01-17","399703016940832","Sponsored Brands","0.00","CAD"
"2026-01-11","314318800479242","Sponsored Products","0.00","AUD"
"2026-01-30","409429087898453","Sponsored Display","0.36","CAD"
"2026-01-24","508144069166640","Sponsored Products","0.00","USD"
"2026-01-03","408719546145761","Sponsored Products","0.36","USD"
"2026-01-14","480355060288556","Sponsored Products","5.63","AUD"
"2026-01-21","303332324664421","Sponsored Products","0.69","USD"
"2026-01-27","446701085946014","Sponsored Products","0.00","GBP"
"2026-01-01","424413890381694","Sponsored Products","6.53","USD"
"2026-01-26","538699937906302","Sponsored Products","0.00","USD"
"2026-01-07","363579801300326","Sponsored Products","0.00","CAD"
"2026-01-14","424600049511604","Sponsored Products","9.63","USD"
"2026-01-09","324446919049652","Sponsored Products","2.40","USD"
"2026-01-20","515637010546761","Sponsored Brands","9.94","USD"
"2026-01-05","518653489850740","Sponsored Brands","0.00","USD"
"2026-01-07","396524009311704","Sponsored Brands","0.59","CAD"
"2026-01-04","494734928633883","Sponsored Brands","9.12","USD"
"2026-01-27","321516368269611","Sponsored Products","0.00","CAD"
"2026-01-01","492312442577894","Sponsored Products","18.93","USD"
"2026-01-10","381243195375500","Sponsored Products","2.39","USD"
"2026-01-15","475323940290788","Sponsored Products","13.17","USD"
"2026-01-25","407346576799567","Sponsored Products","0.00","AUD"
"2026-01-04","354627207584492","Sponsored Products","0.29","CAD"
"2026-01-15","440997775738977","Sponsored Products","0.00","AUD"
"2026-01-13","353698807350187","Sponsored Products","0.83","USD"
"2026-01-25","476511840833684","Sponsored Products","0.00","GBP"
"2026-01-10","479364871682871","Sponsored Products","10.69","USD"
"2026-01-18","521187964040554","Sponsored Products","0.00","CAD"
"2026-01-04","300354268849742","Sponsored Brands","0.00","CAD"
"2026-01-03","399629340308947","Sponsored Brands","0.00","AUD"
"2026-01-03","454992450655768","Sponsored Products","3.18","USD"
"2026-01-23","495242868805173","Sponsored Products","0.00","GBP"
"2026-01-07","383706936707329","Sponsored Brands","7.25","USD"
"2026-01-17","351594278748520","Sponsored Products","4.68","USD"
"2026-01-25","442522120858299","Sponsored Products","0.00","USD"
"2026-01-10","300354268849742","Sponsored Brands","1.80","CAD"
"2026-01-06","555360954347903","Sponsored Products","0.00","CAD"
"2026-01-27","505299994018527","Sponsored Products","0.00","CAD"
"2026-01-03","443207948405482","Sponsored Products","3.04","CAD"
"2026-01-02","496249533315911","Sponsored Brands","0.00","USD"
"2026-01-25","560000811916391","Sponsored Brands","0.77","USD"
"2026-01-23","320522945603717","Sponsored Brands","0.00","CAD"
"2026-01-06","419764168918332","Sponsored Brands","0.00","AUD"
"2026-01-14","375451164709840","Sponsored Products","0.27","GBP"
"2026-01-07","422044464968254","Sponsored Products","3.88","GBP"
"2026-01-01","321879822518995","Sponsored Products","0.00","AUD"
"2026-01-10","504962652065858","Sponsored Brands","4.31","AUD"
"2026-01-20","309601314328778","Sponsored Products","0.18","CAD"
"2026-01-24","503460776607859","Sponsored Brands","0.00","CAD"
"2026-01-30","347536643859180","Sponsored Products","1.54","GBP"
"2026-01-12","354036750973331","Sponsored Products","9.60","CAD"
"2026-01-07","373663567761151","Sponsored Products","0.00","USD"
"2026-01-19","463874563272935","Sponsored Brands","0.00","AUD"
"2026-01-28","130912331972988","Sponsored Products","0.00","USD"
"2026-01-28","406487274006731","Sponsored Products","0.00","AUD"
"2026-01-22","375412452273685","Sponsored Products","16.30","GBP"
"2026-01-19","541042710567147","Sponsored Products","1.74","USD"
"2026-01-19","477120010084382","Sponsored Products","10.66","USD"
"2026-01-08","368310850203338","Sponsored Products","0.00","USD"
"2026-01-01","483182403867537","Sponsored Products","1.98","USD"
"2026-01-15","556616987602606","Sponsored Products","3.10","USD"
"2026-01-10","409249674990450","Sponsored Products","0.00","AUD"
"2026-01-29","518653489850740","Sponsored Brands","0.00","USD"
"2026-01-29","461803854184467","Sponsored Products","0.85","CAD"
"2026-01-12","361646797125820","Sponsored Products","0.06","AUD"
"2026-01-01","344516434946756","Sponsored Products","1.79","USD"
"2026-01-27","530353594830018","Sponsored Display","0.00","CAD"
"2026-01-22","417350251520986","Sponsored Products","0.00","USD"
"2026-01-18","392537273853228","Sponsored Brands","0.00","AUD"
"2026-01-02","291060086740958","Sponsored Products","14.76","USD"
"2026-01-16","539834455179217","Sponsored Products","0.52","USD"
"2026-01-30","562763694980171","Sponsored Products","0.00","GBP"
"2026-01-30","327323455598643","Sponsored Products","0.00","GBP"
"2026-01-25","545989665090053","Sponsored Brands","1.85","GBP"
"2026-01-11","320522945603717","Sponsored Brands","0.00","CAD"
"2026-01-01","432013629308606","Sponsored Brands","2.84","CAD"
"2026-01-23","463874563272935","Sponsored Brands","0.00","AUD"
"2026-01-05","384137786867273","Sponsored Products","0.00","USD"
"2026-01-26","371021037712738","Sponsored Products","56.51","USD"
"2026-01-29","363579801300326","Sponsored Products","0.00","CAD"
"2026-01-12","304676183651349","Sponsored Products","0.00","USD"
"2026-01-08","284096201830626","Sponsored Display","0.38","USD"
"2026-01-06","332116728677051","Sponsored Products","0.00","CAD"
"2026-01-24","487908370268380","Sponsored Products","10.10","USD"
"2026-01-22","483182403867537","Sponsored Products","0.00","USD"
"2026-01-01","431453849332804","Sponsored Products","1.50","USD"
"2026-01-20","286601245904247","Sponsored Products","0.00","CAD"
"2026-01-19","354036750973331","Sponsored Products","9.24","CAD"
"2026-01-28","67855357390881","Sponsored Products","0.00","USD"
"2026-01-07","423825131329520","Sponsored Products","2.58","USD"
"2026-01-17","428201110992726","Sponsored Products","10.02","USD"
"2026-01-01","554029658228344","Sponsored Display","0.00","GBP"
"2026-01-14","300894362771504","Sponsored Products","0.00","GBP"
"2026-01-10","417350251520986","Sponsored Products","1.99","USD"
"2026-01-04","530911335551258","Sponsored Products","0.00","CAD"
"2026-01-03","530543664696574","Sponsored Products","16.15","AUD"
"2026-01-03","405896045618734","Sponsored Display","0.00","USD"
"2026-01-23","297335215332435","Sponsored Products","1.82","CAD"
"2026-01-28","536850070634966","Sponsored Products","4.01","GBP"
"2026-01-17","286601245904247","Sponsored Products","0.00","CAD"
"2026-01-29","555516622120091","Sponsored Brands","0.88","GBP"
"2026-01-08","530543664696574","Sponsored Products","6.93","AUD"
"2026-01-25","296615200458181","Sponsored Brands","20.00","USD"
"2026-01-30","463570831006082","Sponsored Products","0.00","CAD"
"2026-01-05","363551194960955","Sponsored Products","0.00","CAD"
"2026-01-02","412362697167927","Sponsored Products","0.00","GBP"
"2026-01-21","461803854184467","Sponsored Products","0.99","CAD"
"2026-01-01","557814926181675","Sponsored Products","0.00","CAD"
"2026-01-11","545146961820010","Sponsored Products","2.10","GBP"
"2026-01-02","387735099454991","Sponsored Products","0.00","USD"
"2026-01-18","303344079444236","Sponsored Brands","0.64","GBP"
"2026-01-13","537194794349407","Sponsored Products","1.34","USD"
"2026-01-27","399629340308947","Sponsored Brands","0.00","AUD"
"2026-01-12","555516622120091","Sponsored Brands","0.22","GBP"
"2026-01-31","539931100075119","Sponsored Brands","24.06","USD"
"2026-01-30","188279469264899","Sponsored Products","0.76","USD"
"2026-01-22","406964010755868","Sponsored Products","0.00","CAD"
"2026-01-16","357384467879967","Sponsored Brands","2.31","USD"
"2026-01-06","429345285920060","Sponsored Brands","0.40","GBP"
"2026-01-15","529431876389782","Sponsored Products","0.00","USD"
"2026-01-29","487313850471925","Sponsored Brands","0.00","USD"
"2026-01-17","529431876389782","Sponsored Products","0.00","USD"
"2026-01-20","327160636077377","Sponsored Products","1.69","USD"
"2026-01-11","407530123839349","Sponsored Products","0.00","AUD"
"2026-01-27","397652540263806","Sponsored Products","0.00","CAD"
"2026-01-27","542333703103187","Sponsored Products","0.00","AUD"
"2026-01-31","321879822518995","Sponsored Products","0.00","AUD"
"2026-01-21","455100983218716","Sponsored Brands","1.00","USD"
"2026-01-19","446869334265005","Sponsored Products","0.00","USD"
"2026-01-10","511509048867805","Sponsored Products","91.63","USD"
"2026-01-28","554517553013265","Sponsored Products","0.00","CAD"
"2026-01-16","303332324664421","Sponsored Products","2.05","USD"
"2026-01-27","557388890025484","Sponsored Products","4.96","USD"
"2026-01-05","327413819985503","Sponsored Products","0.00","USD"
"2026-01-06","450116297068538","Sponsored Products","0.76","USD"
"2026-01-15","530353594830018","Sponsored Display","0.00","CAD"
"2026-01-27","375840213985973","Sponsored Products","0.00","USD"
"2026-01-14","475323940290788","Sponsored Products","11.83","USD"
"2026-01-01","324740828073799","Sponsored Products","0.00","AUD"
"2026-01-23","382263989834817","Sponsored Products","0.32","AUD"
"2026-01-24","346023186686134","Sponsored Brands","1.57","USD"
"2026-01-22","349690804752896","Sponsored Products","65.36","USD"
"2026-01-11","434170639918769","Sponsored Brands","8.97","USD"
"2026-01-02","452082306058129","Sponsored Brands","0.00","CAD"
"2026-01-20","556616987602606","Sponsored Products","4.93","USD"
"2026-01-29","453503689032806","Sponsored Products","0.00","GBP"
"2026-01-06","441276644656791","Sponsored Brands","0.00","AUD"
"2026-01-13","551134208715253","Sponsored Products","0.00","AUD"
"2026-01-13","324740828073799","Sponsored Products","0.00","AUD"
"2026-01-29","477120010084382","Sponsored Products","0.00","USD"
"2026-01-27","383356525876468","Sponsored Products","0.00","USD"
"2026-01-21","93061813718954","Sponsored Products","8.76","USD"
"2026-01-28","297446437541925","Sponsored Products","5.74","USD"
"2026-01-03","450215291242396","Sponsored Products","0.00","USD"
"2026-01-11","413308568322873","Sponsored Brands","0.00","USD"
"2026-01-20","420797773596938","Sponsored Products","0.00","USD"
"2026-01-01","453187476718269","Sponsored Display","0.00","CAD"
"2026-01-29","64790741448016","Sponsored Products","10.13","USD"
"2026-01-27","324740828073799","Sponsored Products","0.96","AUD"
"2026-01-25","313102197760283","Sponsored Products","24.08","USD"
"2026-01-19","396006036421092","Sponsored Products","0.00","USD"
"2026-01-10","469438672280657","Sponsored Products","0.00","GBP"
"2026-01-14","353468389499196","Sponsored Brands","1.53","USD"
"2026-01-04","310318758176650","Sponsored Products","0.00","CAD"
"2026-01-02","458452283549074","Sponsored Brands","0.00","CAD"
"2026-01-15","312451130238004","Sponsored Brands","0.00","USD"
"2026-01-19","332116728677051","Sponsored Products","0.00","CAD"
"2026-01-06","313102197760283","Sponsored Products","5.53","USD"
"2026-01-25","539834455179217","Sponsored Products","0.00","USD"
"2026-01-03","327137186916287","Sponsored Products","0.00","USD"
"2026-01-19","366616645988820","Sponsored Products","0.00","CAD"
"2026-01-23","429345285920060","Sponsored Brands","0.95","GBP"
"2026-01-27","317772463042332","Sponsored Products","0.00","AUD"
"2026-01-08","327137186916287","Sponsored Products","0.00","USD"
"2026-01-05","406487274006731","Sponsored Products","0.00","AUD"
"2026-01-03","481343337793629","Sponsored Products","0.00","GBP"
"2026-01-15","454571413921997","Sponsored Products","0.50","GBP"
"2026-01-16","467633236874996","Sponsored Products","0.00","AUD"
"2026-01-14","555516622120091","Sponsored Brands","0.22","GBP"
"2026-01-24","498217737469979","Sponsored Brands","0.00","USD"
"2026-01-06","342468627864471","Sponsored Products","4.76","GBP"
"2026-01-11","536186527693818","Sponsored Products","22.50","USD"
"2026-01-06","526818914182448","Sponsored Products","0.67","GBP"
"2026-01-25","317772463042332","Sponsored Products","2.49","AUD"
"2026-01-28","516342953216189","Sponsored Products","3.87","USD"
"2026-01-20","392598200964005","Sponsored Products","1.29","CAD"
"2026-01-17","298636506131156","Sponsored Brands","0.00","AUD"
"2026-01-04","560000811916391","Sponsored Brands","1.86","USD"
"2026-01-02","375262111034104","Sponsored Brands","0.00","USD"
"2026-01-29","39061317933304","Sponsored Products","13.12","USD"
"2026-01-04","383356525876468","Sponsored Products","0.00","USD"
"2026-01-09","560000811916391","Sponsored Brands","2.52","USD"
"2026-01-21","491770987077396","Sponsored Products","29.60","USD"
"2026-01-05","553804041062258","Sponsored Products","1.76","USD"
"2026-01-05","511509048867805","Sponsored Products","81.23","USD"
"2026-01-08","536186527693818","Sponsored Products","16.97","USD"
"2026-01-18","424413890381694","Sponsored Products","8.77","USD"
"2026-01-03","488469035179419","Sponsored Brands","0.00","AUD"
"2026-01-01","296882349967704","Sponsored Products","2.55","USD"
"2026-01-18","359104344566153","Sponsored Products","0.00","USD"
"2026-01-15","336361735801015","Sponsored Products","0.00","USD"
"2026-01-04","288669281122601","Sponsored Products","3.99","AUD"
"2026-01-10","511519443187302","Sponsored Products","11.01","GBP"
"2026-01-30","494590942145867","Sponsored Products","28.97","CAD"
"2026-01-07","442522120858299","Sponsored Products","0.00","USD"
"2026-01-02","398718122329444","Sponsored Products","0.50","GBP"
"2026-01-18","383486487068158","Sponsored Display","0.49","GBP"
"2026-01-02","286601245904247","Sponsored Products","0.49","CAD"
"2026-01-08","463874563272935","Sponsored Brands","0.00","AUD"
"2026-01-15","327955853177271","Sponsored Products","8.00","USD"
"2026-01-08","383356525876468","Sponsored Products","0.00","USD"
"2026-01-20","392537273853228","Sponsored Brands","0.00","AUD"
"2026-01-05","551134208715253","Sponsored Products","0.00","AUD"
"2026-01-14","303344079444236","Sponsored Brands","1.65","GBP"
"2026-01-27","511828144987995","Sponsored Products","1.01","GBP"
"2026-01-22","452065263384491","Sponsored Brands","4.01","USD"
"2026-01-15","450116297068538","Sponsored Products","0.00","USD"
"2026-01-15","314318800479242","Sponsored Products","0.00","AUD"
"2026-01-07","461174245552414","Sponsored Products","1.15","AUD"
"2026-01-06","434871922933588","Sponsored Brands","0.90","CAD"
"2026-01-11","401058364234122","Sponsored Products","3.52","CAD"
"2026-01-11","312711508263023","Sponsored Products","0.00","AUD"
"2026-01-21","509593684638198","Sponsored Brands","2.30","USD"
"2026-01-08","531194039320877","Sponsored Products","0.00","CAD"
"2026-01-22","378858058113466","Sponsored Products","0.00","CAD"
"2026-01-10","298636506131156","Sponsored Brands","0.00","AUD"
"2026-01-18","536186527693818","Sponsored Products","9.31","USD"
"2026-01-10","446869334265005","Sponsored Products","0.00","USD"
"2026-01-29","392598200964005","Sponsored Products","0.44","CAD"
"2026-01-08","413308568322873","Sponsored Brands","0.53","USD"
"2026-01-21","481343337793629","Sponsored Products","0.00","GBP"
"2026-01-05","522533017982048","Sponsored Products","0.00","CAD"
"2026-01-04","297335215332435","Sponsored Products","6.55","CAD"
"2026-01-06","384137786867273","Sponsored Products","0.00","USD"
"2026-01-16","286601245904247","Sponsored Products","0.00","CAD"
"2026-01-29","407346576799567","Sponsored Products","0.00","AUD"
"2026-01-18","348184859637636","Sponsored Brands","2.35","USD"
"2026-01-07","402744546317623","Sponsored Brands","0.00","GBP"
"2026-01-23","354627207584492","Sponsored Products","0.00","CAD"
"2026-01-31","278626821184075","Sponsored Products","12.41","USD"
"2026-01-26","380439551325000","Sponsored Products","4.13","GBP"
"2026-01-10","286308132559342","Sponsored Brands","0.00","AUD"
"2026-01-13","498217737469979","Sponsored Brands","0.00","USD"
"2026-01-25","352761064226908","Sponsored Brands","0.25","CAD"
"2026-01-03","278400043801722","Sponsored Products","0.79","GBP"
"2026-01-18","353468389499196","Sponsored Brands","1.44","USD"
"2026-01-06","331897417467946","Sponsored Brands","0.62","GBP"
"2026-01-13","530353594830018","Sponsored Display","0.00","CAD"
"2026-01-02","399703016940832","Sponsored Brands","0.00","CAD"
"2026-01-04","423825131329520","Sponsored Products","3.08","USD"
"2026-01-21","304676183651349","Sponsored Products","0.00","USD"
"2026-01-02","546191132663927","Sponsored Brands","5.26","USD"
"2026-01-16","398122169001461","Sponsored Products","2.52","AUD"
"2026-01-05","331945445153602","Sponsored Products","0.92","GBP"
"2026-01-16","459488439760934","Sponsored Products","0.29","GBP"
"2026-01-04","529431876389782","Sponsored Products","1.68","USD"
"2026-01-26","400936883710783","Sponsored Products","1.67","AUD"
"2026-01-07","366993568403124","Sponsored Products","21.04","USD"
"2026-01-30","398859393836995","Sponsored Products","0.00","GBP"
"2026-01-09","349690804752896","Sponsored Products","42.32","USD"
"2026-01-08","296615200458181","Sponsored Brands","41.25","USD"
"2026-01-07","309601314328778","Sponsored Products","0.16","CAD"
"2026-01-20","398718122329444","Sponsored Products","0.83","GBP"
"2026-01-27","371604599978031","Sponsored Products","0.00","AUD"
"2026-01-08","398122169001461","Sponsored Products","0.71","AUD"
"2026-01-23","395304589984653","Sponsored Products","0.00","CAD"
"2026-01-24","505299994018527","Sponsored Products","0.00","CAD"
"2026-01-10","360412290312296","Sponsored Brands","2.51","CAD"
"2026-01-27","511509048867805","Sponsored Products","89.70","USD"
"2026-01-30","517050919084211","Sponsored Products","0.45","CAD"
"2026-01-20","555516622120091","Sponsored Brands","0.89","GBP"
"2026-01-08","363579801300326","Sponsored Products","0.00","CAD"
"2026-01-20","296882349967704","Sponsored Products","17.01","USD"
"2026-01-14","320522945603717","Sponsored Brands","0.00","CAD"
"2026-01-13","368310850203338","Sponsored Products","15.90","USD"
"2026-01-17","518653489850740","Sponsored Brands","0.00","USD"
"2026-01-20","357384467879967","Sponsored Brands","1.11","USD"
"2026-01-08","546618773117950","Sponsored Brands","0.00","AUD"
"2026-01-31","398718122329444","Sponsored Products","2.14","GBP"
"2026-01-24","516342953216189","Sponsored Products","4.63","USD"
"2026-01-26","490007501473330","Sponsored Products","1.53","USD"
"2026-01-02","405404402286043","Sponsored Products","0.80","USD"
"2026-01-29","72921898703277","Sponsored Products","0.00","USD"
"2026-01-29","556616987602606","Sponsored Products","0.00","USD"
"2026-01-09","551134208715253","Sponsored Products","0.00","AUD"
"2026-01-24","452082306058129","Sponsored Brands","4.90","CAD"
"2026-01-23","501445692271818","Sponsored Products","0.00","USD"
"2026-01-31","375880567146391","Sponsored Display","0.44","AUD"
"2026-01-21","380439551325000","Sponsored Products","2.16","GBP"
"2026-01-27","560000811916391","Sponsored Brands","1.83","USD"
"2026-01-24","545989665090053","Sponsored Brands","1.20","GBP"
"2026-01-29","320522945603717","Sponsored Brands","1.19","CAD"
"2026-01-21","383706936707329","Sponsored Brands","2.25","USD"
"2026-01-23","414778030564989","Sponsored Products","0.50","GBP"
"2026-01-17","502907079288115","Sponsored Products","0.00","CAD"
"2026-01-28","480355060288556","Sponsored Products","0.00","AUD"
"2026-01-15","504962652065858","Sponsored Brands","5.18","AUD"
"2026-01-23","288045582881440","Sponsored Products","0.00","USD"
"2026-01-22","375880567146391","Sponsored Display","0.00","AUD"
"2026-01-08","483182403867537","Sponsored Products","3.02","USD"
"2026-01-05","384986795476042","Sponsored Brands","0.49","CAD"
"2026-01-24","518228166841375","Sponsored Brands","2.83","GBP"
"2026-01-03","517050919084211","Sponsored Products","0.45","CAD"
"2026-01-15","321516368269611","Sponsored Products","0.41","CAD"
"2026-01-07","327955853177271","Sponsored Products","3.96","USD"
"2026-01-06","286601245904247","Sponsored Products","0.00","CAD"
"2026-01-05","300354268849742","Sponsored Brands","0.00","CAD"
"2026-01-25","291612323170971","Sponsored Products","0.00","CAD"
"2026-01-26","303344079444236","Sponsored Brands","1.87","GBP"
"2026-01-12","363579801300326","Sponsored Products","0.00","CAD"
"2026-01-03","299897583007336","Sponsored Products","0.00","USD"
"2026-01-10","323864334787492","Sponsored Products","0.00","AUD"
"2026-01-21","348537181713557","Sponsored Products","0.00","GBP"
"2026-01-22","346023186686134","Sponsored Brands","1.10","USD"
"2026-01-14","538771699321102","Sponsored Products","0.00","AUD"
"2026-01-26","557388890025484","Sponsored Products","5.85","USD"
"2026-01-15","313102197760283","Sponsored Products","9.97","USD"
"2026-01-29","48192245895031","Sponsored Products","0.00","USD"
"2026-01-18","440997775738977","Sponsored Products","0.00","AUD"
"2026-01-30","329222077811459","Sponsored Brands","0.70","GBP"
"2026-01-08","340849210853799","Sponsored Products","4.38","USD"
"2026-01-10","491366396962687","Sponsored Brands","1.79","USD"
"2026-01-05","405404402286043","Sponsored Products","0.00","USD"
"2026-01-30","115758363210245","Sponsored Products","53.49","USD"
"2026-01-22","453187476718269","Sponsored Display","0.00","CAD"
"2026-01-15","531616041116243","Sponsored Products","0.00","USD"
"2026-01-18","422044464968254","Sponsored Products","6.74","GBP"
"2026-01-24","342468627864471","Sponsored Products","0.00","GBP"
"2026-01-13","280884599605823","Sponsored Products","18.64","USD"
"2026-01-20","439663157752722","Sponsored Brands","0.91","USD"
"2026-01-31","453239686745418","Sponsored Products","1.15","GBP"
"2026-01-11","408719546145761","Sponsored Products","0.45","USD"
"2026-01-19","189738652799913","Sponsored Brands","0.25","CAD"
"2026-01-20","531187508971652","Sponsored Display","0.00","CAD"
"2026-01-23","441925918527435","Sponsored Brands","1.81","USD"
"2026-01-04","371623685288534","Sponsored Brands","0.00","GBP"
"2026-01-19","486701736662809","Sponsored Products","3.26","AUD"
"2026-01-26","555379102425019","Sponsored Products","3.50","CAD"
"2026-01-27","536186527693818","Sponsored Products","5.10","USD"
"2026-01-08","298636506131156","Sponsored Brands","0.00","AUD"
"2026-01-30","317772463042332","Sponsored Products","1.15","AUD"
"2026-01-30","554517553013265","Sponsored Products","0.00","CAD"
"2026-01-31","262727752997615","Sponsored Products","5.15","USD"
"2026-01-08","378858058113466","Sponsored Products","5.71","CAD"
"2026-01-20","516342953216189","Sponsored Products","8.83","USD"
"2026-01-22","402744546317623","Sponsored Brands","0.00","GBP"
"2026-01-27","329222077811459","Sponsored Brands","0.00","GBP"
"2026-01-30","134777743429986","Sponsored Products","2.62","USD"
"2026-01-16","434170639918769","Sponsored Brands","0.47","USD"
"2026-01-31","152555236474228","Sponsored Products","0.00","USD"
"2026-01-20","352761064226908","Sponsored Brands","0.00","CAD"
"2026-01-27","483182403867537","Sponsored Products","0.00","USD"
"2026-01-16","316207062053537","Sponsored Products","0.00","AUD"
"2026-01-23","483182403867537","Sponsored Products","0.00","USD"
"2026-01-22","453239686745418","Sponsored Products","0.60","GBP"
"2026-01-13","398718122329444","Sponsored Products","1.73","GBP"
"2026-01-07","296615200458181","Sponsored Brands","55.74","USD"
"2026-01-16","288086271468562","Sponsored Products","40.91","USD"
"2026-01-21","405896045618734","Sponsored Display","0.02","USD"
"2026-01-28","284235017891966","Sponsored Products","5.39","CAD"
"2026-01-21","373188657935606","Sponsored Products","0.00","AUD"
"2026-01-09","324740828073799","Sponsored Products","0.00","AUD"
"2026-01-28","373188657935606","Sponsored Products","0.00","AUD"
"2026-01-20","546191132663927","Sponsored Brands","1.27","USD"
"2026-01-01","375451164709840","Sponsored Products","0.00","GBP"
"2026-01-18","375262111034104","Sponsored Brands","2.89","USD"
"2026-01-08","495242868805173","Sponsored Products","1.37","GBP"
"2026-01-14","427514193060341","Sponsored Products","0.00","USD"
"2026-01-01","428015197375542","Sponsored Products","0.00","AUD"
"2026-01-05","517050919084211","Sponsored Products","0.00","CAD"
"2026-01-10","539931100075119","Sponsored Brands","3.34","USD"
"2026-01-03","317772463042332","Sponsored Products","0.00","AUD"
"2026-01-11","309978526979947","Sponsored Products","1.17","USD"
"2026-01-15","342233969782751","Sponsored Products","4.81","USD"
"2026-01-29","551785069524711","Sponsored Products","0.00","USD"
"2026-01-17","296882349967704","Sponsored Products","15.76","USD"
"2026-01-30","318148591057223","Sponsored Products","0.00","GBP"
"2026-01-09","328156874590794","Sponsored Brands","1.05","USD"
"2026-01-31","278400043801722","Sponsored Products","0.37","GBP"
"2026-01-29","189738652799913","Sponsored Brands","0.00","CAD"
"2026-01-06","452065263384491","Sponsored Brands","4.31","USD"
"2026-01-01","286308132559342","Sponsored Brands","0.00","AUD"
"2026-01-05","511830588245108","Sponsored Products","0.00","GBP"
"2026-01-03","428015197375542","Sponsored Products","0.00","AUD"
"2026-01-23","463570831006082","Sponsored Products","0.00","CAD"
"2026-01-18","332000738328227","Sponsored Products","13.67","USD"
"2026-01-29","476511840833684","Sponsored Products","0.00","GBP"
"2026-01-09","455510939824845","Sponsored Products","0.00","USD"
"2026-01-21","485543012454911","Sponsored Products","0.58","USD"
"2026-01-01","325883174926875","Sponsored Brands","2.54","USD"
"2026-01-29","516157903732083","Sponsored Products","5.08","GBP"
"2026-01-06","340849210853799","Sponsored Products","4.51","USD"
"2026-01-25","506556070299851","Sponsored Products","0.00","USD"
"2026-01-19","366993568403124","Sponsored Products","60.18","USD"
"2026-01-12","536492240546443","Sponsored Products","0.00","CAD"
"2026-01-05","422044464968254","Sponsored Products","4.26","GBP"
"2026-01-06","365912534680395","Sponsored Products","0.45","GBP"
"2026-01-10","450116297068538","Sponsored Products","5.13","USD"
"2026-01-28","54386198712419","Sponsored Products","0.00","USD"
"2026-01-23","293195244233089","Sponsored Products","0.00","USD"
"2026-01-23","526735719174751","Sponsored Products","0.00","USD"
"2026-01-01","526818914182448","Sponsored Products","0.36","GBP"
"2026-01-08","354627207584492","Sponsored Products","0.00","CAD"
"2026-01-11","382536260418493","Sponsored Brands","1.01","USD"
"2026-01-02","354484097353439","Sponsored Products","0.00","GBP"
"2026-01-02","320522945603717","Sponsored Brands","0.00","CAD"
"2026-01-24","461803854184467","Sponsored Products","1.32","CAD"
"2026-01-26","469814503032884","Sponsored Products","0.00","AUD"
"2026-01-21","336361735801015","Sponsored Products","0.00","USD"
"2026-01-10","491770987077396","Sponsored Products","39.34","USD"
"2026-01-21","397652540263806","Sponsored Products","0.00","CAD"
"2026-01-20","293195244233089","Sponsored Products","3.60","USD"
"2026-01-20","476511840833684","Sponsored Products","0.00","GBP"
"2026-01-08","555516622120091","Sponsored Brands","0.35","GBP"
"2026-01-13","336347500415431","Sponsored Products","0.00","USD"
"2026-01-03","536186527693818","Sponsored Products","17.23","USD"
"2026-01-02","517771475884325","Sponsored Brands","0.00","USD"
"2026-01-04","471805907077682","Sponsored Products","0.00","USD"
"2026-01-30","429216730447678","Sponsored Products","0.00","AUD"
"2026-01-12","286855949125211","Sponsored Products","3.00","AUD"
"2026-01-05","412663623607577","Sponsored Products","0.00","USD"
"2026-01-13","307534770253902","Sponsored Products","0.00","CAD"
"2026-01-10","495677195822245","Sponsored Brands","0.00","USD"
"2026-01-21","406487274006731","Sponsored Products","0.00","AUD"
"2026-01-13","508144069166640","Sponsored Products","0.00","USD"
"2026-01-17","371623685288534","Sponsored Brands","0.00","GBP"
"2026-01-15","371021037712738","Sponsored Products","67.64","USD"
"2026-01-10","299897583007336","Sponsored Products","2.79","USD"
"2026-01-04","405404402286043","Sponsored Products","0.00","USD"
"2026-01-13","328156874590794","Sponsored Brands","4.83","USD"
"2026-01-13","562873832621330","Sponsored Products","0.00","GBP"
"2026-01-11","440503817971150","Sponsored Products","10.58","USD"
"2026-01-11","423471492340141","Sponsored Brands","0.96","USD"
"2026-01-16","551785069524711","Sponsored Products","3.07","USD"
"2026-01-27","492312442577894","Sponsored Products","1.83","USD"
"2026-01-13","471805907077682","Sponsored Products","0.00","USD"
"2026-01-13","557388890025484","Sponsored Products","13.62","USD"
"2026-01-30","375412452273685","Sponsored Products","1.39","GBP"
"2026-01-24","491770987077396","Sponsored Products","29.83","USD"
"2026-01-30","502907079288115","Sponsored Products","1.32","CAD"
"2026-01-23","476877916686317","Sponsored Brands","0.00","AUD"
"2026-01-19","399703016940832","Sponsored Brands","0.00","CAD"
"2026-01-16","344717374719347","Sponsored Display","0.00","CAD"
"2026-01-15","432312765744113","Sponsored Products","0.00","USD"
"2026-01-15","437016942104478","Sponsored Brands","0.00","CAD"
"2026-01-15","392972027720670","Sponsored Products","0.50","CAD"
"2026-01-21","550084596372285","Sponsored Products","0.00","USD"
"2026-01-24","434871922933588","Sponsored Brands","0.00","CAD"
"2026-01-16","375412452273685","Sponsored Products","7.18","GBP"
"2026-01-23","555625239663839","Sponsored Products","7.86","USD"
"2026-01-27","495242868805173","Sponsored Products","1.40","GBP"
"2026-01-08","189738652799913","Sponsored Brands","0.40","CAD"
"2026-01-26","399703016940832","Sponsored Brands","3.35","CAD"
"2026-01-11","541042710567147","Sponsored Products","6.77","USD"
"2026-01-31","378858058113466","Sponsored Products","3.30","CAD"
"2026-01-27","304676183651349","Sponsored Products","0.00","USD"
"2026-01-24","437016942104478","Sponsored Brands","0.00","CAD"
"2026-01-02","524438997214345","Sponsored Products","3.83","USD"
"2026-01-12","482686146435604","Sponsored Brands","0.65","USD"
"2026-01-12","481343337793629","Sponsored Products","0.00","GBP"
"2026-01-22","427514193060341","Sponsored Products","0.89","USD"
"2026-01-16","501445692271818","Sponsored Products","3.70","USD"
"2026-01-03","480355060288556","Sponsored Products","0.00","AUD"
"2026-01-13","366616645988820","Sponsored Products","0.00","CAD"
"2026-01-24","495242868805173","Sponsored Products","3.33","GBP"
"2026-01-29","517050919084211","Sponsored Products","0.00","CAD"
"2026-01-28","429216730447678","Sponsored Products","3.95","AUD"
"2026-01-06","317772463042332","Sponsored Products","1.01","AUD"
"2026-01-17","542395622943712","Sponsored Products","0.48","GBP"
"2026-01-21","492312442577894","Sponsored Products","0.00","USD"
"2026-01-09","300354268849742","Sponsored Brands","0.00","CAD"
"2026-01-30","414778030564989","Sponsored Products","0.22","GBP"
"2026-01-08","428015197375542","Sponsored Products","0.00","AUD"
"2026-01-07","409249674990450","Sponsored Products","0.00","AUD"
"2026-01-23","316506785332318","Sponsored Products","3.28","USD"
"2026-01-14","546191132663927","Sponsored Brands","3.29","USD"
"2026-01-03","354484097353439","Sponsored Products","0.00","GBP"
"2026-01-19","453503689032806","Sponsored Products","0.45","GBP"
"2026-01-18","536850070634966","Sponsored Products","1.50","GBP"
"2026-01-31","494896120843036","Sponsored Products","0.00","USD"
"2026-01-16","441925918527435","Sponsored Brands","3.02","USD"
"2026-01-07","408719546145761","Sponsored Products","0.86","USD"
"2026-01-17","453503689032806","Sponsored Products","0.00","GBP"
"2026-01-13","485543012454911","Sponsored Products","0.28","USD"
"2026-01-06","409429087898453","Sponsored Display","0.00","CAD"
"2026-01-30","373593607967581","Sponsored Display","0.00","AUD"
"2026-01-11","494590942145867","Sponsored Products","32.34","CAD"
"2026-01-13","536492240546443","Sponsored Products","0.00","CAD"
"2026-01-21","360836238849040","Sponsored Products","0.00","AUD"
"2026-01-23","93061813718954","Sponsored Products","8.76","USD"
"2026-01-10","348184859637636","Sponsored Brands","0.00","USD"
"2026-01-20","300354268849742","Sponsored Brands","0.00","CAD"
"2026-01-15","560000811916391","Sponsored Brands","2.16","USD"
"2026-01-25","467633236874996","Sponsored Products","0.65","AUD"
"2026-01-09","392598200964005","Sponsored Products","2.09","CAD"
"2026-01-06","286308132559342","Sponsored Brands","0.00","AUD"
"2026-01-25","558782683947956","Sponsored Products","0.00","CAD"
"2026-01-09","392537273853228","Sponsored Brands","0.00","AUD"
"2026-01-05","481343337793629","Sponsored Products","0.00","GBP"
"2026-01-16","452082306058129","Sponsored Brands","0.00","CAD"
"2026-01-06","487908370268380","Sponsored Products","5.65","USD"
"2026-01-09","350228282296039","Sponsored Products","0.00","USD"
"2026-01-27","336347500415431","Sponsored Products","0.45","USD"
"2026-01-12","424413890381694","Sponsored Products","2.46","USD"
"2026-01-21","354484097353439","Sponsored Products","0.00","GBP"
"2026-01-27","312632253610695","Sponsored Brands","41.33","USD"
"2026-01-05","303784488331012","Sponsored Display","0.00","AUD"
"2026-01-30","530543664696574","Sponsored Products","0.00","AUD"
"2026-01-04","307534770253902","Sponsored Products","0.00","CAD"
"2026-01-04","397652540263806","Sponsored Products","0.70","CAD"
"2026-01-11","556616987602606","Sponsored Products","6.28","USD"
"2026-01-09","512730232590991","Sponsored Products","0.00","USD"
"2026-01-15","344717374719347","Sponsored Display","0.00","CAD"
"2026-01-28","485543012454911","Sponsored Products","1.45","USD"
"2026-01-16","301972852761247","Sponsored Products","0.00","USD"
"2026-01-26","476877916686317","Sponsored Brands","1.50","AUD"
"2026-01-16","495699106211812","Sponsored Products","0.52","AUD"
"2026-01-23","437016942104478","Sponsored Brands","0.00","CAD"
"2026-01-27","509593684638198","Sponsored Brands","1.22","USD"
"2026-01-05","476877916686317","Sponsored Brands","1.21","AUD"
"2026-01-19","511519443187302","Sponsored Products","7.64","GBP"
"2026-01-28","296615200458181","Sponsored Brands","17.37","USD"
"2026-01-14","321516368269611","Sponsored Products","0.00","CAD"
"2026-01-04","400050759741035","Sponsored Products","0.00","USD"
"2026-01-04","384986795476042","Sponsored Brands","1.15","CAD"
"2026-01-20","406487274006731","Sponsored Products","0.00","AUD"
"2026-01-25","432013629308606","Sponsored Brands","3.29","CAD"
"2026-01-12","291618943691121","Sponsored Brands","0.00","AUD"
"2026-01-21","348184859637636","Sponsored Brands","0.00","USD"
"2026-01-07","322178684810700","Sponsored Products","0.00","USD"
"2026-01-31","94073967562900","Sponsored Products","0.00","USD"
"2026-01-02","373593607967581","Sponsored Display","0.00","AUD"
"2026-01-15","375451164709840","Sponsored Products","0.00","GBP"
"2026-01-09","310318758176650","Sponsored Products","0.00","CAD"
"2026-01-07","353468389499196","Sponsored Brands","2.09","USD"
"2026-01-16","291680855614624","Sponsored Brands","4.03","GBP"
"2026-01-20","475323940290788","Sponsored Products","6.21","USD"
"2026-01-24","551785069524711","Sponsored Products","2.66","USD"
"2026-01-26","377578915667002","Sponsored Products","8.07","USD"
"2026-01-29","94073967562900","Sponsored Products","5.39","USD"
"2026-01-03","530353594830018","Sponsored Display","0.00","CAD"
"2026-01-17","455983082050138","Sponsored Products","0.00","CAD"
"2026-01-14","284235017891966","Sponsored Products","3.78","CAD"
"2026-01-27","316506785332318","Sponsored Products","0.42","USD"
"2026-01-31","399857229182854","Sponsored Brands","3.47","GBP"
"2026-01-22","504962652065858","Sponsored Brands","0.00","AUD"
"2026-01-19","312711508263023","Sponsored Products","0.00","AUD"
"2026-01-10","444969564092992","Sponsored Products","0.00","CAD"
"2026-01-29","497204182729156","Sponsored Brands","0.00","USD"
"2026-01-02","548511206574211","Sponsored Brands","0.00","AUD"
"2026-01-04","299897583007336","Sponsored Products","2.78","USD"
"2026-01-04","477195069585228","Sponsored Products","0.00","USD"
"2026-01-23","380787783830601","Sponsored Products","0.00","USD"
"2026-01-08","366993568403124","Sponsored Products","16.83","USD"
"2026-01-12","307534770253902","Sponsored Products","0.00","CAD"
"2026-01-04","511830588245108","Sponsored Products","0.26","GBP"
"2026-01-15","431386932028495","Sponsored Products","11.10","USD"
"2026-01-09","316506785332318","Sponsored Products","0.00","USD"
"2026-01-23","402744546317623","Sponsored Brands","0.45","GBP"
"2026-01-25","357384467879967","Sponsored Brands","1.98","USD"
"2026-01-08","324740828073799","Sponsored Products","0.00","AUD"
"2026-01-08","538699937906302","Sponsored Products","0.00","USD"
"2026-01-19","366303362151528","Sponsored Products","2.14","USD"
"2026-01-27","493216310640409","Sponsored Brands","11.88","USD"
"2026-01-30","486701736662809","Sponsored Products","15.86","AUD"
"2026-01-01","469814503032884","Sponsored Products","0.00","AUD"
"2026-01-12","392598200964005","Sponsored Products","0.00","CAD"
"2026-01-18","366616645988820","Sponsored Products","0.00","CAD"
"2026-01-19","554029658228344","Sponsored Display","0.00","GBP"
"2026-01-22","514416545593290","Sponsored Products","0.00","USD"
"2026-01-30","239695922795958","Sponsored Products","0.00","USD"
"2026-01-01","458452283549074","Sponsored Brands","0.00","CAD"
"2026-01-24","297335215332435","Sponsored Products","0.37","CAD"
"2026-01-28","352761064226908","Sponsored Brands","0.00","CAD"
"2026-01-28","446869334265005","Sponsored Products","0.00","USD"
"2026-01-31","288669281122601","Sponsored Products","0.00","AUD"
"2026-01-28","561131507618203","Sponsored Products","4.59","AUD"
"2026-01-31","384986795476042","Sponsored Brands","1.97","CAD"
"2026-01-01","481128825306762","Sponsored Brands","0.00","USD"
"2026-01-06","495699106211812","Sponsored Products","0.00","AUD"
"2026-01-23","340849210853799","Sponsored Products","4.79","USD"
"2026-01-18","492312442577894","Sponsored Products","1.83","USD"
"2026-01-23","517050919084211","Sponsored Products","0.00","CAD"
"2026-01-21","291612323170971","Sponsored Products","2.98","CAD"
"2026-01-10","291612323170971","Sponsored Products","4.11","CAD"
"2026-01-10","406487274006731","Sponsored Products","0.00","AUD"
"2026-01-19","531187508971652","Sponsored Display","0.30","CAD"
"2026-01-16","348537181713557","Sponsored Products","0.45","GBP"
"2026-01-16","553804041062258","Sponsored Products","16.19","USD"
"2026-01-26","542333703103187","Sponsored Products","0.00","AUD"
"2026-01-05","518228166841375","Sponsored Brands","0.54","GBP"
"2026-01-07","280884599605823","Sponsored Products","6.97","USD"
"2026-01-23","296882349967704","Sponsored Products","10.00","USD"
"2026-01-19","550084596372285","Sponsored Products","0.00","USD"
"2026-01-05","395588635574089","Sponsored Brands","19.15","USD"
"2026-01-24","383706936707329","Sponsored Brands","1.85","USD"
"2026-01-11","336361735801015","Sponsored Products","2.62","USD"
"2026-01-18","483182403867537","Sponsored Products","3.32","USD"
"2026-01-10","475323940290788","Sponsored Products","9.26","USD"
"2026-01-26","436562742415834","Sponsored Products","0.00","GBP"
"2026-01-23","555516622120091","Sponsored Brands","0.17","GBP"
"2026-01-26","284096201830626","Sponsored Display","0.75","USD"
"2026-01-08","562857825893299","Sponsored Products","4.13","USD"
"2026-01-14","312451130238004","Sponsored Brands","0.64","USD"
"2026-01-24","454992450655768","Sponsored Products","0.00","USD"
"2026-01-27","428201110992726","Sponsored Products","6.55","USD"
"2026-01-21","383486487068158","Sponsored Display","5.13","GBP"
"2026-01-22","517050919084211","Sponsored Products","0.00","CAD"
"2026-01-06","442522120858299","Sponsored Products","0.00","USD"
"2026-01-20","309978526979947","Sponsored Products","0.00","USD"
"2026-01-12","457705240079738","Sponsored Brands","0.00","GBP"
"2026-01-09","483182403867537","Sponsored Products","0.00","USD"
"2026-01-06","328392570118308","Sponsored Brands","0.94","AUD"
"2026-01-12","321516368269611","Sponsored Products","1.16","CAD"
"2026-01-20","530353594830018","Sponsored Display","0.44","CAD"
"2026-01-01","303332324664421","Sponsored Products","0.00","USD"
"2026-01-04","542395622943712","Sponsored Products","2.74","GBP"
"2026-01-18","481343337793629","Sponsored Products","0.00","GBP"
"2026-01-12","537194794349407","Sponsored Products","0.00","USD"
"2026-01-17","429216730447678","Sponsored Products","0.00","AUD"
"2026-01-10","398122169001461","Sponsored Products","1.17","AUD"
"2026-01-20","307534770253902","Sponsored Products","0.00","CAD"
"2026-01-20","453239686745418","Sponsored Products","1.52","GBP"
"2026-01-04","455465774244567","Sponsored Products","0.00","USD"
"2026-01-27","529431876389782","Sponsored Products","0.00","USD"
"2026-01-08","303332324664421","Sponsored Products","0.00","USD"
"2026-01-18","291060086740958","Sponsored Products","18.22","USD"
"2026-01-11","366616645988820","Sponsored Products","0.00","CAD"
"2026-01-24","524843805783693","Sponsored Products","1.91","USD"
"2026-01-28","546618773117950","Sponsored Brands","3.61","AUD"
"2026-01-09","527711743915708","Sponsored Products","24.12","USD"
"2026-01-11","516157903732083","Sponsored Products","0.74","GBP"
"2026-01-26","428015197375542","Sponsored Products","0.00","AUD"
"2026-01-02","521187964040554","Sponsored Products","0.00","CAD"
"2026-01-02","378858058113466","Sponsored Products","0.00","CAD"
"2026-01-30","536850070634966","Sponsored Products","2.96","GBP"
"2026-01-27","561131507618203","Sponsored Products","0.47","AUD"
"2026-01-19","423471492340141","Sponsored Brands","0.00","USD"
"2026-01-08","541042710567147","Sponsored Products","5.15","USD"
"2026-01-14","493216310640409","Sponsored Brands","12.88","USD"
"2026-01-24","354591663011981","Sponsored Brands","0.00","USD"
"2026-01-08","366616645988820","Sponsored Products","0.00","CAD"
"2026-01-31","423471492340141","Sponsored Brands","17.58","USD"
"2026-01-15","288045582881440","Sponsored Products","1.36","USD"
"2026-01-10","480355060288556","Sponsored Products","0.00","AUD"
"2026-01-20","300894362771504","Sponsored Products","0.00","GBP"
"2026-01-16","398859393836995","Sponsored Products","3.95","GBP"
"2026-01-28","442522120858299","Sponsored Products","0.00","USD"
"2026-01-14","366616645988820","Sponsored Products","0.00","CAD"
"2026-01-13","93061813718954","Sponsored Products","5.60","USD"
"2026-01-08","451323086678396","Sponsored Products","0.86","USD"
"2026-01-05","539750977499191","Sponsored Products","1.22","CAD"
"2026-01-24","296615200458181","Sponsored Brands","22.39","USD"
"2026-01-19","329222077811459","Sponsored Brands","1.14","GBP"
"2026-01-26","453239686745418","Sponsored Products","0.00","GBP"
"2026-01-29","8078369968995","Sponsored Products","0.00","USD"
"2026-01-28","538771699321102","Sponsored Products","0.00","AUD"
"2026-01-19","518653489850740","Sponsored Brands","1.35","USD"
"2026-01-25","406964010755868","Sponsored Products","0.00","CAD"
"2026-01-04","366616645988820","Sponsored Products","0.00","CAD"
"2026-01-19","488081803937581","Sponsored Products","0.19","GBP"
"2026-01-06","459488439760934","Sponsored Products","2.98","GBP"
"2026-01-27","392598200964005","Sponsored Products","2.27","CAD"
"2026-01-20","327137186916287","Sponsored Products","4.71","USD"
"2026-01-09","353468389499196","Sponsored Brands","3.62","USD"
"2026-01-25","384986795476042","Sponsored Brands","0.00","CAD"
"2026-01-19","529845821022802","Sponsored Products","0.00","AUD"
"2026-01-09","479364871682871","Sponsored Products","0.00","USD"
"2026-01-15","395304589984653","Sponsored Products","0.00","CAD"
"2026-01-18","360836238849040","Sponsored Products","0.00","AUD"
"2026-01-02","515637010546761","Sponsored Brands","5.80","USD"
"2026-01-12","329222077811459","Sponsored Brands","0.00","GBP"
"2026-01-22","354591663011981","Sponsored Brands","0.00","USD"
"2026-01-21","363551194960955","Sponsored Products","0.00","CAD"
"2026-01-01","455100983218716","Sponsored Brands","6.91","USD"
"2026-01-19","488650993039900","Sponsored Brands","0.00","USD"
"2026-01-05","469438672280657","Sponsored Products","3.26","GBP"
"2026-01-19","446701085946014","Sponsored Products","0.00","GBP"
"2026-01-09","322178684810700","Sponsored Products","0.00","USD"
"2026-01-20","316265693147625","Sponsored Products","0.00","GBP"
"2026-01-19","505299994018527","Sponsored Products","0.00","CAD"
"2026-01-13","359104344566153","Sponsored Products","0.00","USD"
"2026-01-20","464658704178346","Sponsored Brands","3.54","USD"
"2026-01-19","441925918527435","Sponsored Brands","2.60","USD"
"2026-01-23","398122169001461","Sponsored Products","2.72","AUD"
"2026-01-24","514416545593290","Sponsored Products","2.33","USD"
"2026-01-26","344717374719347","Sponsored Display","0.00","CAD"
"2026-01-16","284096201830626","Sponsored Display","0.00","USD"
"2026-01-07","93061813718954","Sponsored Products","9.00","USD"
"2026-01-24","292138679780956","Sponsored Products","0.00","AUD"
"2026-01-02","442522120858299","Sponsored Products","2.54","USD"
"2026-01-26","561131507618203","Sponsored Products","8.27","AUD"
"2026-01-08","406487274006731","Sponsored Products","0.00","AUD"
"2026-01-29","280884599605823","Sponsored Products","0.00","USD"
"2026-01-05","495699106211812","Sponsored Products","0.00","AUD"
"2026-01-07","300354268849742","Sponsored Brands","0.00","CAD"
"2026-01-14","350228282296039","Sponsored Products","2.77","USD"
"2026-01-28","515637010546761","Sponsored Brands","3.58","USD"
"2026-01-18","487327596470810","Sponsored Products","0.00","USD"
"2026-01-10","423825131329520","Sponsored Products","15.04","USD"
"2026-01-24","542395622943712","Sponsored Products","1.00","GBP"
"2026-01-09","440997775738977","Sponsored Products","0.00","AUD"
"2026-01-29","441276644656791","Sponsored Brands","0.00","AUD"
"2026-01-27","463874563272935","Sponsored Brands","0.00","AUD"
"2026-01-25","291194333337791","Sponsored Products","0.00","USD"
"2026-01-08","459488439760934","Sponsored Products","0.00","GBP"
"2026-01-24","490007501473330","Sponsored Products","2.23","USD"
"2026-01-18","524843805783693","Sponsored Products","4.49","USD"
"2026-01-07","539834455179217","Sponsored Products","4.25","USD"
"2026-01-01","468484245538664","Sponsored Products","0.00","GBP"
"2026-01-19","304676183651349","Sponsored Products","0.00","USD"
"2026-01-19","406964010755868","Sponsored Products","0.00","CAD"
"2026-01-11","398859393836995","Sponsored Products","6.43","GBP"
"2026-01-07","312451130238004","Sponsored Brands","3.12","USD"
"2026-01-31","407530123839349","Sponsored Products","0.00","AUD"
"2026-01-02","327955853177271","Sponsored Products","12.69","USD"
"2026-01-19","511509048867805","Sponsored Products","83.09","USD"
"2026-01-05","354627207584492","Sponsored Products","0.00","CAD"
"2026-01-22","417535655271448","Sponsored Products","0.00","USD"
"2026-01-11","378095244761436","Sponsored Products","0.72","USD"
"2026-01-10","546618773117950","Sponsored Brands","0.00","AUD"
"2026-01-08","439190542974029","Sponsored Brands","0.00","USD"
"2026-01-04","511519443187302","Sponsored Products","3.56","GBP"
"2026-01-24","423538576850039","Sponsored Products","0.00","AUD"
"2026-01-04","282030525448578","Sponsored Products","1.42","USD"
"2026-01-04","432312765744113","Sponsored Products","3.60","USD"
"2026-01-29","298636506131156","Sponsored Brands","0.00","AUD"
"2026-01-30","469438672280657","Sponsored Products","0.00","GBP"
"2026-01-20","380662946968621","Sponsored Display","6.44","USD"
"2026-01-25","546191132663927","Sponsored Brands","2.48","USD"
"2026-01-04","409249674990450","Sponsored Products","0.00","AUD"
"2026-01-21","476511840833684","Sponsored Products","0.00","GBP"
"2026-01-05","493216310640409","Sponsored Brands","12.78","USD"
"2026-01-04","557738489078024","Sponsored Products","0.00","CAD"
"2026-01-31","82064097659476","Sponsored Products","0.00","USD"
"2026-01-12","493519110544788","Sponsored Products","5.42","USD"
"2026-01-21","489671557305898","Sponsored Display","0.00","USD"
"2026-01-09","493216310640409","Sponsored Brands","5.51","USD"
"2026-01-03","322178684810700","Sponsored Products","0.00","USD"
"2026-01-06","487327596470810","Sponsored Products","0.00","USD"
"2026-01-04","526818914182448","Sponsored Products","0.74","GBP"
"2026-01-14","384986795476042","Sponsored Brands","0.00","CAD"
"2026-01-28","288851430690246","Sponsored Products","0.00","GBP"
"2026-01-14","332116728677051","Sponsored Products","0.00","CAD"
"2026-01-08","402744546317623","Sponsored Brands","0.00","GBP"
"2026-01-17","359104344566153","Sponsored Products","0.00","USD"
"2026-01-23","387735099454991","Sponsored Products","0.00","USD"
"2026-01-11","386920533914758","Sponsored Brands","2.04","CAD"
"2026-01-05","263910374759225","Sponsored Products","1.53","CAD"
"2026-01-04","332116728677051","Sponsored Products","0.00","CAD"
"2026-01-16","316086976315498","Sponsored Brands","0.36","USD"
"2026-01-15","423447600502988","Sponsored Brands","0.00","CAD"
"2026-01-02","505299994018527","Sponsored Products","0.00","CAD"
"2026-01-20","431386932028495","Sponsored Products","14.94","USD"
"2026-01-09","305150240202410","Sponsored Brands","0.00","USD"
"2026-01-13","434170639918769","Sponsored Brands","0.29","USD"
"2026-01-02","545989665090053","Sponsored Brands","1.31","GBP"
"2026-01-22","401058364234122","Sponsored Products","0.00","CAD"
"2026-01-26","375451164709840","Sponsored Products","0.00","GBP"
"2026-01-04","411564343397398","Sponsored Products","5.77","USD"
"2026-01-17","506556070299851","Sponsored Products","0.00","USD"
"2026-01-23","339568026468029","Sponsored Brands","0.00","CAD"
"2026-01-31","392699328377229","Sponsored Products","0.00","AUD"
"2026-01-19","413308568322873","Sponsored Brands","0.31","USD"
"2026-01-12","493216310640409","Sponsored Brands","8.24","USD"
"2026-01-14","402078469217372","Sponsored Products","17.10","USD"
"2026-01-25","399703016940832","Sponsored Brands","3.37","CAD"
"2026-01-23","429216730447678","Sponsored Products","0.00","AUD"
"2026-01-04","422044464968254","Sponsored Products","10.15","GBP"
"2026-01-10","354591663011981","Sponsored Brands","0.00","USD"
"2026-01-10","489671557305898","Sponsored Display","0.00","USD"
"2026-01-31","14582572617569","Sponsored Products","0.00","USD"
"2026-01-02","535387208566969","Sponsored Products","1.19","USD"
"2026-01-02","366616645988820","Sponsored Products","0.00","CAD"
"2026-01-16","441276644656791","Sponsored Brands","0.00","AUD"
"2026-01-19","430840323605870","Sponsored Products","0.00","USD"
"2026-01-08","278400043801722","Sponsored Products","0.00","GBP"
"2026-01-03","300894362771504","Sponsored Products","0.00","GBP"
"2026-01-22","423471492340141","Sponsored Brands","0.29","USD"
"2026-01-16","431386932028495","Sponsored Products","22.95","USD"
"2026-01-30","103204875656014","Sponsored Products","3.12","USD"
"2026-01-06","278400043801722","Sponsored Products","1.06","GBP"
"2026-01-14","339568026468029","Sponsored Brands","0.30","CAD"
"2026-01-26","487908370268380","Sponsored Products","13.32","USD"
"2026-01-27","537194794349407","Sponsored Products","2.63","USD"
"2026-01-21","402078469217372","Sponsored Products","23.50","USD"
"2026-01-06","515637010546761","Sponsored Brands","5.03","USD"
"2026-01-29","371021037712738","Sponsored Products","5.93","USD"
"2026-01-20","406964010755868","Sponsored Products","0.00","CAD"
"2026-01-05","545989665090053","Sponsored Brands","2.15","GBP"
"2026-01-07","452065263384491","Sponsored Brands","7.79","USD"
"2026-01-17","288086271468562","Sponsored Products","42.95","USD"
"2026-01-08","476877916686317","Sponsored Brands","2.55","AUD"
"2026-01-08","400936883710783","Sponsored Products","3.15","AUD"
"2026-01-22","454571413921997","Sponsored Products","0.00","GBP"
"2026-01-27","291612323170971","Sponsored Products","0.00","CAD"
"2026-01-22","482686146435604","Sponsored Brands","1.00","USD"
"2026-01-16","562857825893299","Sponsored Products","1.29","USD"
"2026-01-05","537194794349407","Sponsored Products","0.00","USD"
"2026-01-11","396006036421092","Sponsored Products","0.00","USD"
"2026-01-02","494590942145867","Sponsored Products","37.26","CAD"
"2026-01-26","545146961820010","Sponsored Products","1.76","GBP"
"2026-01-12","551785069524711","Sponsored Products","0.51","USD"
"2026-01-11","532209379687062","Sponsored Display","1.29","GBP"
"2026-01-31","440997775738977","Sponsored Products","1.33","AUD"
"2026-01-03","286308132559342","Sponsored Brands","0.00","AUD"
"2026-01-10","494590942145867","Sponsored Products","31.51","CAD"
"2026-01-18","396006036421092","Sponsored Products","0.00","USD"
"2026-01-17","401058364234122","Sponsored Products","3.18","CAD"
"2026-01-12","327137186916287","Sponsored Products","0.00","USD"
"2026-01-17","431503342672607","Sponsored Products","4.95","USD"
"2026-01-20","494490339894946","Sponsored Products","0.00","USD"
"2026-01-10","487313850471925","Sponsored Brands","0.00","USD"
"2026-01-12","561131507618203","Sponsored Products","0.00","AUD"
"2026-01-24","431503342672607","Sponsored Products","0.00","USD"
"2026-01-22","555625239663839","Sponsored Products","14.73","USD"
"2026-01-30","48192245895031","Sponsored Products","0.00","USD"
"2026-01-28","504962652065858","Sponsored Brands","0.00","AUD"
"2026-01-21","351594278748520","Sponsored Products","1.94","USD"
"2026-01-13","325883174926875","Sponsored Brands","3.65","USD"
"2026-01-31","291618943691121","Sponsored Brands","0.00","AUD"
"2026-01-22","428015197375542","Sponsored Products","0.81","AUD"
"2026-01-12","486701736662809","Sponsored Products","3.40","AUD"
"2026-01-14","417350251520986","Sponsored Products","0.00","USD"
"2026-01-12","409429087898453","Sponsored Display","0.00","CAD"
"2026-01-18","398122169001461","Sponsored Products","1.79","AUD"
"2026-01-27","318148591057223","Sponsored Products","0.00","GBP"
"2026-01-24","483182403867537","Sponsored Products","1.13","USD"
"2026-01-31","434170639918769","Sponsored Brands","5.58","USD"
"2026-01-09","387735099454991","Sponsored Products","0.00","USD"
"2026-01-02","536186527693818","Sponsored Products","16.62","USD"
"2026-01-19","378095244761436","Sponsored Products","0.00","USD"
"2026-01-24","487313850471925","Sponsored Brands","0.00","USD"
"2026-01-01","432312765744113","Sponsored Products","5.83","USD"
"2026-01-26","488650993039900","Sponsored Brands","0.00","USD"
"2026-01-15","325883174926875","Sponsored Brands","0.00","USD"
"2026-01-29","152555236474228","Sponsored Products","0.00","USD"
"2026-01-17","453239686745418","Sponsored Products","5.75","GBP"
"2026-01-21","440503817971150","Sponsored Products","7.07","USD"
"2026-01-15","324446919049652","Sponsored Products","5.28","USD"
"2026-01-01","291680855614624","Sponsored Brands","1.62","GBP"
"2026-01-08","342157027477562","Sponsored Products","0.45","USD"
"2026-01-07","332116728677051","Sponsored Products","0.00","CAD"
"2026-01-27","307922603865773","Sponsored Products","7.40","USD"
"2026-01-14","368310850203338","Sponsored Products","11.91","USD"
"2026-01-03","331945445153602","Sponsored Products","0.52","GBP"
"2026-01-01","431386932028495","Sponsored Products","8.10","USD"
"2026-01-18","537194794349407","Sponsored Products","0.00","USD"
"2026-01-09","430840323605870","Sponsored Products","0.00","USD"
"2026-01-26","515637010546761","Sponsored Brands","11.76","USD"
"2026-01-08","378771240092800","Sponsored Products","0.00","AUD"
"2026-01-25","367083122067501","Sponsored Display","0.00","USD"
"2026-01-01","365912534680395","Sponsored Products","0.45","GBP"
"2026-01-18","557814926181675","Sponsored Products","1.02","CAD"
"2026-01-12","360836238849040","Sponsored Products","0.00","AUD"
"2026-01-01","423825131329520","Sponsored Products","6.49","USD"
"2026-01-02","486162121720882","Sponsored Products","0.44","USD"
"2026-01-11","536850070634966","Sponsored Products","0.40","GBP"
"2026-01-16","432312765744113","Sponsored Products","0.00","USD"
"2026-01-08","450116297068538","Sponsored Products","0.00","USD"
"2026-01-23","373593607967581","Sponsored Display","0.00","AUD"
"2026-01-22","556616987602606","Sponsored Products","7.03","USD"
"2026-01-15","542395622943712","Sponsored Products","0.50","GBP"
"2026-01-29","491792683377286","Sponsored Products","0.00","USD"
"2026-01-17","539931100075119","Sponsored Brands","1.46","USD"
"2026-01-14","392537273853228","Sponsored Brands","2.18","AUD"
"2026-01-20","367083122067501","Sponsored Display","1.34","USD"
"2026-01-04","317772463042332","Sponsored Products","0.46","AUD"
"2026-01-22","550084596372285","Sponsored Products","0.00","USD"
"2026-01-03","494490339894946","Sponsored Products","1.13","USD"
"2026-01-23","380439551325000","Sponsored Products","2.00","GBP"
"2026-01-13","367083122067501","Sponsored Display","0.00","USD"
"2026-01-23","497204182729156","Sponsored Brands","0.00","USD"
"2026-01-21","503460776607859","Sponsored Brands","0.00","CAD"
"2026-01-20","524843805783693","Sponsored Products","1.65","USD"
"2026-01-08","495699106211812","Sponsored Products","0.00","AUD"
"2026-01-10","400936883710783","Sponsored Products","7.00","AUD"
"2026-01-31","354484097353439","Sponsored Products","0.26","GBP"
"2026-01-30","419764168918332","Sponsored Brands","3.72","AUD"
"2026-01-18","399629340308947","Sponsored Brands","0.44","AUD"
"2026-01-23","444969564092992","Sponsored Products","0.00","CAD"
"2026-01-16","529845821022802","Sponsored Products","0.00","AUD"
"2026-01-13","340849210853799","Sponsored Products","4.56","USD"
"2026-01-19","501445692271818","Sponsored Products","2.22","USD"
"2026-01-14","402744546317623","Sponsored Brands","0.00","GBP"
"2026-01-29","424413890381694","Sponsored Products","0.00","USD"
"2026-01-03","531194039320877","Sponsored Products","0.00","CAD"
"2026-01-06","494994223093944","Sponsored Brands","0.00","AUD"
"2026-01-20","292138679780956","Sponsored Products","0.00","AUD"
"2026-01-12","382536260418493","Sponsored Brands","2.38","USD"
"2026-01-02","532209379687062","Sponsored Display","0.33","GBP"
"2026-01-03","559365035833525","Sponsored Brands","0.00","AUD"
"2026-01-01","381243195375500","Sponsored Products","2.19","USD"
"2026-01-19","300354268849742","Sponsored Brands","0.00","CAD"
"2026-01-06","375880567146391","Sponsored Display","2.86","AUD"
"2026-01-23","375262111034104","Sponsored Brands","0.72","USD"
"2026-01-12","291612323170971","Sponsored Products","0.00","CAD"
"2026-01-03","483494234649944","Sponsored Products","0.00","USD"
"2026-01-01","488227359567395","Sponsored Products","0.00","GBP"
"2026-01-20","312711508263023","Sponsored Products","0.00","AUD"
"2026-01-29","407444835513369","Sponsored Brands","0.00","CAD"
"2026-01-24","467986598930085","Sponsored Products","10.90","USD"
"2026-01-13","371604599978031","Sponsored Products","0.00","AUD"
"2026-01-28","280884599605823","Sponsored Products","10.66","USD"
"2026-01-19","318399173824872","Sponsored Products","0.00","GBP"
"2026-01-22","354627207584492","Sponsored Products","0.00","CAD"
"2026-01-26","524843805783693","Sponsored Products","2.70","USD"
"2026-01-16","354036750973331","Sponsored Products","0.60","CAD"
"2026-01-17","354036750973331","Sponsored Products","6.97","CAD"
"2026-01-25","450215291242396","Sponsored Products","0.88","USD"
"2026-01-07","491700931771136","Sponsored Products","0.00","GBP"
"2026-01-27","475323940290788","Sponsored Products","3.21","USD"
"2026-01-16","516157903732083","Sponsored Products","2.70","GBP"
"2026-01-15","454564300195235","Sponsored Products","1.78","GBP"
"2026-01-09","363579801300326","Sponsored Products","0.00","CAD"
"2026-01-19","316086976315498","Sponsored Brands","0.00","USD"
"2026-01-19","424600049511604","Sponsored Products","12.95","USD"
"2026-01-10","375451164709840","Sponsored Products","0.00","GBP"
"2026-01-25","558297049226516","Sponsored Brands","0.00","CAD"
"2026-01-24","497204182729156","Sponsored Brands","0.00","USD"
"2026-01-02","443207948405482","Sponsored Products","1.35","CAD"
"2026-01-12","377578915667002","Sponsored Products","13.91","USD"
"2026-01-06","455983082050138","Sponsored Products","5.00","CAD"
"2026-01-25","428914757065848","Sponsored Products","0.17","CAD"
"2026-01-01","316506785332318","Sponsored Products","0.00","USD"
"2026-01-15","392537273853228","Sponsored Brands","0.00","AUD"
"2026-01-17","303344079444236","Sponsored Brands","0.32","GBP"
"2026-01-12","491770987077396","Sponsored Products","31.16","USD"
"2026-01-08","497204182729156","Sponsored Brands","0.00","USD"
"2026-01-24","475323940290788","Sponsored Products","12.45","USD"
"2026-01-05","491700931771136","Sponsored Products","0.00","GBP"
"2026-01-12","406487274006731","Sponsored Products","0.00","AUD"
"2026-01-19","402744546317623","Sponsored Brands","0.00","GBP"
"2026-01-13","406964010755868","Sponsored Products","0.00","CAD"
"2026-01-26","312451130238004","Sponsored Brands","0.00","USD"
"2026-01-26","375840213985973","Sponsored Products","0.00","USD"
"2026-01-01","443207948405482","Sponsored Products","1.63","CAD"
"2026-01-26","521187964040554","Sponsored Products","0.47","CAD"
"2026-01-28","436562742415834","Sponsored Products","0.00","GBP"
"2026-01-28","450215291242396","Sponsored Products","0.00","USD"
"2026-01-07","284096201830626","Sponsored Display","0.97","USD"
"2026-01-13","189738652799913","Sponsored Brands","0.00","CAD"
"2026-01-08","440997775738977","Sponsored Products","0.00","AUD"
"2026-01-27","454564300195235","Sponsored Products","1.45","GBP"
"2026-01-01","531616041116243","Sponsored Products","0.00","USD"
"2026-01-06","494896120843036","Sponsored Products","0.00","USD"
"2026-01-04","331945445153602","Sponsored Products","1.89","GBP"
"2026-01-10","408719546145761","Sponsored Products","0.78","USD"
"2026-01-01","539750977499191","Sponsored Products","0.00","CAD"
"2026-01-29","58475731073369","Sponsored Products","11.07","USD"
"2026-01-21","456837390130096","Sponsored Products","0.00","AUD"
"2026-01-06","416822662696131","Sponsored Brands","1.90","USD"
"2026-01-08","419802202221779","Sponsored Products","3.87","CAD"
"2026-01-15","366616645988820","Sponsored Products","0.00","CAD"
"2026-01-09","453754530299965","Sponsored Brands","20.47","USD"
"2026-01-27","562873832621330","Sponsored Products","0.00","GBP"
"2026-01-03","561131507618203","Sponsored Products","0.00","AUD"
"2026-01-01","400050759741035","Sponsored Products","0.00","USD"
"2026-01-10","386865813070708","Sponsored Products","3.14","USD"
"2026-01-04","465277078791533","Sponsored Brands","0.00","GBP"
"2026-01-31","137772430611725","Sponsored Products","0.00","USD"
"2026-01-28","347536643859180","Sponsored Products","0.00","GBP"
"2026-01-25","373188657935606","Sponsored Products","0.06","AUD"
"2026-01-17","363551194960955","Sponsored Products","0.88","CAD"
"2026-01-12","380662946968621","Sponsored Display","12.48","USD"
"2026-01-07","401058364234122","Sponsored Products","1.99","CAD"
"2026-01-27","402744546317623","Sponsored Brands","0.90","GBP"
"2026-01-11","459130146103681","Sponsored Display","0.00","AUD"
"2026-01-13","314318800479242","Sponsored Products","1.21","AUD"
"2026-01-02","278400043801722","Sponsored Products","0.76","GBP"
"2026-01-04","491700931771136","Sponsored Products","0.51","GBP"
"2026-01-10","469814503032884","Sponsored Products","0.00","AUD"
"2026-01-29","523047960784195","Sponsored Products","0.00","USD"
"2026-01-09","408719546145761","Sponsored Products","0.00","USD"
"2026-01-25","428015197375542","Sponsored Products","0.00","AUD"
"2026-01-12","411564343397398","Sponsored Products","8.59","USD"
"2026-01-27","400050759741035","Sponsored Products","0.00","USD"
"2026-01-17","542616313773815","Sponsored Brands","1.04","USD"
"2026-01-27","428015197375542","Sponsored Products","0.00","AUD"
"2026-01-29","455510939824845","Sponsored Products","0.00","USD"
"2026-01-20","429216730447678","Sponsored Products","0.00","AUD"
"2026-01-22","555379102425019","Sponsored Products","1.05","CAD"
"2026-01-06","380787783830601","Sponsored Products","0.45","USD"
"2026-01-20","524438997214345","Sponsored Products","0.00","USD"
"2026-01-28","487908370268380","Sponsored Products","6.37","USD"
"2026-01-25","538699937906302","Sponsored Products","0.00","USD"
"2026-01-09","539931100075119","Sponsored Brands","1.99","USD"
"2026-01-05","360836238849040","Sponsored Products","0.00","AUD"
"2026-01-03","465191710626164","Sponsored Brands","0.00","GBP"
"2026-01-09","441276644656791","Sponsored Brands","0.00","AUD"
"2026-01-22","380787783830601","Sponsored Products","0.68","USD"
"2026-01-02","495677195822245","Sponsored Brands","0.00","USD"
"2026-01-28","156285188540724","Sponsored Products","0.00","USD"
"2026-01-12","423825131329520","Sponsored Products","15.67","USD"
"2026-01-23","450215291242396","Sponsored Products","0.54","USD"
"2026-01-04","329222077811459","Sponsored Brands","0.00","GBP"
"2026-01-12","469438672280657","Sponsored Products","0.00","GBP"
"2026-01-04","453187476718269","Sponsored Display","0.00","CAD"
"2026-01-22","442522120858299","Sponsored Products","0.00","USD"
"2026-01-16","332000738328227","Sponsored Products","15.46","USD"
"2026-01-08","332116728677051","Sponsored Products","0.00","CAD"
"2026-01-01","512730232590991","Sponsored Products","0.00","USD"
"2026-01-15","495699106211812","Sponsored Products","0.00","AUD"
"2026-01-09","467633236874996","Sponsored Products","0.00","AUD"
"2026-01-28","542333703103187","Sponsored Products","0.00","AUD"
"2026-01-16","359104344566153","Sponsored Products","0.00","USD"
"2026-01-25","292726552706968","Sponsored Products","0.94","USD"
"2026-01-04","488469035179419","Sponsored Brands","0.00","AUD"
"2026-01-20","316086976315498","Sponsored Brands","0.00","USD"
"2026-01-30","324740828073799","Sponsored Products","0.00","AUD"
"2026-01-30","406487274006731","Sponsored Products","0.00","AUD"
"2026-01-10","296882349967704","Sponsored Products","29.19","USD"
"2026-01-24","322178684810700","Sponsored Products","0.00","USD"
"2026-01-30","184593163947523","Sponsored Products","1.94","USD"
"2026-01-18","532503737498489","Sponsored Products","0.00","USD"
"2026-01-21","516342953216189","Sponsored Products","3.37","USD"
"2026-01-11","557814926181675","Sponsored Products","0.00","CAD"
"2026-01-18","363801591495934","Sponsored Brands","0.00","CAD"
"2026-01-03","298636506131156","Sponsored Brands","0.00","AUD"
"2026-01-27","442522120858299","Sponsored Products","0.00","USD"
"2026-01-21","523047960784195","Sponsored Products","12.84","USD"
"2026-01-05","340849210853799","Sponsored Products","14.25","USD"
"2026-01-18","420797773596938","Sponsored Products","0.66","USD"
"2026-01-16","469814503032884","Sponsored Products","0.00","AUD"
"2026-01-17","288045582881440","Sponsored Products","1.23","USD"
"2026-01-10","532209379687062","Sponsored Display","0.50","GBP"
"2026-01-25","446869334265005","Sponsored Products","0.00","USD"
"2026-01-03","439526402269373","Sponsored Products","1.68","GBP"
"2026-01-11","428015197375542","Sponsored Products","0.00","AUD"
"2026-01-03","294988432395200","Sponsored Products","0.00","USD"
"2026-01-18","432312765744113","Sponsored Products","0.00","USD"
"2026-01-18","514416545593290","Sponsored Products","0.00","USD"
"2026-01-04","488227359567395","Sponsored Products","0.00","GBP"
"2026-01-01","406964010755868","Sponsored Products","0.00","CAD"
"2026-01-16","288045582881440","Sponsored Products","0.82","USD"
"2026-01-01","383706936707329","Sponsored Brands","7.27","USD"
"2026-01-13","360412290312296","Sponsored Brands","5.51","CAD"
"2026-01-17","464658704178346","Sponsored Brands","8.24","USD"
"2026-01-09","313102197760283","Sponsored Products","7.32","USD"
"2026-01-27","291680855614624","Sponsored Brands","2.52","GBP"
"2026-01-18","557738489078024","Sponsored Products","0.00","CAD"
"2026-01-01","296615200458181","Sponsored Brands","51.33","USD"
"2026-01-12","560000811916391","Sponsored Brands","0.91","USD"
"2026-01-24","521187964040554","Sponsored Products","0.00","CAD"
"2026-01-24","384986795476042","Sponsored Brands","0.42","CAD"
"2026-01-21","515637010546761","Sponsored Brands","8.57","USD"
"2026-01-01","373188657935606","Sponsored Products","0.00","AUD"
"2026-01-12","530543664696574","Sponsored Products","14.14","AUD"
"2026-01-28","497204182729156","Sponsored Brands","0.00","USD"
"2026-01-26","424600049511604","Sponsored Products","9.36","USD"
"2026-01-02","286308132559342","Sponsored Brands","0.00","AUD"
"2026-01-30","453239686745418","Sponsored Products","1.18","GBP"
"2026-01-12","545989665090053","Sponsored Brands","1.59","GBP"
"2026-01-05","392537273853228","Sponsored Brands","0.00","AUD"
"2026-01-10","436562742415834","Sponsored Products","0.00","GBP"
"2026-01-14","342468627864471","Sponsored Products","0.23","GBP"
"2026-01-18","382536260418493","Sponsored Brands","5.44","USD"
"2026-01-04","416822662696131","Sponsored Brands","1.53","USD"
"2026-01-11","327955853177271","Sponsored Products","9.33","USD"
"2026-01-03","455983082050138","Sponsored Products","1.57","CAD"
"2026-01-27","559365035833525","Sponsored Brands","0.00","AUD"
"2026-01-07","430840323605870","Sponsored Products","0.00","USD"
"2026-01-20","321516368269611","Sponsored Products","0.34","CAD"
"2026-01-18","454571413921997","Sponsored Products","0.35","GBP"
"2026-01-06","423538576850039","Sponsored Products","0.00","AUD"
"2026-01-30","558297049226516","Sponsored Brands","0.00","CAD"
"2026-01-13","324446919049652","Sponsored Products","5.05","USD"
"2026-01-17","316018693107855","Sponsored Products","5.82","USD"
"2026-01-27","467633236874996","Sponsored Products","0.00","AUD"
"2026-01-24","350228282296039","Sponsored Products","0.00","USD"
"2026-01-04","539750977499191","Sponsored Products","3.12","CAD"
"2026-01-22","454992450655768","Sponsored Products","0.00","USD"
"2026-01-19","409429087898453","Sponsored Display","0.00","CAD"
"2026-01-28","336361735801015","Sponsored Products","0.00","USD"
"2026-01-26","317772463042332","Sponsored Products","1.10","AUD"
"2026-01-21","446869334265005","Sponsored Products","0.00","USD"
"2026-01-13","432013629308606","Sponsored Brands","6.14","CAD"
"2026-01-23","562763694980171","Sponsored Products","0.00","GBP"
"2026-01-16","498311429491057","Sponsored Display","0.00","CAD"
"2026-01-15","538771699321102","Sponsored Products","0.00","AUD"
"2026-01-12","375840213985973","Sponsored Products","0.00","USD"
"2026-01-17","537194794349407","Sponsored Products","0.00","USD"
"2026-01-29","158171452508120","Sponsored Products","0.59","USD"
"2026-01-14","450215291242396","Sponsored Products","0.14","USD"
"2026-01-18","406964010755868","Sponsored Products","0.00","CAD"
"2026-01-03","407530123839349","Sponsored Products","0.00","AUD"
"2026-01-15","476511840833684","Sponsored Products","0.00","GBP"
"2026-01-29","439663157752722","Sponsored Brands","0.00","USD"
"2026-01-04","360836238849040","Sponsored Products","0.00","AUD"
"2026-01-04","467633236874996","Sponsored Products","0.00","AUD"
"2026-01-19","477846512499333","Sponsored Brands","0.00","USD"
"2026-01-23","440997775738977","Sponsored Products","0.00","AUD"
"2026-01-24","423471492340141","Sponsored Brands","0.20","USD"
"2026-01-30","213530912619228","Sponsored Products","9.85","USD"
"2026-01-30","280884599605823","Sponsored Products","0.00","USD"
"2026-01-01","444969564092992","Sponsored Products","1.08","CAD"
"2026-01-19","386893543852916","Sponsored Products","0.00","CAD"
"2026-01-28","101459965063202","Sponsored Products","1.86","USD"
"2026-01-27","477120010084382","Sponsored Products","0.00","USD"
"2026-01-27","514416545593290","Sponsored Products","0.00","USD"
"2026-01-31","429345285920060","Sponsored Brands","1.32","GBP"
"2026-01-10","536850070634966","Sponsored Products","0.00","GBP"
"2026-01-07","517050919084211","Sponsored Products","0.00","CAD"
"2026-01-07","428914757065848","Sponsored Products","6.23","CAD"
"2026-01-04","375262111034104","Sponsored Brands","4.48","USD"
"2026-01-19","380439551325000","Sponsored Products","2.57","GBP"
"2026-01-03","427514193060341","Sponsored Products","0.00","USD"
"2026-01-31","498311429491057","Sponsored Display","0.00","CAD"
"2026-01-23","263910374759225","Sponsored Products","3.02","CAD"
"2026-01-23","392972027720670","Sponsored Products","0.00","CAD"
"2026-01-28","327323455598643","Sponsored Products","0.00","GBP"
"2026-01-28","459488439760934","Sponsored Products","0.84","GBP"
"2026-01-17","396524009311704","Sponsored Brands","3.62","CAD"
"2026-01-19","531616041116243","Sponsored Products","0.00","USD"
"2026-01-19","513927767815024","Sponsored Products","0.00","USD"
"2026-01-18","439663157752722","Sponsored Brands","1.16","USD"
"2026-01-11","324740828073799","Sponsored Products","0.00","AUD"
"2026-01-02","465277078791533","Sponsored Brands","0.00","GBP"
"2026-01-03","455465774244567","Sponsored Products","0.00","USD"
"2026-01-03","450116297068538","Sponsored Products","2.70","USD"
"2026-01-03","506556070299851","Sponsored Products","0.00","USD"
"2026-01-01","560000811916391","Sponsored Brands","4.38","USD"
"2026-01-20","386920533914758","Sponsored Brands","0.00","CAD"
"2026-01-20","313102197760283","Sponsored Products","8.42","USD"
"2026-01-26","378095244761436","Sponsored Products","0.00","USD"
"2026-01-29","493519110544788","Sponsored Products","0.00","USD"
"2026-01-02","463874563272935","Sponsored Brands","0.00","AUD"
"2026-01-29","373593607967581","Sponsored Display","0.00","AUD"
"2026-01-09","342568396157124","Sponsored Display","0.14","USD"
"2026-01-01","511519443187302","Sponsored Products","2.75","GBP"
"2026-01-14","541042710567147","Sponsored Products","8.87","USD"
"2026-01-22","440503817971150","Sponsored Products","8.66","USD"
"2026-01-31","215176800738804","Sponsored Products","2.69","USD"
"2026-01-30","2414736156339","Sponsored Products","0.00","USD"
"2026-01-03","524843805783693","Sponsored Products","0.00","USD"
"2026-01-20","354591663011981","Sponsored Brands","1.34","USD"
"2026-01-27","476511840833684","Sponsored Products","0.00","GBP"
"2026-01-28","524843805783693","Sponsored Products","4.54","USD"
"2026-01-24","338934805167255","Sponsored Products","0.00","USD"
"2026-01-01","477846512499333","Sponsored Brands","0.00","USD"
"2026-01-01","439118795538688","Sponsored Brands","0.00","CAD"
"2026-01-10","535387208566969","Sponsored Products","0.92","USD"
"2026-01-14","406487274006731","Sponsored Products","0.00","AUD"
"2026-01-20","316506785332318","Sponsored Products","5.08","USD"
"2026-01-10","538771699321102","Sponsored Products","3.17","AUD"
"2026-01-31","417555316939613","Sponsored Brands","0.00","AUD"
"2026-01-01","331945445153602","Sponsored Products","0.00","GBP"
"2026-01-19","526735719174751","Sponsored Products","1.05","USD"
"2026-01-09","453239686745418","Sponsored Products","1.13","GBP"
"2026-01-13","392972027720670","Sponsored Products","0.00","CAD"
"2026-01-31","206968068657618","Sponsored Products","0.00","USD"
"2026-01-22","546618773117950","Sponsored Brands","0.00","AUD"
"2026-01-02","524843805783693","Sponsored Products","7.82","USD"
"2026-01-27","542616313773815","Sponsored Brands","1.64","USD"
"2026-01-03","371623685288534","Sponsored Brands","0.00","GBP"
"2026-01-22","538699937906302","Sponsored Products","0.00","USD"
"2026-01-23","516157903732083","Sponsored Products","0.17","GBP"
"2026-01-21","498311429491057","Sponsored Display","0.00","CAD"
"2026-01-13","472554317410495","Sponsored Brands","0.00","USD"
"2026-01-04","459130146103681","Sponsored Display","2.89","AUD"
"2026-01-11","498311429491057","Sponsored Display","0.00","CAD"
"2026-01-25","521187964040554","Sponsored Products","4.73","CAD"
"2026-01-01","312711508263023","Sponsored Products","0.00","AUD"
"2026-01-18","476877916686317","Sponsored Brands","0.67","AUD"
"2026-01-03","335433659020477","Sponsored Products","0.00","USD"
"2026-01-14","400936883710783","Sponsored Products","4.18","AUD"
"2026-01-15","284235017891966","Sponsored Products","6.30","CAD"
"2026-01-03","423699972104364","Sponsored Brands","1.23","USD"
"2026-01-29","316207062053537","Sponsored Products","0.00","AUD"
"2026-01-06","377578915667002","Sponsored Products","16.73","USD"
"2026-01-23","386865813070708","Sponsored Products","0.66","USD"
"2026-01-21","349690804752896","Sponsored Products","48.55","USD"
"2026-01-18","312632253610695","Sponsored Brands","67.54","USD"
"2026-01-10","305150240202410","Sponsored Brands","0.00","USD"
"2026-01-10","515637010546761","Sponsored Brands","8.27","USD"
"2026-01-15","304676183651349","Sponsored Products","0.00","USD"
"2026-01-10","539750977499191","Sponsored Products","1.70","CAD"
"2026-01-09","506556070299851","Sponsored Products","0.00","USD"
"2026-01-17","436562742415834","Sponsored Products","0.00","GBP"
"2026-01-02","463570831006082","Sponsored Products","0.00","CAD"
"2026-01-08","407530123839349","Sponsored Products","0.00","AUD"
"2026-01-23","291194333337791","Sponsored Products","0.00","USD"
"2026-01-11","332116728677051","Sponsored Products","0.00","CAD"
"2026-01-13","511519443187302","Sponsored Products","2.01","GBP"
"2026-01-22","296615200458181","Sponsored Brands","16.66","USD"
"2026-01-01","430840323605870","Sponsored Products","1.96","USD"
"2026-01-14","316207062053537","Sponsored Products","0.00","AUD"
"2026-01-15","303332324664421","Sponsored Products","0.00","USD"
"2026-01-02","558297049226516","Sponsored Brands","0.00","CAD"
"2026-01-19","516342953216189","Sponsored Products","0.00","USD"
"2026-01-21","511519443187302","Sponsored Products","1.72","GBP"
"2026-01-01","524843805783693","Sponsored Products","4.51","USD"
"2026-01-31","558782683947956","Sponsored Products","0.00","CAD"
"2026-01-06","424413890381694","Sponsored Products","0.00","USD"
"2026-01-16","453187476718269","Sponsored Display","0.00","CAD"
"2026-01-24","530543664696574","Sponsored Products","0.00","AUD"
"2026-01-12","513927767815024","Sponsored Products","1.04","USD"
"2026-01-25","318399173824872","Sponsored Products","0.00","GBP"
"2026-01-01","400220148801129","Sponsored Products","0.00","GBP"
"2026-01-28","443805539282973","Sponsored Brands","1.33","CAD"
"2026-01-04","189738652799913","Sponsored Brands","0.00","CAD"
"2026-01-27","557738489078024","Sponsored Products","0.65","CAD"
"2026-01-27","307534770253902","Sponsored Products","0.00","CAD"
"2026-01-08","555379102425019","Sponsored Products","1.82","CAD"
"2026-01-11","526735719174751","Sponsored Products","0.00","USD"
"2026-01-14","360836238849040","Sponsored Products","0.00","AUD"
"2026-01-19","441276644656791","Sponsored Brands","0.00","AUD"
"2026-01-10","371604599978031","Sponsored Products","0.00","AUD"
"2026-01-29","309978526979947","Sponsored Products","0.00","USD"
"2026-01-04","286855949125211","Sponsored Products","2.22","AUD"
"2026-01-05","322178684810700","Sponsored Products","0.00","USD"
"2026-01-03","489671557305898","Sponsored Display","0.00","USD"
"2026-01-07","368310850203338","Sponsored Products","12.55","USD"
"2026-01-31","243204708497477","Sponsored Products","1.64","USD"
"2026-01-28","381243195375500","Sponsored Products","4.53","USD"
"2026-01-04","307922603865773","Sponsored Products","18.55","USD"
"2026-01-29","156989235380210","Sponsored Products","69.61","USD"
"2026-01-24","310318758176650","Sponsored Products","1.04","CAD"
"2026-01-18","485543012454911","Sponsored Products","1.32","USD"
"2026-01-20","471805907077682","Sponsored Products","0.00","USD"
"2026-01-02","335433659020477","Sponsored Products","0.00","USD"
"2026-01-26","407530123839349","Sponsored Products","0.14","AUD"
"2026-01-29","312711508263023","Sponsored Products","0.00","AUD"
"2026-01-13","417350251520986","Sponsored Products","1.80","USD"
"2026-01-17","316506785332318","Sponsored Products","2.51","USD"
"2026-01-23","499207203040639","Sponsored Products","0.00","USD"
"2026-01-23","455193289976402","Sponsored Products","0.00","USD"
"2026-01-08","546191132663927","Sponsored Brands","2.14","USD"
"2026-01-28","550084596372285","Sponsored Products","0.00","USD"
"2026-01-12","371021037712738","Sponsored Products","57.38","USD"
"2026-01-25","454992450655768","Sponsored Products","2.97","USD"
"2026-01-27","296615200458181","Sponsored Brands","33.98","USD"
"2026-01-10","93061813718954","Sponsored Products","8.87","USD"
"2026-01-10","416822662696131","Sponsored Brands","0.00","USD"
"2026-01-18","538699937906302","Sponsored Products","0.45","USD"
"2026-01-29","205764417979436","Sponsored Products","2.00","USD"
"2026-01-02","463876892629538","Sponsored Products","9.61","CAD"
"2026-01-27","417555316939613","Sponsored Brands","0.00","AUD"
"2026-01-07","459130146103681","Sponsored Display","0.50","AUD"
"2026-01-11","423447600502988","Sponsored Brands","0.00","CAD"
"2026-01-16","511509048867805","Sponsored Products","90.25","USD"
"2026-01-06","412362697167927","Sponsored Products","0.86","GBP"
"2026-01-29","300894362771504","Sponsored Products","0.60","GBP"
"2026-01-29","424600049511604","Sponsored Products","4.99","USD"
"2026-01-24","454564300195235","Sponsored Products","0.00","GBP"
"2026-01-09","392699328377229","Sponsored Products","0.00","AUD"
"2026-01-27","422803050752749","Sponsored Products","0.40","USD"
"2026-01-03","353468389499196","Sponsored Brands","1.55","USD"
"2026-01-25","340849210853799","Sponsored Products","3.20","USD"
"2026-01-22","484239021223334","Sponsored Products","0.00","AUD"
"2026-01-02","371021037712738","Sponsored Products","24.98","USD"
"2026-01-03","355737664148283","Sponsored Brands","0.00","USD"
"2026-01-02","481343337793629","Sponsored Products","0.00","GBP"
"2026-01-02","454571413921997","Sponsored Products","0.00","GBP"
"2026-01-17","392598200964005","Sponsored Products","0.00","CAD"
"2026-01-08","394083050171294","Sponsored Products","4.01","USD"
"2026-01-08","481343337793629","Sponsored Products","0.00","GBP"
"2026-01-10","380662946968621","Sponsored Display","6.93","USD"
"2026-01-17","559365035833525","Sponsored Brands","0.00","AUD"
"2026-01-28","288086271468562","Sponsored Products","23.47","USD"
"2026-01-08","458452283549074","Sponsored Brands","0.00","CAD"
"2026-01-16","472554317410495","Sponsored Brands","0.71","USD"
"2026-01-14","551134208715253","Sponsored Products","0.00","AUD"
"2026-01-20","375451164709840","Sponsored Products","0.00","GBP"
"2026-01-18","476511840833684","Sponsored Products","0.52","GBP"
"2026-01-28","500955748191612","Sponsored Products","0.00","USD"
"2026-01-14","386893543852916","Sponsored Products","2.10","CAD"
"2026-01-05","450215291242396","Sponsored Products","0.00","USD"
"2026-01-20","506556070299851","Sponsored Products","0.00","USD"
"2026-01-05","555516622120091","Sponsored Brands","0.50","GBP"
"2026-01-07","487908370268380","Sponsored Products","8.48","USD"
"2026-01-01","375412452273685","Sponsored Products","13.26","GBP"
"2026-01-05","353468389499196","Sponsored Brands","1.11","USD"
"2026-01-20","487313850471925","Sponsored Brands","0.00","USD"
"2026-01-25","484271755377666","Sponsored Products","0.00","CAD"
"2026-01-29","423447600502988","Sponsored Brands","0.00","CAD"
"2026-01-30","34639218619625","Sponsored Products","0.86","USD"
"2026-01-07","465277078791533","Sponsored Brands","0.00","GBP"
"2026-01-21","309601314328778","Sponsored Products","0.18","CAD"
"2026-01-26","354484097353439","Sponsored Products","0.52","GBP"
"2026-01-15","472554317410495","Sponsored Brands","0.00","USD"
"2026-01-15","301972852761247","Sponsored Products","1.73","USD"
"2026-01-11","411293040066733","Sponsored Products","1.38","GBP"
"2026-01-28","23854220044300","Sponsored Products","19.75","USD"
"2026-01-12","546641048554747","Sponsored Products","0.00","USD"
"2026-01-25","512730232590991","Sponsored Products","0.00","USD"
"2026-01-25","353698807350187","Sponsored Products","3.15","USD"
"2026-01-25","550084596372285","Sponsored Products","0.00","USD"
"2026-01-13","375451164709840","Sponsored Products","0.00","GBP"
"2026-01-30","130912331972988","Sponsored Products","0.00","USD"
"2026-01-03","384137786867273","Sponsored Products","0.00","USD"
"2026-01-09","524843805783693","Sponsored Products","0.00","USD"
"2026-01-24","354627207584492","Sponsored Products","0.00","CAD"
"2026-01-28","192968792078402","Sponsored Products","0.00","USD"
"2026-01-29","529845821022802","Sponsored Products","0.00","AUD"
"2026-01-26","464658704178346","Sponsored Brands","11.59","USD"
"2026-01-22","327323455598643","Sponsored Products","0.00","GBP"
"2026-01-07","511830588245108","Sponsored Products","0.00","GBP"
"2026-01-14","351594278748520","Sponsored Products","0.00","USD"
"2026-01-03","316086976315498","Sponsored Brands","0.00","USD"
"2026-01-06","503995766126833","Sponsored Products","0.52","GBP"
"2026-01-31","495677195822245","Sponsored Brands","2.00","USD"
"2026-01-21","498217737469979","Sponsored Brands","0.57","USD"
"2026-01-30","194838680698310","Sponsored Products","10.03","USD"
"2026-01-07","556616987602606","Sponsored Products","5.66","USD"
"2026-01-15","491792683377286","Sponsored Products","0.00","USD"
"2026-01-29","550084596372285","Sponsored Products","0.00","USD"
"2026-01-20","386893543852916","Sponsored Products","0.81","CAD"
"2026-01-24","363801591495934","Sponsored Brands","0.00","CAD"
"2026-01-09","529845821022802","Sponsored Products","0.00","AUD"
"2026-01-04","292726552706968","Sponsored Products","1.17","USD"
"2026-01-22","413308568322873","Sponsored Brands","1.66","USD"
"2026-01-04","327137186916287","Sponsored Products","0.00","USD"
"2026-01-08","386920533914758","Sponsored Brands","0.00","CAD"
"2026-01-16","557738489078024","Sponsored Products","0.00","CAD"
"2026-01-24","399857229182854","Sponsored Brands","3.66","GBP"
"2026-01-24","284096201830626","Sponsored Display","0.00","USD"
"2026-01-22","518653489850740","Sponsored Brands","0.00","USD"
"2026-01-07","422803050752749","Sponsored Products","0.00","USD"
"2026-01-14","531187508971652","Sponsored Display","0.10","CAD"
"2026-01-14","407346576799567","Sponsored Products","0.00","AUD"
"2026-01-18","511519443187302","Sponsored Products","1.06","GBP"
"2026-01-12","531616041116243","Sponsored Products","1.73","USD"
"2026-01-13","381243195375500","Sponsored Products","1.40","USD"
"2026-01-13","491366396962687","Sponsored Brands","0.88","USD"
"2026-01-30","484239021223334","Sponsored Products","0.00","AUD"
"2026-01-23","428015197375542","Sponsored Products","6.31","AUD"
"2026-01-04","440503817971150","Sponsored Products","13.21","USD"
"2026-01-16","423471492340141","Sponsored Brands","0.29","USD"
"2026-01-06","489671557305898","Sponsored Display","0.00","USD"
"2026-01-29","439118795538688","Sponsored Brands","0.00","CAD"
"2026-01-29","286308132559342","Sponsored Brands","0.00","AUD"
"2026-01-19","351594278748520","Sponsored Products","10.07","USD"
"2026-01-01","452082306058129","Sponsored Brands","0.98","CAD"
"2026-01-14","399703016940832","Sponsored Brands","0.00","CAD"
"2026-01-07","439663157752722","Sponsored Brands","0.60","USD"
"2026-01-13","452065263384491","Sponsored Brands","4.52","USD"
"2026-01-06","297335215332435","Sponsored Products","2.29","CAD"
"2026-01-13","461174245552414","Sponsored Products","1.20","AUD"
"2026-01-29","355737664148283","Sponsored Brands","0.00","USD"
"2026-01-30","124202126398060","Sponsored Products","38.54","USD"
"2026-01-10","428914757065848","Sponsored Products","4.91","CAD"
"2026-01-21","286855949125211","Sponsored Products","5.14","AUD"
"2026-01-28","392699328377229","Sponsored Products","0.00","AUD"
"2026-01-08","455193289976402","Sponsored Products","0.00","USD"
"2026-01-05","546618773117950","Sponsored Brands","0.00","AUD"
"2026-01-03","504962652065858","Sponsored Brands","0.00","AUD"
"2026-01-30","9627520751858","Sponsored Products","0.00","USD"
"2026-01-30","101965336081409","Sponsored Products","6.04","USD"
"2026-01-24","360836238849040","Sponsored Products","0.00","AUD"
"2026-01-19","407530123839349","Sponsored Products","0.00","AUD"
"2026-01-19","392972027720670","Sponsored Products","0.00","CAD"
"2026-01-04","375840213985973","Sponsored Products","0.90","USD"
"2026-01-07","515637010546761","Sponsored Brands","5.99","USD"
"2026-01-25","382536260418493","Sponsored Brands","4.85","USD"
"2026-01-08","486701736662809","Sponsored Products","2.88","AUD"
"2026-01-08","296882349967704","Sponsored Products","19.02","USD"
"2026-01-08","411564343397398","Sponsored Products","8.25","USD"
"2026-01-07","303344079444236","Sponsored Brands","1.65","GBP"
"2026-01-05","488227359567395","Sponsored Products","0.00","GBP"
"2026-01-30","215966552761313","Sponsored Products","0.00","USD"
"2026-01-03","344516434946756","Sponsored Products","0.78","USD"
"2026-01-25","431386932028495","Sponsored Products","17.32","USD"
"2026-01-10","405261002610411","Sponsored Products","0.00","GBP"
"2026-01-27","454571413921997","Sponsored Products","0.00","GBP"
"2026-01-05","508144069166640","Sponsored Products","0.00","USD"
"2026-01-11","368310850203338","Sponsored Products","17.67","USD"
"2026-01-20","512730232590991","Sponsored Products","1.01","USD"
"2026-01-17","327160636077377","Sponsored Products","1.83","USD"
"2026-01-19","342568396157124","Sponsored Display","0.00","USD"
"2026-01-14","554029658228344","Sponsored Display","0.39","GBP"
"2026-01-24","511509048867805","Sponsored Products","97.97","USD"
"2026-01-30","307534770253902","Sponsored Products","0.00","CAD"
"2026-01-24","303332324664421","Sponsored Products","0.74","USD"
"2026-01-24","471805907077682","Sponsored Products","0.00","USD"
"2026-01-22","497204182729156","Sponsored Brands","0.00","USD"
"2026-01-22","490007501473330","Sponsored Products","2.65","USD"
"2026-01-11","430840323605870","Sponsored Products","0.57","USD"
"2026-01-18","555625239663839","Sponsored Products","14.08","USD"
"2026-01-19","530543664696574","Sponsored Products","0.00","AUD"
"2026-01-02","344516434946756","Sponsored Products","2.43","USD"
"2026-01-01","452065263384491","Sponsored Brands","11.54","USD"
"2026-01-01","441925918527435","Sponsored Brands","8.06","USD"
"2026-01-08","402078469217372","Sponsored Products","12.13","USD"
"2026-01-05","314318800479242","Sponsored Products","0.00","AUD"
"2026-01-07","386920533914758","Sponsored Brands","0.70","CAD"
"2026-01-01","309978526979947","Sponsored Products","0.00","USD"
"2026-01-20","340849210853799","Sponsored Products","2.74","USD"
"2026-01-29","511509048867805","Sponsored Products","8.91","USD"
"2026-01-16","530543664696574","Sponsored Products","0.00","AUD"
"2026-01-26","560000811916391","Sponsored Brands","4.90","USD"
"2026-01-27","558782683947956","Sponsored Products","0.57","CAD"
"2026-01-22","342233969782751","Sponsored Products","3.59","USD"
"2026-01-21","558297049226516","Sponsored Brands","1.50","CAD"
"2026-01-05","431503342672607","Sponsored Products","0.00","USD"
"2026-01-15","488650993039900","Sponsored Brands","0.20","USD"
"2026-01-02","488469035179419","Sponsored Brands","0.00","AUD"
"2026-01-28","539834455179217","Sponsored Products","0.78","USD"
"2026-01-22","530543664696574","Sponsored Products","0.00","AUD"
"2026-01-30","515637010546761","Sponsored Brands","19.43","USD"
"2026-01-07","375451164709840","Sponsored Products","0.00","GBP"
"2026-01-18","345230959620455","Sponsored Products","1.44","CAD"
"2026-01-21","407444835513369","Sponsored Brands","0.53","CAD"
"2026-01-08","498311429491057","Sponsored Display","0.00","CAD"
"2026-01-18","487908370268380","Sponsored Products","14.25","USD"
"2026-01-02","400220148801129","Sponsored Products","0.38","GBP"
"2026-01-26","349690804752896","Sponsored Products","56.51","USD"
"2026-01-24","531187508971652","Sponsored Display","0.00","CAD"
"2026-01-23","467633236874996","Sponsored Products","0.00","AUD"
"2026-01-26","407444835513369","Sponsored Brands","0.45","CAD"
"2026-01-03","481128825306762","Sponsored Brands","0.00","USD"
"2026-01-28","428201110992726","Sponsored Products","9.91","USD"
"2026-01-13","420797773596938","Sponsored Products","1.29","USD"
"2026-01-27","546618773117950","Sponsored Brands","7.50","AUD"
"2026-01-15","344516434946756","Sponsored Products","3.15","USD"
"2026-01-01","436562742415834","Sponsored Products","0.34","GBP"
"2026-01-19","434170639918769","Sponsored Brands","4.41","USD"
"2026-01-30","530911335551258","Sponsored Products","0.00","CAD"
"2026-01-19","511828144987995","Sponsored Products","3.25","GBP"
"2026-01-24","286308132559342","Sponsored Brands","0.00","AUD"
"2026-01-21","444969564092992","Sponsored Products","0.73","CAD"
"2026-01-29","126638359335345","Sponsored Products","2.00","USD"
"2026-01-15","392598200964005","Sponsored Products","1.29","CAD"
"2026-01-21","506556070299851","Sponsored Products","0.00","USD"
"2026-01-12","455983082050138","Sponsored Products","8.10","CAD"
"2026-01-05","453239686745418","Sponsored Products","1.42","GBP"
"2026-01-18","467986598930085","Sponsored Products","7.98","USD"
"2026-01-24","286855949125211","Sponsored Products","11.57","AUD"
"2026-01-12","499207203040639","Sponsored Products","0.00","USD"
"2026-01-29","429345285920060","Sponsored Brands","0.00","GBP"
"2026-01-19","514416545593290","Sponsored Products","0.00","USD"
"2026-01-09","473740316381787","Sponsored Products","0.80","GBP"
"2026-01-03","459130146103681","Sponsored Display","0.06","AUD"
"2026-01-03","420797773596938","Sponsored Products","0.00","USD"
"2026-01-29","128835884603962","Sponsored Products","0.00","USD"
"2026-01-03","554517553013265","Sponsored Products","0.00","CAD"
"2026-01-16","511828144987995","Sponsored Products","0.82","GBP"
"2026-01-16","317413414518930","Sponsored Products","0.42","GBP"
"2026-01-28","18193170148935","Sponsored Products","0.00","USD"
"2026-01-17","439663157752722","Sponsored Brands","1.19","USD"
"2026-01-23","491366396962687","Sponsored Brands","7.26","USD"
"2026-01-22","324740828073799","Sponsored Products","0.66","AUD"
"2026-01-05","485543012454911","Sponsored Products","8.04","USD"
"2026-01-08","427514193060341","Sponsored Products","0.00","USD"
"2026-01-08","494896120843036","Sponsored Products","0.00","USD"
"2026-01-20","428015197375542","Sponsored Products","0.00","AUD"
"2026-01-10","553804041062258","Sponsored Products","1.47","USD"
"2026-01-25","505299994018527","Sponsored Products","0.00","CAD"
"2026-01-12","562873832621330","Sponsored Products","0.93","GBP"
"2026-01-05","365912534680395","Sponsored Products","0.00","GBP"
"2026-01-31","399703016940832","Sponsored Brands","0.00","CAD"
"2026-01-11","322178684810700","Sponsored Products","0.00","USD"
"2026-01-04","294988432395200","Sponsored Products","0.00","USD"
"2026-01-06","555625239663839","Sponsored Products","2.62","USD"
"2026-01-25","280884599605823","Sponsored Products","7.13","USD"
"2026-01-18","555379102425019","Sponsored Products","1.82","CAD"
"2026-01-16","500955748191612","Sponsored Products","1.38","USD"
"2026-01-20","501445692271818","Sponsored Products","4.44","USD"
"2026-01-29","359104344566153","Sponsored Products","0.00","USD"
"2026-01-15","386893543852916","Sponsored Products","5.68","CAD"
"2026-01-04","291194333337791","Sponsored Products","0.00","USD"
"2026-01-07","415068636925262","Sponsored Brands","0.00","AUD"
"2026-01-15","527711743915708","Sponsored Products","40.60","USD"
"2026-01-22","321879822518995","Sponsored Products","0.00","AUD"
"2026-01-19","557388890025484","Sponsored Products","4.69","USD"
"2026-01-18","327999245273994","Sponsored Brands","6.99","USD"
"2026-01-19","399857229182854","Sponsored Brands","2.01","GBP"
"2026-01-11","383706936707329","Sponsored Brands","4.37","USD"
"2026-01-03","357384467879967","Sponsored Brands","3.28","USD"
"2026-01-29","175777768252798","Sponsored Products","1.32","USD"
"2026-01-06","320522945603717","Sponsored Brands","0.00","CAD"
"2026-01-31","459488439760934","Sponsored Products","0.72","GBP"
"2026-01-01","440997775738977","Sponsored Products","0.00","AUD"
"2026-01-13","559365035833525","Sponsored Brands","0.00","AUD"
"2026-01-22","461803854184467","Sponsored Products","0.00","CAD"
"2026-01-18","384137786867273","Sponsored Products","0.00","USD"
"2026-01-20","380787783830601","Sponsored Products","0.00","USD"
"2026-01-15","455510939824845","Sponsored Products","0.00","USD"
"2026-01-29","2414736156339","Sponsored Products","5.50","USD"
"2026-01-09","439663157752722","Sponsored Brands","0.15","USD"
"2026-01-14","511519443187302","Sponsored Products","9.58","GBP"
"2026-01-01","354036750973331","Sponsored Products","1.58","CAD"
"2026-01-15","312632253610695","Sponsored Brands","51.82","USD"
"2026-01-10","486830706800832","Sponsored Products","0.00","CAD"
"2026-01-27","439663157752722","Sponsored Brands","0.00","USD"
"2026-01-09","363551194960955","Sponsored Products","0.88","CAD"
"2026-01-23","494896120843036","Sponsored Products","5.54","USD"
"2026-01-08","327413819985503","Sponsored Products","0.00","USD"
"2026-01-16","452065263384491","Sponsored Brands","1.53","USD"
"2026-01-20","322178684810700","Sponsored Products","0.00","USD"
"2026-01-15","351594278748520","Sponsored Products","1.70","USD"
"2026-01-24","480355060288556","Sponsored Products","0.00","AUD"
"2026-01-29","271780514756108","Sponsored Products","0.00","USD"
"2026-01-09","455622109943339","Sponsored Products","0.00","AUD"
"2026-01-17","429345285920060","Sponsored Brands","5.65","GBP"
"2026-01-08","524843805783693","Sponsored Products","0.83","USD"
"2026-01-30","558782683947956","Sponsored Products","0.00","CAD"
"2026-01-23","321879822518995","Sponsored Products","0.00","AUD"
"2026-01-23","363048566293204","Sponsored Brands","0.00","GBP"
"2026-01-06","355737664148283","Sponsored Brands","0.00","USD"
"2026-01-09","293195244233089","Sponsored Products","0.00","USD"
"2026-01-17","427514193060341","Sponsored Products","0.99","USD"
"2026-01-03","429345285920060","Sponsored Brands","3.26","GBP"
"2026-01-24","504962652065858","Sponsored Brands","1.10","AUD"
"2026-01-15","417350251520986","Sponsored Products","1.14","USD"
"2026-01-02","342568396157124","Sponsored Display","0.00","USD"
"2026-01-02","537194794349407","Sponsored Products","0.00","USD"
"2026-01-16","417350251520986","Sponsored Products","1.02","USD"
"2026-01-23","417350251520986","Sponsored Products","1.01","USD"
"2026-01-31","454564300195235","Sponsored Products","1.10","GBP"
"2026-01-03","312226715362146","Sponsored Products","0.00","USD"
"2026-01-03","550084596372285","Sponsored Products","0.45","USD"
"2026-01-16","382536260418493","Sponsored Brands","3.47","USD"
"2026-01-15","387735099454991","Sponsored Products","0.00","USD"
"2026-01-06","459130146103681","Sponsored Display","0.83","AUD"
"2026-01-12","439663157752722","Sponsored Brands","0.00","USD"
"2026-01-31","559365035833525","Sponsored Brands","0.00","AUD"
"2026-01-15","536186527693818","Sponsored Products","11.52","USD"
"2026-01-08","375262111034104","Sponsored Brands","1.23","USD"
"2026-01-11","373593607967581","Sponsored Display","0.00","AUD"
"2026-01-24","313102197760283","Sponsored Products","25.49","USD"
"2026-01-28","353468389499196","Sponsored Brands","1.14","USD"
"2026-01-08","371021037712738","Sponsored Products","43.29","USD"
"2026-01-09","488081803937581","Sponsored Products","0.00","GBP"
"2026-01-23","278400043801722","Sponsored Products","0.00","GBP"
"2026-01-20","488650993039900","Sponsored Brands","0.00","USD"
"2026-01-29","327955853177271","Sponsored Products","0.00","USD"
"2026-01-29","467986598930085","Sponsored Products","0.00","USD"
"2026-01-14","503460776607859","Sponsored Brands","0.00","CAD"
"2026-01-21","541042710567147","Sponsored Products","0.95","USD"
"2026-01-08","487313850471925","Sponsored Brands","2.10","USD"
"2026-01-31","545146961820010","Sponsored Products","6.02","GBP"
"2026-01-14","371623685288534","Sponsored Brands","2.70","GBP"
"2026-01-13","329222077811459","Sponsored Brands","0.00","GBP"
"2026-01-30","297335215332435","Sponsored Products","0.72","CAD"
"2026-01-24","383356525876468","Sponsored Products","0.00","USD"
"2026-01-05","488469035179419","Sponsored Brands","0.00","AUD"
"2026-01-06","488227359567395","Sponsored Products","0.00","GBP"
"2026-01-25","312711508263023","Sponsored Products","0.30","AUD"
"2026-01-21","453503689032806","Sponsored Products","0.00","GBP"
"2026-01-06","475621849553010","Sponsored Brands","0.26","CAD"
"2026-01-24","489671557305898","Sponsored Display","0.26","USD"
"2026-01-03","383356525876468","Sponsored Products","0.00","USD"
"2026-01-29","224639482376841","Sponsored Products","0.00","USD"
"2026-01-29","281235849108344","Sponsored Products","0.00","USD"
"2026-01-15","485031869326352","Sponsored Products","0.00","AUD"
"2026-01-24","439118795538688","Sponsored Brands","0.00","CAD"
"2026-01-12","532503737498489","Sponsored Products","0.00","USD"
"2026-01-27","417535655271448","Sponsored Products","0.00","USD"
"2026-01-27","419764168918332","Sponsored Brands","1.16","AUD"
"2026-01-04","453239686745418","Sponsored Products","6.63","GBP"
"2026-01-07","371623685288534","Sponsored Brands","5.41","GBP"
"2026-01-14","431386932028495","Sponsored Products","12.99","USD"
"2026-01-07","494896120843036","Sponsored Products","1.33","USD"
"2026-01-26","488078103319545","Sponsored Brands","0.00","USD"
"2026-01-26","292726552706968","Sponsored Products","10.35","USD"
"2026-01-01","555360954347903","Sponsored Products","0.00","CAD"
"2026-01-29","511519443187302","Sponsored Products","1.32","GBP"
"2026-01-10","557814926181675","Sponsored Products","0.34","CAD"
"2026-01-21","551785069524711","Sponsored Products","0.00","USD"
"2026-01-17","383706936707329","Sponsored Brands","3.63","USD"
"2026-01-05","491770987077396","Sponsored Products","31.11","USD"
"2026-01-25","300354268849742","Sponsored Brands","1.99","CAD"
"2026-01-07","434170639918769","Sponsored Brands","0.00","USD"
"2026-01-07","378095244761436","Sponsored Products","0.00","USD"
"2026-01-02","398859393836995","Sponsored Products","5.12","GBP"
"2026-01-21","517050919084211","Sponsored Products","0.00","CAD"
"2026-01-15","380787783830601","Sponsored Products","1.24","USD"
"2026-01-09","340849210853799","Sponsored Products","7.16","USD"
"2026-01-27","551785069524711","Sponsored Products","1.96","USD"
"2026-01-26","546191132663927","Sponsored Brands","0.85","USD"
"2026-01-23","562857825893299","Sponsored Products","2.10","USD"
"2026-01-11","493519110544788","Sponsored Products","12.72","USD"
"2026-01-28","512730232590991","Sponsored Products","0.00","USD"
"2026-01-17","317413414518930","Sponsored Products","2.28","GBP"
"2026-01-27","373593607967581","Sponsored Display","0.00","AUD"
"2026-01-08","539834455179217","Sponsored Products","0.64","USD"
"2026-01-19","327160636077377","Sponsored Products","2.80","USD"
"2026-01-04","482686146435604","Sponsored Brands","7.85","USD"
"2026-01-31","515637010546761","Sponsored Brands","21.65","USD"
"2026-01-26","424413890381694","Sponsored Products","0.00","USD"
"2026-01-18","429216730447678","Sponsored Products","0.00","AUD"
"2026-01-13","527711743915708","Sponsored Products","55.50","USD"
"2026-01-17","293195244233089","Sponsored Products","3.20","USD"
"2026-01-20","296615200458181","Sponsored Brands","22.67","USD"
"2026-01-30","360836238849040","Sponsored Products","0.04","AUD"
"2026-01-14","560000811916391","Sponsored Brands","0.32","USD"
"2026-01-25","386893543852916","Sponsored Products","0.00","CAD"
"2026-01-13","459488439760934","Sponsored Products","0.00","GBP"
"2026-01-17","494994223093944","Sponsored Brands","0.00","AUD"
"2026-01-28","452065263384491","Sponsored Brands","4.00","USD"
"2026-01-23","422044464968254","Sponsored Products","7.65","GBP"
"2026-01-18","455465774244567","Sponsored Products","0.00","USD"
"2026-01-31","8078369968995","Sponsored Products","0.00","USD"
"2026-01-02","384137786867273","Sponsored Products","0.00","USD"
"2026-01-12","324446919049652","Sponsored Products","0.00","USD"
"2026-01-27","526735719174751","Sponsored Products","0.00","USD"
"2026-01-06","504962652065858","Sponsored Brands","0.00","AUD"
"2026-01-21","327160636077377","Sponsored Products","0.00","USD"
"2026-01-29","560000811916391","Sponsored Brands","3.71","USD"
"2026-01-08","423471492340141","Sponsored Brands","0.00","USD"
"2026-01-28","386865813070708","Sponsored Products","1.79","USD"
"2026-01-01","299897583007336","Sponsored Products","0.00","USD"
"2026-01-31","557802220335065","Sponsored Products","0.00","CAD"
"2026-01-16","515637010546761","Sponsored Brands","12.91","USD"
"2026-01-06","471805907077682","Sponsored Products","0.00","USD"
"2026-01-29","423471492340141","Sponsored Brands","0.00","USD"
"2026-01-09","454992450655768","Sponsored Products","0.00","USD"
"2026-01-16","550084596372285","Sponsored Products","0.00","USD"
"2026-01-30","495242868805173","Sponsored Products","0.00","GBP"
"2026-01-20","529845821022802","Sponsored Products","0.00","AUD"
"2026-01-20","407530123839349","Sponsored Products","0.00","AUD"
"2026-01-08","454571413921997","Sponsored Products","0.00","GBP"
"2026-01-18","291194333337791","Sponsored Products","0.00","USD"
"2026-01-24","467633236874996","Sponsored Products","0.00","AUD"
"2026-01-16","321879822518995","Sponsored Products","0.00","AUD"
"2026-01-17","323864334787492","Sponsored Products","0.16","AUD"
"2026-01-27","469438672280657","Sponsored Products","0.00","GBP"
"2026-01-31","72790979016813","Sponsored Products","4.00","USD"
"2026-01-04","288086271468562","Sponsored Products","59.63","USD"
"2026-01-30","263531397076178","Sponsored Products","0.00","USD"
"2026-01-26","405261002610411","Sponsored Products","0.00","GBP"
"2026-01-15","355737664148283","Sponsored Brands","19.09","USD"
"2026-01-29","539834455179217","Sponsored Products","0.00","USD"
"2026-01-04","512730232590991","Sponsored Products","0.00","USD"
"2026-01-27","516342953216189","Sponsored Products","0.00","USD"
"2026-01-24","420797773596938","Sponsored Products","0.61","USD"
"2026-01-22","353468389499196","Sponsored Brands","0.51","USD"
"2026-01-19","363579801300326","Sponsored Products","0.00","CAD"
"2026-01-16","392699328377229","Sponsored Products","0.00","AUD"
"2026-01-17","479364871682871","Sponsored Products","12.98","USD"
"2026-01-20","400936883710783","Sponsored Products","7.24","AUD"
"2026-01-13","380439551325000","Sponsored Products","3.09","GBP"
"2026-01-27","436562742415834","Sponsored Products","0.00","GBP"
"2026-01-01","316018693107855","Sponsored Products","9.23","USD"
"2026-01-22","351594278748520","Sponsored Products","1.56","USD"
"2026-01-31","9627520751858","Sponsored Products","12.58","USD"
"2026-01-16","401058364234122","Sponsored Products","4.79","CAD"
"2026-01-29","446869334265005","Sponsored Products","0.00","USD"
"2026-01-18","354484097353439","Sponsored Products","0.00","GBP"
"2026-01-21","288669281122601","Sponsored Products","0.68","AUD"
"2026-01-13","353468389499196","Sponsored Brands","1.93","USD"
"2026-01-02","342468627864471","Sponsored Products","1.32","GBP"
"2026-01-23","316086976315498","Sponsored Brands","0.00","USD"
"2026-01-14","345786769504667","Sponsored Products","1.70","USD"
"2026-01-17","538771699321102","Sponsored Products","0.00","AUD"
"2026-01-05","499207203040639","Sponsored Products","1.36","USD"
"2026-01-01","327413819985503","Sponsored Products","0.00","USD"
"2026-01-21","303784488331012","Sponsored Display","0.00","AUD"
"2026-01-17","408719546145761","Sponsored Products","1.90","USD"
"2026-01-17","380662946968621","Sponsored Display","15.89","USD"
"2026-01-23","518228166841375","Sponsored Brands","0.60","GBP"
"2026-01-25","348184859637636","Sponsored Brands","0.73","USD"
"2026-01-25","542395622943712","Sponsored Products","1.46","GBP"
"2026-01-15","189738652799913","Sponsored Brands","0.00","CAD"
"2026-01-05","351594278748520","Sponsored Products","1.83","USD"
"2026-01-05","396006036421092","Sponsored Products","0.00","USD"
"2026-01-02","473740316381787","Sponsored Products","11.31","GBP"
"2026-01-19","428914757065848","Sponsored Products","0.00","CAD"
"2026-01-29","551134208715253","Sponsored Products","0.00","AUD"
"2026-01-03","551134208715253","Sponsored Products","0.00","AUD"
"2026-01-11","491770987077396","Sponsored Products","36.40","USD"
"2026-01-11","498217737469979","Sponsored Brands","0.00","USD"
"2026-01-18","442522120858299","Sponsored Products","0.00","USD"
"2026-01-15","513927767815024","Sponsored Products","0.00","USD"
"2026-01-29","344717374719347","Sponsored Display","0.00","CAD"
"2026-01-04","431386932028495","Sponsored Products","11.45","USD"
"2026-01-15","511509048867805","Sponsored Products","89.96","USD"
"2026-01-01","555516622120091","Sponsored Brands","0.15","GBP"
"2026-01-22","373663567761151","Sponsored Products","0.00","USD"
"2026-01-06","378095244761436","Sponsored Products","0.00","USD"
"2026-01-20","514416545593290","Sponsored Products","0.93","USD"
"2026-01-10","428015197375542","Sponsored Products","0.00","AUD"
"2026-01-29","239772993878028","Sponsored Products","2.05","USD"
"2026-01-15","532209379687062","Sponsored Display","0.38","GBP"
"2026-01-22","476511840833684","Sponsored Products","0.00","GBP"
"2026-01-03","562763694980171","Sponsored Products","0.00","GBP"
"2026-01-12","317413414518930","Sponsored Products","2.09","GBP"
"2026-01-13","538771699321102","Sponsored Products","0.00","AUD"
"2026-01-31","149942312994880","Sponsored Products","0.00","USD"
"2026-01-01","517050919084211","Sponsored Products","0.43","CAD"
"2026-01-15","316086976315498","Sponsored Brands","0.00","USD"
"2026-01-21","454992450655768","Sponsored Products","0.62","USD"
"2026-01-13","483182403867537","Sponsored Products","5.63","USD"
"2026-01-25","342233969782751","Sponsored Products","2.33","USD"
"2026-01-18","354627207584492","Sponsored Products","0.00","CAD"
"2026-01-23","407530123839349","Sponsored Products","0.00","AUD"
"2026-01-22","450215291242396","Sponsored Products","1.01","USD"
"2026-01-06","93061813718954","Sponsored Products","13.03","USD"
"2026-01-19","309601314328778","Sponsored Products","0.18","CAD"
"2026-01-27","380787783830601","Sponsored Products","0.00","USD"
"2026-01-09","296615200458181","Sponsored Brands","42.63","USD"
"2026-01-07","382263989834817","Sponsored Products","0.00","AUD"
"2026-01-14","477120010084382","Sponsored Products","1.53","USD"
"2026-01-13","469438672280657","Sponsored Products","1.53","GBP"
"2026-01-29","455688132780953","Sponsored Brands","0.00","USD"
"2026-01-23","348537181713557","Sponsored Products","0.00","GBP"
"2026-01-19","439118795538688","Sponsored Brands","0.00","CAD"
"2026-01-29","471805907077682","Sponsored Products","0.00","USD"
"2026-01-28","366616645988820","Sponsored Products","0.00","CAD"
"2026-01-04","312226715362146","Sponsored Products","1.22","USD"
"2026-01-21","375840213985973","Sponsored Products","0.58","USD"
"2026-01-10","402744546317623","Sponsored Brands","0.15","GBP"
"2026-01-21","327323455598643","Sponsored Products","0.00","GBP"
"2026-01-01","360836238849040","Sponsored Products","0.00","AUD"
"2026-01-13","409249674990450","Sponsored Products","0.00","AUD"
"2026-01-18","352761064226908","Sponsored Brands","0.00","CAD"
"2026-01-31","286601245904247","Sponsored Products","0.00","CAD"
"2026-01-26","263910374759225","Sponsored Products","9.13","CAD"
"2026-01-09","446869334265005","Sponsored Products","2.23","USD"
"2026-01-20","453187476718269","Sponsored Display","0.00","CAD"
"2026-01-14","521187964040554","Sponsored Products","0.00","CAD"
"2026-01-09","494896120843036","Sponsored Products","1.79","USD"
"2026-01-25","439663157752722","Sponsored Brands","2.29","USD"
"2026-01-19","562873832621330","Sponsored Products","0.00","GBP"
"2026-01-27","530911335551258","Sponsored Products","0.00","CAD"
"2026-01-03","288045582881440","Sponsored Products","1.36","USD"
"2026-01-27","494896120843036","Sponsored Products","0.00","USD"
"2026-01-07","469490646233874","Sponsored Products","6.51","USD"
"2026-01-08","561131507618203","Sponsored Products","0.00","AUD"
"2026-01-04","481343337793629","Sponsored Products","0.00","GBP"
"2026-01-10","555379102425019","Sponsored Products","0.00","CAD"
"2026-01-04","492312442577894","Sponsored Products","5.39","USD"
"2026-01-26","373593607967581","Sponsored Display","0.00","AUD"
"2026-01-27","485543012454911","Sponsored Products","2.57","USD"
"2026-01-09","429345285920060","Sponsored Brands","0.85","GBP"
"2026-01-09","402078469217372","Sponsored Products","14.77","USD"
"2026-01-05","360412290312296","Sponsored Brands","1.36","CAD"
"2026-01-13","400936883710783","Sponsored Products","2.61","AUD"
"2026-01-24","530911335551258","Sponsored Products","0.00","CAD"
"2026-01-28","263910374759225","Sponsored Products","1.51","CAD"
"2026-01-30","406964010755868","Sponsored Products","1.36","CAD"
"2026-01-16","396524009311704","Sponsored Brands","2.21","CAD"
"2026-01-24","546641048554747","Sponsored Products","0.00","USD"
"2026-01-31","346023186686134","Sponsored Brands","0.00","USD"
"2026-01-30","28565058702355","Sponsored Products","1.52","USD"
"2026-01-11","316018693107855","Sponsored Products","7.50","USD"
"2026-01-10","558297049226516","Sponsored Brands","0.00","CAD"
"2026-01-29","267283875717235","Sponsored Products","0.00","USD"
"2026-01-25","407530123839349","Sponsored Products","0.00","AUD"
"2026-01-19","327137186916287","Sponsored Products","0.00","USD"
"2026-01-31","339568026468029","Sponsored Brands","0.00","CAD"
"2026-01-03","491366396962687","Sponsored Brands","5.43","USD"
"2026-01-06","423447600502988","Sponsored Brands","0.15","CAD"
"2026-01-22","360412290312296","Sponsored Brands","2.60","CAD"
"2026-01-05","288045582881440","Sponsored Products","0.00","USD"
"2026-01-06","545146961820010","Sponsored Products","3.68","GBP"
"2026-01-06","327413819985503","Sponsored Products","0.00","USD"
"2026-01-29","121446500477002","Sponsored Products","1.37","USD"
"2026-01-28","188279469264899","Sponsored Products","0.00","USD"
"2026-01-28","342568396157124","Sponsored Display","0.00","USD"
"2026-01-16","487327596470810","Sponsored Products","0.00","USD"
"2026-01-31","529845821022802","Sponsored Products","0.00","AUD"
"2026-01-11","417535655271448","Sponsored Products","0.00","USD"
"2026-01-31","366616645988820","Sponsored Products","0.00","CAD"
"2026-01-10","442522120858299","Sponsored Products","0.00","USD"
"2026-01-02","312226715362146","Sponsored Products","0.00","USD"
"2026-01-05","446869334265005","Sponsored Products","0.00","USD"
"2026-01-11","542616313773815","Sponsored Brands","2.96","USD"
"2026-01-18","493519110544788","Sponsored Products","8.11","USD"
"2026-01-18","322178684810700","Sponsored Products","2.09","USD"
"2026-01-01","369371745062988","Sponsored Products","0.00","CAD"
"2026-01-15","417535655271448","Sponsored Products","0.00","USD"
"2026-01-02","430840323605870","Sponsored Products","0.00","USD"
"2026-01-15","292138679780956","Sponsored Products","0.86","AUD"
"2026-01-25","400936883710783","Sponsored Products","2.68","AUD"
"2026-01-02","407530123839349","Sponsored Products","0.00","AUD"
"2026-01-25","494896120843036","Sponsored Products","0.00","USD"
"2026-01-22","398859393836995","Sponsored Products","5.11","GBP"
"2026-01-01","503995766126833","Sponsored Products","0.63","GBP"
"2026-01-11","406314828765201","Sponsored Products","0.00","AUD"
"2026-01-21","518653489850740","Sponsored Brands","0.00","USD"
"2026-01-20","344717374719347","Sponsored Display","0.00","CAD"
"2026-01-29","162987026418786","Sponsored Products","0.87","USD"
"2026-01-20","505299994018527","Sponsored Products","0.00","CAD"
"2026-01-16","454571413921997","Sponsored Products","0.96","GBP"
"2026-01-11","559365035833525","Sponsored Brands","0.00","AUD"
"2026-01-28","455688132780953","Sponsored Brands","0.43","USD"
"2026-01-01","439663157752722","Sponsored Brands","2.84","USD"
"2026-01-15","345786769504667","Sponsored Products","4.63","USD"
"2026-01-18","461174245552414","Sponsored Products","4.59","AUD"
"2026-01-12","296615200458181","Sponsored Brands","31.70","USD"
"2026-01-08","327955853177271","Sponsored Products","7.06","USD"
"2026-01-03","454564300195235","Sponsored Products","3.78","GBP"
"2026-01-10","366303362151528","Sponsored Products","3.11","USD"
"2026-01-20","375840213985973","Sponsored Products","0.00","USD"
"2026-01-10","373593607967581","Sponsored Display","0.00","AUD"
"2026-01-13","428201110992726","Sponsored Products","11.08","USD"
"2026-01-03","524438997214345","Sponsored Products","2.66","USD"
"2026-01-11","93061813718954","Sponsored Products","16.94","USD"
"2026-01-03","401058364234122","Sponsored Products","1.70","CAD"
"2026-01-16","303784488331012","Sponsored Display","0.81","AUD"
"2026-01-08","527711743915708","Sponsored Products","37.32","USD"
"2026-01-08","492312442577894","Sponsored Products","4.31","USD"
"2026-01-19","322178684810700","Sponsored Products","1.39","USD"
"2026-01-23","476511840833684","Sponsored Products","0.00","GBP"
"2026-01-20","373663567761151","Sponsored Products","0.00","USD"
"2026-01-29","406964010755868","Sponsored Products","0.00","CAD"
"2026-01-28","292726552706968","Sponsored Products","0.00","USD"
"2026-01-22","492312442577894","Sponsored Products","2.64","USD"
"2026-01-23","363551194960955","Sponsored Products","0.00","CAD"
"2026-01-14","440997775738977","Sponsored Products","0.00","AUD"
"2026-01-17","392972027720670","Sponsored Products","0.00","CAD"
"2026-01-16","541042710567147","Sponsored Products","3.40","USD"
"2026-01-20","286308132559342","Sponsored Brands","2.57","AUD"
"2026-01-07","291618943691121","Sponsored Brands","0.00","AUD"
"2026-01-31","361646797125820","Sponsored Products","0.00","AUD"
"2026-01-01","491792683377286","Sponsored Products","5.52","USD"
"2026-01-10","556616987602606","Sponsored Products","4.93","USD"
"2026-01-15","557388890025484","Sponsored Products","7.81","USD"
"2026-01-24","375451164709840","Sponsored Products","0.00","GBP"
"2026-01-06","297446437541925","Sponsored Products","31.82","USD"
"2026-01-19","473740316381787","Sponsored Products","6.82","GBP"
"2026-01-06","348537181713557","Sponsored Products","0.24","GBP"
"2026-01-17","490007501473330","Sponsored Products","2.43","USD"
"2026-01-19","539834455179217","Sponsored Products","1.79","USD"
"2026-01-11","531187508971652","Sponsored Display","0.00","CAD"
"2026-01-21","363579801300326","Sponsored Products","0.00","CAD"
"2026-01-20","541042710567147","Sponsored Products","0.00","USD"
"2026-01-26","303332324664421","Sponsored Products","0.00","USD"
"2026-01-09","495677195822245","Sponsored Brands","0.00","USD"
"2026-01-28","555360954347903","Sponsored Products","0.00","CAD"
"2026-01-29","378771240092800","Sponsored Products","0.00","AUD"
"2026-01-07","378858058113466","Sponsored Products","2.63","CAD"
"2026-01-12","509593684638198","Sponsored Brands","1.04","USD"
"2026-01-11","529845821022802","Sponsored Products","0.00","AUD"
"2026-01-20","432013629308606","Sponsored Brands","4.77","CAD"
"2026-01-01","454992450655768","Sponsored Products","3.57","USD"
"2026-01-31","27661898820374","Sponsored Products","2.56","USD"
"2026-01-29","562873832621330","Sponsored Products","0.50","GBP"
"2026-01-17","453187476718269","Sponsored Display","0.00","CAD"
"2026-01-28","206968068657618","Sponsored Products","0.00","USD"
"2026-01-04","280884599605823","Sponsored Products","9.69","USD"
"2026-01-21","371021037712738","Sponsored Products","54.74","USD"
"2026-01-15","453754530299965","Sponsored Brands","25.81","USD"
"2026-01-29","284096201830626","Sponsored Display","0.00","USD"
"2026-01-07","419802202221779","Sponsored Products","2.67","CAD"
"2026-01-10","312451130238004","Sponsored Brands","0.00","USD"
"2026-01-23","562873832621330","Sponsored Products","0.00","GBP"
"2026-01-04","278400043801722","Sponsored Products","0.00","GBP"
"2026-01-31","72921898703277","Sponsored Products","0.00","USD"
"2026-01-15","350228282296039","Sponsored Products","6.29","USD"
"2026-01-16","312451130238004","Sponsored Brands","0.00","USD"
"2026-01-19","456837390130096","Sponsored Products","0.00","AUD"
"2026-01-10","317772463042332","Sponsored Products","0.02","AUD"
"2026-01-23","424600049511604","Sponsored Products","6.53","USD"
"2026-01-21","405261002610411","Sponsored Products","0.00","GBP"
"2026-01-14","452065263384491","Sponsored Brands","4.50","USD"
"2026-01-16","407787068225839","Sponsored Display","0.00","AUD"
"2026-01-03","487908370268380","Sponsored Products","3.74","USD"
"2026-01-15","369371745062988","Sponsored Products","0.00","CAD"
"2026-01-11","436562742415834","Sponsored Products","0.00","GBP"
"2026-01-17","469438672280657","Sponsored Products","0.00","GBP"
"2026-01-29","417555316939613","Sponsored Brands","0.00","AUD"
"2026-01-09","380662946968621","Sponsored Display","10.40","USD"
"2026-01-09","353698807350187","Sponsored Products","1.09","USD"
"2026-01-07","561131507618203","Sponsored Products","2.11","AUD"
"2026-01-18","490007501473330","Sponsored Products","2.23","USD"
"2026-01-05","407444835513369","Sponsored Brands","2.66","CAD"
"2026-01-24","375840213985973","Sponsored Products","1.17","USD"
"2026-01-23","446701085946014","Sponsored Products","0.00","GBP"
"2026-01-09","498311429491057","Sponsored Display","0.00","CAD"
"2026-01-02","312451130238004","Sponsored Brands","2.14","USD"
"2026-01-12","346023186686134","Sponsored Brands","0.25","USD"
"2026-01-11","476877916686317","Sponsored Brands","0.00","AUD"
"2026-01-26","329222077811459","Sponsored Brands","0.00","GBP"
"2026-01-14","495699106211812","Sponsored Products","0.40","AUD"
"2026-01-26","455193289976402","Sponsored Products","0.00","USD"
"2026-01-19","448149727236636","Sponsored Products","0.00","AUD"
"2026-01-29","430840323605870","Sponsored Products","0.00","USD"
"2026-01-09","359104344566153","Sponsored Products","0.00","USD"
"2026-01-15","316207062053537","Sponsored Products","0.00","AUD"
"2026-01-29","463570831006082","Sponsored Products","0.00","CAD"
"2026-01-23","431386932028495","Sponsored Products","14.37","USD"
"2026-01-10","532503737498489","Sponsored Products","0.00","USD"
"2026-01-10","430840323605870","Sponsored Products","0.90","USD"
"2026-01-28","318148591057223","Sponsored Products","0.26","GBP"
"2026-01-19","321516368269611","Sponsored Products","0.25","CAD"
"2026-01-02","296615200458181","Sponsored Brands","67.56","USD"
"2026-01-25","324446919049652","Sponsored Products","7.68","USD"
"2026-01-22","382263989834817","Sponsored Products","0.00","AUD"
"2026-01-01","480355060288556","Sponsored Products","0.00","AUD"
"2026-01-03","327955853177271","Sponsored Products","13.25","USD"
"2026-01-10","559365035833525","Sponsored Brands","0.00","AUD"
"2026-01-13","401058364234122","Sponsored Products","0.60","CAD"
"2026-01-15","367083122067501","Sponsored Display","0.00","USD"
"2026-01-31","441276644656791","Sponsored Brands","0.22","AUD"
"2026-01-02","429345285920060","Sponsored Brands","0.80","GBP"
"2026-01-26","537194794349407","Sponsored Products","1.61","USD"
"2026-01-01","352761064226908","Sponsored Brands","0.00","CAD"
"2026-01-19","559365035833525","Sponsored Brands","0.00","AUD"
"2026-01-29","145958940968220","Sponsored Products","0.00","USD"
"2026-01-18","437016942104478","Sponsored Brands","2.92","CAD"
"2026-01-24","527711743915708","Sponsored Products","30.41","USD"
"2026-01-22","546191132663927","Sponsored Brands","1.85","USD"
"2026-01-22","431503342672607","Sponsored Products","4.95","USD"
"2026-01-22","344717374719347","Sponsored Display","0.00","CAD"
"2026-01-25","316207062053537","Sponsored Products","6.19","AUD"
"2026-01-14","453187476718269","Sponsored Display","0.00","CAD"
"2026-01-16","384137786867273","Sponsored Products","0.00","USD"
"2026-01-25","327137186916287","Sponsored Products","0.00","USD"
"2026-01-12","452082306058129","Sponsored Brands","0.00","CAD"
"2026-01-12","363551194960955","Sponsored Products","0.00","CAD"
"2026-01-26","458452283549074","Sponsored Brands","0.00","CAD"
"2026-01-10","514416545593290","Sponsored Products","1.82","USD"
"2026-01-26","514416545593290","Sponsored Products","0.79","USD"
"2026-01-03","406964010755868","Sponsored Products","0.00","CAD"
"2026-01-21","440997775738977","Sponsored Products","0.50","AUD"
"2026-01-26","324740828073799","Sponsored Products","0.00","AUD"
"2026-01-15","536850070634966","Sponsored Products","0.70","GBP"
"2026-01-23","413308568322873","Sponsored Brands","0.20","USD"
"2026-01-27","382536260418493","Sponsored Brands","2.57","USD"
"2026-01-27","402078469217372","Sponsored Products","25.45","USD"
"2026-01-14","327137186916287","Sponsored Products","0.00","USD"
"2026-01-05","455983082050138","Sponsored Products","0.00","CAD"
"2026-01-11","387735099454991","Sponsored Products","0.00","USD"
"2026-01-06","342233969782751","Sponsored Products","4.29","USD"
"2026-01-09","493519110544788","Sponsored Products","0.08","USD"
"2026-01-16","312711508263023","Sponsored Products","0.00","AUD"
"2026-01-25","407444835513369","Sponsored Brands","4.15","CAD"
"2026-01-25","443805539282973","Sponsored Brands","1.88","CAD"
"2026-01-05","536850070634966","Sponsored Products","0.00","GBP"
"2026-01-20","320522945603717","Sponsored Brands","0.00","CAD"
"2026-01-07","301972852761247","Sponsored Products","2.70","USD"
"2026-01-10","316018693107855","Sponsored Products","9.94","USD"
"2026-01-14","373188657935606","Sponsored Products","0.00","AUD"
"2026-01-20","336361735801015","Sponsored Products","0.67","USD"
"2026-01-28","373593607967581","Sponsored Display","0.00","AUD"
"2026-01-23","312632253610695","Sponsored Brands","55.51","USD"
"2026-01-18","452065263384491","Sponsored Brands","5.90","USD"
"2026-01-19","291680855614624","Sponsored Brands","0.00","GBP"
"2026-01-28","316086976315498","Sponsored Brands","0.00","USD"
"2026-01-28","305150240202410","Sponsored Brands","0.96","USD"
"2026-01-18","288045582881440","Sponsored Products","0.00","USD"
"2026-01-10","420797773596938","Sponsored Products","0.82","USD"
"2026-01-25","406487274006731","Sponsored Products","0.00","AUD"
"2026-01-06","400936883710783","Sponsored Products","6.51","AUD"
"2026-01-21","387735099454991","Sponsored Products","0.00","USD"
"2026-01-23","514416545593290","Sponsored Products","0.00","USD"
"2026-01-03","399857229182854","Sponsored Brands","2.10","GBP"
"2026-01-24","539931100075119","Sponsored Brands","2.00","USD"
"2026-01-04","286601245904247","Sponsored Products","0.60","CAD"
"2026-01-04","455510939824845","Sponsored Products","0.63","USD"
"2026-01-30","27661898820374","Sponsored Products","0.00","USD"
"2026-01-03","475323940290788","Sponsored Products","8.36","USD"
"2026-01-23","397652540263806","Sponsored Products","0.00","CAD"
"2026-01-10","384137786867273","Sponsored Products","0.00","USD"
"2026-01-12","541724443688495","Sponsored Display","0.00","AUD"
"2026-01-26","518653489850740","Sponsored Brands","0.21","USD"
"2026-01-23","412663623607577","Sponsored Products","0.00","USD"
"2026-01-08","471805907077682","Sponsored Products","0.00","USD"
"2026-01-05","477846512499333","Sponsored Brands","0.00","USD"
"2026-01-03","488227359567395","Sponsored Products","0.00","GBP"
"2026-01-03","342157027477562","Sponsored Products","20.80","USD"
"2026-01-03","423471492340141","Sponsored Brands","0.00","USD"
"2026-01-29","428201110992726","Sponsored Products","0.00","USD"
"2026-01-21","454564300195235","Sponsored Products","0.00","GBP"
"2026-01-18","366993568403124","Sponsored Products","67.35","USD"
"2026-01-14","499207203040639","Sponsored Products","0.00","USD"
"2026-01-01","546618773117950","Sponsored Brands","0.00","AUD"
"2026-01-01","467633236874996","Sponsored Products","0.00","AUD"
"2026-01-31","455983082050138","Sponsored Products","0.00","CAD"
"2026-01-16","505299994018527","Sponsored Products","0.00","CAD"
"2026-01-16","437016942104478","Sponsored Brands","0.00","CAD"
"2026-01-20","469438672280657","Sponsored Products","0.00","GBP"
"2026-01-06","529845821022802","Sponsored Products","0.00","AUD"
"2026-01-17","454564300195235","Sponsored Products","1.70","GBP"
"2026-01-21","350228282296039","Sponsored Products","1.35","USD"
"2026-01-16","392537273853228","Sponsored Brands","0.10","AUD"
"2026-01-15","555625239663839","Sponsored Products","11.30","USD"
"2026-01-19","380662946968621","Sponsored Display","3.77","USD"
"2026-01-22","313102197760283","Sponsored Products","13.74","USD"
"2026-01-31","224639482376841","Sponsored Products","9.69","USD"
"2026-01-30","280528554873543","Sponsored Products","0.00","USD"
"2026-01-28","380662946968621","Sponsored Display","2.73","USD"
"2026-01-11","348537181713557","Sponsored Products","0.00","GBP"
"2026-01-04","487327596470810","Sponsored Products","0.00","USD"
"2026-01-02","363551194960955","Sponsored Products","0.00","CAD"
"2026-01-31","480355060288556","Sponsored Products","0.00","AUD"
"2026-01-07","452082306058129","Sponsored Brands","0.00","CAD"
"2026-01-13","292138679780956","Sponsored Products","0.00","AUD"
"2026-01-22","381243195375500","Sponsored Products","4.19","USD"
"2026-01-23","481343337793629","Sponsored Products","0.00","GBP"
"2026-01-12","416822662696131","Sponsored Brands","0.00","USD"
"2026-01-10","419802202221779","Sponsored Products","2.77","CAD"
"2026-01-20","521187964040554","Sponsored Products","0.08","CAD"
"2026-01-18","380439551325000","Sponsored Products","2.83","GBP"
"2026-01-15","309601314328778","Sponsored Products","0.00","CAD"
"2026-01-12","524438997214345","Sponsored Products","1.13","USD"
"2026-01-17","399857229182854","Sponsored Brands","0.75","GBP"
"2026-01-31","411197191773342","Sponsored Products","0.00","AUD"
"2026-01-25","371623685288534","Sponsored Brands","5.46","GBP"
"2026-01-01","429345285920060","Sponsored Brands","0.00","GBP"
"2026-01-05","497204182729156","Sponsored Brands","0.28","USD"
"2026-01-27","455510939824845","Sponsored Products","1.56","USD"
"2026-01-18","546618773117950","Sponsored Brands","0.10","AUD"
"2026-01-16","423447600502988","Sponsored Brands","0.25","CAD"
"2026-01-11","332000738328227","Sponsored Products","19.75","USD"
"2026-01-26","395304589984653","Sponsored Products","0.00","CAD"
"2026-01-15","562763694980171","Sponsored Products","0.00","GBP"
"2026-01-13","307922603865773","Sponsored Products","0.00","USD"
"2026-01-05","536186527693818","Sponsored Products","5.79","USD"
"2026-01-03","491700931771136","Sponsored Products","2.15","GBP"
"2026-01-09","536850070634966","Sponsored Products","1.93","GBP"
"2026-01-02","455622109943339","Sponsored Products","0.00","AUD"
"2026-01-27","386865813070708","Sponsored Products","1.81","USD"
"2026-01-22","423538576850039","Sponsored Products","0.00","AUD"
"2026-01-08","540593023678755","Sponsored Products","0.61","USD"
"2026-01-14","535387208566969","Sponsored Products","0.00","USD"
"2026-01-17","461174245552414","Sponsored Products","2.26","AUD"
"2026-01-18","310318758176650","Sponsored Products","0.00","CAD"
"2026-01-19","558297049226516","Sponsored Brands","0.00","CAD"
"2026-01-28","530353594830018","Sponsored Display","0.00","CAD"
"2026-01-13","396524009311704","Sponsored Brands","5.11","CAD"
"2026-01-11","399857229182854","Sponsored Brands","1.36","GBP"
"2026-01-06","458452283549074","Sponsored Brands","0.00","CAD"
"2026-01-25","345230959620455","Sponsored Products","1.44","CAD"
"2026-01-13","436562742415834","Sponsored Products","0.24","GBP"
"2026-01-22","493519110544788","Sponsored Products","3.65","USD"
"2026-01-01","384137786867273","Sponsored Products","0.00","USD"
"2026-01-06","288045582881440","Sponsored Products","0.00","USD"
"2026-01-09","291194333337791","Sponsored Products","0.00","USD"
"2026-01-29","557802220335065","Sponsored Products","0.00","CAD"
"2026-01-29","392972027720670","Sponsored Products","0.00","CAD"
"2026-01-27","529845821022802","Sponsored Products","0.00","AUD"
"2026-01-24","506556070299851","Sponsored Products","0.00","USD"
"2026-01-11","560000811916391","Sponsored Brands","2.80","USD"
"2026-01-15","486701736662809","Sponsored Products","3.37","AUD"
"2026-01-22","286855949125211","Sponsored Products","8.33","AUD"
"2026-01-10","459488439760934","Sponsored Products","0.44","GBP"
"2026-01-20","477846512499333","Sponsored Brands","0.00","USD"
"2026-01-31","11143044290906","Sponsored Products","0.00","USD"
"2026-01-17","354484097353439","Sponsored Products","0.00","GBP"
"2026-01-14","441276644656791","Sponsored Brands","0.00","AUD"
"2026-01-20","480355060288556","Sponsored Products","0.00","AUD"
"2026-01-13","518228166841375","Sponsored Brands","2.76","GBP"
"2026-01-01","292138679780956","Sponsored Products","0.00","AUD"
"2026-01-04","316086976315498","Sponsored Brands","1.28","USD"
"2026-01-31","300354268849742","Sponsored Brands","0.00","CAD"
"2026-01-09","513927767815024","Sponsored Products","0.00","USD"
"2026-01-15","529845821022802","Sponsored Products","0.00","AUD"
"2026-01-17","557802220335065","Sponsored Products","0.00","CAD"
"2026-01-28","501445692271818","Sponsored Products","1.02","USD"
"2026-01-28","484239021223334","Sponsored Products","0.00","AUD"
"2026-01-27","375880567146391","Sponsored Display","5.02","AUD"
"2026-01-25","472554317410495","Sponsored Brands","0.00","USD"
"2026-01-31","542395622943712","Sponsored Products","1.43","GBP"
"2026-01-30","407346576799567","Sponsored Products","0.00","AUD"
"2026-01-03","398718122329444","Sponsored Products","0.00","GBP"
"2026-01-05","317413414518930","Sponsored Products","0.00","GBP"
"2026-01-24","417555316939613","Sponsored Brands","0.00","AUD"
"2026-01-28","348184859637636","Sponsored Brands","0.29","USD"
"2026-01-04","340849210853799","Sponsored Products","13.82","USD"
"2026-01-08","554517553013265","Sponsored Products","0.00","CAD"
"2026-01-07","420797773596938","Sponsored Products","0.00","USD"
"2026-01-26","420797773596938","Sponsored Products","1.16","USD"
"2026-01-28","316207062053537","Sponsored Products","0.00","AUD"
"2026-01-16","327160636077377","Sponsored Products","0.00","USD"
"2026-01-27","328156874590794","Sponsored Brands","5.17","USD"
"2026-01-03","402744546317623","Sponsored Brands","0.00","GBP"
"2026-01-11","291618943691121","Sponsored Brands","0.00","AUD"
"2026-01-01","546641048554747","Sponsored Products","0.00","USD"
"2026-01-26","345230959620455","Sponsored Products","0.77","CAD"
"2026-01-12","471805907077682","Sponsored Products","0.62","USD"
"2026-01-05","464658704178346","Sponsored Brands","1.65","USD"
"2026-01-10","477846512499333","Sponsored Brands","0.00","USD"
"2026-01-22","498217737469979","Sponsored Brands","0.00","USD"
"2026-01-04","402744546317623","Sponsored Brands","0.00","GBP"
"2026-01-28","471805907077682","Sponsored Products","0.90","USD"
"2026-01-28","378771240092800","Sponsored Products","0.00","AUD"
"2026-01-05","428914757065848","Sponsored Products","2.28","CAD"
"2026-01-23","348184859637636","Sponsored Brands","1.34","USD"
"2026-01-16","383486487068158","Sponsored Display","0.61","GBP"
"2026-01-12","401058364234122","Sponsored Products","4.34","CAD"
"2026-01-04","518653489850740","Sponsored Brands","0.00","USD"
"2026-01-05","562857825893299","Sponsored Products","5.00","USD"
"2026-01-06","316018693107855","Sponsored Products","8.30","USD"
"2026-01-25","551134208715253","Sponsored Products","0.00","AUD"
"2026-01-14","530353594830018","Sponsored Display","0.00","CAD"
"2026-01-14","291612323170971","Sponsored Products","0.00","CAD"
"2026-01-23","327137186916287","Sponsored Products","0.00","USD"
"2026-01-25","299897583007336","Sponsored Products","19.27","USD"
"2026-01-07","375412452273685","Sponsored Products","14.13","GBP"
"2026-01-09","375412452273685","Sponsored Products","7.94","GBP"
"2026-01-27","395304589984653","Sponsored Products","0.00","CAD"
"2026-01-03","342568396157124","Sponsored Display","0.00","USD"
"2026-01-31","558297049226516","Sponsored Brands","0.00","CAD"
"2026-01-14","429216730447678","Sponsored Products","0.00","AUD"
"2026-01-27","500955748191612","Sponsored Products","0.00","USD"
"2026-01-11","291680855614624","Sponsored Brands","2.56","GBP"
"2026-01-27","453754530299965","Sponsored Brands","21.23","USD"
"2026-01-07","380439551325000","Sponsored Products","2.10","GBP"
"2026-01-07","329222077811459","Sponsored Brands","0.00","GBP"
"2026-01-09","328392570118308","Sponsored Brands","2.02","AUD"
"2026-01-11","561131507618203","Sponsored Products","0.86","AUD"
"2026-01-17","486701736662809","Sponsored Products","2.00","AUD"
"2026-01-23","286308132559342","Sponsored Brands","0.29","AUD"
"2026-01-01","316086976315498","Sponsored Brands","0.00","USD"
"2026-01-30","428201110992726","Sponsored Products","0.00","USD"
"2026-01-04","476511840833684","Sponsored Products","0.00","GBP"
"2026-01-26","381948820461821","Sponsored Brands","0.00","USD"
"2026-01-09","304676183651349","Sponsored Products","0.00","USD"
"2026-01-18","409249674990450","Sponsored Products","0.63","AUD"
"2026-01-04","514416545593290","Sponsored Products","0.00","USD"
"2026-01-27","469814503032884","Sponsored Products","0.00","AUD"
"2026-01-08","360836238849040","Sponsored Products","0.00","AUD"
"2026-01-25","557388890025484","Sponsored Products","1.78","USD"
"2026-01-19","355737664148283","Sponsored Brands","8.04","USD"
"2026-01-05","532503737498489","Sponsored Products","0.00","USD"
"2026-01-30","262727752997615","Sponsored Products","5.89","USD"
"2026-01-04","300894362771504","Sponsored Products","0.00","GBP"
"2026-01-26","553804041062258","Sponsored Products","0.00","USD"
"2026-01-02","475323940290788","Sponsored Products","5.49","USD"
"2026-01-11","318399173824872","Sponsored Products","0.77","GBP"
"2026-01-19","296882349967704","Sponsored Products","6.50","USD"
"2026-01-25","539750977499191","Sponsored Products","2.74","CAD"
"2026-01-22","467986598930085","Sponsored Products","9.89","USD"
"2026-01-16","560000811916391","Sponsored Brands","1.09","USD"
"2026-01-31","279125239605082","Sponsored Products","0.42","USD"
"2026-01-16","444969564092992","Sponsored Products","0.00","CAD"
"2026-01-29","293195244233089","Sponsored Products","0.00","USD"
"2026-01-09","471805907077682","Sponsored Products","2.68","USD"
"2026-01-02","476877916686317","Sponsored Brands","0.00","AUD"
"2026-01-02","495699106211812","Sponsored Products","7.18","AUD"
"2026-01-28","267283875717235","Sponsored Products","0.00","USD"
"2026-01-29","375412452273685","Sponsored Products","5.12","GBP"
"2026-01-08","559365035833525","Sponsored Brands","0.00","AUD"
"2026-01-27","497204182729156","Sponsored Brands","0.00","USD"
"2026-01-27","293287193628180","Sponsored Brands","0.00","GBP"
"2026-01-27","443805539282973","Sponsored Brands","0.87","CAD"
"2026-01-30","96473122408354","Sponsored Products","0.00","USD"
"2026-01-11","327999245273994","Sponsored Brands","9.47","USD"
"2026-01-01","300354268849742","Sponsored Brands","0.00","CAD"
"2026-01-26","526735719174751","Sponsored Products","0.00","USD"
"2026-01-16","297335215332435","Sponsored Products","1.69","CAD"
"2026-01-23","328156874590794","Sponsored Brands","2.73","USD"
"2026-01-23","458452283549074","Sponsored Brands","0.76","CAD"
"2026-01-19","551785069524711","Sponsored Products","2.68","USD"
"2026-01-20","555625239663839","Sponsored Products","17.80","USD"
"2026-01-24","539834455179217","Sponsored Products","1.50","USD"
"2026-01-30","458452283549074","Sponsored Brands","0.00","CAD"
"2026-01-30","339568026468029","Sponsored Brands","0.00","CAD"
"2026-01-04","399703016940832","Sponsored Brands","1.07","CAD"
"2026-01-04","465191710626164","Sponsored Brands","0.00","GBP"
"2026-01-01","555625239663839","Sponsored Products","4.12","USD"
"2026-01-11","296615200458181","Sponsored Brands","52.28","USD"
"2026-01-26","427514193060341","Sponsored Products","0.00","USD"
"2026-01-31","96473122408354","Sponsored Products","0.00","USD"
"2026-01-03","555360954347903","Sponsored Products","0.00","CAD"
"2026-01-16","542395622943712","Sponsored Products","0.46","GBP"
"2026-01-18","406487274006731","Sponsored Products","0.00","AUD"
"2026-01-04","344516434946756","Sponsored Products","1.07","USD"
"2026-01-14","354591663011981","Sponsored Brands","0.00","USD"
"2026-01-03","288851430690246","Sponsored Products","0.00","GBP"
"2026-01-26","419764168918332","Sponsored Brands","1.20","AUD"
"2026-01-21","558782683947956","Sponsored Products","0.00","CAD"
"2026-01-21","284235017891966","Sponsored Products","6.30","CAD"
"2026-01-03","487313850471925","Sponsored Brands","0.98","USD"
"2026-01-31","345230959620455","Sponsored Products","1.26","CAD"
"2026-01-21","443207948405482","Sponsored Products","0.00","CAD"
"2026-01-10","412663623607577","Sponsored Products","0.00","USD"
"2026-01-26","453187476718269","Sponsored Display","0.00","CAD"
"2026-01-15","498311429491057","Sponsored Display","0.00","CAD"
"2026-01-30","511828144987995","Sponsored Products","1.87","GBP"
"2026-01-25","423471492340141","Sponsored Brands","0.64","USD"
"2026-01-23","432013629308606","Sponsored Brands","2.02","CAD"
"2026-01-06","458737362224255","Sponsored Products","0.56","GBP"
"2026-01-13","332116728677051","Sponsored Products","0.00","CAD"
"2026-01-29","446701085946014","Sponsored Products","0.00","GBP"
"2026-01-09","312711508263023","Sponsored Products","0.00","AUD"
"2026-01-12","432312765744113","Sponsored Products","0.00","USD"
"2026-01-17","489671557305898","Sponsored Display","0.00","USD"
"2026-01-22","288851430690246","Sponsored Products","0.00","GBP"
"2026-01-17","407444835513369","Sponsored Brands","0.89","CAD"
"2026-01-19","491366396962687","Sponsored Brands","1.64","USD"
"2026-01-14","501445692271818","Sponsored Products","3.92","USD"
"2026-01-26","322178684810700","Sponsored Products","0.00","USD"
"2026-01-29","239695922795958","Sponsored Products","0.00","USD"
"2026-01-09","394083050171294","Sponsored Products","2.76","USD"
"2026-01-28","380787783830601","Sponsored Products","0.00","USD"
"2026-01-12","454571413921997","Sponsored Products","0.53","GBP"
"2026-01-25","453754530299965","Sponsored Brands","32.74","USD"
"2026-01-31","518228166841375","Sponsored Brands","0.44","GBP"
"2026-01-05","439663157752722","Sponsored Brands","0.35","USD"
"2026-01-07","407444835513369","Sponsored Brands","0.98","CAD"
"2026-01-18","530353594830018","Sponsored Display","0.00","CAD"
"2026-01-20","383486487068158","Sponsored Display","0.02","GBP"
"2026-01-01","423447600502988","Sponsored Brands","0.00","CAD"
"2026-01-15","291194333337791","Sponsored Products","0.00","USD"
"2026-01-29","23854220044300","Sponsored Products","18.17","USD"
"2026-01-09","301972852761247","Sponsored Products","2.27","USD"
"2026-01-16","368310850203338","Sponsored Products","1.65","USD"
"2026-01-25","402744546317623","Sponsored Brands","0.00","GBP"
"2026-01-25","453239686745418","Sponsored Products","0.82","GBP"
"2026-01-10","542395622943712","Sponsored Products","0.49","GBP"
"2026-01-02","375880567146391","Sponsored Display","0.00","AUD"
"2026-01-10","494734928633883","Sponsored Brands","0.00","USD"
"2026-01-22","411564343397398","Sponsored Products","0.65","USD"
"2026-01-16","527711743915708","Sponsored Products","31.22","USD"
"2026-01-10","316086976315498","Sponsored Brands","0.00","USD"
"2026-01-28","296882349967704","Sponsored Products","1.24","USD"
"2026-01-09","360412290312296","Sponsored Brands","3.71","CAD"
"2026-01-08","303344079444236","Sponsored Brands","2.20","GBP"
"2026-01-04","328392570118308","Sponsored Brands","0.00","AUD"
"2026-01-20","316207062053537","Sponsored Products","0.00","AUD"
"2026-01-14","455100983218716","Sponsored Brands","2.41","USD"
"2026-01-13","318148591057223","Sponsored Products","0.19","GBP"
"2026-01-22","452082306058129","Sponsored Brands","5.16","CAD"
"2026-01-11","431503342672607","Sponsored Products","0.00","USD"
"2026-01-07","514416545593290","Sponsored Products","0.00","USD"
"2026-01-28","499207203040639","Sponsored Products","0.00","USD"
"2026-01-13","493519110544788","Sponsored Products","9.64","USD"
"2026-01-05","455688132780953","Sponsored Brands","1.15","USD"
"2026-01-20","484239021223334","Sponsored Products","0.00","AUD"
"2026-01-27","490007501473330","Sponsored Products","0.95","USD"
"2026-01-22","380662946968621","Sponsored Display","10.58","USD"
"2026-01-03","511509048867805","Sponsored Products","78.95","USD"
"2026-01-10","396006036421092","Sponsored Products","0.00","USD"
"2026-01-10","499207203040639","Sponsored Products","0.00","USD"
"2026-01-31","281235849108344","Sponsored Products","0.97","USD"
"2026-01-26","511828144987995","Sponsored Products","3.51","GBP"
"2026-01-01","482195104755571","Sponsored Brands","3.00","GBP"
"2026-01-01","380439551325000","Sponsored Products","1.08","GBP"
"2026-01-12","300894362771504","Sponsored Products","0.00","GBP"
"2026-01-18","263910374759225","Sponsored Products","3.96","CAD"
"2026-01-05","495242868805173","Sponsored Products","8.67","GBP"
"2026-01-30","189380234928822","Sponsored Products","11.37","USD"
"2026-01-03","346642528003053","Sponsored Products","0.00","USD"
"2026-01-26","431503342672607","Sponsored Products","0.00","USD"
"2026-01-06","538771699321102","Sponsored Products","0.00","AUD"
"2026-01-25","419802202221779","Sponsored Products","3.41","CAD"
"2026-01-04","401058364234122","Sponsored Products","5.56","CAD"
"2026-01-29","398718122329444","Sponsored Products","3.81","GBP"
"2026-01-15","363579801300326","Sponsored Products","0.00","CAD"
"2026-01-04","353468389499196","Sponsored Brands","1.27","USD"
"2026-01-22","491770987077396","Sponsored Products","27.70","USD"
"2026-01-30","198809778193730","Sponsored Products","149.25","USD"
"2026-01-11","342568396157124","Sponsored Display","0.00","USD"
"2026-01-29","532209379687062","Sponsored Display","0.69","GBP"
"2026-01-09","366303362151528","Sponsored Products","0.00","USD"
"2026-01-27","369371745062988","Sponsored Products","0.00","CAD"
"2026-01-03","485543012454911","Sponsored Products","6.68","USD"
"2026-01-01","332000738328227","Sponsored Products","4.10","USD"
"2026-01-29","184593163947523","Sponsored Products","1.27","USD"
"2026-01-09","407444835513369","Sponsored Brands","2.02","CAD"
"2026-01-25","380662946968621","Sponsored Display","4.40","USD"
"2026-01-01","354484097353439","Sponsored Products","0.00","GBP"
"2026-01-06","486830706800832","Sponsored Products","0.00","CAD"
"2026-01-27","539834455179217","Sponsored Products","4.66","USD"
"2026-01-23","291618943691121","Sponsored Brands","0.97","AUD"
"2026-01-05","280884599605823","Sponsored Products","10.72","USD"
"2026-01-30","14582572617569","Sponsored Products","0.00","USD"
"2026-01-19","384986795476042","Sponsored Brands","0.00","CAD"
"2026-01-26","453754530299965","Sponsored Brands","26.19","USD"
"2026-01-19","371021037712738","Sponsored Products","53.13","USD"
"2026-01-05","443207948405482","Sponsored Products","0.76","CAD"
"2026-01-24","531616041116243","Sponsored Products","0.00","USD"
"2026-01-30","72921898703277","Sponsored Products","0.00","USD"
"2026-01-11","324446919049652","Sponsored Products","9.85","USD"
"2026-01-29","300354268849742","Sponsored Brands","0.00","CAD"
"2026-01-06","500955748191612","Sponsored Products","3.97","USD"
"2026-01-09","500955748191612","Sponsored Products","1.54","USD"
"2026-01-15","458452283549074","Sponsored Brands","0.00","CAD"
"2026-01-11","429345285920060","Sponsored Brands","0.69","GBP"
"2026-01-08","431386932028495","Sponsored Products","9.11","USD"
"2026-01-04","476877916686317","Sponsored Brands","0.00","AUD"
"2026-01-18","381243195375500","Sponsored Products","2.90","USD"
"2026-01-24","286601245904247","Sponsored Products","0.00","CAD"
"2026-01-01","488650993039900","Sponsored Brands","0.00","USD"
"2026-01-03","284096201830626","Sponsored Display","0.54","USD"
"2026-01-09","278400043801722","Sponsored Products","0.00","GBP"
"2026-01-01","487908370268380","Sponsored Products","5.73","USD"
"2026-01-06","482195104755571","Sponsored Brands","0.90","GBP"
"2026-01-26","313102197760283","Sponsored Products","16.94","USD"
"2026-01-31","128770506922317","Sponsored Products","12.17","USD"
"2026-01-10","309601314328778","Sponsored Products","0.53","CAD"
"2026-01-15","428015197375542","Sponsored Products","0.00","AUD"
"2026-01-19","382536260418493","Sponsored Brands","3.71","USD"
"2026-01-11","455622109943339","Sponsored Products","1.58","AUD"
"2026-01-26","558297049226516","Sponsored Brands","0.00","CAD"
"2026-01-30","281235849108344","Sponsored Products","0.00","USD"
"2026-01-30","54386198712419","Sponsored Products","4.86","USD"
"2026-01-08","291612323170971","Sponsored Products","0.00","CAD"
"2026-01-22","384986795476042","Sponsored Brands","0.00","CAD"
"2026-01-26","529431876389782","Sponsored Products","0.00","USD"
"2026-01-26","316018693107855","Sponsored Products","5.10","USD"
"2026-01-02","327137186916287","Sponsored Products","1.64","USD"
"2026-01-17","485543012454911","Sponsored Products","0.64","USD"
"2026-01-12","407444835513369","Sponsored Brands","0.00","CAD"
"2026-01-15","423825131329520","Sponsored Products","18.49","USD"
"2026-01-01","411197191773342","Sponsored Products","0.00","AUD"
"2026-01-01","316207062053537","Sponsored Products","0.00","AUD"
"2026-01-16","434871922933588","Sponsored Brands","4.09","CAD"
"2026-01-22","375840213985973","Sponsored Products","0.00","USD"
"2026-01-16","353698807350187","Sponsored Products","6.56","USD"
"2026-01-05","383356525876468","Sponsored Products","0.00","USD"
"2026-01-04","532209379687062","Sponsored Display","0.85","GBP"
"2026-01-15","338934805167255","Sponsored Products","0.00","USD"
"2026-01-09","539750977499191","Sponsored Products","2.82","CAD"
"2026-01-07","444969564092992","Sponsored Products","0.00","CAD"
"2026-01-13","480355060288556","Sponsored Products","0.00","AUD"
"2026-01-24","492312442577894","Sponsored Products","8.71","USD"
"2026-01-22","437016942104478","Sponsored Brands","0.00","CAD"
"2026-01-11","446869334265005","Sponsored Products","0.00","USD"
"2026-01-16","406964010755868","Sponsored Products","0.00","CAD"
"2026-01-26","517050919084211","Sponsored Products","0.00","CAD"
"2026-01-28","531194039320877","Sponsored Products","0.00","CAD"
"2026-01-06","461174245552414","Sponsored Products","2.02","AUD"
"2026-01-17","459130146103681","Sponsored Display","0.68","AUD"
"2026-01-31","175777768252798","Sponsored Products","12.27","USD"
"2026-01-16","475323940290788","Sponsored Products","6.65","USD"
"2026-01-05","529431876389782","Sponsored Products","0.00","USD"
"2026-01-21","263910374759225","Sponsored Products","4.46","CAD"
"2026-01-17","531187508971652","Sponsored Display","0.00","CAD"
"2026-01-26","487313850471925","Sponsored Brands","2.41","USD"
"2026-01-27","327137186916287","Sponsored Products","3.46","USD"
"2026-01-11","513927767815024","Sponsored Products","2.17","USD"
"2026-01-11","288045582881440","Sponsored Products","0.69","USD"
"2026-01-20","495242868805173","Sponsored Products","1.75","GBP"
"2026-01-28","513927767815024","Sponsored Products","0.00","USD"
"2026-01-09","332000738328227","Sponsored Products","19.62","USD"
"2026-01-22","542395622943712","Sponsored Products","0.47","GBP"
"2026-01-09","383706936707329","Sponsored Brands","1.49","USD"
"2026-01-31","486701736662809","Sponsored Products","0.00","AUD"
"2026-01-11","353698807350187","Sponsored Products","2.10","USD"
"2026-01-07","538699937906302","Sponsored Products","1.07","USD"
"2026-01-20","405896045618734","Sponsored Display","0.00","USD"
"2026-01-31","162987026418786","Sponsored Products","0.48","USD"
"2026-01-15","327323455598643","Sponsored Products","1.45","GBP"
"2026-01-06","467986598930085","Sponsored Products","17.08","USD"
"2026-01-01","399857229182854","Sponsored Brands","0.00","GBP"
"2026-01-04","491366396962687","Sponsored Brands","1.69","USD"
"2026-01-03","371021037712738","Sponsored Products","43.91","USD"
"2026-01-17","363801591495934","Sponsored Brands","0.00","CAD"
"2026-01-28","546191132663927","Sponsored Brands","5.94","USD"
"2026-01-30","154085784178560","Sponsored Products","0.00","USD"
"2026-01-11","297446437541925","Sponsored Products","2.28","USD"
"2026-01-21","432312765744113","Sponsored Products","0.00","USD"
"2026-01-22","329222077811459","Sponsored Brands","1.08","GBP"
"2026-01-31","348184859637636","Sponsored Brands","8.48","USD"
"2026-01-16","497204182729156","Sponsored Brands","0.30","USD"
"2026-01-02","541724443688495","Sponsored Display","0.00","AUD"
"2026-01-09","292138679780956","Sponsored Products","0.00","AUD"
"2026-01-08","399629340308947","Sponsored Brands","0.00","AUD"
"2026-01-07","407346576799567","Sponsored Products","0.00","AUD"
"2026-01-19","490007501473330","Sponsored Products","6.02","USD"
"2026-01-07","539750977499191","Sponsored Products","4.30","CAD"
"2026-01-14","513927767815024","Sponsored Products","2.13","USD"
"2026-01-10","378095244761436","Sponsored Products","0.72","USD"
"2026-01-26","316506785332318","Sponsored Products","0.00","USD"
"2026-01-24","469438672280657","Sponsored Products","0.35","GBP"
"2026-01-08","461174245552414","Sponsored Products","0.87","AUD"
"2026-01-08","288669281122601","Sponsored Products","0.65","AUD"
"2026-01-29","291060086740958","Sponsored Products","0.00","USD"
"2026-01-17","432013629308606","Sponsored Brands","0.00","CAD"
"2026-01-29","542616313773815","Sponsored Brands","0.51","USD"
"2026-01-08","380662946968621","Sponsored Display","5.32","USD"
"2026-01-08","476511840833684","Sponsored Products","0.57","GBP"
"2026-01-16","490007501473330","Sponsored Products","7.08","USD"
"2026-01-01","369615938436026","Sponsored Products","0.00","USD"
"2026-01-13","455983082050138","Sponsored Products","1.53","CAD"
"2026-01-16","284235017891966","Sponsored Products","6.58","CAD"
"2026-01-27","455465774244567","Sponsored Products","0.00","USD"
"2026-01-09","555379102425019","Sponsored Products","0.00","CAD"
"2026-01-29","400936883710783","Sponsored Products","6.42","AUD"
"2026-01-07","557802220335065","Sponsored Products","0.00","CAD"
"2026-01-03","532209379687062","Sponsored Display","0.09","GBP"
"2026-01-10","344516434946756","Sponsored Products","5.02","USD"
"2026-01-30","486830706800832","Sponsored Products","0.00","CAD"
"2026-01-31","156989235380210","Sponsored Products","66.14","USD"
"2026-01-10","313102197760283","Sponsored Products","9.03","USD"
"2026-01-20","487327596470810","Sponsored Products","0.00","USD"
"2026-01-03","291612323170971","Sponsored Products","0.00","CAD"
"2026-01-02","428015197375542","Sponsored Products","0.00","AUD"
"2026-01-27","381243195375500","Sponsored Products","0.89","USD"
"2026-01-23","408719546145761","Sponsored Products","1.24","USD"
"2026-01-23","443805539282973","Sponsored Brands","0.00","CAD"
"2026-01-14","467633236874996","Sponsored Products","0.00","AUD"
"2026-01-20","555360954347903","Sponsored Products","0.00","CAD"
"2026-01-01","312451130238004","Sponsored Brands","0.00","USD"
"2026-01-03","515637010546761","Sponsored Brands","6.59","USD"
"2026-01-06","348184859637636","Sponsored Brands","0.49","USD"
"2026-01-08","556616987602606","Sponsored Products","4.06","USD"
"2026-01-11","375840213985973","Sponsored Products","0.00","USD"
"2026-01-15","402078469217372","Sponsored Products","10.79","USD"
"2026-01-19","555379102425019","Sponsored Products","0.00","CAD"
"2026-01-07","284235017891966","Sponsored Products","5.73","CAD"
"2026-01-14","399857229182854","Sponsored Brands","3.38","GBP"
"2026-01-27","467986598930085","Sponsored Products","12.30","USD"
"2026-01-31","216925562826343","Sponsored Products","2.13","USD"
"2026-01-11","555625239663839","Sponsored Products","16.32","USD"
"2026-01-03","332116728677051","Sponsored Products","0.00","CAD"
"2026-01-13","531616041116243","Sponsored Products","0.00","USD"
"2026-01-27","434170639918769","Sponsored Brands","3.81","USD"
"2026-01-30","375262111034104","Sponsored Brands","2.80","USD"
"2026-01-03","526818914182448","Sponsored Products","0.37","GBP"
"2026-01-13","406487274006731","Sponsored Products","0.00","AUD"
"2026-01-13","428015197375542","Sponsored Products","0.94","AUD"
"2026-01-08","401058364234122","Sponsored Products","1.96","CAD"
"2026-01-31","30651955945418","Sponsored Products","0.00","USD"
"2026-01-26","454571413921997","Sponsored Products","0.00","GBP"
"2026-01-24","300894362771504","Sponsored Products","0.00","GBP"
"2026-01-17","316265693147625","Sponsored Products","0.00","GBP"
"2026-01-12","93061813718954","Sponsored Products","12.87","USD"
"2026-01-17","509593684638198","Sponsored Brands","2.24","USD"
"2026-01-27","429216730447678","Sponsored Products","0.00","AUD"
"2026-01-04","551134208715253","Sponsored Products","0.00","AUD"
"2026-01-07","369371745062988","Sponsored Products","0.00","CAD"
"2026-01-06","357384467879967","Sponsored Brands","0.72","USD"
"2026-01-24","455688132780953","Sponsored Brands","0.43","USD"
"2026-01-26","463874563272935","Sponsored Brands","0.00","AUD"
"2026-01-12","556616987602606","Sponsored Products","2.06","USD"
"2026-01-16","431503342672607","Sponsored Products","1.65","USD"
"2026-01-06","530543664696574","Sponsored Products","3.97","AUD"
"2026-01-02","441888784513828","Sponsored Display","1.15","USD"
"2026-01-21","562873832621330","Sponsored Products","0.00","GBP"
"2026-01-06","482686146435604","Sponsored Brands","3.31","USD"
"2026-01-12","444969564092992","Sponsored Products","3.08","CAD"
"2026-01-05","423825131329520","Sponsored Products","1.54","USD"
"2026-01-01","338934805167255","Sponsored Products","0.00","USD"
"2026-01-18","293195244233089","Sponsored Products","0.00","USD"
"2026-01-26","338934805167255","Sponsored Products","0.00","USD"
"2026-01-19","521187964040554","Sponsored Products","1.10","CAD"
"2026-01-27","494994223093944","Sponsored Brands","0.00","AUD"
"2026-01-25","408719546145761","Sponsored Products","0.00","USD"
"2026-01-19","439663157752722","Sponsored Brands","1.18","USD"
"2026-01-21","516157903732083","Sponsored Products","0.95","GBP"
"2026-01-18","428201110992726","Sponsored Products","9.91","USD"
"2026-01-01","406487274006731","Sponsored Products","0.00","AUD"
"2026-01-21","357384467879967","Sponsored Brands","2.89","USD"
"2026-01-28","455100983218716","Sponsored Brands","0.74","USD"
"2026-01-03","537194794349407","Sponsored Products","0.00","USD"
"2026-01-23","344717374719347","Sponsored Display","0.00","CAD"
"2026-01-28","345230959620455","Sponsored Products","0.00","CAD"
"2026-01-16","531616041116243","Sponsored Products","2.16","USD"
"2026-01-26","314318800479242","Sponsored Products","0.00","AUD"
"2026-01-27","450215291242396","Sponsored Products","0.55","USD"
"2026-01-21","494896120843036","Sponsored Products","0.00","USD"
"2026-01-29","480355060288556","Sponsored Products","0.00","AUD"
"2026-01-23","405896045618734","Sponsored Display","0.00","USD"
"2026-01-09","542616313773815","Sponsored Brands","1.76","USD"
"2026-01-19","381243195375500","Sponsored Products","1.41","USD"
"2026-01-08","378095244761436","Sponsored Products","1.57","USD"
"2026-01-06","382536260418493","Sponsored Brands","4.45","USD"
"2026-01-27","444969564092992","Sponsored Products","0.13","CAD"
"2026-01-11","351594278748520","Sponsored Products","0.00","USD"
"2026-01-06","292138679780956","Sponsored Products","0.00","AUD"
"2026-01-31","530543664696574","Sponsored Products","0.00","AUD"
"2026-01-05","441276644656791","Sponsored Brands","0.00","AUD"
"2026-01-10","375412452273685","Sponsored Products","0.79","GBP"
"2026-01-27","355737664148283","Sponsored Brands","0.00","USD"
"2026-01-11","371604599978031","Sponsored Products","0.00","AUD"
"2026-01-08","363551194960955","Sponsored Products","0.00","CAD"
"2026-01-02","477120010084382","Sponsored Products","1.72","USD"
"2026-01-28","293287193628180","Sponsored Brands","0.00","GBP"
"2026-01-13","303344079444236","Sponsored Brands","0.22","GBP"
"2026-01-24","378095244761436","Sponsored Products","0.00","USD"
"2026-01-19","284235017891966","Sponsored Products","5.96","CAD"
"2026-01-30","437016942104478","Sponsored Brands","0.00","CAD"
"2026-01-12","511509048867805","Sponsored Products","84.49","USD"
"2026-01-08","400050759741035","Sponsored Products","0.00","USD"
"2026-01-19","538699937906302","Sponsored Products","0.00","USD"
"2026-01-06","378858058113466","Sponsored Products","1.86","CAD"
"2026-01-05","459130146103681","Sponsored Display","0.00","AUD"
"2026-01-31","380439551325000","Sponsored Products","2.97","GBP"
"2026-01-29","360412290312296","Sponsored Brands","1.91","CAD"
"2026-01-23","557802220335065","Sponsored Products","0.75","CAD"
"2026-01-17","452065263384491","Sponsored Brands","8.89","USD"
"2026-01-04","428015197375542","Sponsored Products","0.00","AUD"
"2026-01-07","494590942145867","Sponsored Products","29.78","CAD"
"2026-01-18","423471492340141","Sponsored Brands","1.29","USD"
"2026-01-20","342233969782751","Sponsored Products","2.98","USD"
"2026-01-21","472554317410495","Sponsored Brands","0.00","USD"
"2026-01-12","280884599605823","Sponsored Products","16.00","USD"
"2026-01-04","440997775738977","Sponsored Products","0.00","AUD"
"2026-01-24","340849210853799","Sponsored Products","1.24","USD"
"2026-01-05","417535655271448","Sponsored Products","9.16","USD"
"2026-01-10","387735099454991","Sponsored Products","0.00","USD"
"2026-01-29","192968792078402","Sponsored Products","0.00","USD"
"2026-01-28","397652540263806","Sponsored Products","0.59","CAD"
"2026-01-15","481343337793629","Sponsored Products","0.00","GBP"
"2026-01-13","529431876389782","Sponsored Products","0.00","USD"
"2026-01-22","453754530299965","Sponsored Brands","18.81","USD"
"2026-01-03","360836238849040","Sponsored Products","0.00","AUD"
"2026-01-11","491366396962687","Sponsored Brands","1.68","USD"
"2026-01-07","336347500415431","Sponsored Products","0.00","USD"
"2026-01-18","324740828073799","Sponsored Products","0.00","AUD"
"2026-01-21","562857825893299","Sponsored Products","0.00","USD"
"2026-01-25","451323086678396","Sponsored Products","0.57","USD"
"2026-01-06","321516368269611","Sponsored Products","0.00","CAD"
"2026-01-31","495242868805173","Sponsored Products","1.75","GBP"
"2026-01-20","511509048867805","Sponsored Products","95.30","USD"
"2026-01-24","312632253610695","Sponsored Brands","52.93","USD"
"2026-01-21","463874563272935","Sponsored Brands","0.00","AUD"
"2026-01-12","475323940290788","Sponsored Products","14.74","USD"
"2026-01-05","494590942145867","Sponsored Products","26.69","CAD"
"2026-01-30","521187964040554","Sponsored Products","2.75","CAD"
"2026-01-18","461803854184467","Sponsored Products","2.12","CAD"
"2026-01-01","312226715362146","Sponsored Products","0.00","USD"
"2026-01-23","443207948405482","Sponsored Products","0.00","CAD"
"2026-01-06","412663623607577","Sponsored Products","0.00","USD"
"2026-01-26","318148591057223","Sponsored Products","0.18","GBP"
"2026-01-08","342568396157124","Sponsored Display","0.00","USD"
"2026-01-06","360412290312296","Sponsored Brands","2.76","CAD"
"2026-01-12","371623685288534","Sponsored Brands","6.35","GBP"
"2026-01-10","291618943691121","Sponsored Brands","0.00","AUD"
"2026-01-20","399703016940832","Sponsored Brands","0.00","CAD"
"2026-01-06","342568396157124","Sponsored Display","0.00","USD"
"2026-01-13","505299994018527","Sponsored Products","0.00","CAD"
"2026-01-20","485543012454911","Sponsored Products","1.00","USD"
"2026-01-11","469438672280657","Sponsored Products","0.85","GBP"
"2026-01-17","383356525876468","Sponsored Products","1.08","USD"
"2026-01-08","538771699321102","Sponsored Products","0.00","AUD"
"2026-01-25","307534770253902","Sponsored Products","0.00","CAD"
"2026-01-06","508144069166640","Sponsored Products","0.00","USD"
"2026-01-27","488650993039900","Sponsored Brands","0.00","USD"
"2026-01-03","416822662696131","Sponsored Brands","0.68","USD"
"2026-01-03","560000811916391","Sponsored Brands","5.12","USD"
"2026-01-17","440503817971150","Sponsored Products","19.13","USD"
"2026-01-31","303784488331012","Sponsored Display","2.67","AUD"
"2026-01-19","420797773596938","Sponsored Products","0.00","USD"
"2026-01-07","384986795476042","Sponsored Brands","1.00","CAD"
"2026-01-10","328392570118308","Sponsored Brands","0.39","AUD"
"2026-01-04","441925918527435","Sponsored Brands","12.18","USD"
"2026-01-04","321516368269611","Sponsored Products","0.00","CAD"
"2026-01-03","373593607967581","Sponsored Display","0.00","AUD"
"2026-01-01","294988432395200","Sponsored Products","0.00","USD"
"2026-01-23","473740316381787","Sponsored Products","3.32","GBP"
"2026-01-18","380787783830601","Sponsored Products","0.00","USD"
"2026-01-21","521187964040554","Sponsored Products","0.95","CAD"
"2026-01-06","477195069585228","Sponsored Products","9.62","USD"
"2026-01-12","430840323605870","Sponsored Products","0.00","USD"
"2026-01-13","494896120843036","Sponsored Products","2.11","USD"
"2026-01-17","305150240202410","Sponsored Brands","0.25","USD"
"2026-01-06","511509048867805","Sponsored Products","113.26","USD"
"2026-01-08","526735719174751","Sponsored Products","0.00","USD"
"2026-01-26","443207948405482","Sponsored Products","0.25","CAD"
"2026-01-18","546191132663927","Sponsored Brands","0.23","USD"
"2026-01-30","522533017982048","Sponsored Products","0.00","CAD"
"2026-01-17","428015197375542","Sponsored Products","0.00","AUD"
"2026-01-28","455510939824845","Sponsored Products","0.14","USD"
"2026-01-13","286601245904247","Sponsored Products","0.00","CAD"
"2026-01-04","317413414518930","Sponsored Products","0.00","GBP"
"2026-01-10","471805907077682","Sponsored Products","0.00","USD"
"2026-01-26","455983082050138","Sponsored Products","0.00","CAD"
"2026-01-10","378771240092800","Sponsored Products","0.00","AUD"
"2026-01-19","555360954347903","Sponsored Products","0.00","CAD"
"2026-01-29","307534770253902","Sponsored Products","0.00","CAD"
"2026-01-19","487908370268380","Sponsored Products","4.41","USD"
"2026-01-06","555379102425019","Sponsored Products","1.82","CAD"
"2026-01-05","355737664148283","Sponsored Brands","0.00","USD"
"2026-01-30","133846876580591","Sponsored Products","0.52","USD"
"2026-01-03","366993568403124","Sponsored Products","16.90","USD"
"2026-01-10","383356525876468","Sponsored Products","0.90","USD"
"2026-01-16","420797773596938","Sponsored Products","0.00","USD"
"2026-01-30","293287193628180","Sponsored Brands","0.00","GBP"
"2026-01-21","428201110992726","Sponsored Products","9.88","USD"
"2026-01-10","371021037712738","Sponsored Products","73.27","USD"
"2026-01-18","346023186686134","Sponsored Brands","0.00","USD"
"2026-01-23","494994223093944","Sponsored Brands","0.00","AUD"
"2026-01-22","455465774244567","Sponsored Products","0.00","USD"
"2026-01-05","441888784513828","Sponsored Display","0.00","USD"
"2026-01-16","455193289976402","Sponsored Products","0.00","USD"
"2026-01-13","432312765744113","Sponsored Products","0.53","USD"
"2026-01-25","431503342672607","Sponsored Products","0.00","USD"
"2026-01-19","408719546145761","Sponsored Products","0.00","USD"
"2026-01-03","422044464968254","Sponsored Products","12.13","GBP"
"2026-01-12","382263989834817","Sponsored Products","0.00","AUD"
"2026-01-24","367083122067501","Sponsored Display","0.00","USD"
"2026-01-30","96060745446945","Sponsored Products","1.73","USD"
"2026-01-04","342468627864471","Sponsored Products","3.17","GBP"
"2026-01-10","351594278748520","Sponsored Products","0.00","USD"
"2026-01-26","327955853177271","Sponsored Products","5.94","USD"
"2026-01-31","61503627186513","Sponsored Products","1.59","USD"
"2026-01-29","99206488936490","Sponsored Products","3.45","USD"
"2026-01-12","366303362151528","Sponsored Products","0.00","USD"
"2026-01-16","540593023678755","Sponsored Products","2.39","USD"
"2026-01-27","280884599605823","Sponsored Products","3.51","USD"
"2026-01-29","561131507618203","Sponsored Products","20.62","AUD"
"2026-01-07","189738652799913","Sponsored Brands","0.00","CAD"
"2026-01-29","452082306058129","Sponsored Brands","2.99","CAD"
"2026-01-27","284235017891966","Sponsored Products","5.05","CAD"
"2026-01-16","363551194960955","Sponsored Products","0.00","CAD"
"2026-01-02","494490339894946","Sponsored Products","2.38","USD"
"2026-01-24","316265693147625","Sponsored Products","0.00","GBP"
"2026-01-20","553804041062258","Sponsored Products","0.48","USD"
"2026-01-11","378771240092800","Sponsored Products","0.00","AUD"
"2026-01-29","325883174926875","Sponsored Brands","0.00","USD"
"2026-01-13","409429087898453","Sponsored Display","0.87","CAD"
"2026-01-09","344516434946756","Sponsored Products","5.77","USD"
"2026-01-23","371623685288534","Sponsored Brands","8.17","GBP"
"2026-01-23","325883174926875","Sponsored Brands","3.35","USD"
"2026-01-02","486969120687335","Sponsored Products","9.78","USD"
"2026-01-05","407346576799567","Sponsored Products","0.00","AUD"
"2026-01-20","477120010084382","Sponsored Products","6.32","USD"
"2026-01-24","386865813070708","Sponsored Products","0.83","USD"
"2026-01-13","469814503032884","Sponsored Products","0.00","AUD"
"2026-01-23","314318800479242","Sponsored Products","0.00","AUD"
"2026-01-18","500955748191612","Sponsored Products","0.00","USD"
"2026-01-10","439663157752722","Sponsored Brands","0.00","USD"
"2026-01-19","324740828073799","Sponsored Products","0.00","AUD"
"2026-01-02","488650993039900","Sponsored Brands","0.00","USD"
"2026-01-24","398859393836995","Sponsored Products","2.50","GBP"
"2026-01-17","539750977499191","Sponsored Products","1.14","CAD"
"2026-01-13","332000738328227","Sponsored Products","20.90","USD"
"2026-01-22","363048566293204","Sponsored Brands","0.17","GBP"
"2026-01-07","392598200964005","Sponsored Products","0.00","CAD"
"2026-01-11","463570831006082","Sponsored Products","0.00","CAD"
"2026-01-18","386865813070708","Sponsored Products","5.20","USD"
"2026-01-06","408719546145761","Sponsored Products","0.00","USD"
"2026-01-02","556616987602606","Sponsored Products","0.00","USD"
"2026-01-15","558782683947956","Sponsored Products","0.66","CAD"
"2026-01-12","538699937906302","Sponsored Products","4.58","USD"
"2026-01-03","439118795538688","Sponsored Brands","0.40","CAD"
"2026-01-07","463874563272935","Sponsored Brands","0.00","AUD"
"2026-01-04","399629340308947","Sponsored Brands","0.00","AUD"
"2026-01-01","562052671462900","Sponsored Brands","0.00","GBP"
"2026-01-24","440503817971150","Sponsored Products","6.31","USD"
"2026-01-30","443207948405482","Sponsored Products","0.29","CAD"
"2026-01-13","399629340308947","Sponsored Brands","0.00","AUD"
"2026-01-03","540593023678755","Sponsored Products","1.94","USD"
"2026-01-13","524438997214345","Sponsored Products","2.40","USD"
"2026-01-29","277250351840071","Sponsored Products","1.66","USD"
"2026-01-01","317413414518930","Sponsored Products","0.03","GBP"
"2026-01-08","327160636077377","Sponsored Products","0.00","USD"
"2026-01-13","291680855614624","Sponsored Brands","1.80","GBP"
"2026-01-28","133846876580591","Sponsored Products","0.00","USD"
"2026-01-07","314318800479242","Sponsored Products","0.00","AUD"
"2026-01-19","493519110544788","Sponsored Products","13.22","USD"
"2026-01-30","439118795538688","Sponsored Brands","0.00","CAD"
"2026-01-12","551134208715253","Sponsored Products","0.00","AUD"
"2026-01-04","406964010755868","Sponsored Products","0.00","CAD"
"2026-01-30","11143044290906","Sponsored Products","0.00","USD"
"2026-01-24","409249674990450","Sponsored Products","1.05","AUD"
"2026-01-18","562873832621330","Sponsored Products","0.58","GBP"
"2026-01-28","483182403867537","Sponsored Products","0.00","USD"
"2026-01-25","291680855614624","Sponsored Brands","6.73","GBP"
"2026-01-30","239772993878028","Sponsored Products","2.05","USD"
"2026-01-07","499207203040639","Sponsored Products","1.36","USD"
"2026-01-17","484271755377666","Sponsored Products","0.00","CAD"
"2026-01-17","355737664148283","Sponsored Brands","12.69","USD"
"2026-01-27","479364871682871","Sponsored Products","9.45","USD"
"2026-01-26","455510939824845","Sponsored Products","0.79","USD"
"2026-01-20","473740316381787","Sponsored Products","6.80","GBP"
"2026-01-02","486701736662809","Sponsored Products","0.71","AUD"
"2026-01-09","453187476718269","Sponsored Display","0.00","CAD"
"2026-01-30","559365035833525","Sponsored Brands","0.00","AUD"
"2026-01-16","493519110544788","Sponsored Products","13.81","USD"
"2026-01-02","443805539282973","Sponsored Brands","0.00","CAD"
"2026-01-31","246452377117901","Sponsored Products","0.00","USD"
"2026-01-10","263910374759225","Sponsored Products","1.36","CAD"
"2026-01-10","303784488331012","Sponsored Display","0.00","AUD"
"2026-01-20","414778030564989","Sponsored Products","0.00","GBP"
"2026-01-27","531616041116243","Sponsored Products","0.99","USD"
"2026-01-17","387735099454991","Sponsored Products","0.00","USD"
"2026-01-23","346023186686134","Sponsored Brands","2.88","USD"
"2026-01-08","491770987077396","Sponsored Products","27.01","USD"
"2026-01-04","455622109943339","Sponsored Products","0.35","AUD"
"2026-01-08","304676183651349","Sponsored Products","0.00","USD"
"2026-01-05","471805907077682","Sponsored Products","0.00","USD"
"2026-01-25","456837390130096","Sponsored Products","0.00","AUD"
"2026-01-29","174719285602701","Sponsored Products","9.68","USD"
"2026-01-31","312711508263023","Sponsored Products","0.00","AUD"
"2026-01-27","380662946968621","Sponsored Display","7.11","USD"
"2026-01-07","278400043801722","Sponsored Products","0.00","GBP"
"2026-01-17","561131507618203","Sponsored Products","0.51","AUD"
"2026-01-23","548511206574211","Sponsored Brands","0.00","AUD"
"2026-01-29","213530912619228","Sponsored Products","0.00","USD"
"2026-01-20","511828144987995","Sponsored Products","0.78","GBP"
"2026-01-29","380662946968621","Sponsored Display","1.84","USD"
"2026-01-19","342233969782751","Sponsored Products","2.85","USD"
"2026-01-03","317413414518930","Sponsored Products","1.38","GBP"
"2026-01-13","286855949125211","Sponsored Products","1.22","AUD"
"2026-01-03","413308568322873","Sponsored Brands","0.00","USD"
"2026-01-18","431503342672607","Sponsored Products","0.00","USD"
"2026-01-09","499207203040639","Sponsored Products","0.00","USD"
"2026-01-24","443805539282973","Sponsored Brands","0.00","CAD"
"2026-01-23","301972852761247","Sponsored Products","0.00","USD"
"2026-01-23","450116297068538","Sponsored Products","0.00","USD"
"2026-01-03","301972852761247","Sponsored Products","0.00","USD"
"2026-01-15","521187964040554","Sponsored Products","0.83","CAD"
"2026-01-28","210638600694486","Sponsored Products","14.12","USD"
"2026-01-14","354036750973331","Sponsored Products","5.40","CAD"
"2026-01-27","453187476718269","Sponsored Display","0.00","CAD"
"2026-01-02","355737664148283","Sponsored Brands","0.00","USD"
"2026-01-28","395304589984653","Sponsored Products","0.00","CAD"
"2026-01-28","529431876389782","Sponsored Products","0.00","USD"
"2026-01-30","473740316381787","Sponsored Products","8.85","GBP"
"2026-01-09","475323940290788","Sponsored Products","8.66","USD"
"2026-01-04","373188657935606","Sponsored Products","0.00","AUD"
"2026-01-14","536850070634966","Sponsored Products","0.80","GBP"
"2026-01-18","398859393836995","Sponsored Products","3.28","GBP"
"2026-01-06","532503737498489","Sponsored Products","0.00","USD"
"2026-01-26","491770987077396","Sponsored Products","27.61","USD"
"2026-01-31","354591663011981","Sponsored Brands","0.00","USD"
"2026-01-29","453187476718269","Sponsored Display","0.00","CAD"
"2026-01-18","382263989834817","Sponsored Products","0.00","AUD"
"2026-01-17","375880567146391","Sponsored Display","0.28","AUD"
"2026-01-06","415068636925262","Sponsored Brands","0.00","AUD"
"2026-01-03","468484245538664","Sponsored Products","0.00","GBP"
"2026-01-11","551134208715253","Sponsored Products","0.00","AUD"
"2026-01-04","555625239663839","Sponsored Products","19.34","USD"
"2026-01-24","486701736662809","Sponsored Products","1.25","AUD"
"2026-01-10","283528285237207","Sponsored Products","0.00","AUD"
"2026-01-05","291680855614624","Sponsored Brands","2.54","GBP"
"2026-01-16","538771699321102","Sponsored Products","0.00","AUD"
"2026-01-30","375451164709840","Sponsored Products","1.50","GBP"
"2026-01-14","384137786867273","Sponsored Products","0.00","USD"
"2026-01-28","424600049511604","Sponsored Products","14.83","USD"
"2026-01-22","530911335551258","Sponsored Products","0.00","CAD"
"2026-01-02","459488439760934","Sponsored Products","0.51","GBP"
"2026-01-04","454564300195235","Sponsored Products","0.50","GBP"
"2026-01-13","371623685288534","Sponsored Brands","1.82","GBP"
"2026-01-01","398859393836995","Sponsored Products","7.10","GBP"
"2026-01-07","476511840833684","Sponsored Products","0.00","GBP"
"2026-01-18","307534770253902","Sponsored Products","0.00","CAD"
"2026-01-01","485543012454911","Sponsored Products","20.34","USD"
"2026-01-22","493216310640409","Sponsored Brands","11.13","USD"
"2026-01-31","452082306058129","Sponsored Brands","1.30","CAD"
"2026-01-04","536850070634966","Sponsored Products","0.00","GBP"
"2026-01-07","292138679780956","Sponsored Products","0.00","AUD"
"2026-01-11","336347500415431","Sponsored Products","8.36","USD"
"2026-01-21","409249674990450","Sponsored Products","0.00","AUD"
"2026-01-16","350228282296039","Sponsored Products","6.24","USD"
"2026-01-27","504962652065858","Sponsored Brands","0.00","AUD"
"2026-01-04","400936883710783","Sponsored Products","13.04","AUD"
"2026-01-13","375412452273685","Sponsored Products","6.13","GBP"
"2026-01-28","371021037712738","Sponsored Products","44.62","USD"
"2026-01-10","495699106211812","Sponsored Products","0.00","AUD"
"2026-01-19","395304589984653","Sponsored Products","0.00","CAD"
"2026-01-28","82064097659476","Sponsored Products","0.00","USD"
"2026-01-12","312451130238004","Sponsored Brands","0.00","USD"
"2026-01-30","529845821022802","Sponsored Products","0.00","AUD"
"2026-01-14","383356525876468","Sponsored Products","0.00","USD"
"2026-01-09","348537181713557","Sponsored Products","0.00","GBP"
"2026-01-18","499207203040639","Sponsored Products","1.32","USD"
"2026-01-24","440997775738977","Sponsored Products","0.00","AUD"
"2026-01-17","316086976315498","Sponsored Brands","0.00","USD"
"2026-01-22","398718122329444","Sponsored Products","3.15","GBP"
"2026-01-08","375840213985973","Sponsored Products","1.17","USD"
"2026-01-21","355737664148283","Sponsored Brands","0.42","USD"
"2026-01-08","555360954347903","Sponsored Products","0.27","CAD"
"2026-01-14","286855949125211","Sponsored Products","1.34","AUD"
"2026-01-28","363579801300326","Sponsored Products","0.00","CAD"
"2026-01-19","427514193060341","Sponsored Products","0.00","USD"
"2026-01-08","514416545593290","Sponsored Products","0.61","USD"
"2026-01-14","411564343397398","Sponsored Products","7.25","USD"
"2026-01-03","497204182729156","Sponsored Brands","0.00","USD"
"2026-01-21","386920533914758","Sponsored Brands","0.37","CAD"
"2026-01-05","537407450418588","Sponsored Products","11.25","USD"
"2026-01-15","398718122329444","Sponsored Products","0.59","GBP"
"2026-01-09","546618773117950","Sponsored Brands","0.00","AUD"
"2026-01-05","345786769504667","Sponsored Products","0.00","USD"
"2026-01-23","555379102425019","Sponsored Products","0.00","CAD"
"2026-01-06","472554317410495","Sponsored Brands","0.00","USD"
"2026-01-24","378858058113466","Sponsored Products","0.00","CAD"
"2026-01-27","405896045618734","Sponsored Display","0.00","USD"
"2026-01-07","542333703103187","Sponsored Products","0.00","AUD"
"2026-01-08","493216310640409","Sponsored Brands","8.14","USD"
"2026-01-19","472554317410495","Sponsored Brands","0.00","USD"
"2026-01-27","518653489850740","Sponsored Brands","0.28","USD"
"2026-01-11","461174245552414","Sponsored Products","0.45","AUD"
"2026-01-24","431386932028495","Sponsored Products","16.36","USD"
"2026-01-03","327413819985503","Sponsored Products","0.00","USD"
"2026-01-15","423471492340141","Sponsored Brands","0.48","USD"
"2026-01-29","354627207584492","Sponsored Products","0.00","CAD"
"2026-01-09","554029658228344","Sponsored Display","0.38","GBP"
"2026-01-04","546618773117950","Sponsored Brands","0.00","AUD"
"2026-01-14","405261002610411","Sponsored Products","0.00","GBP"
"2026-01-18","491366396962687","Sponsored Brands","2.71","USD"
"2026-01-06","546191132663927","Sponsored Brands","2.33","USD"
"2026-01-04","395588635574089","Sponsored Brands","9.26","USD"
"2026-01-27","363048566293204","Sponsored Brands","0.00","GBP"
"2026-01-26","443805539282973","Sponsored Brands","1.21","CAD"
"2026-01-01","422803050752749","Sponsored Products","0.00","USD"
"2026-01-11","400050759741035","Sponsored Products","0.00","USD"
"2026-01-07","431503342672607","Sponsored Products","0.00","USD"
"2026-01-01","536492240546443","Sponsored Products","0.00","CAD"
"2026-01-15","296882349967704","Sponsored Products","11.25","USD"
"2026-01-20","557738489078024","Sponsored Products","0.00","CAD"
"2026-01-02","409249674990450","Sponsored Products","1.56","AUD"
"2026-01-11","511519443187302","Sponsored Products","6.20","GBP"
"2026-01-28","286855949125211","Sponsored Products","3.22","AUD"
"2026-01-12","501445692271818","Sponsored Products","5.56","USD"
"2026-01-13","530543664696574","Sponsored Products","0.00","AUD"
"2026-01-10","434170639918769","Sponsored Brands","3.98","USD"
"2026-01-21","396524009311704","Sponsored Brands","2.25","CAD"
"2026-01-03","486162121720882","Sponsored Products","1.81","USD"
"2026-01-31","202228555422966","Sponsored Products","0.00","USD"
"2026-01-25","530543664696574","Sponsored Products","0.00","AUD"
"2026-01-08","429345285920060","Sponsored Brands","0.91","GBP"
"2026-01-17","296615200458181","Sponsored Brands","29.94","USD"
"2026-01-02","545146961820010","Sponsored Products","6.70","GBP"
"2026-01-25","471805907077682","Sponsored Products","0.00","USD"
"2026-01-30","312711508263023","Sponsored Products","0.00","AUD"
"2026-01-14","488078103319545","Sponsored Brands","1.30","USD"
"2026-01-11","392598200964005","Sponsored Products","0.00","CAD"
"2026-01-04","419802202221779","Sponsored Products","1.53","CAD"
"2026-01-31","239695922795958","Sponsored Products","3.39","USD"
"2026-01-30","152555236474228","Sponsored Products","1.16","USD"
"2026-01-07","332000738328227","Sponsored Products","19.14","USD"
"2026-01-06","316086976315498","Sponsored Brands","0.00","USD"
"2026-01-23","400050759741035","Sponsored Products","0.00","USD"
"2026-01-03","349690804752896","Sponsored Products","48.98","USD"
"2026-01-31","188279469264899","Sponsored Products","2.00","USD"
"2026-01-09","288045582881440","Sponsored Products","0.00","USD"
"2026-01-04","469490646233874","Sponsored Products","2.68","USD"
"2026-01-04","472554317410495","Sponsored Brands","0.00","USD"
"2026-01-04","304676183651349","Sponsored Products","0.90","USD"
"2026-01-27","316018693107855","Sponsored Products","7.63","USD"
"2026-01-09","458452283549074","Sponsored Brands","0.00","CAD"
"2026-01-14","381948820461821","Sponsored Brands","0.00","USD"
"2026-01-14","342233969782751","Sponsored Products","1.71","USD"
"2026-01-13","316207062053537","Sponsored Products","0.00","AUD"
"2026-01-19","454564300195235","Sponsored Products","1.01","GBP"
"2026-01-27","461803854184467","Sponsored Products","1.18","CAD"
"2026-01-03","463874563272935","Sponsored Brands","0.00","AUD"
"2026-01-10","286855949125211","Sponsored Products","1.13","AUD"
"2026-01-24","414778030564989","Sponsored Products","1.80","GBP"
"2026-01-16","508144069166640","Sponsored Products","0.00","USD"
"2026-01-02","539750977499191","Sponsored Products","0.00","CAD"
"2026-01-08","420797773596938","Sponsored Products","0.00","USD"
"2026-01-26","288851430690246","Sponsored Products","0.00","GBP"
"2026-01-19","369371745062988","Sponsored Products","0.00","CAD"
"2026-01-03","291680855614624","Sponsored Brands","7.45","GBP"
"2026-01-05","501445692271818","Sponsored Products","0.00","USD"
"2026-01-11","411564343397398","Sponsored Products","11.89","USD"
"2026-01-23","505299994018527","Sponsored Products","0.00","CAD"
"2026-01-07","535387208566969","Sponsored Products","2.30","USD"
"2026-01-31","158171452508120","Sponsored Products","0.00","USD"
"2026-01-18","329222077811459","Sponsored Brands","0.76","GBP"
"2026-01-03","378858058113466","Sponsored Products","3.99","CAD"
"2026-01-21","545989665090053","Sponsored Brands","2.23","GBP"
"2026-01-17","441276644656791","Sponsored Brands","0.95","AUD"
"2026-01-25","452065263384491","Sponsored Brands","10.99","USD"
"2026-01-30","192968792078402","Sponsored Products","0.00","USD"
"2026-01-29","428914757065848","Sponsored Products","0.00","CAD"
"2026-01-25","312451130238004","Sponsored Brands","0.59","USD"
"2026-01-26","482686146435604","Sponsored Brands","1.07","USD"
"2026-01-31","317772463042332","Sponsored Products","0.41","AUD"
"2026-01-07","297335215332435","Sponsored Products","0.92","CAD"
"2026-01-12","562763694980171","Sponsored Products","0.00","GBP"
"2026-01-03","353062553216730","Sponsored Products","1.55","USD"
"2026-01-06","342157027477562","Sponsored Products","11.79","USD"
"2026-01-13","492312442577894","Sponsored Products","4.99","USD"
"2026-01-27","407346576799567","Sponsored Products","0.62","AUD"
"2026-01-25","487327596470810","Sponsored Products","0.00","USD"
"2026-01-22","348537181713557","Sponsored Products","0.24","GBP"
"2026-01-04","375880567146391","Sponsored Display","0.45","AUD"
"2026-01-06","517050919084211","Sponsored Products","0.00","CAD"
"2026-01-03","375451164709840","Sponsored Products","0.00","GBP"
"2026-01-05","465265480172711","Sponsored Products","0.45","USD"
"2026-01-03","396006036421092","Sponsored Products","0.00","USD"
"2026-01-10","373188657935606","Sponsored Products","0.00","AUD"
"2026-01-18","446701085946014","Sponsored Products","0.00","GBP"
"2026-01-21","553947994872935","Sponsored Products","0.00","AUD"
"2026-01-03","375262111034104","Sponsored Brands","1.63","USD"
"2026-01-09","555625239663839","Sponsored Products","10.46","USD"
"2026-01-23","472554317410495","Sponsored Brands","0.00","USD"
"2026-01-10","481343337793629","Sponsored Products","0.00","GBP"
"2026-01-05","459488439760934","Sponsored Products","0.00","GBP"
"2026-01-22","284235017891966","Sponsored Products","6.34","CAD"
"2026-01-16","450116297068538","Sponsored Products","0.00","USD"
"2026-01-29","392699328377229","Sponsored Products","0.00","AUD"
"2026-01-19","463570831006082","Sponsored Products","0.00","CAD"
"2026-01-04","402078469217372","Sponsored Products","10.81","USD"
"2026-01-24","458452283549074","Sponsored Brands","0.00","CAD"
"2026-01-19","491792683377286","Sponsored Products","1.00","USD"
"2026-01-30","505299994018527","Sponsored Products","0.00","CAD"
"2026-01-13","328392570118308","Sponsored Brands","1.12","AUD"
"2026-01-22","296882349967704","Sponsored Products","16.81","USD"
"2026-01-03","398122169001461","Sponsored Products","2.44","AUD"
"2026-01-20","450116297068538","Sponsored Products","0.00","USD"
"2026-01-31","194512325763287","Sponsored Products","2.20","USD"
"2026-01-20","392972027720670","Sponsored Products","0.00","CAD"
"2026-01-17","428914757065848","Sponsored Products","0.00","CAD"
"2026-01-28","477120010084382","Sponsored Products","0.00","USD"
"2026-01-14","354627207584492","Sponsored Products","0.00","CAD"
"2026-01-17","459488439760934","Sponsored Products","0.00","GBP"
"2026-01-17","303332324664421","Sponsored Products","0.08","USD"
"2026-01-26","312632253610695","Sponsored Brands","57.56","USD"
"2026-01-23","309978526979947","Sponsored Products","0.00","USD"
"2026-01-22","511519443187302","Sponsored Products","2.81","GBP"
"2026-01-11","518228166841375","Sponsored Brands","0.84","GBP"
"2026-01-05","296882349967704","Sponsored Products","5.50","USD"
"2026-01-10","327999245273994","Sponsored Brands","11.92","USD"
"2026-01-22","312451130238004","Sponsored Brands","0.38","USD"
"2026-01-31","148265992493931","Sponsored Products","1.63","USD"
"2026-01-19","467633236874996","Sponsored Products","0.08","AUD"
"2026-01-13","288045582881440","Sponsored Products","0.00","USD"
"2026-01-27","411197191773342","Sponsored Products","0.00","AUD"
"2026-01-23","482686146435604","Sponsored Brands","2.08","USD"
"2026-01-21","398718122329444","Sponsored Products","1.36","GBP"
"2026-01-23","511828144987995","Sponsored Products","2.39","GBP"
"2026-01-12","446869334265005","Sponsored Products","0.00","USD"
"2026-01-29","291618943691121","Sponsored Brands","0.00","AUD"
"2026-01-08","373188657935606","Sponsored Products","0.00","AUD"
"2026-01-27","493519110544788","Sponsored Products","11.38","USD"
"2026-01-30","204544178017947","Sponsored Products","0.00","USD"
"2026-01-29","32571611634774","Sponsored Products","0.00","USD"
"2026-01-07","439526402269373","Sponsored Products","0.00","GBP"
"2026-01-12","399629340308947","Sponsored Brands","0.00","AUD"
"2026-01-16","455510939824845","Sponsored Products","1.88","USD"
"2026-01-07","539931100075119","Sponsored Brands","10.64","USD"
"2026-01-13","402744546317623","Sponsored Brands","0.00","GBP"
"2026-01-05","491792683377286","Sponsored Products","2.01","USD"
"2026-01-30","32571611634774","Sponsored Products","0.00","USD"
"2026-01-29","342233969782751","Sponsored Products","0.00","USD"
"2026-01-29","48758698369103","Sponsored Products","0.00","USD"
"2026-01-11","481343337793629","Sponsored Products","0.00","GBP"
"2026-01-16","446869334265005","Sponsored Products","0.00","USD"
"2026-01-25","455983082050138","Sponsored Products","2.49","CAD"
"2026-01-02","303916812672560","Sponsored Brands","0.00","GBP"
"2026-01-06","296882349967704","Sponsored Products","7.01","USD"
"2026-01-31","32030113168570","Sponsored Products","1.64","USD"
"2026-01-15","546641048554747","Sponsored Products","0.00","USD"
"2026-01-14","458452283549074","Sponsored Brands","0.00","CAD"
"2026-01-24","443207948405482","Sponsored Products","0.74","CAD"
"2026-01-27","394083050171294","Sponsored Products","4.39","USD"
"2026-01-24","357384467879967","Sponsored Brands","1.19","USD"
"2026-01-31","431386932028495","Sponsored Products","0.00","USD"
"2026-01-30","58475731073369","Sponsored Products","1.55","USD"
"2026-01-04","473740316381787","Sponsored Products","0.00","GBP"
"2026-01-20","427514193060341","Sponsored Products","0.00","USD"
"2026-01-15","540593023678755","Sponsored Products","1.73","USD"
"2026-01-18","371604599978031","Sponsored Products","0.00","AUD"
"2026-01-17","555516622120091","Sponsored Brands","0.17","GBP"
"2026-01-26","348184859637636","Sponsored Brands","2.19","USD"
"2026-01-01","340849210853799","Sponsored Products","12.83","USD"
"2026-01-31","276797522102375","Sponsored Products","47.06","USD"
"2026-01-03","537407450418588","Sponsored Products","14.16","USD"
"2026-01-28","298636506131156","Sponsored Brands","0.00","AUD"
"2026-01-10","352761064226908","Sponsored Brands","0.00","CAD"
"2026-01-11","473740316381787","Sponsored Products","0.69","GBP"
"2026-01-18","316207062053537","Sponsored Products","1.76","AUD"
"2026-01-17","300894362771504","Sponsored Products","0.00","GBP"
"2026-01-02","321516368269611","Sponsored Products","0.00","CAD"
"2026-01-27","325883174926875","Sponsored Brands","1.46","USD"
"2026-01-19","453239686745418","Sponsored Products","1.02","GBP"
"2026-01-29","522533017982048","Sponsored Products","0.00","CAD"
"2026-01-17","332116728677051","Sponsored Products","0.00","CAD"
"2026-01-17","373593607967581","Sponsored Display","0.56","AUD"
"2026-01-25","293195244233089","Sponsored Products","3.39","USD"
"2026-01-28","432013629308606","Sponsored Brands","1.22","CAD"
"2026-01-13","453239686745418","Sponsored Products","0.68","GBP"
"2026-01-07","508144069166640","Sponsored Products","0.00","USD"
"2026-01-20","381243195375500","Sponsored Products","1.06","USD"
"2026-01-02","291194333337791","Sponsored Products","0.00","USD"
"2026-01-03","486830706800832","Sponsored Products","0.45","CAD"
"2026-01-06","539931100075119","Sponsored Brands","8.65","USD"
"2026-01-14","494590942145867","Sponsored Products","21.44","CAD"
"2026-01-08","558297049226516","Sponsored Brands","0.00","CAD"
"2026-01-11","349690804752896","Sponsored Products","79.03","USD"
"2026-01-11","530911335551258","Sponsored Products","0.00","CAD"
"2026-01-25","459130146103681","Sponsored Display","1.19","AUD"
"2026-01-14","386920533914758","Sponsored Brands","0.56","CAD"
"2026-01-16","291612323170971","Sponsored Products","0.00","CAD"
"2026-01-11","375451164709840","Sponsored Products","0.00","GBP"
"2026-01-27","336361735801015","Sponsored Products","0.00","USD"
"2026-01-02","189738652799913","Sponsored Brands","0.00","CAD"
"2026-01-14","338934805167255","Sponsored Products","0.00","USD"
"2026-01-11","419802202221779","Sponsored Products","3.60","CAD"
"2026-01-12","522533017982048","Sponsored Products","0.00","CAD"
"2026-01-05","353062553216730","Sponsored Products","0.55","USD"
"2026-01-18","299897583007336","Sponsored Products","12.70","USD"
"2026-01-16","554517553013265","Sponsored Products","0.00","CAD"
"2026-01-19","399629340308947","Sponsored Brands","0.00","AUD"
"2026-01-27","322178684810700","Sponsored Products","0.00","USD"
"2026-01-02","413308568322873","Sponsored Brands","1.47","USD"
"2026-01-27","286855949125211","Sponsored Products","3.99","AUD"
"2026-01-29","349690804752896","Sponsored Products","13.99","USD"
"2026-01-04","371604599978031","Sponsored Products","0.00","AUD"
"2026-01-04","504962652065858","Sponsored Brands","0.00","AUD"
"2026-01-25","423447600502988","Sponsored Brands","0.00","CAD"
"2026-01-22","327999245273994","Sponsored Brands","2.46","USD"
"2026-01-04","485543012454911","Sponsored Products","21.62","USD"
"2026-01-01","554517553013265","Sponsored Products","0.44","CAD"
"2026-01-16","299897583007336","Sponsored Products","21.86","USD"
"2026-01-21","316506785332318","Sponsored Products","4.68","USD"
"2026-01-16","476877916686317","Sponsored Brands","2.49","AUD"
"2026-01-08","348537181713557","Sponsored Products","0.24","GBP"
"2026-01-04","545989665090053","Sponsored Brands","1.44","GBP"
"2026-01-12","480355060288556","Sponsored Products","0.00","AUD"
"2026-01-21","384137786867273","Sponsored Products","0.00","USD"
"2026-01-03","400220148801129","Sponsored Products","0.38","GBP"
"2026-01-01","392537273853228","Sponsored Brands","0.90","AUD"
"2026-01-12","292138679780956","Sponsored Products","0.00","AUD"
"2026-01-04","484271755377666","Sponsored Products","0.00","CAD"
"2026-01-16","455100983218716","Sponsored Brands","0.00","USD"
"2026-01-07","451323086678396","Sponsored Products","0.00","USD"
"2026-01-26","539750977499191","Sponsored Products","7.30","CAD"
"2026-01-12","557388890025484","Sponsored Products","9.60","USD"
"2026-01-21","483182403867537","Sponsored Products","0.77","USD"
"2026-01-02","316086976315498","Sponsored Brands","1.08","USD"
"2026-01-22","440997775738977","Sponsored Products","0.00","AUD"
"2026-01-04","441276644656791","Sponsored Brands","0.00","AUD"
"2026-01-30","480355060288556","Sponsored Products","0.00","AUD"
"2026-01-31","407444835513369","Sponsored Brands","0.00","CAD"
"2026-01-30","542616313773815","Sponsored Brands","0.00","USD"
"2026-01-18","327137186916287","Sponsored Products","0.00","USD"
"2026-01-06","501445692271818","Sponsored Products","0.00","USD"
"2026-01-06","301972852761247","Sponsored Products","0.00","USD"
"2026-01-20","483182403867537","Sponsored Products","1.32","USD"
"2026-01-26","487327596470810","Sponsored Products","0.00","USD"
"2026-01-26","286601245904247","Sponsored Products","0.00","CAD"
"2026-01-12","431503342672607","Sponsored Products","0.00","USD"
"2026-01-09","557802220335065","Sponsored Products","2.40","CAD"
"2026-01-17","531616041116243","Sponsored Products","1.13","USD"
"2026-01-23","551785069524711","Sponsored Products","1.34","USD"
"2026-01-22","532209379687062","Sponsored Display","0.53","GBP"
"2026-01-01","557388890025484","Sponsored Products","16.67","USD"
"2026-01-28","516157903732083","Sponsored Products","4.84","GBP"
"2026-01-07","559365035833525","Sponsored Brands","0.00","AUD"
"2026-01-08","338934805167255","Sponsored Products","0.00","USD"
"2026-01-06","395588635574089","Sponsored Brands","5.01","USD"
"2026-01-04","539931100075119","Sponsored Brands","4.18","USD"
"2026-01-05","545146961820010","Sponsored Products","9.57","GBP"
"2026-01-28","382536260418493","Sponsored Brands","3.33","USD"
"2026-01-31","392598200964005","Sponsored Products","0.00","CAD"
"2026-01-18","498217737469979","Sponsored Brands","0.00","USD"
"2026-01-28","488081803937581","Sponsored Products","0.00","GBP"
"2026-01-28","48433117829801","Sponsored Products","10.94","USD"
"2026-01-12","488650993039900","Sponsored Brands","0.00","USD"
"2026-01-29","314318800479242","Sponsored Products","0.00","AUD"
"2026-01-25","487908370268380","Sponsored Products","8.68","USD"
"2026-01-05","327999245273994","Sponsored Brands","5.81","USD"
"2026-01-05","467633236874996","Sponsored Products","0.72","AUD"
"2026-01-31","511828144987995","Sponsored Products","0.89","GBP"
"2026-01-30","286308132559342","Sponsored Brands","0.00","AUD"
"2026-01-26","399857229182854","Sponsored Brands","3.00","GBP"
"2026-01-22","430840323605870","Sponsored Products","0.00","USD"
"2026-01-03","429216730447678","Sponsored Products","0.00","AUD"
"2026-01-16","325883174926875","Sponsored Brands","2.82","USD"
"2026-01-10","517050919084211","Sponsored Products","0.00","CAD"
"2026-01-16","473740316381787","Sponsored Products","3.84","GBP"
"2026-01-15","310318758176650","Sponsored Products","0.15","CAD"
"2026-01-28","101965336081409","Sponsored Products","0.00","USD"
"2026-01-23","296615200458181","Sponsored Brands","22.25","USD"
"2026-01-04","312451130238004","Sponsored Brands","0.64","USD"
"2026-01-17","382263989834817","Sponsored Products","0.00","AUD"
"2026-01-13","288669281122601","Sponsored Products","1.88","AUD"
"2026-01-05","490007501473330","Sponsored Products","0.00","USD"
"2026-01-30","140453739775668","Sponsored Products","0.00","USD"
"2026-01-31","555379102425019","Sponsored Products","3.64","CAD"
"2026-01-07","487327596470810","Sponsored Products","0.00","USD"
"2026-01-13","439118795538688","Sponsored Brands","0.00","CAD"
"2026-01-10","562857825893299","Sponsored Products","2.28","USD"
"2026-01-02","366993568403124","Sponsored Products","22.74","USD"
"2026-01-20","459488439760934","Sponsored Products","0.00","GBP"
"2026-01-12","455510939824845","Sponsored Products","1.36","USD"
"2026-01-07","487313850471925","Sponsored Brands","5.61","USD"
"2026-01-29","411197191773342","Sponsored Products","0.00","AUD"
"2026-01-30","539931100075119","Sponsored Brands","6.61","USD"
"2026-01-14","383706936707329","Sponsored Brands","1.20","USD"
"2026-01-18","540593023678755","Sponsored Products","0.91","USD"
"2026-01-20","431503342672607","Sponsored Products","0.00","USD"
"2026-01-29","431386932028495","Sponsored Products","1.04","USD"
"2026-01-29","354036750973331","Sponsored Products","2.19","CAD"
"2026-01-21","316265693147625","Sponsored Products","0.22","GBP"
"2026-01-28","300354268849742","Sponsored Brands","0.48","CAD"
"2026-01-14","494896120843036","Sponsored Products","0.90","USD"
"2026-01-25","554517553013265","Sponsored Products","0.00","CAD"
"2026-01-17","548511206574211","Sponsored Brands","0.00","AUD"
"2026-01-10","332116728677051","Sponsored Products","0.00","CAD"
"2026-01-06","455510939824845","Sponsored Products","0.00","USD"
"2026-01-27","373188657935606","Sponsored Products","0.00","AUD"
"2026-01-25","398718122329444","Sponsored Products","0.71","GBP"
"2026-01-19","417350251520986","Sponsored Products","1.02","USD"
"2026-01-18","477120010084382","Sponsored Products","5.75","USD"
"2026-01-10","292726552706968","Sponsored Products","5.78","USD"
"2026-01-26","463570831006082","Sponsored Products","0.00","CAD"
"2026-01-21","291194333337791","Sponsored Products","0.00","USD"
"2026-01-09","531194039320877","Sponsored Products","0.00","CAD"
"2026-01-07","291680855614624","Sponsored Brands","3.39","GBP"
"2026-01-14","327999245273994","Sponsored Brands","3.21","USD"
"2026-01-25","461803854184467","Sponsored Products","2.05","CAD"
"2026-01-10","546191132663927","Sponsored Brands","0.92","USD"
"2026-01-22","386893543852916","Sponsored Products","1.51","CAD"
"2026-01-26","396006036421092","Sponsored Products","0.00","USD"
"2026-01-15","422803050752749","Sponsored Products","0.46","USD"
"2026-01-17","307534770253902","Sponsored Products","0.00","CAD"
"2026-01-09","352761064226908","Sponsored Brands","0.00","CAD"
"2026-01-09","411564343397398","Sponsored Products","1.82","USD"
"2026-01-11","286855949125211","Sponsored Products","2.63","AUD"
"2026-01-10","375840213985973","Sponsored Products","1.30","USD"
"2026-01-28","521187964040554","Sponsored Products","1.52","CAD"
"2026-01-27","409249674990450","Sponsored Products","0.11","AUD"
"2026-01-14","473740316381787","Sponsored Products","5.22","GBP"
"2026-01-03","545146961820010","Sponsored Products","9.97","GBP"
"2026-01-13","554517553013265","Sponsored Products","0.00","CAD"
"2026-01-13","291194333337791","Sponsored Products","0.00","USD"
"2026-01-22","399629340308947","Sponsored Brands","0.00","AUD"
"2026-01-08","423447600502988","Sponsored Brands","0.00","CAD"
"2026-01-16","455983082050138","Sponsored Products","0.00","CAD"
"2026-01-18","454564300195235","Sponsored Products","0.74","GBP"
"2026-01-21","514416545593290","Sponsored Products","0.79","USD"
"2026-01-15","298636506131156","Sponsored Brands","3.96","AUD"
"2026-01-19","354591663011981","Sponsored Brands","1.21","USD"
"2026-01-01","419764168918332","Sponsored Brands","4.76","AUD"
"2026-01-01","386893543852916","Sponsored Products","3.07","CAD"
"2026-01-09","508144069166640","Sponsored Products","0.00","USD"
"2026-01-09","406487274006731","Sponsored Products","0.00","AUD"
"2026-01-28","371623685288534","Sponsored Brands","1.86","GBP"
"2026-01-25","453503689032806","Sponsored Products","1.20","GBP"
"2026-01-11","286601245904247","Sponsored Products","0.60","CAD"
"2026-01-12","318399173824872","Sponsored Products","0.00","GBP"
"2026-01-11","348184859637636","Sponsored Brands","2.32","USD"
"2026-01-23","317413414518930","Sponsored Products","0.00","GBP"
"2026-01-15","482686146435604","Sponsored Brands","1.23","USD"
"2026-01-29","530353594830018","Sponsored Display","0.00","CAD"
"2026-01-29","397652540263806","Sponsored Products","0.00","CAD"
"2026-01-08","399857229182854","Sponsored Brands","5.19","GBP"
"2026-01-13","450116297068538","Sponsored Products","1.65","USD"
"2026-01-08","375880567146391","Sponsored Display","0.66","AUD"
"2026-01-07","526818914182448","Sponsored Products","0.51","GBP"
"2026-01-12","392537273853228","Sponsored Brands","1.97","AUD"
"2026-01-23","407346576799567","Sponsored Products","0.00","AUD"
"2026-01-21","384986795476042","Sponsored Brands","0.78","CAD"
"2026-01-16","327413819985503","Sponsored Products","0.00","USD"
"2026-01-13","363579801300326","Sponsored Products","0.00","CAD"
"2026-01-28","475323940290788","Sponsored Products","2.66","USD"
"2026-01-28","276488907454289","Sponsored Products","0.00","USD"
"2026-01-04","430840323605870","Sponsored Products","2.27","USD"
"2026-01-21","442522120858299","Sponsored Products","0.00","USD"
"2026-01-16","459130146103681","Sponsored Display","0.00","AUD"
"2026-01-23","329222077811459","Sponsored Brands","0.15","GBP"
"2026-01-15","486969120687335","Sponsored Products","15.31","USD"
"2026-01-08","441925918527435","Sponsored Brands","6.71","USD"
"2026-01-06","443805539282973","Sponsored Brands","0.00","CAD"
"2026-01-07","555516622120091","Sponsored Brands","0.30","GBP"
"2026-01-16","558782683947956","Sponsored Products","0.00","CAD"
"2026-01-15","497204182729156","Sponsored Brands","0.30","USD"
"2026-01-16","293195244233089","Sponsored Products","0.00","USD"
"2026-01-20","398122169001461","Sponsored Products","0.39","AUD"
"2026-01-03","469438672280657","Sponsored Products","1.97","GBP"
"2026-01-13","286308132559342","Sponsored Brands","0.00","AUD"
"2026-01-12","312711508263023","Sponsored Products","0.50","AUD"
"2026-01-19","303344079444236","Sponsored Brands","0.34","GBP"
"2026-01-31","396524009311704","Sponsored Brands","0.00","CAD"
"2026-01-01","387735099454991","Sponsored Products","0.00","USD"
"2026-01-06","540593023678755","Sponsored Products","0.00","USD"
"2026-01-29","485543012454911","Sponsored Products","0.00","USD"
"2026-01-20","363551194960955","Sponsored Products","0.00","CAD"
"2026-01-16","405261002610411","Sponsored Products","0.00","GBP"
"2026-01-28","472554317410495","Sponsored Brands","0.00","USD"
"2026-01-28","427514193060341","Sponsored Products","0.00","USD"
"2026-01-21","312451130238004","Sponsored Brands","0.00","USD"
"2026-01-16","409249674990450","Sponsored Products","0.51","AUD"
"2026-01-05","398122169001461","Sponsored Products","2.03","AUD"
"2026-01-12","464658704178346","Sponsored Brands","10.83","USD"
"2026-01-12","456837390130096","Sponsored Products","0.00","AUD"
"2026-01-15","450215291242396","Sponsored Products","0.00","USD"
"2026-01-29","427514193060341","Sponsored Products","0.00","USD"
"2026-01-29","276488907454289","Sponsored Products","0.00","USD"
"2026-01-09","284235017891966","Sponsored Products","4.62","CAD"
"2026-01-08","529845821022802","Sponsored Products","0.00","AUD"
"2026-01-11","486701736662809","Sponsored Products","0.58","AUD"
"2026-01-20","452082306058129","Sponsored Brands","1.04","CAD"
"2026-01-05","386865813070708","Sponsored Products","0.00","USD"
"2026-01-09","381243195375500","Sponsored Products","1.43","USD"
"2026-01-12","527711743915708","Sponsored Products","57.44","USD"
"2026-01-14","303784488331012","Sponsored Display","0.61","AUD"
"2026-01-23","493519110544788","Sponsored Products","11.09","USD"
"2026-01-25","284096201830626","Sponsored Display","0.34","USD"
"2026-01-06","366616645988820","Sponsored Products","0.00","CAD"
"2026-01-27","523047960784195","Sponsored Products","13.47","USD"
"2026-01-06","488081803937581","Sponsored Products","0.23","GBP"
"2026-01-30","148265992493931","Sponsored Products","0.89","USD"
"2026-01-06","542395622943712","Sponsored Products","2.30","GBP"
"2026-01-26","291060086740958","Sponsored Products","19.76","USD"
"2026-01-15","487327596470810","Sponsored Products","0.00","USD"
"2026-01-02","422803050752749","Sponsored Products","0.00","USD"
"2026-01-18","511828144987995","Sponsored Products","0.96","GBP"
"2026-01-03","284235017891966","Sponsored Products","3.53","CAD"
"2026-01-26","459130146103681","Sponsored Display","0.00","AUD"
"2026-01-30","348184859637636","Sponsored Brands","1.39","USD"
"2026-01-01","504962652065858","Sponsored Brands","0.00","AUD"
"2026-01-13","476877916686317","Sponsored Brands","0.00","AUD"
"2026-01-16","386865813070708","Sponsored Products","7.29","USD"
"2026-01-14","396524009311704","Sponsored Brands","3.35","CAD"
"2026-01-15","354036750973331","Sponsored Products","2.12","CAD"
"2026-01-12","408719546145761","Sponsored Products","0.90","USD"
"2026-01-09","555516622120091","Sponsored Brands","0.00","GBP"
"2026-01-23","327999245273994","Sponsored Brands","2.15","USD"
"2026-01-31","461174245552414","Sponsored Products","2.85","AUD"
"2026-01-27","532209379687062","Sponsored Display","0.14","GBP"
"2026-01-30","65271102777505","Sponsored Products","0.00","USD"
"2026-01-01","345786769504667","Sponsored Products","1.70","USD"
"2026-01-06","375451164709840","Sponsored Products","0.00","GBP"
"2026-01-29","506556070299851","Sponsored Products","0.00","USD"
"2026-01-29","54673378227395","Sponsored Products","1.94","USD"
"2026-01-11","342468627864471","Sponsored Products","0.00","GBP"
"2026-01-21","408719546145761","Sponsored Products","0.54","USD"
"2026-01-08","286308132559342","Sponsored Brands","0.00","AUD"
"2026-01-23","327160636077377","Sponsored Products","0.00","USD"
"2026-01-14","559365035833525","Sponsored Brands","0.00","AUD"
"2026-01-08","482686146435604","Sponsored Brands","1.86","USD"
"2026-01-22","297446437541925","Sponsored Products","11.55","USD"
"2026-01-22","423825131329520","Sponsored Products","12.52","USD"
"2026-01-11","451323086678396","Sponsored Products","0.73","USD"
"2026-01-15","538699937906302","Sponsored Products","3.10","USD"
"2026-01-19","494590942145867","Sponsored Products","30.02","CAD"
"2026-01-27","432312765744113","Sponsored Products","0.00","USD"
"2026-01-21","324446919049652","Sponsored Products","5.63","USD"
"2026-01-21","556616987602606","Sponsored Products","0.38","USD"
"2026-01-07","511509048867805","Sponsored Products","89.60","USD"
"2026-01-23","399857229182854","Sponsored Brands","6.47","GBP"
"2026-01-27","298636506131156","Sponsored Brands","0.00","AUD"
"2026-01-09","348184859637636","Sponsored Brands","1.48","USD"
"2026-01-05","461174245552414","Sponsored Products","1.57","AUD"
"2026-01-14","411293040066733","Sponsored Products","0.00","GBP"
"2026-01-13","554029658228344","Sponsored Display","0.00","GBP"
"2026-01-18","452082306058129","Sponsored Brands","0.73","CAD"
"2026-01-30","557738489078024","Sponsored Products","0.00","CAD"
"2026-01-15","373593607967581","Sponsored Display","0.00","AUD"
"2026-01-02","529845821022802","Sponsored Products","0.00","AUD"
"2026-01-27","489671557305898","Sponsored Display","0.00","USD"
"2026-01-09","432013629308606","Sponsored Brands","8.92","CAD"
"2026-01-07","349690804752896","Sponsored Products","39.93","USD"
"2026-01-13","402078469217372","Sponsored Products","12.84","USD"
"2026-01-09","491366396962687","Sponsored Brands","1.82","USD"
"2026-01-04","352761064226908","Sponsored Brands","0.00","CAD"
"2026-01-22","477846512499333","Sponsored Brands","0.00","USD"
"2026-01-03","465265480172711","Sponsored Products","5.42","USD"
"2026-01-01","489671557305898","Sponsored Display","0.00","USD"
"2026-01-06","417535655271448","Sponsored Products","6.15","USD"
"2026-01-09","384137786867273","Sponsored Products","0.00","USD"
"2026-01-03","352761064226908","Sponsored Brands","0.00","CAD"
"2026-01-17","395304589984653","Sponsored Products","0.00","CAD"
"2026-01-27","472554317410495","Sponsored Brands","0.00","USD"
"2026-01-07","288851430690246","Sponsored Products","0.21","GBP"
"2026-01-01","298636506131156","Sponsored Brands","0.00","AUD"
"2026-01-24","439663157752722","Sponsored Brands","1.28","USD"
"2026-01-20","429345285920060","Sponsored Brands","0.89","GBP"
"2026-01-29","499207203040639","Sponsored Products","0.00","USD"
"2026-01-15","318399173824872","Sponsored Products","0.91","GBP"
"2026-01-29","407530123839349","Sponsored Products","0.00","AUD"
"2026-01-13","538699937906302","Sponsored Products","3.41","USD"
"2026-01-17","562857825893299","Sponsored Products","0.00","USD"
"2026-01-12","516157903732083","Sponsored Products","1.86","GBP"
"2026-01-02","453239686745418","Sponsored Products","1.20","GBP"
"2026-01-13","378858058113466","Sponsored Products","1.36","CAD"
"2026-01-29","262727752997615","Sponsored Products","0.00","USD"
"2026-01-20","498311429491057","Sponsored Display","0.00","CAD"
"2026-01-27","486701736662809","Sponsored Products","0.00","AUD"
"2026-01-17","312711508263023","Sponsored Products","0.00","AUD"
"2026-01-01","536186527693818","Sponsored Products","5.38","USD"
"2026-01-22","299897583007336","Sponsored Products","8.25","USD"
"2026-01-31","531194039320877","Sponsored Products","0.00","CAD"
"2026-01-12","498217737469979","Sponsored Brands","0.00","USD"
"2026-01-21","366303362151528","Sponsored Products","0.00","USD"
"2026-01-13","327999245273994","Sponsored Brands","3.60","USD"
"2026-01-30","453503689032806","Sponsored Products","0.00","GBP"
"2026-01-08","553804041062258","Sponsored Products","0.00","USD"
"2026-01-12","504962652065858","Sponsored Brands","1.40","AUD"
"2026-01-20","545989665090053","Sponsored Brands","0.99","GBP"
"2026-01-18","280884599605823","Sponsored Products","9.38","USD"
"2026-01-09","291060086740958","Sponsored Products","21.03","USD"
"2026-01-12","355737664148283","Sponsored Brands","2.11","USD"
"2026-01-14","486969120687335","Sponsored Products","13.54","USD"
"2026-01-18","325883174926875","Sponsored Brands","4.24","USD"
"2026-01-06","491770987077396","Sponsored Products","39.55","USD"
"2026-01-29","380439551325000","Sponsored Products","3.76","GBP"
"2026-01-09","538699937906302","Sponsored Products","7.29","USD"
"2026-01-21","540593023678755","Sponsored Products","0.56","USD"
"2026-01-25","455510939824845","Sponsored Products","0.00","USD"
"2026-01-08","357384467879967","Sponsored Brands","0.63","USD"
"2026-01-07","291612323170971","Sponsored Products","0.00","CAD"
"2026-01-05","297446437541925","Sponsored Products","13.51","USD"
"2026-01-31","521187964040554","Sponsored Products","1.19","CAD"
"2026-01-23","459488439760934","Sponsored Products","1.26","GBP"
"2026-01-19","360836238849040","Sponsored Products","0.00","AUD"
"2026-01-17","486830706800832","Sponsored Products","0.00","CAD"
"2026-01-17","558782683947956","Sponsored Products","0.97","CAD"
"2026-01-11","297335215332435","Sponsored Products","3.32","CAD"
"2026-01-11","363579801300326","Sponsored Products","0.00","CAD"
"2026-01-24","524438997214345","Sponsored Products","0.00","USD"
"2026-01-24","537194794349407","Sponsored Products","1.51","USD"
"2026-01-01","423471492340141","Sponsored Brands","0.35","USD"
"2026-01-28","481343337793629","Sponsored Products","0.00","GBP"
"2026-01-28","420797773596938","Sponsored Products","0.00","USD"
"2026-01-28","461174245552414","Sponsored Products","4.11","AUD"
"2026-01-17","309978526979947","Sponsored Products","0.00","USD"
"2026-01-06","307922603865773","Sponsored Products","24.19","USD"
"2026-01-08","489671557305898","Sponsored Display","1.25","USD"
"2026-01-19","312632253610695","Sponsored Brands","80.77","USD"
"2026-01-04","399857229182854","Sponsored Brands","1.05","GBP"
"2026-01-20","366303362151528","Sponsored Products","0.70","USD"
"2026-01-09","336347500415431","Sponsored Products","4.25","USD"
"2026-01-28","246452377117901","Sponsored Products","2.00","USD"
"2026-01-17","524438997214345","Sponsored Products","0.00","USD"
"2026-01-25","347536643859180","Sponsored Products","0.68","GBP"
"2026-01-27","305150240202410","Sponsored Brands","0.00","USD"
"2026-01-14","366993568403124","Sponsored Products","34.92","USD"
"2026-01-29","347536643859180","Sponsored Products","0.98","GBP"
"2026-01-03","392972027720670","Sponsored Products","2.23","CAD"
"2026-01-21","538771699321102","Sponsored Products","0.00","AUD"
"2026-01-07","441276644656791","Sponsored Brands","0.00","AUD"
"2026-01-11","402744546317623","Sponsored Brands","0.68","GBP"
"2026-01-11","312632253610695","Sponsored Brands","80.01","USD"
"2026-01-29","140453739775668","Sponsored Products","3.61","USD"
"2026-01-11","354484097353439","Sponsored Products","0.65","GBP"
"2026-01-27","513927767815024","Sponsored Products","0.00","USD"
"2026-01-26","399629340308947","Sponsored Brands","0.90","AUD"
"2026-01-08","537407450418588","Sponsored Products","1.03","USD"
"2026-01-27","518228166841375","Sponsored Brands","0.95","GBP"
"2026-01-09","405261002610411","Sponsored Products","0.00","GBP"
"2026-01-04","263910374759225","Sponsored Products","3.65","CAD"
"2026-01-30","65861573413220","Sponsored Products","14.45","USD"
"2026-01-22","530353594830018","Sponsored Display","0.00","CAD"
"2026-01-11","427514193060341","Sponsored Products","0.00","USD"
"2026-01-25","480355060288556","Sponsored Products","1.80","AUD"
"2026-01-17","375412452273685","Sponsored Products","7.21","GBP"
"2026-01-02","354627207584492","Sponsored Products","0.00","CAD"
"2026-01-09","396006036421092","Sponsored Products","0.65","USD"
"2026-01-09","280884599605823","Sponsored Products","12.32","USD"
"2026-01-23","428914757065848","Sponsored Products","5.59","CAD"
"2026-01-19","516157903732083","Sponsored Products","1.27","GBP"
"2026-01-04","475323940290788","Sponsored Products","8.30","USD"
"2026-01-30","101459965063202","Sponsored Products","9.38","USD"
"2026-01-03","316506785332318","Sponsored Products","0.00","USD"
"2026-01-10","401058364234122","Sponsored Products","1.86","CAD"
"2026-01-16","487908370268380","Sponsored Products","14.50","USD"
"2026-01-27","535387208566969","Sponsored Products","1.33","USD"
"2026-01-07","455100983218716","Sponsored Brands","2.13","USD"
"2026-01-12","299897583007336","Sponsored Products","10.45","USD"
"2026-01-22","318399173824872","Sponsored Products","0.00","GBP"
"2026-01-04","398122169001461","Sponsored Products","1.84","AUD"
"2026-01-19","440503817971150","Sponsored Products","9.47","USD"
"2026-01-23","316207062053537","Sponsored Products","0.00","AUD"
"2026-01-28","413308568322873","Sponsored Brands","0.00","USD"
"2026-01-03","406487274006731","Sponsored Products","0.82","AUD"
"2026-01-01","288045582881440","Sponsored Products","0.00","USD"
"2026-01-20","441925918527435","Sponsored Brands","0.00","USD"
"2026-01-23","553804041062258","Sponsored Products","1.81","USD"
"2026-01-25","383356525876468","Sponsored Products","0.00","USD"
"2026-01-02","316018693107855","Sponsored Products","11.50","USD"
"2026-01-01","465191710626164","Sponsored Brands","0.00","GBP"
"2026-01-08","317249860293143","Sponsored Products","0.00","USD"
"2026-01-16","366993568403124","Sponsored Products","69.97","USD"
"2026-01-31","531187508971652","Sponsored Display","0.10","CAD"
"2026-01-31","257373022214500","Sponsored Products","3.84","USD"
"2026-01-24","428914757065848","Sponsored Products","5.43","CAD"
"2026-01-19","489671557305898","Sponsored Display","0.04","USD"
"2026-01-13","411293040066733","Sponsored Products","0.00","GBP"
"2026-01-03","472554317410495","Sponsored Brands","0.00","USD"
"2026-01-20","422044464968254","Sponsored Products","6.65","GBP"
"2026-01-28","79620432535917","Sponsored Products","0.00","USD"
"2026-01-23","487313850471925","Sponsored Brands","0.00","USD"
"2026-01-10","189738652799913","Sponsored Brands","0.26","CAD"
"2026-01-27","455193289976402","Sponsored Products","0.00","USD"
"2026-01-29","9627520751858","Sponsored Products","1.19","USD"
"2026-01-25","336361735801015","Sponsored Products","0.00","USD"
"2026-01-08","383706936707329","Sponsored Brands","3.83","USD"
"2026-01-18","369371745062988","Sponsored Products","0.00","CAD"
"2026-01-06","300894362771504","Sponsored Products","0.00","GBP"
"2026-01-02","353062553216730","Sponsored Products","3.08","USD"
"2026-01-29","316506785332318","Sponsored Products","0.00","USD"
"2026-01-24","555360954347903","Sponsored Products","0.00","CAD"
"2026-01-21","542333703103187","Sponsored Products","0.00","AUD"
"2026-01-03","542616313773815","Sponsored Brands","3.90","USD"
"2026-01-30","545989665090053","Sponsored Brands","0.42","GBP"
"2026-01-25","402078469217372","Sponsored Products","6.25","USD"
"2026-01-19","338934805167255","Sponsored Products","0.00","USD"
"2026-01-15","320522945603717","Sponsored Brands","0.45","CAD"
"2026-01-22","558801050351146","Sponsored Brands","0.00","AUD"
"2026-01-18","484271755377666","Sponsored Products","0.00","CAD"
"2026-01-21","406964010755868","Sponsored Products","0.00","CAD"
"2026-01-29","429216730447678","Sponsored Products","0.00","AUD"
"2026-01-16","455622109943339","Sponsored Products","0.00","AUD"
"2026-01-20","407346576799567","Sponsored Products","0.65","AUD"
"2026-01-02","420797773596938","Sponsored Products","0.00","USD"
"2026-01-15","407530123839349","Sponsored Products","0.00","AUD"
"2026-01-03","363551194960955","Sponsored Products","0.00","CAD"
"2026-01-27","508144069166640","Sponsored Products","0.00","USD"
"2026-01-30","446701085946014","Sponsored Products","0.00","GBP"
"2026-01-29","409429087898453","Sponsored Display","0.47","CAD"
"2026-01-01","541724443688495","Sponsored Display","0.00","AUD"
"2026-01-22","366303362151528","Sponsored Products","1.08","USD"
"2026-01-26","298636506131156","Sponsored Brands","0.00","AUD"
"2026-01-07","526735719174751","Sponsored Products","0.00","USD"
"2026-01-29","562857825893299","Sponsored Products","0.00","USD"
"2026-01-25","455688132780953","Sponsored Brands","0.48","USD"
"2026-01-08","542395622943712","Sponsored Products","1.87","GBP"
"2026-01-10","398859393836995","Sponsored Products","5.81","GBP"
"2026-01-05","371623685288534","Sponsored Brands","0.00","GBP"
"2026-01-24","413308568322873","Sponsored Brands","1.62","USD"
"2026-01-10","284235017891966","Sponsored Products","5.97","CAD"
"2026-01-28","546641048554747","Sponsored Products","0.00","USD"
"2026-01-25","344717374719347","Sponsored Display","0.00","CAD"
"2026-01-13","419802202221779","Sponsored Products","0.57","CAD"
"2026-01-28","557738489078024","Sponsored Products","0.00","CAD"
"2026-01-17","363579801300326","Sponsored Products","0.00","CAD"
"2026-01-01","518653489850740","Sponsored Brands","1.69","USD"
"2026-01-01","511830588245108","Sponsored Products","0.30","GBP"
"2026-01-19","535387208566969","Sponsored Products","0.00","USD"
"2026-01-27","464658704178346","Sponsored Brands","8.93","USD"
"2026-01-22","336361735801015","Sponsored Products","0.28","USD"
"2026-01-09","463570831006082","Sponsored Products","0.00","CAD"
"2026-01-25","455100983218716","Sponsored Brands","0.00","USD"
"2026-01-25","383706936707329","Sponsored Brands","2.28","USD"
"2026-01-22","518228166841375","Sponsored Brands","4.24","GBP"
"2026-01-29","539931100075119","Sponsored Brands","4.08","USD"
"2026-01-08","316506785332318","Sponsored Products","0.97","USD"
"2026-01-27","346023186686134","Sponsored Brands","1.47","USD"
"2026-01-27","488081803937581","Sponsored Products","0.19","GBP"
"2026-01-07","500955748191612","Sponsored Products","1.54","USD"
"2026-01-15","400050759741035","Sponsored Products","0.00","USD"
"2026-01-18","555516622120091","Sponsored Brands","0.17","GBP"
"2026-01-22","378771240092800","Sponsored Products","0.00","AUD"
"2026-01-01","328392570118308","Sponsored Brands","0.00","AUD"
"2026-01-05","486162121720882","Sponsored Products","0.00","USD"
"2026-01-16","488078103319545","Sponsored Brands","0.20","USD"
"2026-01-13","498311429491057","Sponsored Display","0.00","CAD"
"2026-01-20","378095244761436","Sponsored Products","0.00","USD"
"2026-01-28","321879822518995","Sponsored Products","1.05","AUD"
"2026-01-16","486969120687335","Sponsored Products","13.67","USD"
"2026-01-09","475621849553010","Sponsored Brands","0.00","CAD"
"2026-01-12","530911335551258","Sponsored Products","0.00","CAD"
"2026-01-24","381243195375500","Sponsored Products","3.64","USD"
"2026-01-21","312632253610695","Sponsored Brands","48.10","USD"
"2026-01-03","381243195375500","Sponsored Products","1.57","USD"
"2026-01-15","489671557305898","Sponsored Display","3.48","USD"
"2026-01-25","382263989834817","Sponsored Products","0.00","AUD"
"2026-01-29","518228166841375","Sponsored Brands","0.00","GBP"
"2026-01-07","327999245273994","Sponsored Brands","9.44","USD"
"2026-01-17","322178684810700","Sponsored Products","0.00","USD"
"2026-01-19","292726552706968","Sponsored Products","19.06","USD"
"2026-01-20","456837390130096","Sponsored Products","0.00","AUD"
"2026-01-18","307922603865773","Sponsored Products","14.45","USD"
"2026-01-14","316018693107855","Sponsored Products","4.13","USD"
"2026-01-22","487313850471925","Sponsored Brands","0.00","USD"
"2026-01-28","286308132559342","Sponsored Brands","0.00","AUD"
"2026-01-06","446701085946014","Sponsored Products","0.00","GBP"
"2026-01-13","475621849553010","Sponsored Brands","0.00","CAD"
"2026-01-21","399629340308947","Sponsored Brands","0.00","AUD"
"2026-01-14","292138679780956","Sponsored Products","0.00","AUD"
"2026-01-16","491770987077396","Sponsored Products","30.25","USD"
"2026-01-08","411197191773342","Sponsored Products","0.00","AUD"
"2026-01-22","538771699321102","Sponsored Products","0.00","AUD"
"2026-01-05","515637010546761","Sponsored Brands","1.75","USD"
"2026-01-11","453187476718269","Sponsored Display","0.00","CAD"
"2026-01-18","555360954347903","Sponsored Products","0.00","CAD"
"2026-01-11","428201110992726","Sponsored Products","9.07","USD"
"2026-01-27","498217737469979","Sponsored Brands","0.00","USD"
"2026-01-27","288669281122601","Sponsored Products","6.89","AUD"
"2026-01-10","278400043801722","Sponsored Products","0.00","GBP"
"2026-01-07","458452283549074","Sponsored Brands","0.00","CAD"
"2026-01-11","455193289976402","Sponsored Products","1.19","USD"
"2026-01-11","291060086740958","Sponsored Products","16.87","USD"
"2026-01-20","324446919049652","Sponsored Products","5.63","USD"
"2026-01-03","397652540263806","Sponsored Products","0.00","CAD"
"2026-01-28","493519110544788","Sponsored Products","1.99","USD"
"2026-01-12","489671557305898","Sponsored Display","0.00","USD"
"2026-01-09","377578915667002","Sponsored Products","12.32","USD"
"2026-01-28","536186527693818","Sponsored Products","6.54","USD"
"2026-01-20","316018693107855","Sponsored Products","9.54","USD"
"2026-01-17","545146961820010","Sponsored Products","3.87","GBP"
"2026-01-02","455983082050138","Sponsored Products","5.25","CAD"
"2026-01-12","535387208566969","Sponsored Products","1.55","USD"
"2026-01-25","499207203040639","Sponsored Products","3.20","USD"
"2026-01-14","296615200458181","Sponsored Brands","29.57","USD"
"2026-01-31","455100983218716","Sponsored Brands","3.43","USD"
"2026-01-16","329222077811459","Sponsored Brands","0.00","GBP"
"2026-01-28","380439551325000","Sponsored Products","2.75","GBP"
"2026-01-12","506556070299851","Sponsored Products","0.00","USD"
"2026-01-21","288045582881440","Sponsored Products","0.00","USD"
"2026-01-17","497204182729156","Sponsored Brands","0.00","USD"
"2026-01-23","297446437541925","Sponsored Products","11.24","USD"
"2026-01-01","398718122329444","Sponsored Products","2.32","GBP"
"2026-01-08","367083122067501","Sponsored Display","0.00","USD"
"2026-01-05","288086271468562","Sponsored Products","44.23","USD"
"2026-01-29","514416545593290","Sponsored Products","0.00","USD"
"2026-01-21","427514193060341","Sponsored Products","0.00","USD"
"2026-01-16","561131507618203","Sponsored Products","1.91","AUD"
"2026-01-07","363551194960955","Sponsored Products","0.00","CAD"
"2026-01-24","280884599605823","Sponsored Products","4.69","USD"
"2026-01-17","504962652065858","Sponsored Brands","0.00","AUD"
"2026-01-28","354484097353439","Sponsored Products","0.00","GBP"
"2026-01-28","424413890381694","Sponsored Products","0.00","USD"
"2026-01-25","511519443187302","Sponsored Products","4.34","GBP"
"2026-01-03","556675911222056","Sponsored Products","0.00","GBP"
"2026-01-11","440997775738977","Sponsored Products","0.00","AUD"
"2026-01-01","517771475884325","Sponsored Brands","0.00","USD"
"2026-01-07","446869334265005","Sponsored Products","0.00","USD"
"2026-01-07","557388890025484","Sponsored Products","19.52","USD"
"2026-01-21","366616645988820","Sponsored Products","0.00","CAD"
"2026-01-26","350228282296039","Sponsored Products","0.00","USD"
"2026-01-09","488650993039900","Sponsored Brands","0.00","USD"
"2026-01-26","316086976315498","Sponsored Brands","0.98","USD"
"2026-01-19","380787783830601","Sponsored Products","0.00","USD"
"2026-01-27","375451164709840","Sponsored Products","0.61","GBP"
"2026-01-05","300894362771504","Sponsored Products","0.00","GBP"
"2026-01-16","353468389499196","Sponsored Brands","0.93","USD"
"2026-01-28","382263989834817","Sponsored Products","0.00","AUD"
"2026-01-27","351594278748520","Sponsored Products","0.00","USD"
"2026-01-17","473740316381787","Sponsored Products","1.42","GBP"
"2026-01-17","488650993039900","Sponsored Brands","0.00","USD"
"2026-01-20","366993568403124","Sponsored Products","62.89","USD"
"2026-01-14","371021037712738","Sponsored Products","38.04","USD"
"2026-01-28","399629340308947","Sponsored Brands","0.00","AUD"
"2026-01-29","560541401556849","Sponsored Products","0.00","GBP"
"2026-01-07","313102197760283","Sponsored Products","5.90","USD"
"2026-01-03","441888784513828","Sponsored Display","0.48","USD"
"2026-01-24","399703016940832","Sponsored Brands","2.38","CAD"
"2026-01-20","325883174926875","Sponsored Brands","3.36","USD"
"2026-01-25","424600049511604","Sponsored Products","12.62","USD"
"2026-01-06","396524009311704","Sponsored Brands","0.00","CAD"
"2026-01-27","411564343397398","Sponsored Products","5.18","USD"
"2026-01-07","540593023678755","Sponsored Products","0.75","USD"
"2026-01-14","409429087898453","Sponsored Display","0.00","CAD"
"2026-01-25","542616313773815","Sponsored Brands","1.31","USD"
"2026-01-05","441925918527435","Sponsored Brands","8.47","USD"
"2026-01-11","467986598930085","Sponsored Products","14.23","USD"
"2026-01-26","318399173824872","Sponsored Products","0.31","GBP"
"2026-01-26","347536643859180","Sponsored Products","0.00","GBP"
"2026-01-02","450116297068538","Sponsored Products","2.35","USD"
"2026-01-09","480355060288556","Sponsored Products","0.93","AUD"
"2026-01-19","368310850203338","Sponsored Products","0.00","USD"
"2026-01-25","363551194960955","Sponsored Products","0.87","CAD"
"2026-01-18","517050919084211","Sponsored Products","0.00","CAD"
"2026-01-10","392972027720670","Sponsored Products","1.36","CAD"
"2026-01-28","511519443187302","Sponsored Products","5.58","GBP"
"2026-01-28","369371745062988","Sponsored Products","0.00","CAD"
"2026-01-19","291194333337791","Sponsored Products","0.00","USD"
"2026-01-30","380662946968621","Sponsored Display","1.44","USD"
"2026-01-29","524438997214345","Sponsored Products","0.00","USD"
"2026-01-28","532503737498489","Sponsored Products","0.00","USD"
"2026-01-27","515637010546761","Sponsored Brands","13.93","USD"
"2026-01-03","562873832621330","Sponsored Products","3.12","GBP"
"2026-01-12","286601245904247","Sponsored Products","0.00","CAD"
"2026-01-27","353698807350187","Sponsored Products","1.58","USD"
"2026-01-31","538771699321102","Sponsored Products","0.00","AUD"
"2026-01-04","469814503032884","Sponsored Products","0.00","AUD"
"2026-01-28","453754530299965","Sponsored Brands","19.29","USD"
"2026-01-24","384137786867273","Sponsored Products","0.00","USD"
"2026-01-19","555516622120091","Sponsored Brands","0.53","GBP"
"2026-01-05","312226715362146","Sponsored Products","0.00","USD"
"2026-01-30","138135222992233","Sponsored Products","3.54","USD"
"2026-01-11","517771475884325","Sponsored Brands","0.00","USD"
"2026-01-14","344717374719347","Sponsored Display","0.00","CAD"
"2026-01-15","371604599978031","Sponsored Products","0.00","AUD"
"2026-01-28","498311429491057","Sponsored Display","0.00","CAD"
"2026-01-13","453754530299965","Sponsored Brands","23.85","USD"
"2026-01-08","332000738328227","Sponsored Products","20.06","USD"
"2026-01-23","554517553013265","Sponsored Products","0.00","CAD"
"2026-01-21","392537273853228","Sponsored Brands","1.62","AUD"
"2026-01-28","176992507771254","Sponsored Products","0.00","USD"
"2026-01-21","417350251520986","Sponsored Products","2.60","USD"
"2026-01-21","422044464968254","Sponsored Products","4.28","GBP"
"2026-01-12","328156874590794","Sponsored Brands","2.82","USD"
"2026-01-24","451323086678396","Sponsored Products","1.91","USD"
"2026-01-03","386865813070708","Sponsored Products","0.45","USD"
"2026-01-03","429080278331990","Sponsored Products","0.00","USD"
"2026-01-07","506556070299851","Sponsored Products","0.00","USD"
"2026-01-26","446869334265005","Sponsored Products","0.00","USD"
"2026-01-29","115943131527635","Sponsored Products","0.00","USD"
"2026-01-27","327160636077377","Sponsored Products","0.00","USD"
"2026-01-09","321516368269611","Sponsored Products","0.00","CAD"
"2026-01-16","407530123839349","Sponsored Products","0.00","AUD"
"2026-01-13","344516434946756","Sponsored Products","4.41","USD"
"2026-01-25","419764168918332","Sponsored Brands","0.00","AUD"
"2026-01-05","316086976315498","Sponsored Brands","0.00","USD"
"2026-01-30","363579801300326","Sponsored Products","0.00","CAD"
"2026-01-11","346023186686134","Sponsored Brands","0.00","USD"
"2026-01-03","419802202221779","Sponsored Products","1.14","CAD"
"2026-01-13","482686146435604","Sponsored Brands","1.24","USD"
"2026-01-28","545989665090053","Sponsored Brands","1.27","GBP"
"2026-01-08","409249674990450","Sponsored Products","0.06","AUD"
"2026-01-25","288086271468562","Sponsored Products","85.74","USD"
"2026-01-04","555516622120091","Sponsored Brands","0.37","GBP"
"2026-01-29","352761064226908","Sponsored Brands","10.13","CAD"
"2026-01-22","310318758176650","Sponsored Products","0.35","CAD"
"2026-01-03","521187964040554","Sponsored Products","0.00","CAD"
"2026-01-08","469814503032884","Sponsored Products","0.00","AUD"
"2026-01-25","420797773596938","Sponsored Products","0.00","USD"
"2026-01-01","491700931771136","Sponsored Products","0.00","GBP"
"2026-01-06","432013629308606","Sponsored Brands","1.11","CAD"
"2026-01-12","536850070634966","Sponsored Products","0.00","GBP"
"2026-01-10","560000811916391","Sponsored Brands","1.99","USD"
"2026-01-29","363551194960955","Sponsored Products","0.00","CAD"
"2026-01-12","344717374719347","Sponsored Display","0.00","CAD"
"2026-01-20","411197191773342","Sponsored Products","0.00","AUD"
"2026-01-01","378858058113466","Sponsored Products","2.00","CAD"
"2026-01-28","535387208566969","Sponsored Products","0.00","USD"
"2026-01-12","368310850203338","Sponsored Products","8.95","USD"
"2026-01-17","536850070634966","Sponsored Products","0.28","GBP"
"2026-01-07","327137186916287","Sponsored Products","0.00","USD"
"2026-01-16","440997775738977","Sponsored Products","0.00","AUD"
"2026-01-25","482686146435604","Sponsored Brands","5.06","USD"
"2026-01-15","349690804752896","Sponsored Products","52.93","USD"
"2026-01-01","318148591057223","Sponsored Products","0.00","GBP"
"2026-01-15","396524009311704","Sponsored Brands","0.72","CAD"
"2026-01-23","406314828765201","Sponsored Products","0.00","AUD"
"2026-01-24","301972852761247","Sponsored Products","0.00","USD"
"2026-01-23","511519443187302","Sponsored Products","5.85","GBP"
"2026-01-20","455193289976402","Sponsored Products","0.00","USD"
"2026-01-28","363048566293204","Sponsored Brands","0.00","GBP"
"2026-01-27","373663567761151","Sponsored Products","0.00","USD"
"2026-01-13","535387208566969","Sponsored Products","1.28","USD"
"2026-01-22","459488439760934","Sponsored Products","0.36","GBP"
"2026-01-31","545989665090053","Sponsored Brands","1.41","GBP"
"2026-01-08","291060086740958","Sponsored Products","12.56","USD"
"2026-01-19","383706936707329","Sponsored Brands","0.00","USD"
"2026-01-11","284235017891966","Sponsored Products","5.35","CAD"
"2026-01-05","316018693107855","Sponsored Products","5.40","USD"
"2026-01-03","531616041116243","Sponsored Products","0.94","USD"
"2026-01-04","312711508263023","Sponsored Products","0.65","AUD"
"2026-01-19","327955853177271","Sponsored Products","6.20","USD"
"2026-01-08","414461046523112","Sponsored Brands","0.98","USD"
"2026-01-10","562873832621330","Sponsored Products","0.00","GBP"
"2026-01-04","452065263384491","Sponsored Brands","5.23","USD"
"2026-01-11","340849210853799","Sponsored Products","11.55","USD"
"2026-01-18","494994223093944","Sponsored Brands","0.00","AUD"
"2026-01-24","317772463042332","Sponsored Products","0.00","AUD"
"2026-01-27","423825131329520","Sponsored Products","11.97","USD"
"2026-01-15","436562742415834","Sponsored Products","0.00","GBP"
"2026-01-30","300354268849742","Sponsored Brands","0.00","CAD"
"2026-01-01","497204182729156","Sponsored Brands","0.00","USD"
"2026-01-12","467986598930085","Sponsored Products","13.12","USD"
"2026-01-06","492312442577894","Sponsored Products","3.45","USD"
"2026-01-22","454564300195235","Sponsored Products","1.62","GBP"
"2026-01-21","467986598930085","Sponsored Products","13.90","USD"
"2026-01-19","432312765744113","Sponsored Products","0.00","USD"
"2026-01-08","506556070299851","Sponsored Products","0.00","USD"
"2026-01-02","457705240079738","Sponsored Brands","2.56","GBP"
"2026-01-20","303344079444236","Sponsored Brands","0.94","GBP"
"2026-01-10","521187964040554","Sponsored Products","0.99","CAD"
"2026-01-24","531194039320877","Sponsored Products","0.00","CAD"
"2026-01-20","463874563272935","Sponsored Brands","5.41","AUD"
"2026-01-08","452065263384491","Sponsored Brands","7.80","USD"
"2026-01-18","443805539282973","Sponsored Brands","2.81","CAD"
"2026-01-20","513927767815024","Sponsored Products","1.88","USD"
"2026-01-20","444969564092992","Sponsored Products","0.77","CAD"
"2026-01-28","490007501473330","Sponsored Products","2.90","USD"
"2026-01-11","292726552706968","Sponsored Products","5.52","USD"
"2026-01-16","354627207584492","Sponsored Products","0.00","CAD"
"2026-01-28","443207948405482","Sponsored Products","0.00","CAD"
"2026-01-13","344717374719347","Sponsored Display","0.00","CAD"
"2026-01-25","348537181713557","Sponsored Products","0.00","GBP"
"2026-01-17","530543664696574","Sponsored Products","0.00","AUD"
"2026-01-22","526735719174751","Sponsored Products","0.00","USD"
"2026-01-11","402078469217372","Sponsored Products","21.51","USD"
"2026-01-07","467986598930085","Sponsored Products","9.99","USD"
"2026-01-16","309601314328778","Sponsored Products","0.18","CAD"
"2026-01-09","299897583007336","Sponsored Products","3.49","USD"
"2026-01-16","292138679780956","Sponsored Products","0.00","AUD"
"2026-01-25","477120010084382","Sponsored Products","6.04","USD"
"2026-01-10","473740316381787","Sponsored Products","3.41","GBP"
"2026-01-14","509593684638198","Sponsored Brands","2.59","USD"
"2026-01-14","322178684810700","Sponsored Products","0.00","USD"
"2026-01-11","409249674990450","Sponsored Products","0.98","AUD"
"2026-01-18","443207948405482","Sponsored Products","0.38","CAD"
"2026-01-05","323864334787492","Sponsored Products","0.00","AUD"
"2026-01-30","48758698369103","Sponsored Products","4.55","USD"
"2026-01-10","380787783830601","Sponsored Products","0.48","USD"
"2026-01-10","498217737469979","Sponsored Brands","0.00","USD"
"2026-01-02","546641048554747","Sponsored Products","0.00","USD"
"2026-01-15","401058364234122","Sponsored Products","2.89","CAD"
"2026-01-13","451323086678396","Sponsored Products","0.00","USD"
"2026-01-30","413308568322873","Sponsored Brands","0.00","USD"
"2026-01-13","297335215332435","Sponsored Products","0.00","CAD"
"2026-01-24","557738489078024","Sponsored Products","0.66","CAD"
"2026-01-31","318148591057223","Sponsored Products","0.00","GBP"
"2026-01-13","323864334787492","Sponsored Products","0.00","AUD"
"2026-01-05","526818914182448","Sponsored Products","0.74","GBP"
"2026-01-02","303344079444236","Sponsored Brands","2.26","GBP"
"2026-01-31","386920533914758","Sponsored Brands","3.53","CAD"
"2026-01-25","479364871682871","Sponsored Products","10.02","USD"
"2026-01-14","398859393836995","Sponsored Products","1.63","GBP"
"2026-01-10","441925918527435","Sponsored Brands","10.10","USD"
"2026-01-03","553947994872935","Sponsored Products","0.00","AUD"
"2026-01-01","446869334265005","Sponsored Products","0.00","USD"
"2026-01-11","353468389499196","Sponsored Brands","1.73","USD"
"2026-01-06","450215291242396","Sponsored Products","0.00","USD"
"2026-01-26","417350251520986","Sponsored Products","0.00","USD"
"2026-01-02","492312442577894","Sponsored Products","15.51","USD"
"2026-01-28","392972027720670","Sponsored Products","0.44","CAD"
"2026-01-26","455100983218716","Sponsored Brands","0.31","USD"
"2026-01-25","556616987602606","Sponsored Products","3.20","USD"
"2026-01-25","342468627864471","Sponsored Products","0.00","GBP"
"2026-01-05","286855949125211","Sponsored Products","3.04","AUD"
"2026-01-22","309601314328778","Sponsored Products","0.18","CAD"
"2026-01-18","354591663011981","Sponsored Brands","1.90","USD"
"2026-01-20","453503689032806","Sponsored Products","0.45","GBP"
"2026-01-16","511519443187302","Sponsored Products","4.11","GBP"
"2026-01-16","514416545593290","Sponsored Products","0.85","USD"
"2026-01-14","431503342672607","Sponsored Products","0.00","USD"
"2026-01-27","318399173824872","Sponsored Products","2.74","GBP"
"2026-01-10","327137186916287","Sponsored Products","0.00","USD"
"2026-01-02","367083122067501","Sponsored Display","0.00","USD"
"2026-01-09","431503342672607","Sponsored Products","0.00","USD"
"2026-01-09","498217737469979","Sponsored Brands","0.00","USD"
"2026-01-25","321879822518995","Sponsored Products","0.00","AUD"
"2026-01-24","473740316381787","Sponsored Products","9.98","GBP"
"2026-01-26","305150240202410","Sponsored Brands","0.00","USD"
"2026-01-25","332000738328227","Sponsored Products","16.28","USD"
"2026-01-31","406487274006731","Sponsored Products","0.00","AUD"
"2026-01-21","347536643859180","Sponsored Products","0.00","GBP"
"2026-01-14","424413890381694","Sponsored Products","0.00","USD"
"2026-01-09","412663623607577","Sponsored Products","0.00","USD"
"2026-01-28","314318800479242","Sponsored Products","0.00","AUD"
"2026-01-21","380787783830601","Sponsored Products","0.00","USD"
"2026-01-10","348537181713557","Sponsored Products","0.00","GBP"
"2026-01-12","476877916686317","Sponsored Brands","2.19","AUD"
"2026-01-13","504962652065858","Sponsored Brands","0.54","AUD"
"2026-01-22","491792683377286","Sponsored Products","3.48","USD"
"2026-01-03","467633236874996","Sponsored Products","0.77","AUD"
"2026-01-17","517050919084211","Sponsored Products","0.00","CAD"
"2026-01-13","442522120858299","Sponsored Products","0.00","USD"
"2026-01-05","458737362224255","Sponsored Products","0.45","GBP"
"2026-01-28","509593684638198","Sponsored Brands","3.35","USD"
"2026-01-21","459130146103681","Sponsored Display","0.19","AUD"
"2026-01-10","526735719174751","Sponsored Products","0.00","USD"
"2026-01-09","354627207584492","Sponsored Products","0.45","CAD"
"2026-01-29","440503817971150","Sponsored Products","0.00","USD"
"2026-01-02","511509048867805","Sponsored Products","114.17","USD"
"2026-01-03","535387208566969","Sponsored Products","0.00","USD"
"2026-01-11","495677195822245","Sponsored Brands","3.02","USD"
"2026-01-07","386865813070708","Sponsored Products","2.05","USD"
"2026-01-20","554517553013265","Sponsored Products","0.00","CAD"
"2026-01-30","407444835513369","Sponsored Brands","1.12","CAD"
"2026-01-13","541042710567147","Sponsored Products","5.27","USD"
"2026-01-22","436562742415834","Sponsored Products","0.00","GBP"
"2026-01-01","542395622943712","Sponsored Products","0.39","GBP"
"2026-01-21","446701085946014","Sponsored Products","0.00","GBP"
"2026-01-05","325883174926875","Sponsored Brands","4.33","USD"
"2026-01-05","476511840833684","Sponsored Products","0.00","GBP"
"2026-01-20","400050759741035","Sponsored Products","0.00","USD"
"2026-01-16","488650993039900","Sponsored Brands","0.00","USD"
"2026-01-18","542395622943712","Sponsored Products","0.50","GBP"
"2026-01-25","469814503032884","Sponsored Products","0.00","AUD"
"2026-01-07","414461046523112","Sponsored Brands","1.26","USD"
"2026-01-17","424600049511604","Sponsored Products","5.46","USD"
"2026-01-06","486969120687335","Sponsored Products","19.44","USD"
"2026-01-31","407346576799567","Sponsored Products","0.00","AUD"
"2026-01-15","340849210853799","Sponsored Products","1.03","USD"
"2026-01-22","557388890025484","Sponsored Products","5.01","USD"
"2026-01-03","467986598930085","Sponsored Products","12.17","USD"
"2026-01-03","327160636077377","Sponsored Products","4.26","USD"
"2026-01-29","133846876580591","Sponsored Products","0.00","USD"
"2026-01-25","529845821022802","Sponsored Products","0.00","AUD"
"2026-01-31","115758363210245","Sponsored Products","44.51","USD"
"2026-01-29","422044464968254","Sponsored Products","10.13","GBP"
"2026-01-15","535387208566969","Sponsored Products","0.00","USD"
"2026-01-15","471805907077682","Sponsored Products","1.60","USD"
"2026-01-02","386865813070708","Sponsored Products","0.60","USD"
"2026-01-15","360836238849040","Sponsored Products","0.00","AUD"
"2026-01-05","409249674990450","Sponsored Products","0.00","AUD"
"2026-01-27","332000738328227","Sponsored Products","13.74","USD"
"2026-01-27","349690804752896","Sponsored Products","50.73","USD"
"2026-01-14","487313850471925","Sponsored Brands","0.86","USD"
"2026-01-23","291612323170971","Sponsored Products","0.00","CAD"
"2026-01-20","443805539282973","Sponsored Brands","0.00","CAD"
"2026-01-21","378095244761436","Sponsored Products","0.65","USD"
"2026-01-06","441925918527435","Sponsored Brands","5.77","USD"
"2026-01-06","380662946968621","Sponsored Display","3.64","USD"
"2026-01-18","455100983218716","Sponsored Brands","1.76","USD"
"2026-01-02","383356525876468","Sponsored Products","0.00","USD"
"2026-01-28","409249674990450","Sponsored Products","1.94","AUD"
"2026-01-21","490007501473330","Sponsored Products","3.24","USD"
"2026-01-12","431386932028495","Sponsored Products","12.70","USD"
"2026-01-19","303332324664421","Sponsored Products","0.00","USD"
"2026-01-18","419764168918332","Sponsored Brands","1.32","AUD"
"2026-01-05","560000811916391","Sponsored Brands","0.91","USD"
"2026-01-11","312451130238004","Sponsored Brands","0.00","USD"
"2026-01-23","406964010755868","Sponsored Products","7.15","CAD"
"2026-01-21","487327596470810","Sponsored Products","0.00","USD"
"2026-01-17","291060086740958","Sponsored Products","18.28","USD"
"2026-01-15","293195244233089","Sponsored Products","2.52","USD"
"2026-01-01","483494234649944","Sponsored Products","0.45","USD"
"2026-01-15","382536260418493","Sponsored Brands","0.94","USD"
"2026-01-24","288669281122601","Sponsored Products","0.00","AUD"
"2026-01-24","318148591057223","Sponsored Products","0.19","GBP"
"2026-01-04","477120010084382","Sponsored Products","1.52","USD"
"2026-01-15","375412452273685","Sponsored Products","10.75","GBP"
"2026-01-14","313102197760283","Sponsored Products","6.59","USD"
"2026-01-12","531194039320877","Sponsored Products","0.00","CAD"
"2026-01-17","407530123839349","Sponsored Products","0.00","AUD"
"2026-01-16","93061813718954","Sponsored Products","10.90","USD"
"2026-01-30","284096201830626","Sponsored Display","5.05","USD"
"2026-01-18","338934805167255","Sponsored Products","0.00","USD"
"2026-01-06","475323940290788","Sponsored Products","15.70","USD"
"2026-01-06","373663567761151","Sponsored Products","0.00","USD"
"2026-01-09","327160636077377","Sponsored Products","0.00","USD"
"2026-01-28","316265693147625","Sponsored Products","0.00","GBP"
"2026-01-16","562763694980171","Sponsored Products","0.00","GBP"
"2026-01-29","288669281122601","Sponsored Products","1.42","AUD"
"2026-01-22","481343337793629","Sponsored Products","0.00","GBP"
"2026-01-25","327323455598643","Sponsored Products","0.00","GBP"
"2026-01-08","313102197760283","Sponsored Products","8.38","USD"
"2026-01-25","354036750973331","Sponsored Products","3.71","CAD"
"2026-01-09","318148591057223","Sponsored Products","0.00","GBP"
"2026-01-24","424413890381694","Sponsored Products","6.54","USD"
"2026-01-11","394083050171294","Sponsored Products","6.74","USD"
"2026-01-04","398718122329444","Sponsored Products","0.54","GBP"
"2026-01-20","529431876389782","Sponsored Products","0.00","USD"
"2026-01-17","366616645988820","Sponsored Products","0.00","CAD"
"2026-01-09","400936883710783","Sponsored Products","1.63","AUD"
"2026-01-07","532209379687062","Sponsored Display","0.82","GBP"
"2026-01-04","505299994018527","Sponsored Products","0.00","CAD"
"2026-01-05","442522120858299","Sponsored Products","0.00","USD"
"2026-01-21","469814503032884","Sponsored Products","0.00","AUD"
"2026-01-28","555516622120091","Sponsored Brands","0.00","GBP"
"2026-01-17","452082306058129","Sponsored Brands","3.45","CAD"
"2026-01-14","307922603865773","Sponsored Products","0.00","USD"
"2026-01-14","542616313773815","Sponsored Brands","1.31","USD"
"2026-01-02","294988432395200","Sponsored Products","0.00","USD"
"2026-01-19","488078103319545","Sponsored Brands","0.00","USD"
"2026-01-14","318399173824872","Sponsored Products","1.32","GBP"
"2026-01-30","34478632960968","Sponsored Products","5.63","USD"
"2026-01-18","553804041062258","Sponsored Products","2.41","USD"
"2026-01-19","504962652065858","Sponsored Brands","0.00","AUD"
"2026-01-28","301972852761247","Sponsored Products","0.00","USD"
"2026-01-15","562873832621330","Sponsored Products","0.76","GBP"
"2026-01-09","409429087898453","Sponsored Display","0.00","CAD"
"2026-01-17","492312442577894","Sponsored Products","1.83","USD"
"2026-01-23","384986795476042","Sponsored Brands","0.94","CAD"
"2026-01-23","554029658228344","Sponsored Display","0.13","GBP"
"2026-01-24","366993568403124","Sponsored Products","65.67","USD"
"2026-01-22","486969120687335","Sponsored Products","13.21","USD"
"2026-01-04","454571413921997","Sponsored Products","0.00","GBP"
"2026-01-24","498311429491057","Sponsored Display","0.00","CAD"
"2026-01-18","411197191773342","Sponsored Products","0.00","AUD"
"2026-01-21","307922603865773","Sponsored Products","7.99","USD"
"2026-01-05","380439551325000","Sponsored Products","2.44","GBP"
"2026-01-31","491366396962687","Sponsored Brands","26.89","USD"
"2026-01-31","198809778193730","Sponsored Products","142.31","USD"
"2026-01-16","494896120843036","Sponsored Products","2.26","USD"
"2026-01-18","297446437541925","Sponsored Products","7.19","USD"
"2026-01-10","538699937906302","Sponsored Products","0.00","USD"
"2026-01-29","483182403867537","Sponsored Products","0.00","USD"
"2026-01-17","471805907077682","Sponsored Products","0.00","USD"
"2026-01-24","344717374719347","Sponsored Display","0.00","CAD"
"2026-01-12","386920533914758","Sponsored Brands","0.00","CAD"
"2026-01-12","396524009311704","Sponsored Brands","6.43","CAD"
"2026-01-27","406964010755868","Sponsored Products","0.00","CAD"
"2026-01-07","417350251520986","Sponsored Products","0.61","USD"
"2026-01-20","531194039320877","Sponsored Products","0.00","CAD"
"2026-01-12","342233969782751","Sponsored Products","4.55","USD"
"2026-01-04","327413819985503","Sponsored Products","0.00","USD"
"2026-01-28","329222077811459","Sponsored Brands","0.93","GBP"
"2026-01-06","399629340308947","Sponsored Brands","0.00","AUD"
"2026-01-06","536850070634966","Sponsored Products","0.28","GBP"
"2026-01-31","204544178017947","Sponsored Products","1.81","USD"
"2026-01-29","82064097659476","Sponsored Products","0.45","USD"
"2026-01-02","554517553013265","Sponsored Products","0.00","CAD"
"2026-01-13","518653489850740","Sponsored Brands","0.00","USD"
"2026-01-25","493216310640409","Sponsored Brands","18.50","USD"
"2026-01-27","480355060288556","Sponsored Products","0.00","AUD"
"2026-01-07","392537273853228","Sponsored Brands","0.00","AUD"
"2026-01-18","291612323170971","Sponsored Products","0.00","CAD"
"2026-01-15","444969564092992","Sponsored Products","0.00","CAD"
"2026-01-28","205764417979436","Sponsored Products","0.00","USD"
"2026-01-03","348184859637636","Sponsored Brands","1.39","USD"
"2026-01-31","402744546317623","Sponsored Brands","0.00","GBP"
"2026-01-14","542395622943712","Sponsored Products","2.10","GBP"
"2026-01-24","336347500415431","Sponsored Products","3.62","USD"
"2026-01-08","360412290312296","Sponsored Brands","1.96","CAD"
"2026-01-01","441888784513828","Sponsored Display","0.70","USD"
"2026-01-07","485543012454911","Sponsored Products","7.70","USD"
"2026-01-31","210638600694486","Sponsored Products","9.49","USD"
"2026-01-15","406964010755868","Sponsored Products","0.00","CAD"
"2026-01-07","423699972104364","Sponsored Brands","18.27","USD"
"2026-01-14","316265693147625","Sponsored Products","0.00","GBP"
"2026-01-17","409249674990450","Sponsored Products","1.28","AUD"
"2026-01-24","455193289976402","Sponsored Products","1.26","USD"
"2026-01-27","263910374759225","Sponsored Products","0.98","CAD"
"2026-01-18","446869334265005","Sponsored Products","0.00","USD"
"2026-01-14","456837390130096","Sponsored Products","0.00","AUD"
"2026-01-04","291060086740958","Sponsored Products","19.68","USD"
"2026-01-07","493216310640409","Sponsored Brands","2.43","USD"
"2026-01-06","280884599605823","Sponsored Products","13.43","USD"
"2026-01-25","541042710567147","Sponsored Products","3.40","USD"
"2026-01-12","353468389499196","Sponsored Brands","0.00","USD"
"2026-01-22","455193289976402","Sponsored Products","0.00","USD"
"2026-01-18","489671557305898","Sponsored Display","1.30","USD"
"2026-01-26","442522120858299","Sponsored Products","0.00","USD"
"2026-01-12","402078469217372","Sponsored Products","21.15","USD"
"2026-01-18","495677195822245","Sponsored Brands","0.00","USD"
"2026-01-11","429216730447678","Sponsored Products","0.00","AUD"
"2026-01-27","455983082050138","Sponsored Products","0.00","CAD"
"2026-01-18","518228166841375","Sponsored Brands","1.51","GBP"
"2026-01-28","482686146435604","Sponsored Brands","1.21","USD"
"2026-01-28","366303362151528","Sponsored Products","0.00","USD"
"2026-01-06","296615200458181","Sponsored Brands","46.19","USD"
"2026-01-07","548511206574211","Sponsored Brands","0.00","AUD"
"2026-01-20","476877916686317","Sponsored Brands","0.00","AUD"
"2026-01-21","461174245552414","Sponsored Products","5.31","AUD"
"2026-01-10","367083122067501","Sponsored Display","0.00","USD"
"2026-01-31","380662946968621","Sponsored Display","0.03","USD"
"2026-01-10","307697977606315","Sponsored Products","0.00","CAD"
"2026-01-29","239677460933975","Sponsored Products","13.38","USD"
"2026-01-23","487908370268380","Sponsored Products","4.69","USD"
"2026-01-08","428914757065848","Sponsored Products","1.24","CAD"
"2026-01-18","350228282296039","Sponsored Products","0.00","USD"
"2026-01-09","451323086678396","Sponsored Products","0.86","USD"
"2026-01-04","494490339894946","Sponsored Products","2.37","USD"
"2026-01-02","494734928633883","Sponsored Brands","11.37","USD"
"2026-01-25","441925918527435","Sponsored Brands","2.56","USD"
"2026-01-07","469814503032884","Sponsored Products","0.00","AUD"
"2026-01-07","536850070634966","Sponsored Products","0.00","GBP"
"2026-01-26","351594278748520","Sponsored Products","0.00","USD"
"2026-01-28","430840323605870","Sponsored Products","0.00","USD"
"2026-01-29","303784488331012","Sponsored Display","1.71","AUD"
"2026-01-08","398859393836995","Sponsored Products","4.83","GBP"
"2026-01-25","384137786867273","Sponsored Products","0.00","USD"
"2026-01-19","485543012454911","Sponsored Products","0.66","USD"
"2026-01-05","373188657935606","Sponsored Products","0.00","AUD"
"2026-01-30","400936883710783","Sponsored Products","0.88","AUD"
"2026-01-20","371021037712738","Sponsored Products","35.50","USD"
"2026-01-27","554517553013265","Sponsored Products","0.00","CAD"
"2026-01-31","397652540263806","Sponsored Products","0.68","CAD"
"2026-01-18","380662946968621","Sponsored Display","5.42","USD"
"2026-01-21","369371745062988","Sponsored Products","0.00","CAD"
"2026-01-02","380787783830601","Sponsored Products","0.00","USD"
"2026-01-12","350228282296039","Sponsored Products","8.31","USD"
"2026-01-06","363579801300326","Sponsored Products","0.00","CAD"
"2026-01-08","532209379687062","Sponsored Display","1.53","GBP"
"2026-01-28","458452283549074","Sponsored Brands","0.00","CAD"
"2026-01-12","461174245552414","Sponsored Products","2.05","AUD"
"2026-01-10","441276644656791","Sponsored Brands","0.00","AUD"
"2026-01-10","322178684810700","Sponsored Products","0.00","USD"
"2026-01-30","383706936707329","Sponsored Brands","0.00","USD"
"2026-01-02","536492240546443","Sponsored Products","0.00","CAD"
"2026-01-19","495677195822245","Sponsored Brands","1.03","USD"
"2026-01-10","280884599605823","Sponsored Products","15.71","USD"
"2026-01-20","458452283549074","Sponsored Brands","0.47","CAD"
"2026-01-24","292726552706968","Sponsored Products","10.59","USD"
"2026-01-17","297335215332435","Sponsored Products","5.20","CAD"
"2026-01-26","360412290312296","Sponsored Brands","0.00","CAD"
"2026-01-22","522533017982048","Sponsored Products","0.00","CAD"
"2026-01-03","491792683377286","Sponsored Products","0.75","USD"
"2026-01-17","461803854184467","Sponsored Products","1.16","CAD"
"2026-01-09","354036750973331","Sponsored Products","2.31","CAD"
"2026-01-07","357384467879967","Sponsored Brands","1.33","USD"
"2026-01-04","452082306058129","Sponsored Brands","3.03","CAD"
"2026-01-31","405261002610411","Sponsored Products","0.00","GBP"
"2026-01-01","551134208715253","Sponsored Products","0.00","AUD"
"2026-01-17","480355060288556","Sponsored Products","0.00","AUD"
"2026-01-24","538771699321102","Sponsored Products","0.00","AUD"
"2026-01-09","398122169001461","Sponsored Products","0.00","AUD"
"2026-01-18","486701736662809","Sponsored Products","0.99","AUD"
"2026-01-10","407444835513369","Sponsored Brands","0.84","CAD"
"2026-01-17","467633236874996","Sponsored Products","0.00","AUD"
"2026-01-16","377578915667002","Sponsored Products","3.15","USD"
"2026-01-02","416822662696131","Sponsored Brands","3.80","USD"
"2026-01-30","562873832621330","Sponsored Products","0.55","GBP"
"2026-01-09","93061813718954","Sponsored Products","7.24","USD"
"2026-01-05","411564343397398","Sponsored Products","5.32","USD"
"2026-01-03","430840323605870","Sponsored Products","0.00","USD"
"2026-01-07","344516434946756","Sponsored Products","0.33","USD"
"2026-01-24","560541401556849","Sponsored Products","0.00","GBP"
"2026-01-07","333188264337958","Sponsored Products","2.63","AUD"
"2026-01-16","518228166841375","Sponsored Brands","1.74","GBP"
"2026-01-05","328392570118308","Sponsored Brands","0.00","AUD"
"2026-01-14","93061813718954","Sponsored Products","5.16","USD"
"2026-01-03","500955748191612","Sponsored Products","0.77","USD"
"2026-01-18","345786769504667","Sponsored Products","3.65","USD"
"2026-01-26","501445692271818","Sponsored Products","1.02","USD"
"2026-01-09","373663567761151","Sponsored Products","0.00","USD"
"2026-01-16","448149727236636","Sponsored Products","1.27","AUD"
"2026-01-01","476511840833684","Sponsored Products","0.00","GBP"
"2026-01-30","464658704178346","Sponsored Brands","17.35","USD"
"2026-01-28","400936883710783","Sponsored Products","6.25","AUD"
"2026-01-18","455688132780953","Sponsored Brands","0.00","USD"
"2026-01-02","365912534680395","Sponsored Products","0.45","GBP"
"2026-01-06","405896045618734","Sponsored Display","0.00","USD"
"2026-01-13","427514193060341","Sponsored Products","0.00","USD"
"2026-01-25","518228166841375","Sponsored Brands","0.83","GBP"
"2026-01-27","340849210853799","Sponsored Products","1.24","USD"
"2026-01-24","555516622120091","Sponsored Brands","0.76","GBP"
"2026-01-05","387735099454991","Sponsored Products","0.00","USD"
"2026-01-22","399703016940832","Sponsored Brands","0.00","CAD"
"2026-01-07","384137786867273","Sponsored Products","0.00","USD"
"2026-01-01","309601314328778","Sponsored Products","0.00","CAD"
"2026-01-03","300354268849742","Sponsored Brands","1.69","CAD"
"2026-01-14","495677195822245","Sponsored Brands","0.00","USD"
"2026-01-30","296615200458181","Sponsored Brands","26.41","USD"
"2026-01-26","327160636077377","Sponsored Products","0.00","USD"
"2026-01-24","363048566293204","Sponsored Brands","0.00","GBP"
"2026-01-07","541042710567147","Sponsored Products","7.42","USD"
"2026-01-03","464658704178346","Sponsored Brands","24.58","USD"
"2026-01-31","318399173824872","Sponsored Products","3.47","GBP"
"2026-01-07","531616041116243","Sponsored Products","0.84","USD"
"2026-01-20","422803050752749","Sponsored Products","0.81","USD"
"2026-01-29","487908370268380","Sponsored Products","0.00","USD"
"2026-01-29","210638600694486","Sponsored Products","40.57","USD"
"2026-01-09","423825131329520","Sponsored Products","16.36","USD"
"2026-01-02","561131507618203","Sponsored Products","3.07","AUD"
"2026-01-04","316018693107855","Sponsored Products","11.98","USD"
"2026-01-23","532503737498489","Sponsored Products","0.00","USD"
"2026-01-18","284235017891966","Sponsored Products","6.42","CAD"
"2026-01-30","560000811916391","Sponsored Brands","1.10","USD"
"2026-01-31","344717374719347","Sponsored Display","0.00","CAD"
"2026-01-13","309601314328778","Sponsored Products","0.00","CAD"
"2026-01-15","346023186686134","Sponsored Brands","2.44","USD"
"2026-01-10","411197191773342","Sponsored Products","0.00","AUD"
"2026-01-28","511509048867805","Sponsored Products","79.03","USD"
"2026-01-21","420797773596938","Sponsored Products","0.00","USD"
"2026-01-23","382536260418493","Sponsored Brands","0.00","USD"
"2026-01-10","382536260418493","Sponsored Brands","1.90","USD"
"2026-01-04","296882349967704","Sponsored Products","6.87","USD"
"2026-01-03","312711508263023","Sponsored Products","1.20","AUD"
"2026-01-20","424600049511604","Sponsored Products","9.05","USD"
"2026-01-26","467986598930085","Sponsored Products","8.10","USD"
"2026-01-15","353468389499196","Sponsored Brands","2.23","USD"
"2026-01-29","279125239605082","Sponsored Products","1.50","USD"
"2026-01-03","495677195822245","Sponsored Brands","1.48","USD"
"2026-01-23","455465774244567","Sponsored Products","0.00","USD"
"2026-01-22","429216730447678","Sponsored Products","0.00","AUD"
"2026-01-25","399857229182854","Sponsored Brands","1.34","GBP"
"2026-01-08","535387208566969","Sponsored Products","0.83","USD"
"2026-01-05","548511206574211","Sponsored Brands","0.00","AUD"
"2026-01-10","522533017982048","Sponsored Products","0.00","CAD"
"2026-01-29","524843805783693","Sponsored Products","0.87","USD"
"2026-01-22","459130146103681","Sponsored Display","0.59","AUD"
"2026-01-08","486969120687335","Sponsored Products","16.94","USD"
"2026-01-19","562857825893299","Sponsored Products","1.63","USD"
"2026-01-08","351594278748520","Sponsored Products","0.00","USD"
"2026-01-06","554517553013265","Sponsored Products","0.00","CAD"
"2026-01-12","386893543852916","Sponsored Products","5.14","CAD"
"2026-01-22","291060086740958","Sponsored Products","12.94","USD"
"2026-01-02","491700931771136","Sponsored Products","0.00","GBP"
"2026-01-07","455688132780953","Sponsored Brands","0.54","USD"
"2026-01-20","560000811916391","Sponsored Brands","2.33","USD"
"2026-01-19","487327596470810","Sponsored Products","0.00","USD"
"2026-01-07","486830706800832","Sponsored Products","0.30","CAD"
"2026-01-07","468484245538664","Sponsored Products","0.00","GBP"
"2026-01-18","502907079288115","Sponsored Products","1.18","CAD"
"2026-01-06","420797773596938","Sponsored Products","0.00","USD"
"2026-01-26","366303362151528","Sponsored Products","0.85","USD"
"2026-01-16","307534770253902","Sponsored Products","0.00","CAD"
"2026-01-09","501445692271818","Sponsored Products","10.44","USD"
"2026-01-25","301972852761247","Sponsored Products","0.00","USD"
"2026-01-22","429345285920060","Sponsored Brands","0.00","GBP"
"2026-01-25","375412452273685","Sponsored Products","7.55","GBP"
"2026-01-31","476511840833684","Sponsored Products","0.65","GBP"
"2026-01-10","349690804752896","Sponsored Products","43.00","USD"
"2026-01-11","189738652799913","Sponsored Brands","0.25","CAD"
"2026-01-17","400936883710783","Sponsored Products","3.23","AUD"
"2026-01-22","371021037712738","Sponsored Products","46.92","USD"
"2026-01-16","427514193060341","Sponsored Products","0.00","USD"
"2026-01-09","439118795538688","Sponsored Brands","0.00","CAD"
"2026-01-08","562873832621330","Sponsored Products","0.00","GBP"
"2026-01-09","476511840833684","Sponsored Products","0.00","GBP"
"2026-01-04","542616313773815","Sponsored Brands","4.06","USD"
"2026-01-24","382536260418493","Sponsored Brands","3.10","USD"
"2026-01-07","551785069524711","Sponsored Products","0.88","USD"
"2026-01-02","439526402269373","Sponsored Products","0.38","GBP"
"2026-01-26","327137186916287","Sponsored Products","0.00","USD"
"2026-01-28","168803396873792","Sponsored Products","7.41","USD"
"2026-01-23","353698807350187","Sponsored Products","0.00","USD"
"2026-01-23","537194794349407","Sponsored Products","1.61","USD"
"2026-01-22","392537273853228","Sponsored Brands","0.00","AUD"
"2026-01-01","454571413921997","Sponsored Products","0.69","GBP"
"2026-01-06","344717374719347","Sponsored Display","0.00","CAD"
"2026-01-10","354484097353439","Sponsored Products","0.79","GBP"
"2026-01-11","530543664696574","Sponsored Products","1.76","AUD"
"2026-01-28","486969120687335","Sponsored Products","16.07","USD"
"2026-01-24","327137186916287","Sponsored Products","3.59","USD"
"2026-01-18","472554317410495","Sponsored Brands","0.00","USD"
"2026-01-06","427514193060341","Sponsored Products","0.00","USD"
"2026-01-26","562857825893299","Sponsored Products","2.32","USD"
"2026-01-15","353698807350187","Sponsored Products","5.36","USD"
"2026-01-28","453503689032806","Sponsored Products","2.00","GBP"
"2026-01-18","516157903732083","Sponsored Products","6.10","GBP"
"2026-01-25","351594278748520","Sponsored Products","0.00","USD"
"2026-01-31","314318800479242","Sponsored Products","0.00","AUD"
"2026-01-14","518228166841375","Sponsored Brands","1.18","GBP"
"2026-01-25","397652540263806","Sponsored Products","0.00","CAD"
"2026-01-24","371623685288534","Sponsored Brands","3.84","GBP"
"2026-01-04","531194039320877","Sponsored Products","0.73","CAD"
"2026-01-03","340849210853799","Sponsored Products","9.23","USD"
"2026-01-19","437016942104478","Sponsored Brands","0.00","CAD"
"2026-01-29","475323940290788","Sponsored Products","0.00","USD"
"2026-01-28","411564343397398","Sponsored Products","3.55","USD"
"2026-01-29","291680855614624","Sponsored Brands","4.11","GBP"
"2026-01-19","493216310640409","Sponsored Brands","19.75","USD"
"2026-01-18","386893543852916","Sponsored Products","5.40","CAD"
"2026-01-27","536850070634966","Sponsored Products","2.27","GBP"
"2026-01-27","419802202221779","Sponsored Products","0.65","CAD"
"2026-01-08","517050919084211","Sponsored Products","0.35","CAD"
"2026-01-31","517050919084211","Sponsored Products","0.45","CAD"
"2026-01-07","351594278748520","Sponsored Products","0.00","USD"
"2026-01-21","419764168918332","Sponsored Brands","0.00","AUD"
"2026-01-24","406487274006731","Sponsored Products","0.00","AUD"
"2026-01-29","501445692271818","Sponsored Products","0.00","USD"
"2026-01-09","424600049511604","Sponsored Products","9.51","USD"
"2026-01-28","189380234928822","Sponsored Products","0.00","USD"
"2026-01-09","546191132663927","Sponsored Brands","1.01","USD"
"2026-01-20","327955853177271","Sponsored Products","10.29","USD"
"2026-01-21","409429087898453","Sponsored Display","0.00","CAD"
"2026-01-20","411564343397398","Sponsored Products","3.65","USD"
"2026-01-18","373188657935606","Sponsored Products","0.00","AUD"
"2026-01-12","487327596470810","Sponsored Products","0.00","USD"
"2026-01-27","387735099454991","Sponsored Products","0.00","USD"
"2026-01-12","441925918527435","Sponsored Brands","6.17","USD"
"2026-01-08","537194794349407","Sponsored Products","0.74","USD"
"2026-01-18","516342953216189","Sponsored Products","2.58","USD"
"2026-01-11","412663623607577","Sponsored Products","0.00","USD"
"2026-01-18","506556070299851","Sponsored Products","0.00","USD"
"2026-01-26","477120010084382","Sponsored Products","9.28","USD"
"2026-01-10","530353594830018","Sponsored Display","0.00","CAD"
"2026-01-02","489671557305898","Sponsored Display","0.14","USD"
"2026-01-24","562873832621330","Sponsored Products","0.00","GBP"
"2026-01-26","406487274006731","Sponsored Products","0.00","AUD"
"2026-01-09","524438997214345","Sponsored Products","2.62","USD"
"2026-01-03","495242868805173","Sponsored Products","0.50","GBP"
"2026-01-03","554029658228344","Sponsored Display","0.00","GBP"
"2026-01-20","419802202221779","Sponsored Products","1.73","CAD"
"2026-01-12","321879822518995","Sponsored Products","0.00","AUD"
"2026-01-27","386893543852916","Sponsored Products","0.00","CAD"
"2026-01-09","375880567146391","Sponsored Display","0.77","AUD"
"2026-01-26","288045582881440","Sponsored Products","0.00","USD"
"2026-01-26","481343337793629","Sponsored Products","0.00","GBP"
"2026-01-10","355940295532015","Sponsored Brands","0.00","AUD"
"2026-01-21","461796416279930","Sponsored Products","1.87","GBP"
"2026-01-30","491366396962687","Sponsored Brands","7.29","USD"
"2026-01-22","366993568403124","Sponsored Products","64.55","USD"
"2026-01-29","83042096012825","Sponsored Products","0.00","USD"
"2026-01-14","505299994018527","Sponsored Products","0.00","CAD"
"2026-01-16","440503817971150","Sponsored Products","7.88","USD"
"2026-01-02","562857825893299","Sponsored Products","8.11","USD"
"2026-01-08","536850070634966","Sponsored Products","1.50","GBP"
"2026-01-05","329222077811459","Sponsored Brands","0.00","GBP"
"2026-01-25","392699328377229","Sponsored Products","0.00","AUD"
"2026-01-28","524438997214345","Sponsored Products","0.45","USD"
"2026-01-04","313102197760283","Sponsored Products","6.75","USD"
"2026-01-12","332000738328227","Sponsored Products","21.13","USD"
"2026-01-06","527711743915708","Sponsored Products","13.82","USD"
"2026-01-19","555625239663839","Sponsored Products","24.53","USD"
"2026-01-05","531187508971652","Sponsored Display","0.01","CAD"
"2026-01-22","506556070299851","Sponsored Products","0.00","USD"
"2026-01-15","441276644656791","Sponsored Brands","0.00","AUD"
"2026-01-21","554517553013265","Sponsored Products","0.00","CAD"
"2026-01-06","387735099454991","Sponsored Products","0.00","USD"
"2026-01-28","310318758176650","Sponsored Products","0.00","CAD"
"2026-01-17","332000738328227","Sponsored Products","15.89","USD"
"2026-01-26","539931100075119","Sponsored Brands","2.64","USD"
"2026-01-02","485543012454911","Sponsored Products","20.61","USD"
"2026-01-10","453239686745418","Sponsored Products","2.59","GBP"
"2026-01-05","477195069585228","Sponsored Products","5.07","USD"
"2026-01-13","263910374759225","Sponsored Products","2.58","CAD"
"2026-01-15","312711508263023","Sponsored Products","0.00","AUD"
"2026-01-28","446701085946014","Sponsored Products","0.00","GBP"
"2026-01-26","434170639918769","Sponsored Brands","1.26","USD"
"2026-01-22","545989665090053","Sponsored Brands","0.17","GBP"
"2026-01-05","463874563272935","Sponsored Brands","0.00","AUD"
"2026-01-19","286855949125211","Sponsored Products","5.79","AUD"
"2026-01-08","443805539282973","Sponsored Brands","1.82","CAD"
"2026-01-29","557738489078024","Sponsored Products","0.00","CAD"
"2026-01-14","307534770253902","Sponsored Products","0.00","CAD"
"2026-01-16","396006036421092","Sponsored Products","0.00","USD"
"2026-01-01","357384467879967","Sponsored Brands","2.29","USD"
"2026-01-07","348184859637636","Sponsored Brands","2.58","USD"
"2026-01-13","387735099454991","Sponsored Products","0.00","USD"
"2026-01-21","555360954347903","Sponsored Products","0.00","CAD"
"2026-01-02","345786769504667","Sponsored Products","0.00","USD"
"2026-01-14","554517553013265","Sponsored Products","0.00","CAD"
"2026-01-21","375412452273685","Sponsored Products","17.10","GBP"
"2026-01-25","309601314328778","Sponsored Products","0.36","CAD"
"2026-01-23","559365035833525","Sponsored Brands","0.00","AUD"
"2026-01-21","300354268849742","Sponsored Brands","0.44","CAD"
"2026-01-21","555379102425019","Sponsored Products","1.79","CAD"
"2026-01-16","392598200964005","Sponsored Products","0.00","CAD"
"2026-01-24","529845821022802","Sponsored Products","0.95","AUD"
"2026-01-18","469814503032884","Sponsored Products","0.00","AUD"
"2026-01-07","441925918527435","Sponsored Brands","17.94","USD"
"2026-01-11","406487274006731","Sponsored Products","0.00","AUD"
"2026-01-04","439663157752722","Sponsored Brands","0.83","USD"
"2026-01-26","336361735801015","Sponsored Products","1.18","USD"
"2026-01-26","375412452273685","Sponsored Products","18.73","GBP"
"2026-01-10","360836238849040","Sponsored Products","0.00","AUD"
"2026-01-12","292726552706968","Sponsored Products","5.41","USD"
"2026-01-08","501445692271818","Sponsored Products","5.01","USD"
"2026-01-21","536850070634966","Sponsored Products","1.09","GBP"
"2026-01-08","375451164709840","Sponsored Products","0.00","GBP"
"2026-01-03","375840213985973","Sponsored Products","0.00","USD"
"2026-01-28","463874563272935","Sponsored Brands","0.00","AUD"
"2026-01-18","471805907077682","Sponsored Products","0.00","USD"
"2026-01-06","354484097353439","Sponsored Products","0.00","GBP"
"2026-01-29","11588448157956","Sponsored Products","0.00","USD"
"2026-01-28","128835884603962","Sponsored Products","0.00","USD"
"2026-01-04","367083122067501","Sponsored Display","0.00","USD"
"2026-01-13","351594278748520","Sponsored Products","1.10","USD"
"2026-01-23","475323940290788","Sponsored Products","4.43","USD"
"2026-01-23","399703016940832","Sponsored Brands","0.00","CAD"
"2026-01-25","454571413921997","Sponsored Products","0.00","GBP"
"2026-01-15","407444835513369","Sponsored Brands","2.56","CAD"
"2026-01-30","373188657935606","Sponsored Products","0.00","AUD"
"2026-01-25","321516368269611","Sponsored Products","0.76","CAD"
"2026-01-12","446701085946014","Sponsored Products","0.00","GBP"
"2026-01-24","476877916686317","Sponsored Brands","4.88","AUD"
"2026-01-31","281110747056753","Sponsored Products","2.00","USD"
"2026-01-31","83042096012825","Sponsored Products","0.00","USD"
"2026-01-02","546618773117950","Sponsored Brands","0.00","AUD"
"2026-01-29","398122169001461","Sponsored Products","2.71","AUD"
"2026-01-08","318399173824872","Sponsored Products","1.17","GBP"
"2026-01-03","511830588245108","Sponsored Products","0.26","GBP"
"2026-01-30","363551194960955","Sponsored Products","0.00","CAD"
"2026-01-31","453187476718269","Sponsored Display","1.39","CAD"
"2026-01-07","338934805167255","Sponsored Products","0.00","USD"
"2026-01-15","442522120858299","Sponsored Products","0.00","USD"
"2026-01-19","461803854184467","Sponsored Products","1.02","CAD"
"2026-01-25","493519110544788","Sponsored Products","6.52","USD"
"2026-01-16","555516622120091","Sponsored Brands","0.71","GBP"
"2026-01-26","541042710567147","Sponsored Products","0.00","USD"
"2026-01-26","555625239663839","Sponsored Products","32.53","USD"
"2026-01-26","440997775738977","Sponsored Products","0.00","AUD"
"2026-01-31","291680855614624","Sponsored Brands","3.54","GBP"
"2026-01-06","522533017982048","Sponsored Products","0.00","CAD"
"2026-01-10","329222077811459","Sponsored Brands","0.00","GBP"
"2026-01-18","301972852761247","Sponsored Products","0.00","USD"
"2026-01-02","373663567761151","Sponsored Products","0.00","USD"
"2026-01-04","373663567761151","Sponsored Products","0.00","USD"
"2026-01-26","551134208715253","Sponsored Products","0.00","AUD"
"2026-01-02","396524009311704","Sponsored Brands","6.46","CAD"
"2026-01-02","331945445153602","Sponsored Products","0.97","GBP"
"2026-01-16","413308568322873","Sponsored Brands","0.00","USD"
"2026-01-02","450215291242396","Sponsored Products","0.00","USD"
"2026-01-16","469438672280657","Sponsored Products","0.00","GBP"
"2026-01-28","137772430611725","Sponsored Products","0.00","USD"
"2026-01-18","397652540263806","Sponsored Products","0.00","CAD"
"2026-01-06","423825131329520","Sponsored Products","8.37","USD"
"2026-01-26","550084596372285","Sponsored Products","0.00","USD"
"2026-01-15","557802220335065","Sponsored Products","0.00","CAD"
"2026-01-27","550084596372285","Sponsored Products","0.00","USD"
"2026-01-23","498217737469979","Sponsored Brands","0.00","USD"
"2026-01-12","320522945603717","Sponsored Brands","0.00","CAD"
"2026-01-22","467633236874996","Sponsored Products","0.00","AUD"
"2026-01-05","380662946968621","Sponsored Display","7.62","USD"
"2026-01-18","320522945603717","Sponsored Brands","0.00","CAD"
"2026-01-24","485543012454911","Sponsored Products","1.56","USD"
"2026-01-03","463570831006082","Sponsored Products","0.00","CAD"
"2026-01-15","428914757065848","Sponsored Products","5.19","CAD"
"2026-01-09","316207062053537","Sponsored Products","0.00","AUD"
"2026-01-30","481343337793629","Sponsored Products","0.00","GBP"
"2026-01-04","406487274006731","Sponsored Products","0.00","AUD"
"2026-01-25","488081803937581","Sponsored Products","0.00","GBP"
"2026-01-08","508144069166640","Sponsored Products","0.00","USD"
"2026-01-11","398122169001461","Sponsored Products","1.19","AUD"
"2026-01-02","411197191773342","Sponsored Products","0.00","AUD"
"2026-01-24","453503689032806","Sponsored Products","0.00","GBP"
"2026-01-19","387735099454991","Sponsored Products","0.00","USD"
"2026-01-05","561131507618203","Sponsored Products","0.00","AUD"
"2026-01-31","316265693147625","Sponsored Products","0.00","GBP"
"2026-01-12","545146961820010","Sponsored Products","1.44","GBP"
"2026-01-19","354484097353439","Sponsored Products","2.20","GBP"
"2026-01-23","342468627864471","Sponsored Products","0.40","GBP"
"2026-01-16","555379102425019","Sponsored Products","3.12","CAD"
"2026-01-15","557814926181675","Sponsored Products","0.00","CAD"
"2026-01-29","548511206574211","Sponsored Brands","0.00","AUD"
"2026-01-29","312632253610695","Sponsored Brands","48.43","USD"
"2026-01-27","327955853177271","Sponsored Products","1.65","USD"
"2026-01-03","351594278748520","Sponsored Products","1.41","USD"
"2026-01-07","381243195375500","Sponsored Products","3.81","USD"
"2026-01-10","422803050752749","Sponsored Products","0.30","USD"
"2026-01-27","423538576850039","Sponsored Products","0.00","AUD"
"2026-01-22","400936883710783","Sponsored Products","4.94","AUD"
"2026-01-25","516157903732083","Sponsored Products","2.11","GBP"
"2026-01-05","428015197375542","Sponsored Products","1.07","AUD"
"2026-01-29","399703016940832","Sponsored Brands","1.06","CAD"
"2026-01-02","526818914182448","Sponsored Products","0.68","GBP"
"2026-01-20","439118795538688","Sponsored Brands","0.00","CAD"
"2026-01-16","476511840833684","Sponsored Products","0.65","GBP"
"2026-01-27","292138679780956","Sponsored Products","0.00","AUD"
"2026-01-31","316207062053537","Sponsored Products","0.00","AUD"
"2026-01-14","514416545593290","Sponsored Products","1.95","USD"
"2026-01-03","458737362224255","Sponsored Products","0.54","GBP"
"2026-01-12","454564300195235","Sponsored Products","3.63","GBP"
"2026-01-27","300894362771504","Sponsored Products","0.00","GBP"
"2026-01-11","377578915667002","Sponsored Products","22.58","USD"
"2026-01-23","557814926181675","Sponsored Products","0.00","CAD"
"2026-01-19","554517553013265","Sponsored Products","0.00","CAD"
"2026-01-22","303784488331012","Sponsored Display","7.42","AUD"
"2026-01-31","454571413921997","Sponsored Products","0.00","GBP"
"2026-01-31","296615200458181","Sponsored Brands","29.38","USD"
"2026-01-10","530543664696574","Sponsored Products","0.07","AUD"
"2026-01-03","453187476718269","Sponsored Display","0.57","CAD"
"2026-01-29","486969120687335","Sponsored Products","1.30","USD"
"2026-01-14","439663157752722","Sponsored Brands","0.35","USD"
"2026-01-09","419764168918332","Sponsored Brands","5.70","AUD"
"2026-01-30","392598200964005","Sponsored Products","0.00","CAD"
"2026-01-20","409429087898453","Sponsored Display","0.30","CAD"
"2026-01-27","310318758176650","Sponsored Products","0.00","CAD"
"2026-01-15","455465774244567","Sponsored Products","0.00","USD"
"2026-01-09","375840213985973","Sponsored Products","0.00","USD"
"2026-01-21","299897583007336","Sponsored Products","13.31","USD"
"2026-01-30","399857229182854","Sponsored Brands","1.39","GBP"
"2026-01-26","327999245273994","Sponsored Brands","3.31","USD"
"2026-01-22","360836238849040","Sponsored Products","0.31","AUD"
"2026-01-10","396524009311704","Sponsored Brands","8.73","CAD"
"2026-01-06","386893543852916","Sponsored Products","0.03","CAD"
"2026-01-13","398122169001461","Sponsored Products","0.43","AUD"
"2026-01-22","434871922933588","Sponsored Brands","0.00","CAD"
"2026-01-03","562857825893299","Sponsored Products","4.10","USD"
"2026-01-11","500955748191612","Sponsored Products","0.00","USD"
"2026-01-29","339568026468029","Sponsored Brands","0.00","CAD"
"2026-01-02","540593023678755","Sponsored Products","2.01","USD"
"2026-01-10","407530123839349","Sponsored Products","0.00","AUD"
"2026-01-25","314318800479242","Sponsored Products","0.73","AUD"
"2026-01-27","367083122067501","Sponsored Display","0.00","USD"
"2026-01-17","541042710567147","Sponsored Products","2.61","USD"
"2026-01-23","523047960784195","Sponsored Products","12.71","USD"
"2026-01-23","411564343397398","Sponsored Products","1.21","USD"
"2026-01-06","453187476718269","Sponsored Display","0.00","CAD"
"2026-01-05","494994223093944","Sponsored Brands","0.00","AUD"
"2026-01-24","429345285920060","Sponsored Brands","4.92","GBP"
"2026-01-31","79620432535917","Sponsored Products","12.46","USD"
"2026-01-31","502907079288115","Sponsored Products","1.68","CAD"
"2026-01-10","477120010084382","Sponsored Products","1.58","USD"
"2026-01-29","316086976315498","Sponsored Brands","0.00","USD"
"2026-01-20","484271755377666","Sponsored Products","0.00","CAD"
"2026-01-16","554029658228344","Sponsored Display","0.00","GBP"
"2026-01-04","491792683377286","Sponsored Products","3.28","USD"
"2026-01-08","373663567761151","Sponsored Products","0.00","USD"
"2026-01-14","497204182729156","Sponsored Brands","0.00","USD"
"2026-01-06","423471492340141","Sponsored Brands","0.83","USD"
"2026-01-11","422803050752749","Sponsored Products","0.00","USD"
"2026-01-06","375412452273685","Sponsored Products","1.78","GBP"
"2026-01-02","338934805167255","Sponsored Products","0.00","USD"
"2026-01-16","411293040066733","Sponsored Products","0.00","GBP"
"2026-01-19","557738489078024","Sponsored Products","0.00","CAD"
"2026-01-28","224639482376841","Sponsored Products","0.00","USD"
"2026-01-10","455510939824845","Sponsored Products","0.95","USD"
"2026-01-30","121446500477002","Sponsored Products","1.26","USD"
"2026-01-07","512730232590991","Sponsored Products","0.00","USD"
"2026-01-26","301972852761247","Sponsored Products","0.00","USD"
"2026-01-16","526735719174751","Sponsored Products","1.05","USD"
"2026-01-17","562763694980171","Sponsored Products","0.00","GBP"
"2026-01-17","328156874590794","Sponsored Brands","1.23","USD"
"2026-01-29","545146961820010","Sponsored Products","1.96","GBP"
"2026-01-09","355737664148283","Sponsored Brands","3.16","USD"
"2026-01-19","455688132780953","Sponsored Brands","0.60","USD"
"2026-01-03","286855949125211","Sponsored Products","3.62","AUD"
"2026-01-28","357384467879967","Sponsored Brands","0.46","USD"
"2026-01-29","495677195822245","Sponsored Brands","0.00","USD"
"2026-01-20","455983082050138","Sponsored Products","0.00","CAD"
"2026-01-20","562873832621330","Sponsored Products","0.33","GBP"
"2026-01-18","318399173824872","Sponsored Products","0.00","GBP"
"2026-01-29","363801591495934","Sponsored Brands","0.00","CAD"
"2026-01-28","455193289976402","Sponsored Products","0.00","USD"
"2026-01-18","419802202221779","Sponsored Products","2.61","CAD"
"2026-01-30","194512325763287","Sponsored Products","0.00","USD"
"2026-01-21","527711743915708","Sponsored Products","34.50","USD"
"2026-01-19","296615200458181","Sponsored Brands","18.99","USD"
"2026-01-07","498311429491057","Sponsored Display","0.01","CAD"
"2026-01-14","436562742415834","Sponsored Products","0.00","GBP"
"2026-01-05","419802202221779","Sponsored Products","1.50","CAD"
"2026-01-05","327160636077377","Sponsored Products","0.00","USD"
"2026-01-30","32030113168570","Sponsored Products","0.00","USD"
"2026-01-26","498217737469979","Sponsored Brands","0.00","USD"
"2026-01-24","307697977606315","Sponsored Products","0.00","CAD"
"2026-01-14","539750977499191","Sponsored Products","0.25","CAD"
"2026-01-25","557814926181675","Sponsored Products","0.00","CAD"
"2026-01-04","496249533315911","Sponsored Brands","0.00","USD"
"2026-01-22","392598200964005","Sponsored Products","1.19","CAD"
"2026-01-02","511830588245108","Sponsored Products","0.81","GBP"
"2026-01-15","263910374759225","Sponsored Products","1.66","CAD"
"2026-01-12","359104344566153","Sponsored Products","0.00","USD"
"2026-01-31","375451164709840","Sponsored Products","1.29","GBP"
"2026-01-01","431503342672607","Sponsored Products","0.00","USD"
"2026-01-19","360412290312296","Sponsored Brands","2.81","CAD"
"2026-01-30","546191132663927","Sponsored Brands","0.00","USD"
"2026-01-18","469438672280657","Sponsored Products","0.53","GBP"
"2026-01-18","347536643859180","Sponsored Products","0.00","GBP"
"2026-01-25","429216730447678","Sponsored Products","0.00","AUD"
"2026-01-29","476877916686317","Sponsored Brands","2.17","AUD"
"2026-01-23","357384467879967","Sponsored Brands","2.08","USD"
"2026-01-10","452082306058129","Sponsored Brands","1.60","CAD"
"2026-01-01","556675911222056","Sponsored Products","0.00","GBP"
"2026-01-18","541042710567147","Sponsored Products","1.70","USD"
"2026-01-30","316207062053537","Sponsored Products","0.00","AUD"
"2026-01-31","555625239663839","Sponsored Products","0.00","USD"
"2026-01-21","382536260418493","Sponsored Brands","2.74","USD"
"2026-01-14","375262111034104","Sponsored Brands","0.00","USD"
"2026-01-28","309601314328778","Sponsored Products","0.18","CAD"
"2026-01-04","531616041116243","Sponsored Products","0.00","USD"
"2026-01-23","558297049226516","Sponsored Brands","0.51","CAD"
"2026-01-06","439118795538688","Sponsored Brands","0.00","CAD"
"2026-01-26","309601314328778","Sponsored Products","0.36","CAD"
"2026-01-19","383486487068158","Sponsored Display","0.23","GBP"
"2026-01-15","336347500415431","Sponsored Products","8.73","USD"
"2026-01-25","398122169001461","Sponsored Products","2.20","AUD"
"2026-01-26","286308132559342","Sponsored Brands","0.00","AUD"
"2026-01-27","292726552706968","Sponsored Products","3.75","USD"
"2026-01-12","495699106211812","Sponsored Products","0.55","AUD"
"2026-01-24","296882349967704","Sponsored Products","17.51","USD"
"2026-01-22","539750977499191","Sponsored Products","7.48","CAD"
"2026-01-01","558297049226516","Sponsored Brands","0.00","CAD"
"2026-01-21","319039175979040","Sponsored Products","0.00","CAD"
"2026-01-14","443207948405482","Sponsored Products","0.14","CAD"
"2026-01-07","440503817971150","Sponsored Products","19.48","USD"
"2026-01-07","476877916686317","Sponsored Brands","0.00","AUD"
"2026-01-23","500955748191612","Sponsored Products","0.00","USD"
"2026-01-21","291060086740958","Sponsored Products","13.57","USD"
"2026-01-29","342468627864471","Sponsored Products","1.45","GBP"
"2026-01-26","291612323170971","Sponsored Products","4.72","CAD"
"2026-01-28","401058364234122","Sponsored Products","1.91","CAD"
"2026-01-04","481128825306762","Sponsored Brands","0.00","USD"
"2026-01-21","394083050171294","Sponsored Products","2.57","USD"
"2026-01-09","344717374719347","Sponsored Display","0.00","CAD"
"2026-01-31","560541401556849","Sponsored Products","0.00","GBP"
"2026-01-14","540593023678755","Sponsored Products","0.00","USD"
"2026-01-11","480355060288556","Sponsored Products","0.00","AUD"
"2026-01-12","439118795538688","Sponsored Brands","0.00","CAD"
"2026-01-12","319039175979040","Sponsored Products","0.30","CAD"
"2026-01-19","542395622943712","Sponsored Products","0.88","GBP"
"2026-01-03","377578915667002","Sponsored Products","47.56","USD"
"2026-01-31","557814926181675","Sponsored Products","0.00","CAD"
"2026-01-02","417350251520986","Sponsored Products","0.00","USD"
"2026-01-20","345230959620455","Sponsored Products","1.10","CAD"
"2026-01-24","318399173824872","Sponsored Products","0.00","GBP"
"2026-01-12","477120010084382","Sponsored Products","2.52","USD"
"2026-01-14","309601314328778","Sponsored Products","0.00","CAD"
"2026-01-17","515637010546761","Sponsored Brands","8.33","USD"
"2026-01-19","377578915667002","Sponsored Products","4.64","USD"
"2026-01-27","491366396962687","Sponsored Brands","5.39","USD"
"2026-01-26","554029658228344","Sponsored Display","0.00","GBP"
"2026-01-20","366616645988820","Sponsored Products","0.00","CAD"
"2026-01-06","440997775738977","Sponsored Products","0.00","AUD"
"2026-01-31","286308132559342","Sponsored Brands","0.00","AUD"
"2026-01-20","288669281122601","Sponsored Products","0.74","AUD"
"2026-01-15","300354268849742","Sponsored Brands","0.00","CAD"
"2026-01-14","556616987602606","Sponsored Products","3.05","USD"
"2026-01-22","397652540263806","Sponsored Products","0.32","CAD"
"2026-01-10","369371745062988","Sponsored Products","0.00","CAD"
"2026-01-09","339568026468029","Sponsored Brands","0.31","CAD"
"2026-01-13","303332324664421","Sponsored Products","0.45","USD"
"2026-01-25","329222077811459","Sponsored Brands","1.75","GBP"
"2026-01-06","558297049226516","Sponsored Brands","0.00","CAD"
"2026-01-20","324740828073799","Sponsored Products","0.00","AUD"
"2026-01-14","367083122067501","Sponsored Display","1.01","USD"
"2026-01-30","536492240546443","Sponsored Products","0.00","CAD"
"2026-01-20","530911335551258","Sponsored Products","0.00","CAD"
"2026-01-27","512730232590991","Sponsored Products","0.00","USD"
"2026-01-16","536850070634966","Sponsored Products","2.62","GBP"
"2026-01-03","303344079444236","Sponsored Brands","0.15","GBP"
"2026-01-11","530353594830018","Sponsored Display","0.85","CAD"
"2026-01-15","518228166841375","Sponsored Brands","2.32","GBP"
"2026-01-31","369371745062988","Sponsored Products","0.00","CAD"
"2026-01-06","562857825893299","Sponsored Products","2.86","USD"
"2026-01-15","539931100075119","Sponsored Brands","2.60","USD"
"2026-01-26","378858058113466","Sponsored Products","1.07","CAD"
"2026-01-09","495699106211812","Sponsored Products","0.00","AUD"
"2026-01-23","342233969782751","Sponsored Products","3.32","USD"
"2026-01-01","545146961820010","Sponsored Products","5.35","GBP"
"2026-01-27","484271755377666","Sponsored Products","0.00","CAD"
"2026-01-28","428914757065848","Sponsored Products","4.36","CAD"
"2026-01-10","429345285920060","Sponsored Brands","0.60","GBP"
"2026-01-08","316207062053537","Sponsored Products","2.29","AUD"
"2026-01-25","366993568403124","Sponsored Products","63.01","USD"
"2026-01-19","299897583007336","Sponsored Products","17.55","USD"
"2026-01-12","400936883710783","Sponsored Products","2.80","AUD"
"2026-01-20","377578915667002","Sponsored Products","4.23","USD"
"2026-01-24","464658704178346","Sponsored Brands","7.83","USD"
"2026-01-12","405261002610411","Sponsored Products","0.00","GBP"
"2026-01-09","436562742415834","Sponsored Products","0.00","GBP"
"2026-01-05","530353594830018","Sponsored Display","0.00","CAD"
"2026-01-22","501445692271818","Sponsored Products","1.02","USD"
"2026-01-06","454992450655768","Sponsored Products","0.49","USD"
"2026-01-20","537194794349407","Sponsored Products","0.00","USD"
"2026-01-02","531616041116243","Sponsored Products","0.93","USD"
"2026-01-30","423447600502988","Sponsored Brands","0.00","CAD"
"2026-01-12","443207948405482","Sponsored Products","0.45","CAD"
"2026-01-22","523047960784195","Sponsored Products","12.54","USD"
"2026-01-05","498217737469979","Sponsored Brands","0.00","USD"
"2026-01-11","455465774244567","Sponsored Products","0.00","USD"
"2026-01-15","424413890381694","Sponsored Products","0.00","USD"
"2026-01-17","531194039320877","Sponsored Products","0.00","CAD"
"2026-01-28","541042710567147","Sponsored Products","0.00","USD"
"2026-01-04","527711743915708","Sponsored Products","42.61","USD"
"2026-01-27","342233969782751","Sponsored Products","3.89","USD"
"2026-01-21","402744546317623","Sponsored Brands","0.00","GBP"
"2026-01-13","487313850471925","Sponsored Brands","0.00","USD"
"2026-01-08","518653489850740","Sponsored Brands","0.00","USD"
"2026-01-07","411293040066733","Sponsored Products","0.55","GBP"
"2026-01-30","546618773117950","Sponsored Brands","0.00","AUD"
"2026-01-09","398718122329444","Sponsored Products","0.00","GBP"
"2026-01-05","286601245904247","Sponsored Products","0.00","CAD"
"2026-01-03","317249860293143","Sponsored Products","1.34","USD"
"2026-01-18","383356525876468","Sponsored Products","0.00","USD"
"2026-01-18","455510939824845","Sponsored Products","0.87","USD"
"2026-01-20","353698807350187","Sponsored Products","0.76","USD"
"2026-01-12","432013629308606","Sponsored Brands","0.63","CAD"
"2026-01-01","562873832621330","Sponsored Products","1.02","GBP"
"2026-01-18","497204182729156","Sponsored Brands","2.47","USD"
"2026-01-10","375880567146391","Sponsored Display","2.33","AUD"
"2026-01-05","299897583007336","Sponsored Products","3.55","USD"
"2026-01-10","350228282296039","Sponsored Products","5.38","USD"
"2026-01-09","556616987602606","Sponsored Products","3.25","USD"
"2026-01-20","536850070634966","Sponsored Products","0.00","GBP"
"2026-01-07","504962652065858","Sponsored Brands","0.00","AUD"
"2026-01-11","409429087898453","Sponsored Display","0.00","CAD"
"2026-01-04","371021037712738","Sponsored Products","20.02","USD"
"2026-01-29","436562742415834","Sponsored Products","0.00","GBP"
"2026-01-04","446869334265005","Sponsored Products","0.00","USD"
"2026-01-04","537407450418588","Sponsored Products","14.62","USD"
"2026-01-16","375880567146391","Sponsored Display","0.00","AUD"
"2026-01-19","509593684638198","Sponsored Brands","4.83","USD"
"2026-01-10","318148591057223","Sponsored Products","0.00","GBP"
"2026-01-06","284096201830626","Sponsored Display","1.04","USD"
"2026-01-27","347536643859180","Sponsored Products","0.00","GBP"
"2026-01-27","378858058113466","Sponsored Products","0.00","CAD"
"2026-01-16","439118795538688","Sponsored Brands","0.00","CAD"
"2026-01-15","446869334265005","Sponsored Products","2.28","USD"
"2026-01-19","419802202221779","Sponsored Products","0.90","CAD"
"2026-01-27","491792683377286","Sponsored Products","3.00","USD"
"2026-01-27","545146961820010","Sponsored Products","0.77","GBP"
"2026-01-22","355737664148283","Sponsored Brands","2.99","USD"
"2026-01-31","202299611765170","Sponsored Products","7.27","USD"
"2026-01-22","291612323170971","Sponsored Products","0.00","CAD"
"2026-01-24","373593607967581","Sponsored Display","0.00","AUD"
"2026-01-24","481343337793629","Sponsored Products","0.24","GBP"
"2026-01-03","189738652799913","Sponsored Brands","1.12","CAD"
"2026-01-20","305150240202410","Sponsored Brands","0.26","USD"
"2026-01-24","284235017891966","Sponsored Products","5.27","CAD"
"2026-01-05","416822662696131","Sponsored Brands","4.19","USD"
"2026-01-08","454564300195235","Sponsored Products","1.90","GBP"
"2026-01-30","476877916686317","Sponsored Brands","4.30","AUD"
"2026-01-18","505299994018527","Sponsored Products","0.00","CAD"
"2026-01-16","557388890025484","Sponsored Products","5.15","USD"
"2026-01-30","216925562826343","Sponsored Products","4.17","USD"
"2026-01-19","476877916686317","Sponsored Brands","0.63","AUD"
"2026-01-09","557388890025484","Sponsored Products","9.87","USD"
"2026-01-24","348537181713557","Sponsored Products","0.00","GBP"
"2026-01-12","539834455179217","Sponsored Products","4.91","USD"
"2026-01-13","455465774244567","Sponsored Products","0.00","USD"
"2026-01-08","441276644656791","Sponsored Brands","0.00","AUD"
"2026-01-08","371604599978031","Sponsored Products","0.00","AUD"
"2026-01-25","562857825893299","Sponsored Products","1.31","USD"
"2026-01-25","373663567761151","Sponsored Products","0.00","USD"
"2026-01-31","504962652065858","Sponsored Brands","0.00","AUD"
"2026-01-01","446701085946014","Sponsored Products","2.06","GBP"
"2026-01-05","348184859637636","Sponsored Brands","0.00","USD"
"2026-01-25","486701736662809","Sponsored Products","0.00","AUD"
"2026-01-25","560541401556849","Sponsored Products","0.55","GBP"
"2026-01-14","354484097353439","Sponsored Products","0.00","GBP"
"2026-01-27","313102197760283","Sponsored Products","17.91","USD"
"2026-01-18","392972027720670","Sponsored Products","0.53","CAD"
"2026-01-30","270513944391898","Sponsored Products","9.83","USD"
"2026-01-16","307922603865773","Sponsored Products","0.00","USD"
"2026-01-25","524438997214345","Sponsored Products","0.00","USD"
"2026-01-07","375840213985973","Sponsored Products","0.00","USD"
"2026-01-30","348537181713557","Sponsored Products","0.00","GBP"
"2026-01-27","291618943691121","Sponsored Brands","0.00","AUD"
"2026-01-25","296882349967704","Sponsored Products","8.94","USD"
"2026-01-20","288086271468562","Sponsored Products","38.72","USD"
"2026-01-20","329222077811459","Sponsored Brands","1.80","GBP"
"2026-01-01","383356525876468","Sponsored Products","0.90","USD"
"2026-01-11","423825131329520","Sponsored Products","16.54","USD"
"2026-01-15","492312442577894","Sponsored Products","3.96","USD"
"2026-01-19","517050919084211","Sponsored Products","0.45","CAD"
"2026-01-04","486162121720882","Sponsored Products","0.65","USD"
"2026-01-04","490007501473330","Sponsored Products","3.90","USD"
"2026-01-05","429345285920060","Sponsored Brands","1.48","GBP"
"2026-01-13","490007501473330","Sponsored Products","4.75","USD"
"2026-01-11","373188657935606","Sponsored Products","0.52","AUD"
"2026-01-06","457705240079738","Sponsored Brands","2.55","GBP"
"2026-01-19","522533017982048","Sponsored Products","0.00","CAD"
"2026-01-24","291612323170971","Sponsored Products","0.00","CAD"
"2026-01-12","338934805167255","Sponsored Products","0.00","USD"
"2026-01-16","366303362151528","Sponsored Products","0.76","USD"
"2026-01-22","398122169001461","Sponsored Products","1.37","AUD"
"2026-01-19","411564343397398","Sponsored Products","3.26","USD"
"2026-01-20","349690804752896","Sponsored Products","38.11","USD"
"2026-01-27","371021037712738","Sponsored Products","51.95","USD"
"2026-01-14","518653489850740","Sponsored Brands","0.00","USD"
"2026-01-24","482686146435604","Sponsored Brands","1.27","USD"
"2026-01-04","380662946968621","Sponsored Display","4.95","USD"
"2026-01-05","475323940290788","Sponsored Products","9.01","USD"
"2026-01-26","324446919049652","Sponsored Products","2.91","USD"
"2026-01-29","402078469217372","Sponsored Products","0.00","USD"
"2026-01-08","479364871682871","Sponsored Products","0.00","USD"
"2026-01-05","491366396962687","Sponsored Brands","3.94","USD"
"2026-01-12","452065263384491","Sponsored Brands","7.11","USD"
"2026-01-12","486830706800832","Sponsored Products","0.00","CAD"
"2026-01-10","530911335551258","Sponsored Products","0.00","CAD"
"2026-01-18","278400043801722","Sponsored Products","0.49","GBP"
"2026-01-14","557738489078024","Sponsored Products","0.00","CAD"
"2026-01-14","463874563272935","Sponsored Brands","0.97","AUD"
"2026-01-31","286855949125211","Sponsored Products","7.60","AUD"
"2026-01-05","486701736662809","Sponsored Products","2.42","AUD"
"2026-01-07","331897417467946","Sponsored Brands","0.00","GBP"
"2026-01-16","346023186686134","Sponsored Brands","0.00","USD"
"2026-01-20","454564300195235","Sponsored Products","1.95","GBP"
"2026-01-07","413308568322873","Sponsored Brands","0.00","USD"
"2026-01-13","336361735801015","Sponsored Products","1.11","USD"
"2026-01-23","431503342672607","Sponsored Products","0.00","USD"
"2026-01-19","471805907077682","Sponsored Products","0.00","USD"
"2026-01-08","455510939824845","Sponsored Products","0.00","USD"
"2026-01-19","93061813718954","Sponsored Products","15.79","USD"
"2026-01-15","381948820461821","Sponsored Brands","0.00","USD"
"2026-01-12","344516434946756","Sponsored Products","0.90","USD"
"2026-01-04","477846512499333","Sponsored Brands","0.00","USD"
"2026-01-09","444969564092992","Sponsored Products","0.00","CAD"
"2026-01-17","367083122067501","Sponsored Display","0.00","USD"
"2026-01-15","495677195822245","Sponsored Brands","0.46","USD"
"2026-01-18","292726552706968","Sponsored Products","8.84","USD"
"2026-01-16","558297049226516","Sponsored Brands","0.00","CAD"
"2026-01-22","327955853177271","Sponsored Products","4.54","USD"
"2026-01-03","371604599978031","Sponsored Products","0.00","AUD"
"2026-01-14","288669281122601","Sponsored Products","0.00","AUD"
"2026-01-16","532503737498489","Sponsored Products","0.00","USD"
"2026-01-11","517050919084211","Sponsored Products","0.45","CAD"
"2026-01-01","375880567146391","Sponsored Display","1.34","AUD"
"2026-01-04","487313850471925","Sponsored Brands","2.79","USD"
"2026-01-01","467986598930085","Sponsored Products","24.34","USD"
"2026-01-16","327999245273994","Sponsored Brands","1.44","USD"
"2026-01-26","373663567761151","Sponsored Products","0.00","USD"
"2026-01-12","312632253610695","Sponsored Brands","86.22","USD"
"2026-01-24","523047960784195","Sponsored Products","12.84","USD"
"2026-01-29","266158523203302","Sponsored Products","0.00","USD"
"2026-01-29","206968068657618","Sponsored Products","0.00","USD"
"2026-01-17","378858058113466","Sponsored Products","0.98","CAD"
"2026-01-16","428015197375542","Sponsored Products","0.00","AUD"
"2026-01-23","355737664148283","Sponsored Brands","0.45","USD"
"2026-01-25","555516622120091","Sponsored Brands","0.32","GBP"
"2026-01-05","399703016940832","Sponsored Brands","0.00","CAD"
"2026-01-28","396524009311704","Sponsored Brands","5.37","CAD"
"2026-01-05","556675911222056","Sponsored Products","0.00","GBP"
"2026-01-22","499207203040639","Sponsored Products","0.00","USD"
"2026-01-11","296882349967704","Sponsored Products","23.12","USD"
"2026-01-19","486830706800832","Sponsored Products","0.00","CAD"
"2026-01-27","538699937906302","Sponsored Products","0.00","USD"
"2026-01-17","396006036421092","Sponsored Products","0.00","USD"
"2026-01-02","342157027477562","Sponsored Products","18.24","USD"
"2026-01-25","530353594830018","Sponsored Display","0.35","CAD"
"2026-01-01","459130146103681","Sponsored Display","1.11","AUD"
"2026-01-09","317413414518930","Sponsored Products","0.00","GBP"
"2026-01-17","476877916686317","Sponsored Brands","0.00","AUD"
"2026-01-21","482686146435604","Sponsored Brands","2.54","USD"
"2026-01-26","530911335551258","Sponsored Products","0.00","CAD"
"2026-01-02","313102197760283","Sponsored Products","12.79","USD"
"2026-01-20","401058364234122","Sponsored Products","1.57","CAD"
"2026-01-15","455688132780953","Sponsored Brands","0.00","USD"
"2026-01-13","423825131329520","Sponsored Products","16.64","USD"
"2026-01-17","313102197760283","Sponsored Products","6.54","USD"
"2026-01-17","455510939824845","Sponsored Products","1.10","USD"
"2026-01-19","560000811916391","Sponsored Brands","2.17","USD"
"2026-01-08","348184859637636","Sponsored Brands","0.24","USD"
"2026-01-12","423538576850039","Sponsored Products","0.00","AUD"
"2026-01-11","307922603865773","Sponsored Products","8.14","USD"
"2026-01-15","327160636077377","Sponsored Products","0.00","USD"
"2026-01-29","494896120843036","Sponsored Products","0.00","USD"
"2026-01-25","288669281122601","Sponsored Products","0.00","AUD"
"2026-01-11","476511840833684","Sponsored Products","0.00","GBP"
"2026-01-28","467986598930085","Sponsored Products","11.51","USD"
"2026-01-12","394083050171294","Sponsored Products","3.12","USD"
"2026-01-30","532209379687062","Sponsored Display","1.59","GBP"
"2026-01-01","473740316381787","Sponsored Products","11.48","GBP"
"2026-01-19","400050759741035","Sponsored Products","0.00","USD"
"2026-01-07","439118795538688","Sponsored Brands","0.00","CAD"
"2026-01-01","407530123839349","Sponsored Products","0.00","AUD"
"2026-01-05","296615200458181","Sponsored Brands","35.89","USD"
"2026-01-21","375880567146391","Sponsored Display","0.75","AUD"
"2026-01-29","489671557305898","Sponsored Display","0.00","USD"
"2026-01-02","291612323170971","Sponsored Products","2.22","CAD"
"2026-01-29","402744546317623","Sponsored Brands","1.26","GBP"
"2026-01-16","530353594830018","Sponsored Display","0.73","CAD"
"2026-01-19","432013629308606","Sponsored Brands","7.30","CAD"
"2026-01-04","400220148801129","Sponsored Products","0.38","GBP"
"2026-01-10","309978526979947","Sponsored Products","0.00","USD"
"2026-01-26","450215291242396","Sponsored Products","0.00","USD"
"2026-01-16","463570831006082","Sponsored Products","0.00","CAD"
"2026-01-18","453503689032806","Sponsored Products","0.45","GBP"
"2026-01-28","386893543852916","Sponsored Products","2.29","CAD"
"2026-01-28","255100442617527","Sponsored Products","0.00","USD"
"2026-01-09","422044464968254","Sponsored Products","7.16","GBP"
"2026-01-17","498217737469979","Sponsored Brands","0.86","USD"
"2026-01-23","359104344566153","Sponsored Products","0.00","USD"
"2026-01-11","339568026468029","Sponsored Brands","0.45","CAD"
"2026-01-18","464658704178346","Sponsored Brands","16.11","USD"
"2026-01-20","498217737469979","Sponsored Brands","0.00","USD"
"2026-01-19","291618943691121","Sponsored Brands","0.55","AUD"
"2026-01-29","492312442577894","Sponsored Products","0.00","USD"
"2026-01-29","536186527693818","Sponsored Products","0.00","USD"
"2026-01-09","367083122067501","Sponsored Display","0.00","USD"
"2026-01-01","538737001972988","Sponsored Brands","0.00","USD"
"2026-01-23","322178684810700","Sponsored Products","0.00","USD"
"2026-01-12","441276644656791","Sponsored Brands","0.00","AUD"
"2026-01-16","521187964040554","Sponsored Products","0.00","CAD"
"2026-01-26","293287193628180","Sponsored Brands","0.00","GBP"
"2026-01-09","345786769504667","Sponsored Products","1.70","USD"
"2026-01-24","511519443187302","Sponsored Products","4.93","GBP"
"2026-01-08","316086976315498","Sponsored Brands","1.46","USD"
"2026-01-05","494734928633883","Sponsored Brands","0.20","USD"
"2026-01-15","286308132559342","Sponsored Brands","0.00","AUD"
"2026-01-09","540593023678755","Sponsored Products","1.85","USD"
"2026-01-15","324740828073799","Sponsored Products","0.00","AUD"
"2026-01-24","484271755377666","Sponsored Products","0.00","CAD"
"2026-01-28","440997775738977","Sponsored Products","0.00","AUD"
"2026-01-17","348537181713557","Sponsored Products","0.24","GBP"
"2026-01-02","482686146435604","Sponsored Brands","6.81","USD"
"2026-01-19","546191132663927","Sponsored Brands","1.50","USD"
"2026-01-18","428914757065848","Sponsored Products","9.26","CAD"
"2026-01-27","396524009311704","Sponsored Brands","4.19","CAD"
"2026-01-10","450215291242396","Sponsored Products","0.00","USD"
"2026-01-28","439118795538688","Sponsored Brands","0.00","CAD"
"2026-01-29","276797522102375","Sponsored Products","32.87","USD"
"2026-01-23","509593684638198","Sponsored Brands","4.81","USD"
"2026-01-01","348537181713557","Sponsored Products","0.00","GBP"
"2026-01-12","327999245273994","Sponsored Brands","6.92","USD"
"2026-01-13","317413414518930","Sponsored Products","0.69","GBP"
"2026-01-24","546618773117950","Sponsored Brands","0.00","AUD"
"2026-01-15","546618773117950","Sponsored Brands","0.00","AUD"
"2026-01-02","318148591057223","Sponsored Products","1.60","GBP"
"2026-01-29","94121140300347","Sponsored Products","2.61","USD"
"2026-01-22","531616041116243","Sponsored Products","1.13","USD"
"2026-01-21","352761064226908","Sponsored Brands","0.00","CAD"
"2026-01-20","557388890025484","Sponsored Products","2.24","USD"
"2026-01-27","316207062053537","Sponsored Products","0.00","AUD"
"2026-01-24","560000811916391","Sponsored Brands","2.49","USD"
"2026-01-04","396006036421092","Sponsored Products","0.00","USD"
"2026-01-16","408719546145761","Sponsored Products","2.48","USD"
"2026-01-10","399857229182854","Sponsored Brands","6.21","GBP"
"2026-01-03","93061813718954","Sponsored Products","5.87","USD"
"2026-01-02","344717374719347","Sponsored Display","0.00","CAD"
"2026-01-21","526735719174751","Sponsored Products","0.00","USD"
"2026-01-22","494994223093944","Sponsored Brands","1.43","AUD"
"2026-01-01","303784488331012","Sponsored Display","0.00","AUD"
"2026-01-06","331945445153602","Sponsored Products","0.52","GBP"
"2026-01-16","409429087898453","Sponsored Display","0.00","CAD"
"2026-01-15","500955748191612","Sponsored Products","1.54","USD"
"2026-01-15","524843805783693","Sponsored Products","0.90","USD"
"2026-01-31","409249674990450","Sponsored Products","0.99","AUD"
"2026-01-19","431386932028495","Sponsored Products","12.42","USD"
"2026-01-07","505299994018527","Sponsored Products","0.00","CAD"
"2026-01-14","453239686745418","Sponsored Products","1.85","GBP"
"2026-01-28","313102197760283","Sponsored Products","6.53","USD"
"2026-01-22","486830706800832","Sponsored Products","0.00","CAD"
"2026-01-02","436562742415834","Sponsored Products","0.00","GBP"
"2026-01-21","407346576799567","Sponsored Products","0.00","AUD"
"2026-01-27","291194333337791","Sponsored Products","0.00","USD"
"2026-01-14","488650993039900","Sponsored Brands","1.28","USD"
"2026-01-13","536850070634966","Sponsored Products","0.78","GBP"
"2026-01-01","399629340308947","Sponsored Brands","2.45","AUD"
"2026-01-18","557802220335065","Sponsored Products","0.90","CAD"
"2026-01-31","32571611634774","Sponsored Products","0.90","USD"
"2026-01-09","399857229182854","Sponsored Brands","3.59","GBP"
"2026-01-19","517771475884325","Sponsored Brands","0.00","USD"
"2026-01-27","405261002610411","Sponsored Products","0.00","GBP"
"2026-01-07","342233969782751","Sponsored Products","5.09","USD"
"2026-01-26","414778030564989","Sponsored Products","0.50","GBP"
"2026-01-09","342233969782751","Sponsored Products","2.46","USD"
"2026-01-18","428015197375542","Sponsored Products","0.00","AUD"
"2026-01-13","354591663011981","Sponsored Brands","4.14","USD"
"2026-01-11","378858058113466","Sponsored Products","1.41","CAD"
"2026-01-13","419764168918332","Sponsored Brands","2.42","AUD"
"2026-01-06","327955853177271","Sponsored Products","7.48","USD"
"2026-01-29","469438672280657","Sponsored Products","0.00","GBP"
"2026-01-29","411564343397398","Sponsored Products","0.00","USD"
"2026-01-13","293195244233089","Sponsored Products","5.32","USD"
"2026-01-22","291680855614624","Sponsored Brands","0.91","GBP"
"2026-01-02","402078469217372","Sponsored Products","12.50","USD"
"2026-01-30","530353594830018","Sponsored Display","0.00","CAD"
"2026-01-27","317413414518930","Sponsored Products","0.00","GBP"
"2026-01-24","381948820461821","Sponsored Brands","0.00","USD"
"2026-01-05","494896120843036","Sponsored Products","0.00","USD"
"2026-01-18","414778030564989","Sponsored Products","0.26","GBP"
"2026-01-28","540593023678755","Sponsored Products","1.13","USD"
"2026-01-27","359104344566153","Sponsored Products","0.00","USD"
"2026-01-01","278400043801722","Sponsored Products","1.88","GBP"
"2026-01-19","327999245273994","Sponsored Brands","2.27","USD"
"2026-01-07","412362697167927","Sponsored Products","0.00","GBP"
"2026-01-01","511509048867805","Sponsored Products","62.73","USD"
"2026-01-26","554517553013265","Sponsored Products","0.00","CAD"
"2026-01-09","309601314328778","Sponsored Products","0.18","CAD"
"2026-01-17","539834455179217","Sponsored Products","0.33","USD"
"2026-01-22","469814503032884","Sponsored Products","0.00","AUD"
"2026-01-05","348537181713557","Sponsored Products","0.00","GBP"
"2026-01-26","300354268849742","Sponsored Brands","0.65","CAD"
"2026-01-08","531187508971652","Sponsored Display","0.00","CAD"
"2026-01-16","557802220335065","Sponsored Products","1.79","CAD"
"2026-01-03","482686146435604","Sponsored Brands","6.58","USD"
"2026-01-13","464658704178346","Sponsored Brands","6.90","USD"
"2026-01-29","464658704178346","Sponsored Brands","12.80","USD"
"2026-01-27","477846512499333","Sponsored Brands","0.00","USD"
"2026-01-18","298636506131156","Sponsored Brands","2.09","AUD"
"2026-01-24","396006036421092","Sponsored Products","0.00","USD"
"2026-01-18","408719546145761","Sponsored Products","0.54","USD"
"2026-01-06","411564343397398","Sponsored Products","1.82","USD"
"2026-01-26","316265693147625","Sponsored Products","0.00","GBP"
"2026-01-17","481343337793629","Sponsored Products","0.00","GBP"
"2026-01-17","501445692271818","Sponsored Products","0.00","USD"
"2026-01-08","488081803937581","Sponsored Products","0.20","GBP"
"2026-01-27","377578915667002","Sponsored Products","8.34","USD"
"2026-01-04","423699972104364","Sponsored Brands","9.45","USD"
"2026-01-05","424413890381694","Sponsored Products","0.00","USD"
"2026-01-22","363551194960955","Sponsored Products","0.00","CAD"
"2026-01-26","309978526979947","Sponsored Products","0.00","USD"
"2026-01-09","536186527693818","Sponsored Products","14.91","USD"
"2026-01-16","291194333337791","Sponsored Products","0.00","USD"
"2026-01-13","296882349967704","Sponsored Products","12.53","USD"
"2026-01-23","432312765744113","Sponsored Products","0.00","USD"
"2026-01-23","407444835513369","Sponsored Brands","0.89","CAD"
"2026-01-12","384986795476042","Sponsored Brands","0.74","CAD"
"2026-01-07","453187476718269","Sponsored Display","0.00","CAD"
"2026-01-17","448149727236636","Sponsored Products","0.00","AUD"
"2026-01-21","495677195822245","Sponsored Brands","0.00","USD"
"2026-01-09","308606443975325","Sponsored Display","0.00","AUD"
"2026-01-30","487313850471925","Sponsored Brands","0.00","USD"
"2026-01-08","342233969782751","Sponsored Products","3.28","USD"
"2026-01-08","487908370268380","Sponsored Products","6.54","USD"
"2026-01-03","286601245904247","Sponsored Products","0.59","CAD"
"2026-01-25","484239021223334","Sponsored Products","0.00","AUD"
"2026-01-29","366616645988820","Sponsored Products","0.00","CAD"
"2026-01-28","417350251520986","Sponsored Products","0.00","USD"
"2026-01-28","94121140300347","Sponsored Products","0.00","USD"
"2026-01-23","280884599605823","Sponsored Products","11.35","USD"
"2026-01-18","360412290312296","Sponsored Brands","7.72","CAD"
"2026-01-27","375412452273685","Sponsored Products","7.70","GBP"
"2026-01-30","276488907454289","Sponsored Products","0.00","USD"
"2026-01-26","531187508971652","Sponsored Display","0.20","CAD"
"2026-01-29","461174245552414","Sponsored Products","2.85","AUD"
"2026-01-06","499207203040639","Sponsored Products","2.26","USD"
"2026-01-23","384137786867273","Sponsored Products","0.00","USD"
"2026-01-10","562763694980171","Sponsored Products","0.00","GBP"
"2026-01-22","307922603865773","Sponsored Products","5.93","USD"
"2026-01-22","305150240202410","Sponsored Brands","0.29","USD"
"2026-01-23","318148591057223","Sponsored Products","0.00","GBP"
"2026-01-31","186804517918072","Sponsored Products","4.38","USD"
"2026-01-03","321516368269611","Sponsored Products","0.00","CAD"
"2026-01-02","407346576799567","Sponsored Products","0.00","AUD"
"2026-01-18","542333703103187","Sponsored Products","0.21","AUD"
"2026-01-26","486701736662809","Sponsored Products","2.41","AUD"
"2026-01-13","441925918527435","Sponsored Brands","6.72","USD"
"2026-01-19","431503342672607","Sponsored Products","0.00","USD"
"2026-01-08","353468389499196","Sponsored Brands","1.91","USD"
"2026-01-27","463570831006082","Sponsored Products","0.00","CAD"
"2026-01-22","359104344566153","Sponsored Products","0.00","USD"
"2026-01-22","357384467879967","Sponsored Brands","1.74","USD"
"2026-01-22","381948820461821","Sponsored Brands","1.87","USD"
"2026-01-29","310318758176650","Sponsored Products","0.70","CAD"
"2026-01-22","312711508263023","Sponsored Products","0.00","AUD"
"2026-01-16","545989665090053","Sponsored Brands","1.03","GBP"
"2026-01-14","471805907077682","Sponsored Products","3.93","USD"
"2026-01-09","518228166841375","Sponsored Brands","0.00","GBP"
"2026-01-13","542333703103187","Sponsored Products","0.00","AUD"
"2026-01-22","422803050752749","Sponsored Products","0.00","USD"
"2026-01-18","291618943691121","Sponsored Brands","0.00","AUD"
"2026-01-10","402078469217372","Sponsored Products","15.95","USD"
"2026-01-26","354036750973331","Sponsored Products","5.87","CAD"
"2026-01-21","284096201830626","Sponsored Display","0.00","USD"
"2026-01-15","453239686745418","Sponsored Products","2.15","GBP"
"2026-01-17","284096201830626","Sponsored Display","0.80","USD"
"2026-01-25","381948820461821","Sponsored Brands","0.00","USD"
"2026-01-08","490007501473330","Sponsored Products","0.92","USD"
"2026-01-09","454564300195235","Sponsored Products","3.35","GBP"
"2026-01-04","428914757065848","Sponsored Products","3.46","CAD"
"2026-01-11","482686146435604","Sponsored Brands","2.94","USD"
"2026-01-20","500955748191612","Sponsored Products","1.04","USD"
"2026-01-02","538771699321102","Sponsored Products","0.00","AUD"
"2026-01-28","378858058113466","Sponsored Products","0.53","CAD"
"2026-01-21","296882349967704","Sponsored Products","18.15","USD"
"2026-01-31","293287193628180","Sponsored Brands","0.00","GBP"
"2026-01-12","428015197375542","Sponsored Products","0.68","AUD"
"2026-01-10","541042710567147","Sponsored Products","2.00","USD"
"2026-01-17","291612323170971","Sponsored Products","0.00","CAD"
"2026-01-04","301972852761247","Sponsored Products","0.00","USD"
"2026-01-01","439190542974029","Sponsored Brands","10.72","USD"
"2026-01-16","551134208715253","Sponsored Products","0.00","AUD"
"2026-01-09","452065263384491","Sponsored Brands","7.12","USD"
"2026-01-15","479364871682871","Sponsored Products","10.80","USD"
"2026-01-29","452065263384491","Sponsored Brands","4.33","USD"
"2026-01-27","451323086678396","Sponsored Products","0.84","USD"
"2026-01-25","284235017891966","Sponsored Products","5.30","CAD"
"2026-01-12","392699328377229","Sponsored Products","0.00","AUD"
"2026-01-08","396524009311704","Sponsored Brands","2.95","CAD"
"2026-01-20","489671557305898","Sponsored Display","0.06","USD"
"2026-01-26","359104344566153","Sponsored Products","0.00","USD"
"2026-01-26","336347500415431","Sponsored Products","0.00","USD"
"2026-01-10","386920533914758","Sponsored Brands","0.00","CAD"
"2026-01-12","483182403867537","Sponsored Products","1.99","USD"
"2026-01-31","494590942145867","Sponsored Products","33.85","CAD"
"2026-01-03","452065263384491","Sponsored Brands","3.25","USD"
"2026-01-29","428015197375542","Sponsored Products","0.61","AUD"
"2026-01-25","553804041062258","Sponsored Products","0.00","USD"
"2026-01-30","271780514756108","Sponsored Products","5.70","USD"
"2026-01-06","304676183651349","Sponsored Products","0.24","USD"
"2026-01-19","373188657935606","Sponsored Products","0.30","AUD"
"2026-01-30","396524009311704","Sponsored Brands","2.44","CAD"
"2026-01-17","378095244761436","Sponsored Products","0.00","USD"
"2026-01-30","455688132780953","Sponsored Brands","2.28","USD"
"2026-01-05","417350251520986","Sponsored Products","0.00","USD"
"2026-01-01","427514193060341","Sponsored Products","0.00","USD"
"2026-01-18","491770987077396","Sponsored Products","31.53","USD"
"2026-01-26","321516368269611","Sponsored Products","0.36","CAD"
"2026-01-24","511828144987995","Sponsored Products","2.88","GBP"
"2026-01-19","531194039320877","Sponsored Products","0.00","CAD"
"2026-01-26","538771699321102","Sponsored Products","0.00","AUD"
"2026-01-09","557738489078024","Sponsored Products","0.00","CAD"
"2026-01-01","459488439760934","Sponsored Products","0.00","GBP"
"2026-01-18","458452283549074","Sponsored Brands","0.76","CAD"
"2026-01-15","455622109943339","Sponsored Products","0.46","AUD"
"2026-01-03","325883174926875","Sponsored Brands","3.48","USD"
"2026-01-27","491770987077396","Sponsored Products","30.45","USD"
"2026-01-25","369371745062988","Sponsored Products","0.00","CAD"
"2026-01-23","354484097353439","Sponsored Products","0.00","GBP"
"2026-01-06","398859393836995","Sponsored Products","4.28","GBP"
"2026-01-17","383486487068158","Sponsored Display","0.47","GBP"
"2026-01-02","431386932028495","Sponsored Products","11.96","USD"
"2026-01-07","398859393836995","Sponsored Products","7.60","GBP"
"2026-01-09","469438672280657","Sponsored Products","0.00","GBP"
"2026-01-24","299897583007336","Sponsored Products","14.66","USD"
"2026-01-27","521187964040554","Sponsored Products","0.82","CAD"
"2026-01-31","455688132780953","Sponsored Brands","25.12","USD"
"2026-01-18","523047960784195","Sponsored Products","12.67","USD"
"2026-01-10","555625239663839","Sponsored Products","15.14","USD"
"2026-01-13","371021037712738","Sponsored Products","54.43","USD"
"2026-01-26","441925918527435","Sponsored Brands","2.83","USD"
"2026-01-18","286601245904247","Sponsored Products","0.00","CAD"
"2026-01-07","366303362151528","Sponsored Products","1.20","USD"
"2026-01-29","371623685288534","Sponsored Brands","0.90","GBP"
"2026-01-13","539931100075119","Sponsored Brands","0.92","USD"
"2026-01-17","454992450655768","Sponsored Products","0.00","USD"
"2026-01-17","324446919049652","Sponsored Products","6.14","USD"
"2026-01-08","398718122329444","Sponsored Products","0.24","GBP"
"2026-01-24","559365035833525","Sponsored Brands","0.00","AUD"
"2026-01-29","408719546145761","Sponsored Products","0.00","USD"
"2026-01-08","300894362771504","Sponsored Products","0.00","GBP"
"2026-01-14","422044464968254","Sponsored Products","4.62","GBP"
"2026-01-08","455983082050138","Sponsored Products","1.22","CAD"
"2026-01-06","327137186916287","Sponsored Products","0.00","USD"
"2026-01-01","392598200964005","Sponsored Products","0.00","CAD"
"2026-01-13","500955748191612","Sponsored Products","0.77","USD"
"2026-01-09","297446437541925","Sponsored Products","23.54","USD"
"2026-01-15","467986598930085","Sponsored Products","14.05","USD"
"2026-01-14","359104344566153","Sponsored Products","1.05","USD"
"2026-01-22","458452283549074","Sponsored Brands","0.00","CAD"
"2026-01-12","555379102425019","Sponsored Products","0.00","CAD"
"2026-01-27","327323455598643","Sponsored Products","0.00","GBP"
"2026-01-19","495242868805173","Sponsored Products","1.75","GBP"
"2026-01-22","502907079288115","Sponsored Products","1.77","CAD"
"2026-01-03","486969120687335","Sponsored Products","19.21","USD"
"2026-01-01","494896120843036","Sponsored Products","0.00","USD"
"2026-01-26","558782683947956","Sponsored Products","0.00","CAD"
"2026-01-15","469814503032884","Sponsored Products","0.00","AUD"
"2026-01-28","278400043801722","Sponsored Products","0.00","GBP"
"2026-01-29","292138679780956","Sponsored Products","0.00","AUD"
"2026-01-25","309978526979947","Sponsored Products","0.00","USD"
"2026-01-30","378771240092800","Sponsored Products","0.00","AUD"
"2026-01-12","409249674990450","Sponsored Products","0.00","AUD"
"2026-01-07","537407450418588","Sponsored Products","7.89","USD"
"2026-01-21","557738489078024","Sponsored Products","0.00","CAD"
"2026-01-29","453239686745418","Sponsored Products","0.56","GBP"
"2026-01-29","297446437541925","Sponsored Products","0.00","USD"
"2026-01-23","380662946968621","Sponsored Display","13.07","USD"
"2026-01-15","493216310640409","Sponsored Brands","20.32","USD"
"2026-01-10","377578915667002","Sponsored Products","20.62","USD"
"2026-01-17","530353594830018","Sponsored Display","0.41","CAD"
"2026-01-05","558297049226516","Sponsored Brands","0.00","CAD"
"2026-01-12","469814503032884","Sponsored Products","0.00","AUD"
"2026-01-22","382536260418493","Sponsored Brands","0.94","USD"
"2026-01-02","340849210853799","Sponsored Products","8.79","USD"
"2026-01-09","487327596470810","Sponsored Products","0.80","USD"
"2026-01-06","378771240092800","Sponsored Products","0.00","AUD"
"2026-01-17","558801050351146","Sponsored Brands","0.10","AUD"
"2026-01-13","488078103319545","Sponsored Brands","0.00","USD"
"2026-01-25","354484097353439","Sponsored Products","0.00","GBP"
"2026-01-22","512730232590991","Sponsored Products","1.61","USD"
"2026-01-01","471805907077682","Sponsored Products","0.00","USD"
"2026-01-08","381243195375500","Sponsored Products","0.95","USD"
"2026-01-20","291618943691121","Sponsored Brands","0.00","AUD"
"2026-01-13","454571413921997","Sponsored Products","0.00","GBP"
"2026-01-12","453239686745418","Sponsored Products","3.78","GBP"
"2026-01-22","546641048554747","Sponsored Products","0.00","USD"
"2026-01-03","475621849553010","Sponsored Brands","0.00","CAD"
"2026-01-11","490007501473330","Sponsored Products","3.89","USD"
"2026-01-19","452082306058129","Sponsored Brands","0.00","CAD"
"2026-01-20","336347500415431","Sponsored Products","7.83","USD"
"2026-01-12","424600049511604","Sponsored Products","9.79","USD"
"2026-01-13","291060086740958","Sponsored Products","0.00","USD"
"2026-01-14","494994223093944","Sponsored Brands","0.00","AUD"
"2026-01-31","292138679780956","Sponsored Products","0.00","AUD"
"2026-01-10","482686146435604","Sponsored Brands","4.72","USD"
"2026-01-13","494994223093944","Sponsored Brands","0.00","AUD"
"2026-01-28","367083122067501","Sponsored Display","5.24","USD"
"2026-01-22","455510939824845","Sponsored Products","0.18","USD"
"2026-01-15","291060086740958","Sponsored Products","14.92","USD"
"2026-01-29","301972852761247","Sponsored Products","0.00","USD"
"2026-01-15","398122169001461","Sponsored Products","0.00","AUD"
"2026-01-14","363579801300326","Sponsored Products","0.00","CAD"
"2026-01-08","467986598930085","Sponsored Products","13.43","USD"
"2026-01-25","446701085946014","Sponsored Products","0.00","GBP"
"2026-01-23","542616313773815","Sponsored Brands","1.45","USD"
"2026-01-22","411197191773342","Sponsored Products","0.00","AUD"
"2026-01-06","531194039320877","Sponsored Products","0.00","CAD"
"2026-01-19","386920533914758","Sponsored Brands","0.00","CAD"
"2026-01-02","369615938436026","Sponsored Products","0.00","USD"
"2026-01-13","481343337793629","Sponsored Products","0.00","GBP"
"2026-01-11","375880567146391","Sponsored Display","0.00","AUD"
"2026-01-18","395304589984653","Sponsored Products","0.00","CAD"
"2026-01-18","378858058113466","Sponsored Products","0.00","CAD"
"2026-01-16","339568026468029","Sponsored Brands","0.30","CAD"
"2026-01-06","291680855614624","Sponsored Brands","3.89","GBP"
"2026-01-18","366303362151528","Sponsored Products","0.61","USD"
"2026-01-26","381243195375500","Sponsored Products","3.83","USD"
"2026-01-15","455193289976402","Sponsored Products","0.16","USD"
"2026-01-28","307534770253902","Sponsored Products","0.00","CAD"
"2026-01-21","428015197375542","Sponsored Products","0.94","AUD"
"2026-01-07","475621849553010","Sponsored Brands","0.00","CAD"
"2026-01-01","317772463042332","Sponsored Products","0.02","AUD"
"2026-01-18","307697977606315","Sponsored Products","0.00","CAD"
"2026-01-05","489671557305898","Sponsored Display","0.18","USD"
"2026-01-24","407530123839349","Sponsored Products","0.15","AUD"
"2026-01-25","373593607967581","Sponsored Display","0.00","AUD"
"2026-01-08","314318800479242","Sponsored Products","0.00","AUD"
"2026-01-14","408719546145761","Sponsored Products","0.00","USD"
"2026-01-03","407346576799567","Sponsored Products","0.00","AUD"
"2026-01-04","508144069166640","Sponsored Products","0.00","USD"
"2026-01-05","553947994872935","Sponsored Products","0.00","AUD"
"2026-01-07","344717374719347","Sponsored Display","0.00","CAD"
"2026-01-05","477120010084382","Sponsored Products","0.00","USD"
"2026-01-20","451323086678396","Sponsored Products","0.00","USD"
"2026-01-26","453503689032806","Sponsored Products","0.00","GBP"
"2026-01-28","562873832621330","Sponsored Products","0.00","GBP"
"2026-01-12","450116297068538","Sponsored Products","1.46","USD"
"2026-01-13","399703016940832","Sponsored Brands","0.00","CAD"
"2026-01-13","327955853177271","Sponsored Products","3.76","USD"
"2026-01-22","408719546145761","Sponsored Products","0.54","USD"
"2026-01-04","327955853177271","Sponsored Products","12.68","USD"
"2026-01-26","423825131329520","Sponsored Products","11.19","USD"
"2026-01-19","530911335551258","Sponsored Products","0.00","CAD"
"2026-01-17","368310850203338","Sponsored Products","1.65","USD"
"2026-01-17","431386932028495","Sponsored Products","19.49","USD"
"2026-01-27","538771699321102","Sponsored Products","0.00","AUD"
"2026-01-21","375262111034104","Sponsored Brands","4.85","USD"
"2026-01-05","292138679780956","Sponsored Products","0.00","AUD"
"2026-01-18","377578915667002","Sponsored Products","4.62","USD"
"2026-01-14","477846512499333","Sponsored Brands","0.00","USD"
"2026-01-24","487327596470810","Sponsored Products","0.00","USD"
"2026-01-22","431386932028495","Sponsored Products","17.68","USD"
"2026-01-07","359104344566153","Sponsored Products","0.00","USD"
"2026-01-15","413308568322873","Sponsored Brands","0.00","USD"
"2026-01-26","392972027720670","Sponsored Products","1.25","CAD"
"2026-01-20","555379102425019","Sponsored Products","3.64","CAD"
"2026-01-25","548511206574211","Sponsored Brands","0.00","AUD"
"2026-01-25","409249674990450","Sponsored Products","1.81","AUD"
"2026-01-04","454992450655768","Sponsored Products","1.19","USD"
"2026-01-17","366993568403124","Sponsored Products","66.08","USD"
"2026-01-20","453754530299965","Sponsored Brands","16.23","USD"
"2026-01-07","542395622943712","Sponsored Products","2.30","GBP"
"2026-01-30","409249674990450","Sponsored Products","0.02","AUD"
"2026-01-13","288851430690246","Sponsored Products","0.57","GBP"
"2026-01-15","383486487068158","Sponsored Display","0.46","GBP"
"2026-01-08","397652540263806","Sponsored Products","0.00","CAD"
"2026-01-07","342157027477562","Sponsored Products","7.99","USD"
"2026-01-06","386865813070708","Sponsored Products","1.74","USD"
