"date.value","campaign.id","adProduct.value","metric.totalCost","budgetCurrency.value"
"2026-03-23","495677195822245","Sponsored Brands","0.00","USD"
"2026-03-16","1069464513580","Sponsored Products","6.35","USD"
"2026-03-25","452065263384491","Sponsored Brands","2.60","USD"
"2026-03-20","407444835513369","Sponsored Brands","0.00","CAD"
"2026-03-29","96060745446945","Sponsored Products","1.45","USD"
"2026-03-27","48433117829801","Sponsored Products","2.42","USD"
"2026-03-27","2414736156339","Sponsored Products","0.99","USD"
"2026-03-04","48758698369103","Sponsored Products","5.08","USD"
"2026-03-04","156989235380210","Sponsored Products","203.50","USD"
"2026-03-19","215966552761313","Sponsored Products","0.00","USD"
"2026-03-24","291680855614624","Sponsored Brands","0.69","GBP"
"2026-03-24","259323671730401","Sponsored Products","10.12","USD"
"2026-03-20","276488907454289","Sponsored Products","0.00","USD"
"2026-03-20","348184859637636","Sponsored Brands","0.00","USD"
"2026-03-23","238790977416237","Sponsored Products","0.00","USD"
"2026-03-30","277250351840071","Sponsored Products","2.96","USD"
"2026-03-01","115764500761375","Sponsored Products","9.56","USD"
"2026-03-18","153491409585454","Sponsored Products","6.92","USD"
"2026-03-23","205764417979436","Sponsored Products","0.00","USD"
"2026-03-20","439663157752722","Sponsored Brands","1.10","USD"
"2026-03-30","43460676635147","Sponsored Products","0.00","USD"
"2026-03-13","65271102777505","Sponsored Products","0.00","USD"
"2026-03-28","93539819506468","Sponsored Products","0.00","USD"
"2026-03-24","174719285602701","Sponsored Products","0.33","USD"
"2026-03-24","216925562826343","Sponsored Products","0.00","USD"
"2026-03-17","271002646812055","Sponsored Products","0.00","USD"
"2026-03-22","245503802057093","Sponsored Products","0.00","USD"
"2026-03-08","126638359335345","Sponsored Products","0.00","USD"
"2026-03-28","156989235380210","Sponsored Products","194.16","USD"
"2026-03-13","1861066386589","Sponsored Products","0.00","USD"
"2026-03-27","40237294180920","Sponsored Products","0.00","USD"
"2026-03-10","83677388471868","Sponsored Products","0.00","USD"
"2026-03-10","194512325763287","Sponsored Products","0.00","USD"
"2026-03-15","199076365376964","Sponsored Products","3.88","USD"
"2026-03-14","134777743429986","Sponsored Products","15.17","USD"
"2026-03-25","482686146435604","Sponsored Brands","1.52","USD"
"2026-03-02","48433117829801","Sponsored Products","6.81","USD"
"2026-03-09","279125239605082","Sponsored Products","0.00","USD"
"2026-03-21","164743561215297","Sponsored Products","0.00","USD"
"2026-03-18","261580610725925","Sponsored Products","0.00","AUD"
"2026-03-04","138135222992233","Sponsored Products","0.00","USD"
"2026-03-04","455100983218716","Sponsored Brands","4.52","USD"
"2026-03-06","102474552529229","Sponsored Products","0.00","USD"
"2026-03-30","56338703455249","Sponsored Products","0.00","USD"
"2026-03-18","102474552529229","Sponsored Products","0.00","USD"
"2026-03-01","39061317933304","Sponsored Products","0.00","USD"
"2026-03-02","138135222992233","Sponsored Products","1.29","USD"
"2026-03-18","202838039381314","Sponsored Products","7.81","USD"
"2026-03-30","94121140300347","Sponsored Products","1.05","USD"
"2026-03-31","124202126398060","Sponsored Products","0.26","USD"
"2026-03-05","168803396873792","Sponsored Products","0.00","USD"
"2026-03-25","233888031600237","Sponsored Products","0.00","USD"
"2026-03-20","101965336081409","Sponsored Products","0.00","USD"
"2026-03-12","140453739775668","Sponsored Products","0.00","USD"
"2026-03-25","188279469264899","Sponsored Products","0.00","USD"
"2026-03-23","491366396962687","Sponsored Brands","0.78","USD"
"2026-03-21","259323671730401","Sponsored Products","8.08","USD"
"2026-03-21","243038183553247","Sponsored Products","0.00","USD"
"2026-03-21","154118694541854","Sponsored Products","0.00","USD"
"2026-03-03","54386198712419","Sponsored Products","0.00","USD"
"2026-03-23","164743561215297","Sponsored Products","0.00","USD"
"2026-03-20","53404531347848","Sponsored Products","0.00","USD"
"2026-03-30","276488907454289","Sponsored Products","0.00","USD"
"2026-03-30","126638359335345","Sponsored Products","0.00","USD"
"2026-03-21","168803396873792","Sponsored Products","0.00","USD"
"2026-03-12","539931100075119","Sponsored Brands","4.29","USD"
"2026-03-12","115943131527635","Sponsored Products","12.16","USD"
"2026-03-12","257373022214500","Sponsored Products","0.00","USD"
"2026-03-25","158171452508120","Sponsored Products","0.00","USD"
"2026-03-16","79620432535917","Sponsored Products","1.93","USD"
"2026-03-29","186804517918072","Sponsored Products","1.58","USD"
"2026-03-29","1861066386589","Sponsored Products","0.58","USD"
"2026-03-15","194512325763287","Sponsored Products","0.00","USD"
"2026-03-21","482686146435604","Sponsored Brands","1.69","USD"
"2026-03-23","53404531347848","Sponsored Products","0.00","USD"
"2026-03-13","19228716944861","Sponsored Products","0.00","USD"
"2026-03-05","189380234928822","Sponsored Products","0.00","USD"
"2026-03-13","158724595401869","Sponsored Products","0.00","USD"
"2026-03-21","348184859637636","Sponsored Brands","0.00","USD"
"2026-03-31","257373022214500","Sponsored Products","0.00","USD"
"2026-03-11","325883174926875","Sponsored Brands","0.00","USD"
"2026-03-29","128770506922317","Sponsored Products","0.00","USD"
"2026-03-10","231848232455644","Sponsored Products","0.76","USD"
"2026-03-11","164743561215297","Sponsored Products","0.00","USD"
"2026-03-19","154118694541854","Sponsored Products","0.00","USD"
"2026-03-13","491366396962687","Sponsored Brands","1.22","USD"
"2026-03-19","192968792078402","Sponsored Products","3.56","USD"
"2026-03-28","277250351840071","Sponsored Products","8.14","USD"
"2026-03-26","239175797857758","Sponsored Products","1.68","USD"
"2026-03-14","246452377117901","Sponsored Products","3.50","USD"
"2026-03-27","154118694541854","Sponsored Products","0.00","USD"
"2026-03-07","455100983218716","Sponsored Brands","3.45","USD"
"2026-03-20","128835884603962","Sponsored Products","0.00","USD"
"2026-03-04","233888031600237","Sponsored Products","0.00","USD"
"2026-03-20","82064097659476","Sponsored Products","5.85","USD"
"2026-03-20","115764500761375","Sponsored Products","2.10","USD"
"2026-03-16","281110747056753","Sponsored Products","0.00","USD"
"2026-03-06","101459965063202","Sponsored Products","7.05","USD"
"2026-03-01","148265992493931","Sponsored Products","0.66","USD"
"2026-03-27","210638600694486","Sponsored Products","0.00","USD"
"2026-03-27","434170639918769","Sponsored Brands","0.00","USD"
"2026-03-18","192968792078402","Sponsored Products","3.15","USD"
"2026-03-05","291680855614624","Sponsored Brands","2.35","GBP"
"2026-03-17","245503802057093","Sponsored Products","0.00","USD"
"2026-03-06","82064097659476","Sponsored Products","0.00","USD"
"2026-03-31","491366396962687","Sponsored Brands","0.84","USD"
"2026-03-08","215966552761313","Sponsored Products","0.00","USD"
"2026-03-08","54386198712419","Sponsored Products","1.10","USD"
"2026-03-05","174719285602701","Sponsored Products","0.00","USD"
"2026-03-14","206968068657618","Sponsored Products","0.00","USD"
"2026-03-27","413308568322873","Sponsored Brands","0.20","USD"
"2026-03-30","168803396873792","Sponsored Products","0.42","USD"
"2026-03-09","482686146435604","Sponsored Brands","0.94","USD"
"2026-03-15","267283875717235","Sponsored Products","4.69","USD"
"2026-03-14","1861066386589","Sponsored Products","2.12","USD"
"2026-03-26","188545556962991","Sponsored Products","0.00","USD"
"2026-03-16","77231525415892","Sponsored Products","1.95","USD"
"2026-03-28","152555236474228","Sponsored Products","0.00","USD"
"2026-03-04","257373022214500","Sponsored Products","0.00","USD"
"2026-03-04","72921898703277","Sponsored Products","0.00","USD"
"2026-03-08","263531397076178","Sponsored Products","0.00","USD"
"2026-03-01","380662946968621","Sponsored Display","0.93","USD"
"2026-03-24","72921898703277","Sponsored Products","0.00","USD"
"2026-03-26","187735718741416","Sponsored Products","0.00","USD"
"2026-03-25","491366396962687","Sponsored Brands","1.24","USD"
"2026-03-31","205764417979436","Sponsored Products","0.00","USD"
"2026-03-07","271002646812055","Sponsored Products","0.00","USD"
"2026-03-20","281024885672869","Sponsored Products","0.00","USD"
"2026-03-06","133243849204741","Sponsored Products","0.00","USD"
"2026-03-21","205764417979436","Sponsored Products","0.00","USD"
"2026-03-18","149626049979530","Sponsored Products","0.00","USD"
"2026-03-10","154085784178560","Sponsored Products","0.00","USD"
"2026-03-31","284096201830626","Sponsored Display","0.79","USD"
"2026-03-01","225946958740637","Sponsored Products","2.00","USD"
"2026-03-07","54386198712419","Sponsored Products","1.10","USD"
"2026-03-05","276797522102375","Sponsored Products","0.00","USD"
"2026-03-22","215966552761313","Sponsored Products","0.00","USD"
"2026-03-10","115943131527635","Sponsored Products","3.17","USD"
"2026-03-30","113013759920940","Sponsored Products","0.00","USD"
"2026-03-22","141552428309171","Sponsored Products","7.84","USD"
"2026-03-24","56338703455249","Sponsored Products","0.00","USD"
"2026-03-19","194838680698310","Sponsored Products","0.00","USD"
"2026-03-31","272711015971799","Sponsored Products","1.00","USD"
"2026-03-03","198809778193730","Sponsored Products","37.92","USD"
"2026-03-03","2414736156339","Sponsored Products","2.40","USD"
"2026-03-04","113013759920940","Sponsored Products","0.00","USD"
"2026-03-13","205922105032655","Sponsored Products","2.64","USD"
"2026-03-28","259323671730401","Sponsored Products","13.82","USD"
"2026-03-03","58475731073369","Sponsored Products","1.12","USD"
"2026-03-01","210638600694486","Sponsored Products","0.52","USD"
"2026-03-22","198809778193730","Sponsored Products","25.79","USD"
"2026-03-08","539931100075119","Sponsored Brands","6.03","USD"
"2026-03-21","276797522102375","Sponsored Products","12.89","USD"
"2026-03-21","215966552761313","Sponsored Products","0.00","USD"
"2026-03-11","238790977416237","Sponsored Products","0.00","USD"
"2026-03-17","115943131527635","Sponsored Products","16.11","USD"
"2026-03-29","102692108916415","Sponsored Products","0.00","USD"
"2026-03-29","19228716944861","Sponsored Products","0.00","USD"
"2026-03-15","216925562826343","Sponsored Products","0.00","USD"
"2026-03-06","54386198712419","Sponsored Products","1.22","USD"
"2026-03-15","278626821184075","Sponsored Products","0.00","USD"
"2026-03-02","271780514756108","Sponsored Products","0.00","USD"
"2026-03-26","185646462591669","Sponsored Products","0.00","USD"
"2026-03-28","82064097659476","Sponsored Products","0.03","USD"
"2026-03-29","141552428309171","Sponsored Products","20.43","USD"
"2026-03-05","281110747056753","Sponsored Products","0.00","USD"
"2026-03-12","202228555422966","Sponsored Products","0.00","USD"
"2026-03-14","153491409585454","Sponsored Products","4.76","USD"
"2026-03-23","115943131527635","Sponsored Products","7.36","USD"
"2026-03-30","380662946968621","Sponsored Display","0.23","USD"
"2026-03-31","187735718741416","Sponsored Products","0.00","USD"
"2026-03-24","72790979016813","Sponsored Products","0.00","USD"
"2026-03-13","207367106415924","Sponsored Products","21.69","GBP"
"2026-03-12","94121140300347","Sponsored Products","6.29","USD"
"2026-03-21","149818563042691","Sponsored Products","0.00","USD"
"2026-03-29","185646462591669","Sponsored Products","0.00","USD"
"2026-03-20","423471492340141","Sponsored Brands","0.76","USD"
"2026-03-30","204544178017947","Sponsored Products","0.00","USD"
"2026-03-29","58475731073369","Sponsored Products","0.00","USD"
"2026-03-04","77231525415892","Sponsored Products","0.00","USD"
"2026-03-16","271002646812055","Sponsored Products","0.00","USD"
"2026-03-08","61090477012622","Sponsored Products","0.00","USD"
"2026-03-13","93539819506468","Sponsored Products","18.14","USD"
"2026-03-03","48758698369103","Sponsored Products","0.00","USD"
"2026-03-26","225946958740637","Sponsored Products","0.00","USD"
"2026-03-09","515637010546761","Sponsored Brands","4.30","USD"
"2026-03-17","65271102777505","Sponsored Products","0.00","USD"
"2026-03-05","61090477012622","Sponsored Products","0.00","USD"
"2026-03-09","238790977416237","Sponsored Products","0.45","USD"
"2026-03-29","176992507771254","Sponsored Products","3.02","USD"
"2026-03-17","133846876580591","Sponsored Products","1.06","USD"
"2026-03-07","141552428309171","Sponsored Products","6.85","USD"
"2026-03-08","441925918527435","Sponsored Brands","3.05","USD"
"2026-03-21","61837188685116","Sponsored Products","3.01","USD"
"2026-03-17","154085784178560","Sponsored Products","0.00","USD"
"2026-03-29","48433117829801","Sponsored Products","0.70","USD"
"2026-03-02","158171452508120","Sponsored Products","0.00","USD"
"2026-03-02","81320226496883","Sponsored Products","0.00","USD"
"2026-03-25","102474552529229","Sponsored Products","0.00","USD"
"2026-03-18","128770506922317","Sponsored Products","0.00","USD"
"2026-03-10","413308568322873","Sponsored Brands","0.00","USD"
"2026-03-08","233888031600237","Sponsored Products","0.00","USD"
"2026-03-05","14582572617569","Sponsored Products","0.00","USD"
"2026-03-10","238790977416237","Sponsored Products","0.00","USD"
"2026-03-17","205922105032655","Sponsored Products","0.61","USD"
"2026-03-22","48192245895031","Sponsored Products","0.00","USD"
"2026-03-16","115943131527635","Sponsored Products","15.58","USD"
"2026-03-07","168803396873792","Sponsored Products","0.00","USD"
"2026-03-12","8078369968995","Sponsored Products","1.60","USD"
"2026-03-31","61090477012622","Sponsored Products","0.00","USD"
"2026-03-15","276797522102375","Sponsored Products","10.16","USD"
"2026-03-08","30179169319725","Sponsored Products","1.45","AUD"
"2026-03-05","153491409585454","Sponsored Products","2.19","USD"
"2026-03-02","94121140300347","Sponsored Products","0.00","USD"
"2026-03-22","8347630917879","Sponsored Products","6.66","USD"
"2026-03-20","225946958740637","Sponsored Products","0.00","USD"
"2026-03-27","2514549308563","Sponsored Products","3.05","USD"
"2026-03-25","53404531347848","Sponsored Products","24.39","USD"
"2026-03-21","452065263384491","Sponsored Brands","8.34","USD"
"2026-03-24","156285188540724","Sponsored Products","18.20","USD"
"2026-03-11","346023186686134","Sponsored Brands","0.71","USD"
"2026-03-21","245335884201020","Sponsored Products","1.36","USD"
"2026-03-12","1069464513580","Sponsored Products","0.00","USD"
"2026-03-18","233888031600237","Sponsored Products","0.00","USD"
"2026-03-10","19228716944861","Sponsored Products","0.00","USD"
"2026-03-23","267283875717235","Sponsored Products","0.00","USD"
"2026-03-25","277250351840071","Sponsored Products","8.03","USD"
"2026-03-23","124202126398060","Sponsored Products","0.00","USD"
"2026-03-15","115764500761375","Sponsored Products","0.83","USD"
"2026-03-01","194512325763287","Sponsored Products","0.03","USD"
"2026-03-25","202228555422966","Sponsored Products","0.00","USD"
"2026-03-01","375262111034104","Sponsored Brands","0.00","USD"
"2026-03-28","233888031600237","Sponsored Products","0.00","USD"
"2026-03-27","560000811916391","Sponsored Brands","4.29","USD"
"2026-03-01","11143044290906","Sponsored Products","7.49","USD"
"2026-03-19","187735718741416","Sponsored Products","0.00","USD"
"2026-03-17","2414736156339","Sponsored Products","4.45","USD"
"2026-03-07","132476300811824","Sponsored Products","23.47","CAD"
"2026-03-16","239175797857758","Sponsored Products","15.73","USD"
"2026-03-21","194838680698310","Sponsored Products","0.14","USD"
"2026-03-13","241960271286519","Sponsored Products","0.00","USD"
"2026-03-01","233888031600237","Sponsored Products","0.00","USD"
"2026-03-12","28565058702355","Sponsored Products","6.08","USD"
"2026-03-30","267283875717235","Sponsored Products","0.00","USD"
"2026-03-02","141552428309171","Sponsored Products","14.88","USD"
"2026-03-24","348184859637636","Sponsored Brands","2.04","USD"
"2026-03-27","276797522102375","Sponsored Products","1.14","USD"
"2026-03-06","204544178017947","Sponsored Products","0.00","USD"
"2026-03-24","271002646812055","Sponsored Products","0.00","USD"
"2026-03-28","134777743429986","Sponsored Products","0.00","USD"
"2026-03-02","40237294180920","Sponsored Products","0.00","USD"
"2026-03-16","43460676635147","Sponsored Products","0.00","USD"
"2026-03-12","145958940968220","Sponsored Products","0.92","USD"
"2026-03-26","81320226496883","Sponsored Products","1.46","USD"
"2026-03-04","482686146435604","Sponsored Brands","2.39","USD"
"2026-03-20","141648422510979","Sponsored Products","0.00","USD"
"2026-03-19","72921898703277","Sponsored Products","0.00","USD"
"2026-03-31","40237294180920","Sponsored Products","0.00","USD"
"2026-03-29","205764417979436","Sponsored Products","0.00","USD"
"2026-03-12","239175797857758","Sponsored Products","6.55","USD"
"2026-03-25","149818563042691","Sponsored Products","0.00","USD"
"2026-03-04","243204708497477","Sponsored Products","0.00","USD"
"2026-03-03","303344079444236","Sponsored Brands","0.19","GBP"
"2026-03-15","280528554873543","Sponsored Products","0.67","USD"
"2026-03-29","8347630917879","Sponsored Products","3.06","USD"
"2026-03-15","241960271286519","Sponsored Products","1.03","USD"
"2026-03-27","11588448157956","Sponsored Products","2.72","USD"
"2026-03-30","205764417979436","Sponsored Products","0.00","USD"
"2026-03-23","266158523203302","Sponsored Products","0.00","USD"
"2026-03-06","216925562826343","Sponsored Products","0.00","USD"
"2026-03-06","61503627186513","Sponsored Products","0.00","USD"
"2026-03-11","113013759920940","Sponsored Products","0.00","USD"
"2026-03-19","255100442617527","Sponsored Products","0.00","USD"
"2026-03-07","8347630917879","Sponsored Products","0.39","USD"
"2026-03-11","455100983218716","Sponsored Brands","0.70","USD"
"2026-03-15","239175797857758","Sponsored Products","17.50","USD"
"2026-03-23","173362871105297","Sponsored Products","0.00","USD"
"2026-03-19","32571611634774","Sponsored Products","0.00","USD"
"2026-03-31","188545556962991","Sponsored Products","0.00","USD"
"2026-03-05","241960271286519","Sponsored Products","0.00","USD"
"2026-03-24","149818563042691","Sponsored Products","0.65","USD"
"2026-03-26","61503627186513","Sponsored Products","0.00","USD"
"2026-03-20","96060745446945","Sponsored Products","0.00","USD"
"2026-03-20","23854220044300","Sponsored Products","1.65","USD"
"2026-03-26","141552428309171","Sponsored Products","44.18","USD"
"2026-03-04","128770506922317","Sponsored Products","0.00","USD"
"2026-03-16","205922105032655","Sponsored Products","0.00","USD"
"2026-03-06","54673378227395","Sponsored Products","0.00","USD"
"2026-03-29","224639482376841","Sponsored Products","0.00","USD"
"2026-03-10","539931100075119","Sponsored Brands","13.01","USD"
"2026-03-16","188545556962991","Sponsored Products","1.83","USD"
"2026-03-25","48433117829801","Sponsored Products","0.77","USD"
"2026-03-30","441925918527435","Sponsored Brands","6.64","USD"
"2026-03-15","231848232455644","Sponsored Products","0.00","USD"
"2026-03-12","296615200458181","Sponsored Brands","56.30","USD"
"2026-03-17","281110747056753","Sponsored Products","1.06","USD"
"2026-03-03","262727752997615","Sponsored Products","0.00","USD"
"2026-03-04","145958940968220","Sponsored Products","1.97","USD"
"2026-03-19","296615200458181","Sponsored Brands","7.28","USD"
"2026-03-12","271002646812055","Sponsored Products","0.00","USD"
"2026-03-14","56338703455249","Sponsored Products","0.00","USD"
"2026-03-09","207367106415924","Sponsored Products","52.85","GBP"
"2026-03-30","61503627186513","Sponsored Products","0.00","USD"
"2026-03-23","43460676635147","Sponsored Products","0.00","USD"
"2026-03-31","281024885672869","Sponsored Products","0.00","USD"
"2026-03-31","153491409585454","Sponsored Products","2.40","USD"
"2026-03-22","281235849108344","Sponsored Products","9.01","USD"
"2026-03-04","281235849108344","Sponsored Products","11.63","USD"
"2026-03-10","278626821184075","Sponsored Products","10.47","USD"
"2026-03-06","58475731073369","Sponsored Products","0.00","USD"
"2026-03-17","128770506922317","Sponsored Products","0.00","USD"
"2026-03-27","175777768252798","Sponsored Products","3.54","USD"
"2026-03-18","192420944790293","Sponsored Products","5.03","GBP"
"2026-03-06","128770506922317","Sponsored Products","0.00","USD"
"2026-03-05","19228716944861","Sponsored Products","0.00","USD"
"2026-03-22","176992507771254","Sponsored Products","9.60","USD"
"2026-03-10","156285188540724","Sponsored Products","5.92","USD"
"2026-03-15","174719285602701","Sponsored Products","2.50","USD"
"2026-03-03","271780514756108","Sponsored Products","0.00","USD"
"2026-03-29","53404531347848","Sponsored Products","2.25","USD"
"2026-03-26","239677460933975","Sponsored Products","8.27","USD"
"2026-03-24","303344079444236","Sponsored Brands","0.63","GBP"
"2026-03-16","257373022214500","Sponsored Products","0.00","USD"
"2026-03-28","128835884603962","Sponsored Products","0.00","USD"
"2026-03-25","218351835233699","Sponsored Products","8.49","GBP"
"2026-03-07","281024885672869","Sponsored Products","1.26","USD"
"2026-03-01","194838680698310","Sponsored Products","0.00","USD"
"2026-03-18","243204708497477","Sponsored Products","0.00","USD"
"2026-03-18","491366396962687","Sponsored Brands","1.88","USD"
"2026-03-28","186804517918072","Sponsored Products","1.32","USD"
"2026-03-02","27661898820374","Sponsored Products","0.86","USD"
"2026-03-27","205922105032655","Sponsored Products","0.00","USD"
"2026-03-20","22515666501366","Sponsored Products","0.00","USD"
"2026-03-03","276797522102375","Sponsored Products","0.00","USD"
"2026-03-02","213530912619228","Sponsored Products","0.00","USD"
"2026-03-10","243204708497477","Sponsored Products","0.00","USD"
"2026-03-10","204544178017947","Sponsored Products","0.00","USD"
"2026-03-20","18193170148935","Sponsored Products","0.00","USD"
"2026-03-28","281235849108344","Sponsored Products","0.69","USD"
"2026-03-18","172779439196738","Sponsored Products","0.69","USD"
"2026-03-22","206968068657618","Sponsored Products","0.00","USD"
"2026-03-28","515637010546761","Sponsored Brands","1.63","USD"
"2026-03-30","1861066386589","Sponsored Products","0.00","USD"
"2026-03-13","186804517918072","Sponsored Products","6.36","USD"
"2026-03-17","18193170148935","Sponsored Products","1.65","USD"
"2026-03-06","172779439196738","Sponsored Products","0.00","USD"
"2026-03-19","243038183553247","Sponsored Products","0.00","USD"
"2026-03-16","192420944790293","Sponsored Products","5.13","GBP"
"2026-03-05","231848232455644","Sponsored Products","0.00","USD"
"2026-03-15","261580610725925","Sponsored Products","0.00","AUD"
"2026-03-21","174719285602701","Sponsored Products","12.86","USD"
"2026-03-21","8078369968995","Sponsored Products","0.90","USD"
"2026-03-17","48192245895031","Sponsored Products","0.00","USD"
"2026-03-03","173362871105297","Sponsored Products","0.00","USD"
"2026-03-22","102474552529229","Sponsored Products","0.00","USD"
"2026-03-22","284096201830626","Sponsored Display","0.00","USD"
"2026-03-04","277250351840071","Sponsored Products","4.42","USD"
"2026-03-20","186804517918072","Sponsored Products","2.49","USD"
"2026-03-21","153491409585454","Sponsored Products","2.51","USD"
"2026-03-27","93539819506468","Sponsored Products","0.00","USD"
"2026-03-20","207367106415924","Sponsored Products","25.75","GBP"
"2026-03-11","48192245895031","Sponsored Products","0.00","USD"
"2026-03-29","218351835233699","Sponsored Products","0.92","GBP"
"2026-03-07","423471492340141","Sponsored Brands","2.69","USD"
"2026-03-17","239677460933975","Sponsored Products","5.39","USD"
"2026-03-12","204544178017947","Sponsored Products","1.68","USD"
"2026-03-01","455688132780953","Sponsored Brands","0.00","USD"
"2026-03-07","61090477012622","Sponsored Products","0.00","USD"
"2026-03-29","325883174926875","Sponsored Brands","0.00","USD"
"2026-03-11","453754530299965","Sponsored Brands","2.06","USD"
"2026-03-12","77231525415892","Sponsored Products","1.64","USD"
"2026-03-17","149626049979530","Sponsored Products","0.00","USD"
"2026-03-17","32030113168570","Sponsored Products","0.95","USD"
"2026-03-25","198809778193730","Sponsored Products","35.92","USD"
"2026-03-22","241960271286519","Sponsored Products","0.00","USD"
"2026-03-10","202838039381314","Sponsored Products","0.00","USD"
"2026-03-13","203521351461363","Sponsored Products","8.89","USD"
"2026-03-05","296615200458181","Sponsored Brands","23.95","USD"
"2026-03-01","77231525415892","Sponsored Products","0.00","USD"
"2026-03-11","128770506922317","Sponsored Products","0.00","USD"
"2026-03-07","281110747056753","Sponsored Products","0.00","USD"
"2026-03-07","1861066386589","Sponsored Products","4.88","USD"
"2026-03-25","271002646812055","Sponsored Products","0.00","USD"
"2026-03-06","48758698369103","Sponsored Products","3.80","USD"
"2026-03-19","257373022214500","Sponsored Products","2.16","USD"
"2026-03-06","205764417979436","Sponsored Products","0.00","USD"
"2026-03-15","452065263384491","Sponsored Brands","14.74","USD"
"2026-03-02","348184859637636","Sponsored Brands","0.00","USD"
"2026-03-16","140453739775668","Sponsored Products","0.75","USD"
"2026-03-08","281024885672869","Sponsored Products","1.05","USD"
"2026-03-27","156989235380210","Sponsored Products","223.22","USD"
"2026-03-04","54673378227395","Sponsored Products","0.00","USD"
"2026-03-28","156285188540724","Sponsored Products","9.05","USD"
"2026-03-01","141552428309171","Sponsored Products","29.48","USD"
"2026-03-25","199698435439447","Sponsored Products","0.00","USD"
"2026-03-14","81320226496883","Sponsored Products","0.00","USD"
"2026-03-18","257373022214500","Sponsored Products","0.00","USD"
"2026-03-08","34478632960968","Sponsored Products","29.22","USD"
"2026-03-12","176992507771254","Sponsored Products","1.16","USD"
"2026-03-24","325883174926875","Sponsored Brands","0.00","USD"
"2026-03-06","32030113168570","Sponsored Products","0.00","USD"
"2026-03-19","2514549308563","Sponsored Products","0.00","USD"
"2026-03-29","174719285602701","Sponsored Products","1.31","USD"
"2026-03-27","164743561215297","Sponsored Products","0.00","USD"
"2026-03-08","199698435439447","Sponsored Products","0.00","USD"
"2026-03-15","173362871105297","Sponsored Products","0.00","USD"
"2026-03-27","215966552761313","Sponsored Products","1.04","USD"
"2026-03-24","97079585612330","Sponsored Products","0.00","USD"
"2026-03-12","241960271286519","Sponsored Products","0.00","USD"
"2026-03-22","280513164622908","Sponsored Products","0.00","USD"
"2026-03-22","224639482376841","Sponsored Products","1.53","USD"
"2026-03-26","18193170148935","Sponsored Products","0.32","USD"
"2026-03-23","132476300811824","Sponsored Products","3.12","CAD"
"2026-03-06","72790979016813","Sponsored Products","2.85","USD"
"2026-03-15","269935586939823","Sponsored Products","5.44","CAD"
"2026-03-26","2514549308563","Sponsored Products","0.00","USD"
"2026-03-10","128770506922317","Sponsored Products","0.00","USD"
"2026-03-04","97079585612330","Sponsored Products","1.69","USD"
"2026-03-20","158171452508120","Sponsored Products","0.00","USD"
"2026-03-20","11143044290906","Sponsored Products","7.39","USD"
"2026-03-09","278626821184075","Sponsored Products","4.10","USD"
"2026-03-09","280513164622908","Sponsored Products","0.00","USD"
"2026-03-27","277250351840071","Sponsored Products","6.12","USD"
"2026-03-28","423471492340141","Sponsored Brands","4.02","USD"
"2026-03-21","23854220044300","Sponsored Products","1.14","USD"
"2026-03-28","79620432535917","Sponsored Products","1.65","USD"
"2026-03-14","259323671730401","Sponsored Products","7.47","USD"
"2026-03-07","32571611634774","Sponsored Products","0.00","USD"
"2026-03-21","172779439196738","Sponsored Products","0.00","USD"
"2026-03-02","28565058702355","Sponsored Products","10.79","USD"
"2026-03-08","28565058702355","Sponsored Products","3.09","USD"
"2026-03-09","79620432535917","Sponsored Products","4.65","USD"
"2026-03-01","158171452508120","Sponsored Products","0.00","USD"
"2026-03-22","254109808305934","Sponsored Products","3.79","USD"
"2026-03-06","224639482376841","Sponsored Products","14.74","USD"
"2026-03-30","194838680698310","Sponsored Products","0.00","USD"
"2026-03-21","44065507618346","Sponsored Products","5.96","USD"
"2026-03-17","325883174926875","Sponsored Brands","0.00","USD"
"2026-03-25","281024885672869","Sponsored Products","0.00","USD"
"2026-03-18","14582572617569","Sponsored Products","0.00","USD"
"2026-03-24","96060745446945","Sponsored Products","0.00","USD"
"2026-03-06","77231525415892","Sponsored Products","0.00","USD"
"2026-03-31","38682977693457","Sponsored Products","0.00","USD"
"2026-03-14","281235849108344","Sponsored Products","6.46","USD"
"2026-03-14","32030113168570","Sponsored Products","5.96","USD"
"2026-03-18","303344079444236","Sponsored Brands","0.47","GBP"
"2026-03-15","255100442617527","Sponsored Products","2.42","USD"
"2026-03-15","40237294180920","Sponsored Products","0.00","USD"
"2026-03-12","101459965063202","Sponsored Products","1.66","USD"
"2026-03-25","11143044290906","Sponsored Products","0.00","USD"
"2026-03-30","194512325763287","Sponsored Products","0.00","USD"
"2026-03-07","187735718741416","Sponsored Products","0.00","USD"
"2026-03-17","233888031600237","Sponsored Products","0.00","USD"
"2026-03-30","192420944790293","Sponsored Products","6.34","GBP"
"2026-03-08","186804517918072","Sponsored Products","4.88","USD"
"2026-03-19","65861573413220","Sponsored Products","0.00","USD"
"2026-03-01","149818563042691","Sponsored Products","0.00","USD"
"2026-03-14","2514549308563","Sponsored Products","0.00","USD"
"2026-03-18","23854220044300","Sponsored Products","6.21","USD"
"2026-03-24","202228555422966","Sponsored Products","0.00","USD"
"2026-03-26","176992507771254","Sponsored Products","5.30","USD"
"2026-03-03","494590942145867","Sponsored Products","0.00","CAD"
"2026-03-29","243204708497477","Sponsored Products","0.00","USD"
"2026-03-02","168803396873792","Sponsored Products","0.00","USD"
"2026-03-18","215176800738804","Sponsored Products","0.68","USD"
"2026-03-09","61837188685116","Sponsored Products","0.89","USD"
"2026-03-15","94121140300347","Sponsored Products","8.52","USD"
"2026-03-12","254109808305934","Sponsored Products","0.00","USD"
"2026-03-21","188279469264899","Sponsored Products","0.00","USD"
"2026-03-01","174719285602701","Sponsored Products","0.00","USD"
"2026-03-24","495677195822245","Sponsored Brands","2.37","USD"
"2026-03-06","276797522102375","Sponsored Products","0.71","USD"
"2026-03-19","263531397076178","Sponsored Products","0.00","USD"
"2026-03-25","192968792078402","Sponsored Products","0.00","USD"
"2026-03-09","267283875717235","Sponsored Products","0.00","USD"
"2026-03-04","261580610725925","Sponsored Products","0.00","AUD"
"2026-03-18","272711015971799","Sponsored Products","0.66","USD"
"2026-03-11","96060745446945","Sponsored Products","0.00","USD"
"2026-03-27","54386198712419","Sponsored Products","0.00","USD"
"2026-03-22","34478632960968","Sponsored Products","21.03","USD"
"2026-03-31","515637010546761","Sponsored Brands","3.83","USD"
"2026-03-21","216925562826343","Sponsored Products","0.00","USD"
"2026-03-07","346023186686134","Sponsored Brands","0.00","USD"
"2026-03-28","560000811916391","Sponsored Brands","2.40","USD"
"2026-03-03","455100983218716","Sponsored Brands","1.66","USD"
"2026-03-30","175777768252798","Sponsored Products","0.59","USD"
"2026-03-01","61090477012622","Sponsored Products","0.00","USD"
"2026-03-31","32030113168570","Sponsored Products","0.00","USD"
"2026-03-31","271780514756108","Sponsored Products","0.00","USD"
"2026-03-09","172779439196738","Sponsored Products","0.00","USD"
"2026-03-14","133846876580591","Sponsored Products","0.74","USD"
"2026-03-22","281110747056753","Sponsored Products","0.00","USD"
"2026-03-26","113013759920940","Sponsored Products","1.40","USD"
"2026-03-28","281024885672869","Sponsored Products","0.00","USD"
"2026-03-29","38682977693457","Sponsored Products","0.00","USD"
"2026-03-14","58475731073369","Sponsored Products","0.00","USD"
"2026-03-07","495677195822245","Sponsored Brands","6.57","USD"
"2026-03-31","115758363210245","Sponsored Products","0.39","USD"
"2026-03-27","271780514756108","Sponsored Products","0.00","USD"
"2026-03-04","205922105032655","Sponsored Products","1.13","USD"
"2026-03-31","262727752997615","Sponsored Products","0.00","USD"
"2026-03-02","30651955945418","Sponsored Products","0.00","USD"
"2026-03-26","278626821184075","Sponsored Products","0.00","USD"
"2026-03-31","8078369968995","Sponsored Products","0.00","USD"
"2026-03-15","251648059669526","Sponsored Products","1.14","USD"
"2026-03-20","93539819506468","Sponsored Products","16.36","USD"
"2026-03-19","153491409585454","Sponsored Products","2.46","USD"
"2026-03-05","204544178017947","Sponsored Products","0.00","USD"
"2026-03-18","188279469264899","Sponsored Products","1.58","USD"
"2026-03-26","325883174926875","Sponsored Brands","0.00","USD"
"2026-03-11","357384467879967","Sponsored Brands","0.00","USD"
"2026-03-06","346023186686134","Sponsored Brands","1.78","USD"
"2026-03-09","82064097659476","Sponsored Products","9.95","USD"
"2026-03-29","254109808305934","Sponsored Products","0.00","USD"
"2026-03-01","2414736156339","Sponsored Products","16.23","USD"
"2026-03-04","198809778193730","Sponsored Products","96.08","USD"
"2026-03-21","439663157752722","Sponsored Brands","2.81","USD"
"2026-03-13","72921898703277","Sponsored Products","0.00","USD"
"2026-03-24","55109131448748","Sponsored Products","2.54","USD"
"2026-03-03","423471492340141","Sponsored Brands","0.00","USD"
"2026-03-01","176035476248713","Sponsored Products","0.00","USD"
"2026-03-30","199076365376964","Sponsored Products","2.55","USD"
"2026-03-30","176992507771254","Sponsored Products","2.59","USD"
"2026-03-19","140453739775668","Sponsored Products","0.00","USD"
"2026-03-13","188279469264899","Sponsored Products","0.00","USD"
"2026-03-03","213530912619228","Sponsored Products","0.00","USD"
"2026-03-23","189380234928822","Sponsored Products","0.00","USD"
"2026-03-10","174719285602701","Sponsored Products","1.28","USD"
"2026-03-11","61090477012622","Sponsored Products","1.66","USD"
"2026-03-13","11143044290906","Sponsored Products","0.00","USD"
"2026-03-12","272711015971799","Sponsored Products","0.00","USD"
"2026-03-25","173362871105297","Sponsored Products","0.00","USD"
"2026-03-20","172779439196738","Sponsored Products","0.00","USD"
"2026-03-09","54386198712419","Sponsored Products","0.00","USD"
"2026-03-12","65861573413220","Sponsored Products","0.00","USD"
"2026-03-27","149626049979530","Sponsored Products","0.00","USD"
"2026-03-03","158171452508120","Sponsored Products","0.00","USD"
"2026-03-22","32030113168570","Sponsored Products","0.00","USD"
"2026-03-04","176992507771254","Sponsored Products","6.64","USD"
"2026-03-20","65861573413220","Sponsored Products","0.00","USD"
"2026-03-09","254109808305934","Sponsored Products","0.96","USD"
"2026-03-14","271002646812055","Sponsored Products","1.31","USD"
"2026-03-24","101965336081409","Sponsored Products","0.00","USD"
"2026-03-10","164743561215297","Sponsored Products","0.00","USD"
"2026-03-07","40237294180920","Sponsored Products","0.00","USD"
"2026-03-18","61090477012622","Sponsored Products","0.00","USD"
"2026-03-21","560000811916391","Sponsored Brands","1.87","USD"
"2026-03-28","27661898820374","Sponsored Products","0.49","USD"
"2026-03-05","357384467879967","Sponsored Brands","5.17","USD"
"2026-03-21","156989235380210","Sponsored Products","192.01","USD"
"2026-03-22","14582572617569","Sponsored Products","0.00","USD"
"2026-03-24","380662946968621","Sponsored Display","0.10","USD"
"2026-03-16","32030113168570","Sponsored Products","2.54","USD"
"2026-03-22","48758698369103","Sponsored Products","5.67","USD"
"2026-03-22","28565058702355","Sponsored Products","2.34","USD"
"2026-03-26","55109131448748","Sponsored Products","4.79","USD"
"2026-03-20","156285188540724","Sponsored Products","7.91","USD"
"2026-03-06","259323671730401","Sponsored Products","3.07","USD"
"2026-03-28","124202126398060","Sponsored Products","0.21","USD"
"2026-03-23","138135222992233","Sponsored Products","0.00","USD"
"2026-03-11","261580610725925","Sponsored Products","0.00","AUD"
"2026-03-30","152555236474228","Sponsored Products","0.00","USD"
"2026-03-03","40237294180920","Sponsored Products","0.00","USD"
"2026-03-01","134777743429986","Sponsored Products","0.00","USD"
"2026-03-14","189380234928822","Sponsored Products","0.58","USD"
"2026-03-21","65861573413220","Sponsored Products","0.00","USD"
"2026-03-15","215176800738804","Sponsored Products","0.00","USD"
"2026-03-14","54673378227395","Sponsored Products","0.00","USD"
"2026-03-10","453754530299965","Sponsored Brands","0.00","USD"
"2026-03-08","238790977416237","Sponsored Products","0.00","USD"
"2026-03-06","113013759920940","Sponsored Products","0.00","USD"
"2026-03-31","423471492340141","Sponsored Brands","1.63","USD"
"2026-03-31","357384467879967","Sponsored Brands","0.00","USD"
"2026-03-11","215176800738804","Sponsored Products","0.00","USD"
"2026-03-19","173362871105297","Sponsored Products","0.00","USD"
"2026-03-13","202228555422966","Sponsored Products","0.00","USD"
"2026-03-08","61503627186513","Sponsored Products","0.00","USD"
"2026-03-28","102692108916415","Sponsored Products","4.19","USD"
"2026-03-29","202838039381314","Sponsored Products","0.00","USD"
"2026-03-15","2514549308563","Sponsored Products","0.00","USD"
"2026-03-18","137772430611725","Sponsored Products","2.40","USD"
"2026-03-31","103686525154537","Sponsored Products","0.00","GBP"
"2026-03-04","296615200458181","Sponsored Brands","66.23","USD"
"2026-03-30","145958940968220","Sponsored Products","0.00","USD"
"2026-03-13","141648422510979","Sponsored Products","0.00","USD"
"2026-03-24","357384467879967","Sponsored Brands","0.54","USD"
"2026-03-20","8347630917879","Sponsored Products","7.76","USD"
"2026-03-30","130912331972988","Sponsored Products","1.45","USD"
"2026-03-01","238790977416237","Sponsored Products","0.00","USD"
"2026-03-22","257373022214500","Sponsored Products","0.00","USD"
"2026-03-25","303344079444236","Sponsored Brands","1.00","GBP"
"2026-03-11","9627520751858","Sponsored Products","0.00","USD"
"2026-03-09","233888031600237","Sponsored Products","0.00","USD"
"2026-03-24","55613271497964","Sponsored Products","0.00","USD"
"2026-03-11","115764500761375","Sponsored Products","1.93","USD"
"2026-03-13","215966552761313","Sponsored Products","0.00","USD"
"2026-03-09","224639482376841","Sponsored Products","8.34","USD"
"2026-03-05","407444835513369","Sponsored Brands","0.00","CAD"
"2026-03-27","202838039381314","Sponsored Products","0.00","USD"
"2026-03-12","194512325763287","Sponsored Products","0.00","USD"
"2026-03-10","48758698369103","Sponsored Products","5.11","USD"
"2026-03-11","8078369968995","Sponsored Products","0.00","USD"
"2026-03-03","224639482376841","Sponsored Products","1.86","USD"
"2026-03-25","254109808305934","Sponsored Products","0.00","USD"
"2026-03-27","55109131448748","Sponsored Products","1.32","USD"
"2026-03-09","325883174926875","Sponsored Brands","0.00","USD"
"2026-03-16","202228555422966","Sponsored Products","0.00","USD"
"2026-03-24","281024885672869","Sponsored Products","0.00","USD"
"2026-03-10","192968792078402","Sponsored Products","0.00","USD"
"2026-03-06","243038183553247","Sponsored Products","0.00","USD"
"2026-03-21","210638600694486","Sponsored Products","3.52","USD"
"2026-03-18","3690623984567","Sponsored Products","0.00","USD"
"2026-03-22","162987026418786","Sponsored Products","1.81","USD"
"2026-03-23","174719285602701","Sponsored Products","1.24","USD"
"2026-03-06","8078369968995","Sponsored Products","0.00","USD"
"2026-03-21","189380234928822","Sponsored Products","0.00","USD"
"2026-03-23","241960271286519","Sponsored Products","0.00","USD"
"2026-03-20","280528554873543","Sponsored Products","0.73","USD"
"2026-03-17","1069464513580","Sponsored Products","0.00","USD"
"2026-03-02","357384467879967","Sponsored Brands","2.27","USD"
"2026-03-29","32030113168570","Sponsored Products","0.00","USD"
"2026-03-09","138135222992233","Sponsored Products","0.95","USD"
"2026-03-01","202299611765170","Sponsored Products","0.00","USD"
"2026-03-18","65271102777505","Sponsored Products","0.00","USD"
"2026-03-11","284096201830626","Sponsored Display","0.05","USD"
"2026-03-28","130912331972988","Sponsored Products","1.31","USD"
"2026-03-28","263531397076178","Sponsored Products","1.86","USD"
"2026-03-15","194838680698310","Sponsored Products","0.00","USD"
"2026-03-16","439663157752722","Sponsored Brands","2.21","USD"
"2026-03-08","48192245895031","Sponsored Products","0.00","USD"
"2026-03-02","174719285602701","Sponsored Products","0.00","USD"
"2026-03-28","30179169319725","Sponsored Products","7.19","AUD"
"2026-03-24","23854220044300","Sponsored Products","7.07","USD"
"2026-03-26","192968792078402","Sponsored Products","0.00","USD"
"2026-03-11","115943131527635","Sponsored Products","0.00","USD"
"2026-03-21","185646462591669","Sponsored Products","0.00","USD"
"2026-03-27","224639482376841","Sponsored Products","0.00","USD"
"2026-03-07","357384467879967","Sponsored Brands","1.61","USD"
"2026-03-08","202228555422966","Sponsored Products","0.00","USD"
"2026-03-21","267283875717235","Sponsored Products","0.00","USD"
"2026-03-04","39061317933304","Sponsored Products","0.00","USD"
"2026-03-09","61503627186513","Sponsored Products","0.84","USD"
"2026-03-16","175777768252798","Sponsored Products","3.69","USD"
"2026-03-08","128835884603962","Sponsored Products","0.00","USD"
"2026-03-28","65861573413220","Sponsored Products","0.00","USD"
"2026-03-16","281024885672869","Sponsored Products","0.00","USD"
"2026-03-30","296615200458181","Sponsored Brands","13.24","USD"
"2026-03-17","455100983218716","Sponsored Brands","2.32","USD"
"2026-03-18","72921898703277","Sponsored Products","0.00","USD"
"2026-03-10","1069464513580","Sponsored Products","1.83","USD"
"2026-03-07","218351835233699","Sponsored Products","19.30","GBP"
"2026-03-04","325883174926875","Sponsored Brands","0.00","USD"
"2026-03-21","81320226496883","Sponsored Products","0.52","USD"
"2026-03-13","94121140300347","Sponsored Products","4.07","USD"
"2026-03-05","261659564571062","Sponsored Products","0.00","USD"
"2026-03-23","176992507771254","Sponsored Products","6.20","USD"
"2026-03-20","27661898820374","Sponsored Products","4.95","USD"
"2026-03-19","27661898820374","Sponsored Products","0.00","USD"
"2026-03-23","162987026418786","Sponsored Products","0.00","USD"
"2026-03-23","101965336081409","Sponsored Products","0.00","USD"
"2026-03-20","44065507618346","Sponsored Products","2.11","USD"
"2026-03-06","272711015971799","Sponsored Products","0.00","USD"
"2026-03-11","192420944790293","Sponsored Products","7.86","GBP"
"2026-03-29","3690623984567","Sponsored Products","0.00","USD"
"2026-03-01","101965336081409","Sponsored Products","1.17","USD"
"2026-03-21","30179169319725","Sponsored Products","5.69","AUD"
"2026-03-18","44065507618346","Sponsored Products","1.63","USD"
"2026-03-17","188545556962991","Sponsored Products","5.99","USD"
"2026-03-23","156285188540724","Sponsored Products","6.32","USD"
"2026-03-06","267283875717235","Sponsored Products","0.00","USD"
"2026-03-09","1069464513580","Sponsored Products","2.83","USD"
"2026-03-01","94121140300347","Sponsored Products","0.00","USD"
"2026-03-26","215966552761313","Sponsored Products","2.10","USD"
"2026-03-30","48758698369103","Sponsored Products","16.31","USD"
"2026-03-29","491366396962687","Sponsored Brands","0.00","USD"
"2026-03-01","30179169319725","Sponsored Products","4.10","AUD"
"2026-03-05","413308568322873","Sponsored Brands","1.17","USD"
"2026-03-05","48433117829801","Sponsored Products","9.57","USD"
"2026-03-14","423471492340141","Sponsored Brands","4.67","USD"
"2026-03-29","233888031600237","Sponsored Products","0.00","USD"
"2026-03-01","278626821184075","Sponsored Products","2.17","USD"
"2026-03-18","239677460933975","Sponsored Products","1.93","USD"
"2026-03-20","65271102777505","Sponsored Products","0.00","USD"
"2026-03-30","185646462591669","Sponsored Products","0.00","USD"
"2026-03-13","61090477012622","Sponsored Products","0.00","USD"
"2026-03-07","188279469264899","Sponsored Products","0.00","USD"
"2026-03-28","77231525415892","Sponsored Products","0.00","USD"
"2026-03-31","545989665090053","Sponsored Brands","0.00","GBP"
"2026-03-24","120274159023818","Sponsored Products","11.32","USD"
"2026-03-27","132476300811824","Sponsored Products","34.84","CAD"
"2026-03-28","346023186686134","Sponsored Brands","2.00","USD"
"2026-03-18","218351835233699","Sponsored Products","7.69","GBP"
"2026-03-16","128770506922317","Sponsored Products","0.00","USD"
"2026-03-16","199076365376964","Sponsored Products","6.58","USD"
"2026-03-08","133846876580591","Sponsored Products","1.74","USD"
"2026-03-07","54673378227395","Sponsored Products","8.91","USD"
"2026-03-25","81320226496883","Sponsored Products","0.68","USD"
"2026-03-31","65861573413220","Sponsored Products","0.00","USD"
"2026-03-27","154085784178560","Sponsored Products","0.00","USD"
"2026-03-27","72790979016813","Sponsored Products","0.00","USD"
"2026-03-24","186804517918072","Sponsored Products","2.88","USD"
"2026-03-04","48192245895031","Sponsored Products","0.00","USD"
"2026-03-06","194838680698310","Sponsored Products","1.74","USD"
"2026-03-08","231848232455644","Sponsored Products","0.68","USD"
"2026-03-15","291680855614624","Sponsored Brands","1.02","GBP"
"2026-03-13","206968068657618","Sponsored Products","0.00","USD"
"2026-03-25","34478632960968","Sponsored Products","13.94","USD"
"2026-03-20","11588448157956","Sponsored Products","47.66","USD"
"2026-03-06","8347630917879","Sponsored Products","1.48","USD"
"2026-03-01","261659564571062","Sponsored Products","0.00","USD"
"2026-03-26","61090477012622","Sponsored Products","0.00","USD"
"2026-03-10","130912331972988","Sponsored Products","0.00","USD"
"2026-03-23","453754530299965","Sponsored Brands","0.00","USD"
"2026-03-01","48433117829801","Sponsored Products","11.20","USD"
"2026-03-07","207367106415924","Sponsored Products","57.04","GBP"
"2026-03-16","203521351461363","Sponsored Products","0.00","USD"
"2026-03-11","82064097659476","Sponsored Products","0.90","USD"
"2026-03-19","133243849204741","Sponsored Products","0.00","USD"
"2026-03-09","231848232455644","Sponsored Products","1.32","USD"
"2026-03-08","115943131527635","Sponsored Products","1.71","USD"
"2026-03-24","121446500477002","Sponsored Products","2.50","USD"
"2026-03-23","97079585612330","Sponsored Products","0.00","USD"
"2026-03-30","93539819506468","Sponsored Products","0.00","USD"
"2026-03-03","1069464513580","Sponsored Products","1.09","USD"
"2026-03-15","65861573413220","Sponsored Products","0.00","USD"
"2026-03-19","2414736156339","Sponsored Products","0.00","USD"
"2026-03-04","1069464513580","Sponsored Products","9.51","USD"
"2026-03-31","11588448157956","Sponsored Products","2.33","USD"
"2026-03-13","8078369968995","Sponsored Products","0.00","USD"
"2026-03-17","23854220044300","Sponsored Products","2.64","USD"
"2026-03-29","154085784178560","Sponsored Products","0.00","USD"
"2026-03-14","192968792078402","Sponsored Products","0.00","USD"
"2026-03-22","278626821184075","Sponsored Products","1.55","USD"
"2026-03-13","452065263384491","Sponsored Brands","16.41","USD"
"2026-03-20","9627520751858","Sponsored Products","2.79","USD"
"2026-03-21","162987026418786","Sponsored Products","0.00","USD"
"2026-03-08","192420944790293","Sponsored Products","6.89","GBP"
"2026-03-16","267283875717235","Sponsored Products","1.89","USD"
"2026-03-05","65861573413220","Sponsored Products","0.00","USD"
"2026-03-18","81320226496883","Sponsored Products","1.08","USD"
"2026-03-26","32030113168570","Sponsored Products","0.00","USD"
"2026-03-10","40237294180920","Sponsored Products","0.00","USD"
"2026-03-03","28565058702355","Sponsored Products","33.17","USD"
"2026-03-25","158724595401869","Sponsored Products","0.00","USD"
"2026-03-22","132476300811824","Sponsored Products","6.35","CAD"
"2026-03-06","491366396962687","Sponsored Brands","2.25","USD"
"2026-03-13","168803396873792","Sponsored Products","0.43","USD"
"2026-03-09","452065263384491","Sponsored Brands","18.56","USD"
"2026-03-19","158171452508120","Sponsored Products","0.00","USD"
"2026-03-29","206968068657618","Sponsored Products","1.58","USD"
"2026-03-21","225946958740637","Sponsored Products","0.00","USD"
"2026-03-19","194512325763287","Sponsored Products","0.00","USD"
"2026-03-19","346023186686134","Sponsored Brands","3.55","USD"
"2026-03-07","138135222992233","Sponsored Products","0.00","USD"
"2026-03-07","72790979016813","Sponsored Products","0.95","USD"
"2026-03-26","128770506922317","Sponsored Products","0.00","USD"
"2026-03-10","53404531347848","Sponsored Products","0.00","USD"
"2026-03-13","176992507771254","Sponsored Products","8.23","USD"
"2026-03-13","3690623984567","Sponsored Products","1.34","USD"
"2026-03-10","216925562826343","Sponsored Products","0.00","USD"
"2026-03-19","279125239605082","Sponsored Products","0.00","USD"
"2026-03-03","141648422510979","Sponsored Products","0.00","USD"
"2026-03-01","271780514756108","Sponsored Products","0.00","USD"
"2026-03-26","491366396962687","Sponsored Brands","0.00","USD"
"2026-03-21","281024885672869","Sponsored Products","0.91","USD"
"2026-03-09","18193170148935","Sponsored Products","0.00","USD"
"2026-03-20","238790977416237","Sponsored Products","0.00","USD"
"2026-03-08","53404531347848","Sponsored Products","0.00","USD"
"2026-03-01","218351835233699","Sponsored Products","19.04","GBP"
"2026-03-17","28864493115463","Sponsored Products","0.00","USD"
"2026-03-27","56338703455249","Sponsored Products","0.00","USD"
"2026-03-06","156285188540724","Sponsored Products","1.11","USD"
"2026-03-11","130912331972988","Sponsored Products","0.00","USD"
"2026-03-02","452065263384491","Sponsored Brands","1.13","USD"
"2026-03-20","55613271497964","Sponsored Products","0.00","USD"
"2026-03-27","67855357390881","Sponsored Products","0.00","USD"
"2026-03-22","194512325763287","Sponsored Products","0.00","USD"
"2026-03-26","423471492340141","Sponsored Brands","1.83","USD"
"2026-03-23","48433117829801","Sponsored Products","0.05","USD"
"2026-03-04","204544178017947","Sponsored Products","0.00","USD"
"2026-03-16","48433117829801","Sponsored Products","10.75","USD"
"2026-03-01","175777768252798","Sponsored Products","1.86","USD"
"2026-03-14","164743561215297","Sponsored Products","4.03","USD"
"2026-03-08","140453739775668","Sponsored Products","1.82","USD"
"2026-03-21","2514549308563","Sponsored Products","3.10","USD"
"2026-03-28","279125239605082","Sponsored Products","0.00","USD"
"2026-03-17","204544178017947","Sponsored Products","0.00","USD"
"2026-03-22","277250351840071","Sponsored Products","3.92","USD"
"2026-03-22","255100442617527","Sponsored Products","1.47","USD"
"2026-03-22","115943131527635","Sponsored Products","4.82","USD"
"2026-03-26","348184859637636","Sponsored Brands","1.86","USD"
"2026-03-21","27661898820374","Sponsored Products","5.61","USD"
"2026-03-25","113013759920940","Sponsored Products","0.00","USD"
"2026-03-20","267283875717235","Sponsored Products","0.00","USD"
"2026-03-20","243204708497477","Sponsored Products","5.46","USD"
"2026-03-20","259201002739674","Sponsored Products","2.96","USD"
"2026-03-13","291680855614624","Sponsored Brands","0.28","GBP"
"2026-03-22","72790979016813","Sponsored Products","0.00","USD"
"2026-03-15","204544178017947","Sponsored Products","1.47","USD"
"2026-03-15","11143044290906","Sponsored Products","0.00","USD"
"2026-03-20","54386198712419","Sponsored Products","1.56","USD"
"2026-03-06","439663157752722","Sponsored Brands","10.74","USD"
"2026-03-08","189380234928822","Sponsored Products","0.00","USD"
"2026-03-09","225946958740637","Sponsored Products","0.00","USD"
"2026-03-01","173362871105297","Sponsored Products","0.00","USD"
"2026-03-12","72921898703277","Sponsored Products","0.00","USD"
"2026-03-09","115758363210245","Sponsored Products","32.86","USD"
"2026-03-05","30651955945418","Sponsored Products","1.02","USD"
"2026-03-24","218351835233699","Sponsored Products","7.27","GBP"
"2026-03-16","23854220044300","Sponsored Products","13.05","USD"
"2026-03-11","61837188685116","Sponsored Products","1.20","USD"
"2026-03-19","48192245895031","Sponsored Products","0.00","USD"
"2026-03-09","281024885672869","Sponsored Products","0.78","USD"
"2026-03-14","380662946968621","Sponsored Display","0.42","USD"
"2026-03-14","187735718741416","Sponsored Products","0.00","USD"
"2026-03-26","149626049979530","Sponsored Products","0.00","USD"
"2026-03-04","213530912619228","Sponsored Products","0.00","USD"
"2026-03-11","239175797857758","Sponsored Products","14.59","USD"
"2026-03-17","202228555422966","Sponsored Products","0.00","USD"
"2026-03-31","61503627186513","Sponsored Products","0.00","USD"
"2026-03-21","269935586939823","Sponsored Products","8.04","CAD"
"2026-03-17","176992507771254","Sponsored Products","2.07","USD"
"2026-03-29","413308568322873","Sponsored Brands","0.00","USD"
"2026-03-02","246452377117901","Sponsored Products","0.00","USD"
"2026-03-18","94073967562900","Sponsored Products","0.00","USD"
"2026-03-20","272711015971799","Sponsored Products","0.00","USD"
"2026-03-21","126638359335345","Sponsored Products","1.06","USD"
"2026-03-03","267283875717235","Sponsored Products","0.00","USD"
"2026-03-01","255100442617527","Sponsored Products","0.00","USD"
"2026-03-27","348184859637636","Sponsored Brands","0.00","USD"
"2026-03-27","1069464513580","Sponsored Products","9.14","USD"
"2026-03-16","173362871105297","Sponsored Products","0.00","USD"
"2026-03-03","515637010546761","Sponsored Brands","13.99","USD"
"2026-03-19","115764500761375","Sponsored Products","0.00","USD"
"2026-03-28","48433117829801","Sponsored Products","1.58","USD"
"2026-03-18","439663157752722","Sponsored Brands","2.03","USD"
"2026-03-04","515637010546761","Sponsored Brands","9.57","USD"
"2026-03-18","271002646812055","Sponsored Products","0.00","USD"
"2026-03-24","545989665090053","Sponsored Brands","1.00","GBP"
"2026-03-04","96060745446945","Sponsored Products","0.00","USD"
"2026-03-26","210638600694486","Sponsored Products","2.11","USD"
"2026-03-22","407444835513369","Sponsored Brands","0.00","CAD"
"2026-03-11","495677195822245","Sponsored Brands","1.52","USD"
"2026-03-20","175777768252798","Sponsored Products","4.23","USD"
"2026-03-08","439663157752722","Sponsored Brands","3.55","USD"
"2026-03-17","93539819506468","Sponsored Products","16.50","USD"
"2026-03-25","43460676635147","Sponsored Products","0.00","USD"
"2026-03-30","138135222992233","Sponsored Products","0.00","USD"
"2026-03-17","56338703455249","Sponsored Products","0.00","USD"
"2026-03-01","115943131527635","Sponsored Products","0.00","USD"
"2026-03-23","2414736156339","Sponsored Products","1.47","USD"
"2026-03-04","491366396962687","Sponsored Brands","3.25","USD"
"2026-03-16","225946958740637","Sponsored Products","0.00","USD"
"2026-03-27","261580610725925","Sponsored Products","3.45","AUD"
"2026-03-17","158724595401869","Sponsored Products","0.00","USD"
"2026-03-19","126638359335345","Sponsored Products","0.00","USD"
"2026-03-14","495677195822245","Sponsored Brands","0.00","USD"
"2026-03-25","205764417979436","Sponsored Products","0.00","USD"
"2026-03-10","187735718741416","Sponsored Products","0.00","USD"
"2026-03-08","56338703455249","Sponsored Products","0.00","USD"
"2026-03-09","188545556962991","Sponsored Products","1.32","USD"
"2026-03-17","539931100075119","Sponsored Brands","7.86","USD"
"2026-03-18","130912331972988","Sponsored Products","0.00","USD"
"2026-03-23","261580610725925","Sponsored Products","0.00","AUD"
"2026-03-30","96060745446945","Sponsored Products","0.82","USD"
"2026-03-31","245335884201020","Sponsored Products","0.00","USD"
"2026-03-03","9627520751858","Sponsored Products","2.73","USD"
"2026-03-27","27661898820374","Sponsored Products","0.00","USD"
"2026-03-18","11143044290906","Sponsored Products","3.01","USD"
"2026-03-10","83042096012825","Sponsored Products","0.00","USD"
"2026-03-23","34478632960968","Sponsored Products","24.59","USD"
"2026-03-16","121446500477002","Sponsored Products","0.00","USD"
"2026-03-28","53404531347848","Sponsored Products","1.11","USD"
"2026-03-17","203521351461363","Sponsored Products","0.00","USD"
"2026-03-29","263531397076178","Sponsored Products","0.00","USD"
"2026-03-12","205764417979436","Sponsored Products","0.00","USD"
"2026-03-23","452065263384491","Sponsored Brands","9.53","USD"
"2026-03-20","325883174926875","Sponsored Brands","0.00","USD"
"2026-03-20","154118694541854","Sponsored Products","0.00","USD"
"2026-03-11","239677460933975","Sponsored Products","0.00","USD"
"2026-03-08","280513164622908","Sponsored Products","1.50","USD"
"2026-03-06","231848232455644","Sponsored Products","0.00","USD"
"2026-03-17","67855357390881","Sponsored Products","1.80","USD"
"2026-03-03","176992507771254","Sponsored Products","1.06","USD"
"2026-03-21","261580610725925","Sponsored Products","0.00","AUD"
"2026-03-11","441925918527435","Sponsored Brands","2.08","USD"
"2026-03-16","93539819506468","Sponsored Products","4.19","USD"
"2026-03-06","9627520751858","Sponsored Products","6.64","USD"
"2026-03-28","241960271286519","Sponsored Products","0.00","USD"
"2026-03-15","121446500477002","Sponsored Products","0.00","USD"
"2026-03-22","1861066386589","Sponsored Products","1.25","USD"
"2026-03-26","121446500477002","Sponsored Products","0.00","USD"
"2026-03-14","128835884603962","Sponsored Products","1.06","USD"
"2026-03-22","115758363210245","Sponsored Products","10.47","USD"
"2026-03-26","380662946968621","Sponsored Display","0.18","USD"
"2026-03-21","128835884603962","Sponsored Products","0.00","USD"
"2026-03-18","77231525415892","Sponsored Products","0.00","USD"
"2026-03-23","8078369968995","Sponsored Products","0.00","USD"
"2026-03-23","61503627186513","Sponsored Products","0.00","USD"
"2026-03-16","8078369968995","Sponsored Products","0.55","USD"
"2026-03-19","413308568322873","Sponsored Brands","0.00","USD"
"2026-03-13","101459965063202","Sponsored Products","0.88","USD"
"2026-03-02","101459965063202","Sponsored Products","4.62","USD"
"2026-03-14","8347630917879","Sponsored Products","5.28","USD"
"2026-03-04","72790979016813","Sponsored Products","0.00","USD"
"2026-03-16","11143044290906","Sponsored Products","7.17","USD"
"2026-03-26","515637010546761","Sponsored Brands","0.51","USD"
"2026-03-19","172779439196738","Sponsored Products","0.00","USD"
"2026-03-04","539931100075119","Sponsored Brands","13.47","USD"
"2026-03-31","241960271286519","Sponsored Products","0.00","USD"
"2026-03-15","263531397076178","Sponsored Products","0.00","USD"
"2026-03-02","1069464513580","Sponsored Products","0.78","USD"
"2026-03-22","174719285602701","Sponsored Products","3.07","USD"
"2026-03-23","216925562826343","Sponsored Products","0.00","USD"
"2026-03-28","72921898703277","Sponsored Products","0.00","USD"
"2026-03-18","134777743429986","Sponsored Products","2.91","USD"
"2026-03-23","82064097659476","Sponsored Products","0.45","USD"
"2026-03-06","243204708497477","Sponsored Products","0.00","USD"
"2026-03-25","67855357390881","Sponsored Products","0.00","USD"
"2026-03-14","261580610725925","Sponsored Products","0.39","AUD"
"2026-03-07","94121140300347","Sponsored Products","20.26","USD"
"2026-03-10","94121140300347","Sponsored Products","19.17","USD"
"2026-03-06","281235849108344","Sponsored Products","3.64","USD"
"2026-03-12","124202126398060","Sponsored Products","0.45","USD"
"2026-03-28","9627520751858","Sponsored Products","0.00","USD"
"2026-03-14","241960271286519","Sponsored Products","1.24","USD"
"2026-03-21","455100983218716","Sponsored Brands","3.53","USD"
"2026-03-21","133846876580591","Sponsored Products","0.00","USD"
"2026-03-17","276488907454289","Sponsored Products","0.00","USD"
"2026-03-12","3690623984567","Sponsored Products","0.00","USD"
"2026-03-25","128835884603962","Sponsored Products","0.00","USD"
"2026-03-14","241259046045612","Sponsored Products","0.00","USD"
"2026-03-10","121446500477002","Sponsored Products","0.00","USD"
"2026-03-11","259323671730401","Sponsored Products","8.53","USD"
"2026-03-21","102692108916415","Sponsored Products","0.00","USD"
"2026-03-19","50912117972815","Sponsored Products","0.00","USD"
"2026-03-28","175777768252798","Sponsored Products","0.50","USD"
"2026-03-28","545989665090053","Sponsored Brands","2.10","GBP"
"2026-03-25","206968068657618","Sponsored Products","0.00","USD"
"2026-03-07","560000811916391","Sponsored Brands","20.83","USD"
"2026-03-22","101965336081409","Sponsored Products","0.00","USD"
"2026-03-13","276797522102375","Sponsored Products","6.22","USD"
"2026-03-13","439663157752722","Sponsored Brands","1.43","USD"
"2026-03-28","173362871105297","Sponsored Products","0.00","USD"
"2026-03-18","246452377117901","Sponsored Products","3.42","USD"
"2026-03-22","423471492340141","Sponsored Brands","3.61","USD"
"2026-03-08","453754530299965","Sponsored Brands","4.30","USD"
"2026-03-11","34478632960968","Sponsored Products","22.78","USD"
"2026-03-19","39061317933304","Sponsored Products","0.00","USD"
"2026-03-13","257373022214500","Sponsored Products","0.00","USD"
"2026-03-23","23854220044300","Sponsored Products","1.68","USD"
"2026-03-16","124202126398060","Sponsored Products","0.71","USD"
"2026-03-09","14582572617569","Sponsored Products","0.00","USD"
"2026-03-28","42141939819441","Sponsored Products","0.75","USD"
"2026-03-17","231848232455644","Sponsored Products","0.00","USD"
"2026-03-19","441925918527435","Sponsored Brands","15.53","USD"
"2026-03-29","284096201830626","Sponsored Display","0.66","USD"
"2026-03-21","280513164622908","Sponsored Products","0.00","USD"
"2026-03-28","101459965063202","Sponsored Products","0.07","USD"
"2026-03-17","54386198712419","Sponsored Products","0.00","USD"
"2026-03-29","215176800738804","Sponsored Products","0.00","USD"
"2026-03-01","42141939819441","Sponsored Products","0.00","USD"
"2026-03-10","272711015971799","Sponsored Products","0.00","USD"
"2026-03-20","156989235380210","Sponsored Products","152.00","USD"
"2026-03-08","133243849204741","Sponsored Products","0.00","USD"
"2026-03-14","272711015971799","Sponsored Products","0.00","USD"
"2026-03-15","434170639918769","Sponsored Brands","0.00","USD"
"2026-03-14","259201002739674","Sponsored Products","5.21","USD"
"2026-03-26","174719285602701","Sponsored Products","7.60","USD"
"2026-03-15","145958940968220","Sponsored Products","2.32","USD"
"2026-03-30","1069464513580","Sponsored Products","0.84","USD"
"2026-03-15","206968068657618","Sponsored Products","0.00","USD"
"2026-03-25","272711015971799","Sponsored Products","0.00","USD"
"2026-03-21","545989665090053","Sponsored Brands","2.10","GBP"
"2026-03-25","42141939819441","Sponsored Products","0.00","USD"
"2026-03-27","61090477012622","Sponsored Products","0.00","USD"
"2026-03-24","187735718741416","Sponsored Products","0.00","USD"
"2026-03-16","199698435439447","Sponsored Products","0.00","USD"
"2026-03-19","225946958740637","Sponsored Products","0.00","USD"
"2026-03-17","168803396873792","Sponsored Products","0.28","USD"
"2026-03-05","158724595401869","Sponsored Products","0.00","USD"
"2026-03-29","243038183553247","Sponsored Products","0.00","USD"
"2026-03-06","413308568322873","Sponsored Brands","0.28","USD"
"2026-03-19","259201002739674","Sponsored Products","6.66","USD"
"2026-03-24","153491409585454","Sponsored Products","9.21","USD"
"2026-03-30","115758363210245","Sponsored Products","0.37","USD"
"2026-03-31","99604176633940","Sponsored Products","0.00","USD"
"2026-03-17","263531397076178","Sponsored Products","0.80","USD"
"2026-03-14","453754530299965","Sponsored Brands","0.88","USD"
"2026-03-12","241259046045612","Sponsored Products","0.00","USD"
"2026-03-02","140453739775668","Sponsored Products","1.27","USD"
"2026-03-18","2514549308563","Sponsored Products","0.00","USD"
"2026-03-26","8347630917879","Sponsored Products","6.98","USD"
"2026-03-20","2514549308563","Sponsored Products","0.00","USD"
"2026-03-21","141552428309171","Sponsored Products","5.24","USD"
"2026-03-19","224639482376841","Sponsored Products","2.58","USD"
"2026-03-31","134777743429986","Sponsored Products","0.00","USD"
"2026-03-02","281235849108344","Sponsored Products","5.56","USD"
"2026-03-01","28864493115463","Sponsored Products","0.89","USD"
"2026-03-29","407444835513369","Sponsored Brands","0.00","CAD"
"2026-03-06","1069464513580","Sponsored Products","4.60","USD"
"2026-03-31","185646462591669","Sponsored Products","0.00","USD"
"2026-03-17","48758698369103","Sponsored Products","1.36","USD"
"2026-03-14","34478632960968","Sponsored Products","17.49","USD"
"2026-03-10","128835884603962","Sponsored Products","0.00","USD"
"2026-03-09","145958940968220","Sponsored Products","1.06","USD"
"2026-03-07","153491409585454","Sponsored Products","1.10","USD"
"2026-03-03","8347630917879","Sponsored Products","2.33","USD"
"2026-03-07","93539819506468","Sponsored Products","61.38","USD"
"2026-03-08","1861066386589","Sponsored Products","5.49","USD"
"2026-03-26","27661898820374","Sponsored Products","0.90","USD"
"2026-03-30","121446500477002","Sponsored Products","0.00","USD"
"2026-03-05","72790979016813","Sponsored Products","1.21","USD"
"2026-03-15","48758698369103","Sponsored Products","8.33","USD"
"2026-03-02","54673378227395","Sponsored Products","1.24","USD"
"2026-03-09","42141939819441","Sponsored Products","0.00","USD"
"2026-03-10","205764417979436","Sponsored Products","0.00","USD"
"2026-03-20","194512325763287","Sponsored Products","0.00","USD"
"2026-03-06","149818563042691","Sponsored Products","0.00","USD"
"2026-03-21","79620432535917","Sponsored Products","6.08","USD"
"2026-03-03","126638359335345","Sponsored Products","0.00","USD"
"2026-03-23","269935586939823","Sponsored Products","21.85","CAD"
"2026-03-10","271002646812055","Sponsored Products","0.00","USD"
"2026-03-22","239772993878028","Sponsored Products","0.00","USD"
"2026-03-06","138135222992233","Sponsored Products","0.00","USD"
"2026-03-14","213530912619228","Sponsored Products","0.00","USD"
"2026-03-10","202228555422966","Sponsored Products","0.00","USD"
"2026-03-12","453754530299965","Sponsored Brands","2.63","USD"
"2026-03-27","257373022214500","Sponsored Products","0.00","USD"
"2026-03-27","203521351461363","Sponsored Products","0.00","USD"
"2026-03-24","441925918527435","Sponsored Brands","2.76","USD"
"2026-03-26","83042096012825","Sponsored Products","0.00","USD"
"2026-03-06","198809778193730","Sponsored Products","75.53","USD"
"2026-03-09","48192245895031","Sponsored Products","0.00","USD"
"2026-03-18","115764500761375","Sponsored Products","5.65","USD"
"2026-03-24","277250351840071","Sponsored Products","8.63","USD"
"2026-03-30","423471492340141","Sponsored Brands","0.00","USD"
"2026-03-28","204544178017947","Sponsored Products","0.00","USD"
"2026-03-03","233888031600237","Sponsored Products","0.00","USD"
"2026-03-05","281235849108344","Sponsored Products","1.84","USD"
"2026-03-15","545989665090053","Sponsored Brands","3.68","GBP"
"2026-03-31","55613271497964","Sponsored Products","0.00","USD"
"2026-03-09","241960271286519","Sponsored Products","0.00","USD"
"2026-03-21","83042096012825","Sponsored Products","0.00","USD"
"2026-03-07","199076365376964","Sponsored Products","23.94","USD"
"2026-03-12","137772430611725","Sponsored Products","0.00","USD"
"2026-03-25","134777743429986","Sponsored Products","0.00","USD"
"2026-03-27","61503627186513","Sponsored Products","0.00","USD"
"2026-03-24","156989235380210","Sponsored Products","168.82","USD"
"2026-03-03","495677195822245","Sponsored Brands","0.77","USD"
"2026-03-24","158171452508120","Sponsored Products","0.76","USD"
"2026-03-26","43460676635147","Sponsored Products","0.00","USD"
"2026-03-28","441925918527435","Sponsored Brands","2.87","USD"
"2026-03-13","380662946968621","Sponsored Display","0.00","USD"
"2026-03-17","42141939819441","Sponsored Products","0.00","USD"
"2026-03-14","8078369968995","Sponsored Products","0.74","USD"
"2026-03-21","192420944790293","Sponsored Products","0.44","GBP"
"2026-03-20","245335884201020","Sponsored Products","0.65","USD"
"2026-03-09","441925918527435","Sponsored Brands","5.92","USD"
"2026-03-25","176992507771254","Sponsored Products","2.09","USD"
"2026-03-13","453754530299965","Sponsored Brands","0.86","USD"
"2026-03-23","102692108916415","Sponsored Products","0.00","USD"
"2026-03-08","43460676635147","Sponsored Products","0.00","USD"
"2026-03-09","213530912619228","Sponsored Products","0.00","USD"
"2026-03-16","303344079444236","Sponsored Brands","0.45","GBP"
"2026-03-04","65861573413220","Sponsored Products","0.00","USD"
"2026-03-16","96060745446945","Sponsored Products","0.98","USD"
"2026-03-06","40237294180920","Sponsored Products","0.00","USD"
"2026-03-11","262727752997615","Sponsored Products","1.56","USD"
"2026-03-09","133243849204741","Sponsored Products","0.00","USD"
"2026-03-14","149818563042691","Sponsored Products","0.00","USD"
"2026-03-02","132476300811824","Sponsored Products","31.19","CAD"
"2026-03-08","455100983218716","Sponsored Brands","1.59","USD"
"2026-03-05","3690623984567","Sponsored Products","0.00","USD"
"2026-03-26","215176800738804","Sponsored Products","0.00","USD"
"2026-03-20","241259046045612","Sponsored Products","0.00","USD"
"2026-03-25","115764500761375","Sponsored Products","10.21","USD"
"2026-03-13","215176800738804","Sponsored Products","0.00","USD"
"2026-03-01","263531397076178","Sponsored Products","0.00","USD"
"2026-03-26","56338703455249","Sponsored Products","0.00","USD"
"2026-03-10","2414736156339","Sponsored Products","2.47","USD"
"2026-03-23","291680855614624","Sponsored Brands","0.00","GBP"
"2026-03-19","44065507618346","Sponsored Products","0.00","USD"
"2026-03-31","263531397076178","Sponsored Products","1.36","USD"
"2026-03-27","281110747056753","Sponsored Products","0.00","USD"
"2026-03-14","303344079444236","Sponsored Brands","0.00","GBP"
"2026-03-21","124202126398060","Sponsored Products","0.00","USD"
"2026-03-05","124202126398060","Sponsored Products","4.89","USD"
"2026-03-10","303344079444236","Sponsored Brands","0.54","GBP"
"2026-03-24","42141939819441","Sponsored Products","0.00","USD"
"2026-03-08","225946958740637","Sponsored Products","0.00","USD"
"2026-03-08","72790979016813","Sponsored Products","0.00","USD"
"2026-03-09","61090477012622","Sponsored Products","1.60","USD"
"2026-03-02","32030113168570","Sponsored Products","0.00","USD"
"2026-03-18","245503802057093","Sponsored Products","0.00","USD"
"2026-03-24","81320226496883","Sponsored Products","1.25","USD"
"2026-03-30","173362871105297","Sponsored Products","0.00","USD"
"2026-03-07","43460676635147","Sponsored Products","0.00","USD"
"2026-03-29","245503802057093","Sponsored Products","0.00","USD"
"2026-03-01","215966552761313","Sponsored Products","0.00","USD"
"2026-03-29","515637010546761","Sponsored Brands","3.80","USD"
"2026-03-13","28864493115463","Sponsored Products","0.87","USD"
"2026-03-17","172779439196738","Sponsored Products","0.00","USD"
"2026-03-08","67855357390881","Sponsored Products","0.00","USD"
"2026-03-21","53404531347848","Sponsored Products","0.49","USD"
"2026-03-23","8347630917879","Sponsored Products","5.91","USD"
"2026-03-06","202228555422966","Sponsored Products","0.00","USD"
"2026-03-11","11143044290906","Sponsored Products","5.51","USD"
"2026-03-29","199076365376964","Sponsored Products","4.84","USD"
"2026-03-01","164743561215297","Sponsored Products","0.00","USD"
"2026-03-07","133243849204741","Sponsored Products","0.00","USD"
"2026-03-23","194512325763287","Sponsored Products","0.00","USD"
"2026-03-20","233888031600237","Sponsored Products","0.00","USD"
"2026-03-28","158724595401869","Sponsored Products","0.00","USD"
"2026-03-27","279125239605082","Sponsored Products","0.00","USD"
"2026-03-24","259201002739674","Sponsored Products","3.80","USD"
"2026-03-04","194512325763287","Sponsored Products","0.92","USD"
"2026-03-10","423471492340141","Sponsored Brands","4.15","USD"
"2026-03-19","452065263384491","Sponsored Brands","14.71","USD"
"2026-03-05","348184859637636","Sponsored Brands","0.00","USD"
"2026-03-20","50912117972815","Sponsored Products","0.00","USD"
"2026-03-31","194838680698310","Sponsored Products","0.79","USD"
"2026-03-17","162987026418786","Sponsored Products","0.00","USD"
"2026-03-24","172779439196738","Sponsored Products","0.00","USD"
"2026-03-11","1861066386589","Sponsored Products","2.83","USD"
"2026-03-07","276488907454289","Sponsored Products","0.00","USD"
"2026-03-07","491366396962687","Sponsored Brands","3.01","USD"
"2026-03-04","42141939819441","Sponsored Products","0.00","USD"
"2026-03-12","133243849204741","Sponsored Products","0.00","USD"
"2026-03-22","40237294180920","Sponsored Products","0.00","USD"
"2026-03-13","132476300811824","Sponsored Products","34.24","CAD"
"2026-03-23","259201002739674","Sponsored Products","0.60","USD"
"2026-03-02","439663157752722","Sponsored Brands","1.92","USD"
"2026-03-25","239175797857758","Sponsored Products","1.04","USD"
"2026-03-14","204544178017947","Sponsored Products","0.00","USD"
"2026-03-22","261580610725925","Sponsored Products","1.02","AUD"
"2026-03-24","44065507618346","Sponsored Products","0.67","USD"
"2026-03-11","30179169319725","Sponsored Products","3.06","AUD"
"2026-03-03","72790979016813","Sponsored Products","1.04","USD"
"2026-03-05","239677460933975","Sponsored Products","5.79","USD"
"2026-03-13","2414736156339","Sponsored Products","0.94","USD"
"2026-03-15","149818563042691","Sponsored Products","0.00","USD"
"2026-03-12","2414736156339","Sponsored Products","2.99","USD"
"2026-03-26","30651955945418","Sponsored Products","0.00","USD"
"2026-03-10","154118694541854","Sponsored Products","0.00","USD"
"2026-03-11","239772993878028","Sponsored Products","0.00","USD"
"2026-03-13","187735718741416","Sponsored Products","0.00","USD"
"2026-03-13","32030113168570","Sponsored Products","0.00","USD"
"2026-03-17","34478632960968","Sponsored Products","13.44","USD"
"2026-03-17","281235849108344","Sponsored Products","7.21","USD"
"2026-03-06","130912331972988","Sponsored Products","0.00","USD"
"2026-03-28","192968792078402","Sponsored Products","0.00","USD"
"2026-03-03","156285188540724","Sponsored Products","7.08","USD"
"2026-03-05","434170639918769","Sponsored Brands","0.00","USD"
"2026-03-02","198809778193730","Sponsored Products","25.37","USD"
"2026-03-25","423471492340141","Sponsored Brands","2.02","USD"
"2026-03-10","263531397076178","Sponsored Products","0.00","USD"
"2026-03-03","72921898703277","Sponsored Products","0.00","USD"
"2026-03-02","58475731073369","Sponsored Products","1.14","USD"
"2026-03-20","81320226496883","Sponsored Products","0.00","USD"
"2026-03-07","56338703455249","Sponsored Products","0.80","USD"
"2026-03-06","81320226496883","Sponsored Products","1.01","USD"
"2026-03-03","441925918527435","Sponsored Brands","11.62","USD"
"2026-03-19","101459965063202","Sponsored Products","2.60","USD"
"2026-03-25","276797522102375","Sponsored Products","7.25","USD"
"2026-03-26","22515666501366","Sponsored Products","0.64","USD"
"2026-03-20","115758363210245","Sponsored Products","2.78","USD"
"2026-03-06","281024885672869","Sponsored Products","2.38","USD"
"2026-03-12","259323671730401","Sponsored Products","1.48","USD"
"2026-03-04","278626821184075","Sponsored Products","6.53","USD"
"2026-03-31","325883174926875","Sponsored Brands","0.00","USD"
"2026-03-05","96060745446945","Sponsored Products","2.32","USD"
"2026-03-22","325883174926875","Sponsored Brands","0.00","USD"
"2026-03-26","539931100075119","Sponsored Brands","10.36","USD"
"2026-03-27","272711015971799","Sponsored Products","0.93","USD"
"2026-03-20","97079585612330","Sponsored Products","0.00","USD"
"2026-03-07","96060745446945","Sponsored Products","1.50","USD"
"2026-03-26","61837188685116","Sponsored Products","0.00","USD"
"2026-03-11","141648422510979","Sponsored Products","0.00","USD"
"2026-03-31","115764500761375","Sponsored Products","8.73","USD"
"2026-03-02","238790977416237","Sponsored Products","0.00","USD"
"2026-03-27","204544178017947","Sponsored Products","0.00","USD"
"2026-03-19","207367106415924","Sponsored Products","17.29","GBP"
"2026-03-30","54673378227395","Sponsored Products","0.00","USD"
"2026-03-21","325883174926875","Sponsored Brands","0.23","USD"
"2026-03-15","254109808305934","Sponsored Products","0.00","USD"
"2026-03-19","269935586939823","Sponsored Products","4.87","CAD"
"2026-03-19","262727752997615","Sponsored Products","0.00","USD"
"2026-03-27","238790977416237","Sponsored Products","1.28","USD"
"2026-03-18","296615200458181","Sponsored Brands","14.67","USD"
"2026-03-17","452065263384491","Sponsored Brands","7.33","USD"
"2026-03-23","154118694541854","Sponsored Products","0.00","USD"
"2026-03-06","93539819506468","Sponsored Products","48.74","USD"
"2026-03-08","28864493115463","Sponsored Products","0.00","USD"
"2026-03-02","325883174926875","Sponsored Brands","0.00","USD"
"2026-03-27","81320226496883","Sponsored Products","0.00","USD"
"2026-03-22","246452377117901","Sponsored Products","0.00","USD"
"2026-03-22","2514549308563","Sponsored Products","0.00","USD"
"2026-03-01","261580610725925","Sponsored Products","0.54","AUD"
"2026-03-04","202228555422966","Sponsored Products","0.00","USD"
"2026-03-29","54673378227395","Sponsored Products","0.00","USD"
"2026-03-25","210638600694486","Sponsored Products","3.68","USD"
"2026-03-27","14582572617569","Sponsored Products","0.00","USD"
"2026-03-20","271002646812055","Sponsored Products","0.00","USD"
"2026-03-13","175777768252798","Sponsored Products","0.00","USD"
"2026-03-13","263531397076178","Sponsored Products","0.00","USD"
"2026-03-28","278626821184075","Sponsored Products","0.00","USD"
"2026-03-03","82064097659476","Sponsored Products","0.00","USD"
"2026-03-29","241960271286519","Sponsored Products","2.45","USD"
"2026-03-14","243204708497477","Sponsored Products","0.00","USD"
"2026-03-20","218351835233699","Sponsored Products","12.51","GBP"
"2026-03-01","124202126398060","Sponsored Products","6.59","USD"
"2026-03-22","202228555422966","Sponsored Products","0.00","USD"
"2026-03-15","210638600694486","Sponsored Products","0.44","USD"
"2026-03-20","173362871105297","Sponsored Products","0.00","USD"
"2026-03-07","259323671730401","Sponsored Products","9.06","USD"
"2026-03-15","42141939819441","Sponsored Products","0.00","USD"
"2026-03-02","14582572617569","Sponsored Products","0.00","USD"
"2026-03-27","30179169319725","Sponsored Products","4.17","AUD"
"2026-03-03","246452377117901","Sponsored Products","0.59","USD"
"2026-03-25","152555236474228","Sponsored Products","0.00","USD"
"2026-03-21","357384467879967","Sponsored Brands","0.00","USD"
"2026-03-24","149626049979530","Sponsored Products","0.00","USD"
"2026-03-16","296615200458181","Sponsored Brands","4.82","USD"
"2026-03-21","271780514756108","Sponsored Products","6.79","USD"
"2026-03-04","423471492340141","Sponsored Brands","1.21","USD"
"2026-03-07","261580610725925","Sponsored Products","0.41","AUD"
"2026-03-31","202228555422966","Sponsored Products","0.00","USD"
"2026-03-03","158724595401869","Sponsored Products","0.00","USD"
"2026-03-15","225946958740637","Sponsored Products","0.00","USD"
"2026-03-10","455100983218716","Sponsored Brands","3.10","USD"
"2026-03-16","238790977416237","Sponsored Products","0.00","USD"
"2026-03-17","216925562826343","Sponsored Products","0.00","USD"
"2026-03-02","224639482376841","Sponsored Products","0.00","USD"
"2026-03-10","173362871105297","Sponsored Products","0.00","USD"
"2026-03-08","40237294180920","Sponsored Products","0.00","USD"
"2026-03-01","312632253610695","Sponsored Brands","0.00","USD"
"2026-03-17","281024885672869","Sponsored Products","1.63","USD"
"2026-03-12","187735718741416","Sponsored Products","0.00","USD"
"2026-03-14","141648422510979","Sponsored Products","1.25","USD"
"2026-03-26","156285188540724","Sponsored Products","19.60","USD"
"2026-03-25","346023186686134","Sponsored Brands","0.00","USD"
"2026-03-19","291680855614624","Sponsored Brands","0.00","GBP"
"2026-03-09","303344079444236","Sponsored Brands","0.38","GBP"
"2026-03-16","495677195822245","Sponsored Brands","1.24","USD"
"2026-03-19","245335884201020","Sponsored Products","3.15","USD"
"2026-03-19","61090477012622","Sponsored Products","0.00","USD"
"2026-03-19","380662946968621","Sponsored Display","0.00","USD"
"2026-03-18","539931100075119","Sponsored Brands","7.37","USD"
"2026-03-04","83677388471868","Sponsored Products","2.09","USD"
"2026-03-06","28864493115463","Sponsored Products","0.00","USD"
"2026-03-18","280528554873543","Sponsored Products","0.70","USD"
"2026-03-19","539931100075119","Sponsored Brands","8.24","USD"
"2026-03-07","121446500477002","Sponsored Products","0.00","USD"
"2026-03-05","202838039381314","Sponsored Products","0.00","USD"
"2026-03-19","407444835513369","Sponsored Brands","0.00","CAD"
"2026-03-28","188545556962991","Sponsored Products","0.00","USD"
"2026-03-03","278626821184075","Sponsored Products","0.92","USD"
"2026-03-17","198809778193730","Sponsored Products","20.33","USD"
"2026-03-23","198809778193730","Sponsored Products","36.72","USD"
"2026-03-20","126638359335345","Sponsored Products","1.02","USD"
"2026-03-21","77231525415892","Sponsored Products","0.00","USD"
"2026-03-15","18193170148935","Sponsored Products","2.33","USD"
"2026-03-24","93539819506468","Sponsored Products","0.00","USD"
"2026-03-17","11143044290906","Sponsored Products","2.15","USD"
"2026-03-10","27661898820374","Sponsored Products","1.29","USD"
"2026-03-06","27661898820374","Sponsored Products","0.79","USD"
"2026-03-31","281235849108344","Sponsored Products","0.00","USD"
"2026-03-13","246452377117901","Sponsored Products","0.00","USD"
"2026-03-07","130912331972988","Sponsored Products","0.00","USD"
"2026-03-17","194512325763287","Sponsored Products","0.65","USD"
"2026-03-05","53404531347848","Sponsored Products","0.00","USD"
"2026-03-24","254109808305934","Sponsored Products","0.00","USD"
"2026-03-26","271002646812055","Sponsored Products","0.00","USD"
"2026-03-08","346023186686134","Sponsored Brands","0.00","USD"
"2026-03-30","257373022214500","Sponsored Products","0.00","USD"
"2026-03-15","233888031600237","Sponsored Products","0.00","USD"
"2026-03-12","206968068657618","Sponsored Products","0.00","USD"
"2026-03-18","38682977693457","Sponsored Products","0.00","USD"
"2026-03-19","284096201830626","Sponsored Display","1.18","USD"
"2026-03-19","43460676635147","Sponsored Products","0.00","USD"
"2026-03-02","495677195822245","Sponsored Brands","2.44","USD"
"2026-03-28","280513164622908","Sponsored Products","0.00","USD"
"2026-03-18","254109808305934","Sponsored Products","0.00","USD"
"2026-03-10","141552428309171","Sponsored Products","16.81","USD"
"2026-03-01","189380234928822","Sponsored Products","0.00","USD"
"2026-03-22","434170639918769","Sponsored Brands","1.53","USD"
"2026-03-22","271780514756108","Sponsored Products","0.00","USD"
"2026-03-24","238790977416237","Sponsored Products","1.33","USD"
"2026-03-20","206968068657618","Sponsored Products","0.00","USD"
"2026-03-08","194512325763287","Sponsored Products","0.00","USD"
"2026-03-12","96060745446945","Sponsored Products","0.00","USD"
"2026-03-14","255100442617527","Sponsored Products","0.00","USD"
"2026-03-26","65861573413220","Sponsored Products","0.00","USD"
"2026-03-26","239772993878028","Sponsored Products","0.00","USD"
"2026-03-28","357384467879967","Sponsored Brands","0.86","USD"
"2026-03-07","281235849108344","Sponsored Products","0.00","USD"
"2026-03-25","205922105032655","Sponsored Products","1.62","USD"
"2026-03-07","453754530299965","Sponsored Brands","2.89","USD"
"2026-03-06","192968792078402","Sponsored Products","0.00","USD"
"2026-03-12","482686146435604","Sponsored Brands","0.00","USD"
"2026-03-29","28565058702355","Sponsored Products","0.00","USD"
"2026-03-01","18193170148935","Sponsored Products","0.00","USD"
"2026-03-18","102692108916415","Sponsored Products","0.85","USD"
"2026-03-10","281110747056753","Sponsored Products","0.00","USD"
"2026-03-04","156285188540724","Sponsored Products","7.10","USD"
"2026-03-21","3690623984567","Sponsored Products","0.00","USD"
"2026-03-28","83042096012825","Sponsored Products","0.00","USD"
"2026-03-07","61503627186513","Sponsored Products","0.00","USD"
"2026-03-15","154118694541854","Sponsored Products","0.00","USD"
"2026-03-31","296615200458181","Sponsored Brands","28.00","USD"
"2026-03-26","175777768252798","Sponsored Products","2.10","USD"
"2026-03-20","259323671730401","Sponsored Products","6.14","USD"
"2026-03-11","276488907454289","Sponsored Products","0.00","USD"
"2026-03-09","539931100075119","Sponsored Brands","2.23","USD"
"2026-03-07","128835884603962","Sponsored Products","0.92","USD"
"2026-03-29","238790977416237","Sponsored Products","0.84","USD"
"2026-03-09","276488907454289","Sponsored Products","0.00","USD"
"2026-03-12","216925562826343","Sponsored Products","1.41","USD"
"2026-03-07","67855357390881","Sponsored Products","0.00","USD"
"2026-03-14","83042096012825","Sponsored Products","0.00","USD"
"2026-03-23","279125239605082","Sponsored Products","0.00","USD"
"2026-03-13","172779439196738","Sponsored Products","0.74","USD"
"2026-03-26","14582572617569","Sponsored Products","0.00","USD"
"2026-03-23","154085784178560","Sponsored Products","0.00","USD"
"2026-03-28","482686146435604","Sponsored Brands","1.70","USD"
"2026-03-12","186804517918072","Sponsored Products","6.86","USD"
"2026-03-29","198809778193730","Sponsored Products","77.32","USD"
"2026-03-14","9627520751858","Sponsored Products","3.08","USD"
"2026-03-16","560000811916391","Sponsored Brands","1.55","USD"
"2026-03-28","539931100075119","Sponsored Brands","2.19","USD"
"2026-03-21","149626049979530","Sponsored Products","0.00","USD"
"2026-03-28","96060745446945","Sponsored Products","0.00","USD"
"2026-03-01","137772430611725","Sponsored Products","0.00","USD"
"2026-03-02","380662946968621","Sponsored Display","0.12","USD"
"2026-03-27","296615200458181","Sponsored Brands","30.93","USD"
"2026-03-10","153491409585454","Sponsored Products","1.04","USD"
"2026-03-29","303344079444236","Sponsored Brands","0.30","GBP"
"2026-03-02","491366396962687","Sponsored Brands","1.20","USD"
"2026-03-22","238790977416237","Sponsored Products","0.00","USD"
"2026-03-20","48758698369103","Sponsored Products","3.50","USD"
"2026-03-30","72790979016813","Sponsored Products","0.00","USD"
"2026-03-19","30179169319725","Sponsored Products","5.20","AUD"
"2026-03-06","176992507771254","Sponsored Products","8.98","USD"
"2026-03-15","357384467879967","Sponsored Brands","0.63","USD"
"2026-03-23","271002646812055","Sponsored Products","0.00","USD"
"2026-03-20","245503802057093","Sponsored Products","0.00","USD"
"2026-03-31","138135222992233","Sponsored Products","0.00","USD"
"2026-03-23","284096201830626","Sponsored Display","0.00","USD"
"2026-03-20","48192245895031","Sponsored Products","0.00","USD"
"2026-03-03","539931100075119","Sponsored Brands","9.09","USD"
"2026-03-11","206968068657618","Sponsored Products","0.00","USD"
"2026-03-13","48758698369103","Sponsored Products","12.96","USD"
"2026-03-28","113013759920940","Sponsored Products","0.00","USD"
"2026-03-09","261580610725925","Sponsored Products","0.41","AUD"
"2026-03-07","158171452508120","Sponsored Products","1.44","USD"
"2026-03-27","65861573413220","Sponsored Products","0.00","USD"
"2026-03-22","495677195822245","Sponsored Brands","1.92","USD"
"2026-03-10","32030113168570","Sponsored Products","0.00","USD"
"2026-03-27","407444835513369","Sponsored Brands","0.00","CAD"
"2026-03-19","48758698369103","Sponsored Products","1.64","USD"
"2026-03-07","203521351461363","Sponsored Products","0.00","USD"
"2026-03-02","96060745446945","Sponsored Products","0.59","USD"
"2026-03-08","156989235380210","Sponsored Products","294.41","USD"
"2026-03-05","154085784178560","Sponsored Products","0.00","USD"
"2026-03-13","158171452508120","Sponsored Products","0.00","USD"
"2026-03-17","246452377117901","Sponsored Products","0.80","USD"
"2026-03-12","173362871105297","Sponsored Products","0.00","USD"
"2026-03-14","28565058702355","Sponsored Products","4.57","USD"
"2026-03-04","58475731073369","Sponsored Products","0.00","USD"
"2026-03-03","296615200458181","Sponsored Brands","22.31","USD"
"2026-03-01","491366396962687","Sponsored Brands","8.65","USD"
"2026-03-29","173362871105297","Sponsored Products","0.00","USD"
"2026-03-01","187735718741416","Sponsored Products","0.00","USD"
"2026-03-26","34478632960968","Sponsored Products","0.00","USD"
"2026-03-14","132476300811824","Sponsored Products","28.94","CAD"
"2026-03-06","233888031600237","Sponsored Products","0.00","USD"
"2026-03-19","121446500477002","Sponsored Products","0.95","USD"
"2026-03-07","216925562826343","Sponsored Products","0.00","USD"
"2026-03-07","128770506922317","Sponsored Products","0.56","USD"
"2026-03-07","199698435439447","Sponsored Products","0.00","USD"
"2026-03-26","102474552529229","Sponsored Products","0.00","USD"
"2026-03-20","216925562826343","Sponsored Products","0.00","USD"
"2026-03-01","515637010546761","Sponsored Brands","15.44","USD"
"2026-03-25","56338703455249","Sponsored Products","1.78","USD"
"2026-03-18","94121140300347","Sponsored Products","14.86","USD"
"2026-03-04","173362871105297","Sponsored Products","0.00","USD"
"2026-03-19","239175797857758","Sponsored Products","1.19","USD"
"2026-03-16","271780514756108","Sponsored Products","1.04","USD"
"2026-03-09","407444835513369","Sponsored Brands","0.00","CAD"
"2026-03-19","130912331972988","Sponsored Products","0.00","USD"
"2026-03-07","164743561215297","Sponsored Products","1.49","USD"
"2026-03-17","453754530299965","Sponsored Brands","0.00","USD"
"2026-03-13","154118694541854","Sponsored Products","0.00","USD"
"2026-03-01","213530912619228","Sponsored Products","0.94","USD"
"2026-03-16","113013759920940","Sponsored Products","0.00","USD"
"2026-03-08","213530912619228","Sponsored Products","0.00","USD"
"2026-03-11","18193170148935","Sponsored Products","0.00","USD"
"2026-03-09","284096201830626","Sponsored Display","0.26","USD"
"2026-03-17","491366396962687","Sponsored Brands","0.21","USD"
"2026-03-18","48433117829801","Sponsored Products","5.81","USD"
"2026-03-20","2414736156339","Sponsored Products","0.71","USD"
"2026-03-20","269935586939823","Sponsored Products","7.95","CAD"
"2026-03-02","453754530299965","Sponsored Brands","1.20","USD"
"2026-03-07","278626821184075","Sponsored Products","10.93","USD"
"2026-03-01","153491409585454","Sponsored Products","6.14","USD"
"2026-03-01","254109808305934","Sponsored Products","0.00","USD"
"2026-03-10","61503627186513","Sponsored Products","0.00","USD"
"2026-03-10","82064097659476","Sponsored Products","2.28","USD"
"2026-03-31","246452377117901","Sponsored Products","0.00","USD"
"2026-03-08","207367106415924","Sponsored Products","40.64","GBP"
"2026-03-22","128770506922317","Sponsored Products","2.17","USD"
"2026-03-19","30651955945418","Sponsored Products","0.00","USD"
"2026-03-01","121446500477002","Sponsored Products","5.49","USD"
"2026-03-12","245503802057093","Sponsored Products","0.00","USD"
"2026-03-04","22515666501366","Sponsored Products","0.00","USD"
"2026-03-18","407444835513369","Sponsored Brands","0.00","CAD"
"2026-03-17","262727752997615","Sponsored Products","4.04","USD"
"2026-03-15","241259046045612","Sponsored Products","1.54","USD"
"2026-03-01","88056195803598","Sponsored Products","0.00","USD"
"2026-03-06","245503802057093","Sponsored Products","0.00","USD"
"2026-03-13","44065507618346","Sponsored Products","0.00","USD"
"2026-03-17","94073967562900","Sponsored Products","0.00","USD"
"2026-03-18","206968068657618","Sponsored Products","0.00","USD"
"2026-03-01","72790979016813","Sponsored Products","0.00","USD"
"2026-03-02","210638600694486","Sponsored Products","0.00","USD"
"2026-03-23","32571611634774","Sponsored Products","0.00","USD"
"2026-03-30","120274159023818","Sponsored Products","0.00","USD"
"2026-03-31","156285188540724","Sponsored Products","1.54","USD"
"2026-03-01","539931100075119","Sponsored Brands","8.64","USD"
"2026-03-13","239175797857758","Sponsored Products","6.96","USD"
"2026-03-09","1861066386589","Sponsored Products","0.78","USD"
"2026-03-15","149626049979530","Sponsored Products","0.00","USD"
"2026-03-15","560000811916391","Sponsored Brands","0.00","USD"
"2026-03-08","1069464513580","Sponsored Products","1.13","USD"
"2026-03-31","27661898820374","Sponsored Products","0.00","USD"
"2026-03-18","174719285602701","Sponsored Products","4.02","USD"
"2026-03-11","2414736156339","Sponsored Products","1.42","USD"
"2026-03-21","199698435439447","Sponsored Products","0.00","USD"
"2026-03-21","152555236474228","Sponsored Products","0.00","USD"
"2026-03-29","130912331972988","Sponsored Products","1.23","USD"
"2026-03-13","423471492340141","Sponsored Brands","0.96","USD"
"2026-03-29","277250351840071","Sponsored Products","2.59","USD"
"2026-03-12","149626049979530","Sponsored Products","0.00","USD"
"2026-03-30","491366396962687","Sponsored Brands","2.20","USD"
"2026-03-10","65861573413220","Sponsored Products","0.00","USD"
"2026-03-23","65271102777505","Sponsored Products","0.00","USD"
"2026-03-31","126638359335345","Sponsored Products","0.00","USD"
"2026-03-27","271002646812055","Sponsored Products","0.00","USD"
"2026-03-18","346023186686134","Sponsored Brands","0.00","USD"
"2026-03-26","140453739775668","Sponsored Products","0.00","USD"
"2026-03-04","186804517918072","Sponsored Products","5.37","USD"
"2026-03-27","207367106415924","Sponsored Products","28.74","GBP"
"2026-03-06","284096201830626","Sponsored Display","0.00","USD"
"2026-03-28","205922105032655","Sponsored Products","0.00","USD"
"2026-03-27","18193170148935","Sponsored Products","0.00","USD"
"2026-03-11","156285188540724","Sponsored Products","3.39","USD"
"2026-03-13","134777743429986","Sponsored Products","13.73","USD"
"2026-03-09","495677195822245","Sponsored Brands","3.36","USD"
"2026-03-17","54673378227395","Sponsored Products","9.30","USD"
"2026-03-15","128835884603962","Sponsored Products","2.34","USD"
"2026-03-01","257373022214500","Sponsored Products","0.00","USD"
"2026-03-23","185646462591669","Sponsored Products","0.00","USD"
"2026-03-15","192420944790293","Sponsored Products","7.19","GBP"
"2026-03-10","225946958740637","Sponsored Products","0.00","USD"
"2026-03-23","280513164622908","Sponsored Products","0.00","USD"
"2026-03-09","156285188540724","Sponsored Products","2.38","USD"
"2026-03-25","149626049979530","Sponsored Products","0.00","USD"
"2026-03-04","2414736156339","Sponsored Products","0.52","USD"
"2026-03-12","303344079444236","Sponsored Brands","0.43","GBP"
"2026-03-20","413308568322873","Sponsored Brands","0.00","USD"
"2026-03-22","491366396962687","Sponsored Brands","0.00","USD"
"2026-03-05","188279469264899","Sponsored Products","0.00","USD"
"2026-03-03","482686146435604","Sponsored Brands","1.58","USD"
"2026-03-30","61090477012622","Sponsored Products","0.00","USD"
"2026-03-04","269935586939823","Sponsored Products","14.50","CAD"
"2026-03-05","539931100075119","Sponsored Brands","15.55","USD"
"2026-03-29","241259046045612","Sponsored Products","0.00","USD"
"2026-03-27","539931100075119","Sponsored Brands","4.79","USD"
"2026-03-24","3690623984567","Sponsored Products","0.00","USD"
"2026-03-24","101459965063202","Sponsored Products","0.00","USD"
"2026-03-08","11588448157956","Sponsored Products","0.00","USD"
"2026-03-29","441925918527435","Sponsored Brands","4.12","USD"
"2026-03-05","34478632960968","Sponsored Products","0.00","USD"
"2026-03-18","259201002739674","Sponsored Products","4.61","USD"
"2026-03-26","11588448157956","Sponsored Products","22.99","USD"
"2026-03-09","545989665090053","Sponsored Brands","4.51","GBP"
"2026-03-06","199076365376964","Sponsored Products","6.89","USD"
"2026-03-11","101459965063202","Sponsored Products","1.11","USD"
"2026-03-02","482686146435604","Sponsored Brands","2.79","USD"
"2026-03-03","93539819506468","Sponsored Products","10.72","USD"
"2026-03-29","101965336081409","Sponsored Products","2.41","USD"
"2026-03-02","189380234928822","Sponsored Products","0.00","USD"
"2026-03-22","102692108916415","Sponsored Products","1.22","USD"
"2026-03-21","259201002739674","Sponsored Products","3.84","USD"
"2026-03-18","158724595401869","Sponsored Products","0.00","USD"
"2026-03-11","134777743429986","Sponsored Products","2.08","USD"
"2026-03-19","8078369968995","Sponsored Products","0.00","USD"
"2026-03-13","40237294180920","Sponsored Products","0.77","USD"
"2026-03-29","14582572617569","Sponsored Products","0.00","USD"
"2026-03-26","188279469264899","Sponsored Products","0.00","USD"
"2026-03-15","8347630917879","Sponsored Products","11.53","USD"
"2026-03-08","491366396962687","Sponsored Brands","1.06","USD"
"2026-03-21","243204708497477","Sponsored Products","1.83","USD"
"2026-03-31","174719285602701","Sponsored Products","0.00","USD"
"2026-03-05","241259046045612","Sponsored Products","0.00","USD"
"2026-03-13","202838039381314","Sponsored Products","2.47","USD"
"2026-03-22","263531397076178","Sponsored Products","0.00","USD"
"2026-03-25","65271102777505","Sponsored Products","0.00","USD"
"2026-03-22","189380234928822","Sponsored Products","0.00","USD"
"2026-03-08","82064097659476","Sponsored Products","1.67","USD"
"2026-03-08","205764417979436","Sponsored Products","0.00","USD"
"2026-03-19","216925562826343","Sponsored Products","1.38","USD"
"2026-03-03","145958940968220","Sponsored Products","0.74","USD"
"2026-03-29","262727752997615","Sponsored Products","0.00","USD"
"2026-03-14","115758363210245","Sponsored Products","12.73","USD"
"2026-03-02","455688132780953","Sponsored Brands","0.00","USD"
"2026-03-16","239677460933975","Sponsored Products","2.49","USD"
"2026-03-08","61837188685116","Sponsored Products","3.80","USD"
"2026-03-09","259323671730401","Sponsored Products","5.51","USD"
"2026-03-13","434170639918769","Sponsored Brands","4.37","USD"
"2026-03-09","134777743429986","Sponsored Products","0.97","USD"
"2026-03-05","48758698369103","Sponsored Products","6.16","USD"
"2026-03-01","54673378227395","Sponsored Products","0.88","USD"
"2026-03-14","215966552761313","Sponsored Products","0.00","USD"
"2026-03-27","145958940968220","Sponsored Products","0.00","USD"
"2026-03-24","239772993878028","Sponsored Products","0.00","USD"
"2026-03-16","53404531347848","Sponsored Products","0.00","USD"
"2026-03-20","261580610725925","Sponsored Products","0.79","AUD"
"2026-03-15","346023186686134","Sponsored Brands","0.00","USD"
"2026-03-25","259201002739674","Sponsored Products","4.25","USD"
"2026-03-10","270513944391898","Sponsored Products","0.00","USD"
"2026-03-23","380662946968621","Sponsored Display","0.00","USD"
"2026-03-08","380662946968621","Sponsored Display","0.00","USD"
"2026-03-01","452065263384491","Sponsored Brands","1.45","USD"
"2026-03-18","141648422510979","Sponsored Products","0.00","USD"
"2026-03-07","192420944790293","Sponsored Products","2.20","GBP"
"2026-03-15","164743561215297","Sponsored Products","0.00","USD"
"2026-03-25","97079585612330","Sponsored Products","0.00","USD"
"2026-03-20","128770506922317","Sponsored Products","0.00","USD"
"2026-03-30","206968068657618","Sponsored Products","0.00","USD"
"2026-03-01","128835884603962","Sponsored Products","0.92","USD"
"2026-03-27","149818563042691","Sponsored Products","0.71","USD"
"2026-03-26","284096201830626","Sponsored Display","0.00","USD"
"2026-03-10","101965336081409","Sponsored Products","0.00","USD"
"2026-03-30","149626049979530","Sponsored Products","0.00","USD"
"2026-03-29","141648422510979","Sponsored Products","0.00","USD"
"2026-03-27","102692108916415","Sponsored Products","1.17","USD"
"2026-03-24","185646462591669","Sponsored Products","0.00","USD"
"2026-03-21","38682977693457","Sponsored Products","0.00","USD"
"2026-03-31","102692108916415","Sponsored Products","2.34","USD"
"2026-03-09","164743561215297","Sponsored Products","0.00","USD"
"2026-03-28","271780514756108","Sponsored Products","0.00","USD"
"2026-03-25","245503802057093","Sponsored Products","0.00","USD"
"2026-03-15","141552428309171","Sponsored Products","10.04","USD"
"2026-03-31","168803396873792","Sponsored Products","0.00","USD"
"2026-03-13","198809778193730","Sponsored Products","17.30","USD"
"2026-03-05","175777768252798","Sponsored Products","1.92","USD"
"2026-03-27","284096201830626","Sponsored Display","0.00","USD"
"2026-03-10","281235849108344","Sponsored Products","0.00","USD"
"2026-03-16","262727752997615","Sponsored Products","0.00","USD"
"2026-03-05","423471492340141","Sponsored Brands","1.74","USD"
"2026-03-29","380662946968621","Sponsored Display","0.00","USD"
"2026-03-24","138135222992233","Sponsored Products","0.00","USD"
"2026-03-24","188545556962991","Sponsored Products","0.00","USD"
"2026-03-23","239175797857758","Sponsored Products","0.00","USD"
"2026-03-21","42141939819441","Sponsored Products","0.00","USD"
"2026-03-01","407444835513369","Sponsored Brands","0.00","CAD"
"2026-03-17","101965336081409","Sponsored Products","0.00","USD"
"2026-03-07","205922105032655","Sponsored Products","0.00","USD"
"2026-03-18","194512325763287","Sponsored Products","0.00","USD"
"2026-03-23","158724595401869","Sponsored Products","0.00","USD"
"2026-03-10","452065263384491","Sponsored Brands","16.87","USD"
"2026-03-16","156285188540724","Sponsored Products","6.59","USD"
"2026-03-08","32571611634774","Sponsored Products","0.00","USD"
"2026-03-25","65861573413220","Sponsored Products","0.00","USD"
"2026-03-08","164743561215297","Sponsored Products","4.49","USD"
"2026-03-03","168803396873792","Sponsored Products","0.00","USD"
"2026-03-01","176992507771254","Sponsored Products","3.89","USD"
"2026-03-12","188279469264899","Sponsored Products","0.00","USD"
"2026-03-24","158724595401869","Sponsored Products","0.00","USD"
"2026-03-10","54673378227395","Sponsored Products","2.07","USD"
"2026-03-25","515637010546761","Sponsored Brands","2.72","USD"
"2026-03-13","243038183553247","Sponsored Products","0.00","USD"
"2026-03-28","243204708497477","Sponsored Products","0.00","USD"
"2026-03-05","194512325763287","Sponsored Products","0.00","USD"
"2026-03-15","28565058702355","Sponsored Products","6.21","USD"
"2026-03-12","199698435439447","Sponsored Products","0.00","USD"
"2026-03-26","186804517918072","Sponsored Products","3.39","USD"
"2026-03-30","140453739775668","Sponsored Products","0.00","USD"
"2026-03-07","213530912619228","Sponsored Products","0.00","USD"
"2026-03-29","278626821184075","Sponsored Products","0.00","USD"
"2026-03-02","22515666501366","Sponsored Products","0.00","USD"
"2026-03-14","281110747056753","Sponsored Products","1.76","USD"
"2026-03-22","94121140300347","Sponsored Products","1.22","USD"
"2026-03-31","215176800738804","Sponsored Products","1.41","USD"
"2026-03-13","2514549308563","Sponsored Products","0.00","USD"
"2026-03-31","192420944790293","Sponsored Products","7.08","GBP"
"2026-03-22","281024885672869","Sponsored Products","0.00","USD"
"2026-03-05","218351835233699","Sponsored Products","9.67","GBP"
"2026-03-20","262727752997615","Sponsored Products","0.00","USD"
"2026-03-06","452065263384491","Sponsored Brands","20.30","USD"
"2026-03-28","133243849204741","Sponsored Products","0.00","USD"
"2026-03-18","280513164622908","Sponsored Products","0.00","USD"
"2026-03-23","28565058702355","Sponsored Products","3.33","USD"
"2026-03-30","156989235380210","Sponsored Products","190.30","USD"
"2026-03-01","495677195822245","Sponsored Brands","1.18","USD"
"2026-03-25","102692108916415","Sponsored Products","1.54","USD"
"2026-03-25","61837188685116","Sponsored Products","0.00","USD"
"2026-03-22","455100983218716","Sponsored Brands","0.79","USD"
"2026-03-25","455100983218716","Sponsored Brands","0.35","USD"
"2026-03-21","277250351840071","Sponsored Products","6.55","USD"
"2026-03-09","271780514756108","Sponsored Products","1.06","USD"
"2026-03-03","22515666501366","Sponsored Products","0.00","USD"
"2026-03-04","61837188685116","Sponsored Products","6.13","USD"
"2026-03-20","67855357390881","Sponsored Products","0.00","USD"
"2026-03-11","203521351461363","Sponsored Products","3.02","USD"
"2026-03-01","423471492340141","Sponsored Brands","4.32","USD"
"2026-03-18","121446500477002","Sponsored Products","0.72","USD"
"2026-03-24","296615200458181","Sponsored Brands","27.94","USD"
"2026-03-10","30179169319725","Sponsored Products","2.20","AUD"
"2026-03-03","115764500761375","Sponsored Products","7.71","USD"
"2026-03-05","233888031600237","Sponsored Products","0.00","USD"
"2026-03-01","199076365376964","Sponsored Products","14.40","USD"
"2026-03-18","8347630917879","Sponsored Products","7.98","USD"
"2026-03-20","380662946968621","Sponsored Display","1.01","USD"
"2026-03-21","281235849108344","Sponsored Products","11.18","USD"
"2026-03-19","65271102777505","Sponsored Products","0.00","USD"
"2026-03-07","173362871105297","Sponsored Products","1.26","USD"
"2026-03-17","44065507618346","Sponsored Products","0.00","USD"
"2026-03-01","97079585612330","Sponsored Products","1.01","USD"
"2026-03-10","243038183553247","Sponsored Products","0.00","USD"
"2026-03-11","175777768252798","Sponsored Products","0.00","USD"
"2026-03-05","255100442617527","Sponsored Products","1.56","USD"
"2026-03-24","269935586939823","Sponsored Products","29.47","CAD"
"2026-03-21","239772993878028","Sponsored Products","0.00","USD"
"2026-03-31","141648422510979","Sponsored Products","0.00","USD"
"2026-03-31","96060745446945","Sponsored Products","0.00","USD"
"2026-03-07","124202126398060","Sponsored Products","3.56","USD"
"2026-03-12","1861066386589","Sponsored Products","2.45","USD"
"2026-03-12","58475731073369","Sponsored Products","0.00","USD"
"2026-03-17","207367106415924","Sponsored Products","36.77","GBP"
"2026-03-04","267283875717235","Sponsored Products","0.00","USD"
"2026-03-06","262727752997615","Sponsored Products","3.65","USD"
"2026-03-21","14582572617569","Sponsored Products","0.00","USD"
"2026-03-19","202228555422966","Sponsored Products","0.00","USD"
"2026-03-09","124202126398060","Sponsored Products","0.38","USD"
"2026-03-29","40237294180920","Sponsored Products","0.00","USD"
"2026-03-18","8078369968995","Sponsored Products","0.46","USD"
"2026-03-26","133846876580591","Sponsored Products","0.00","USD"
"2026-03-06","141648422510979","Sponsored Products","0.00","USD"
"2026-03-31","199698435439447","Sponsored Products","0.00","USD"
"2026-03-09","133846876580591","Sponsored Products","0.00","USD"
"2026-03-01","145958940968220","Sponsored Products","2.05","USD"
"2026-03-24","102474552529229","Sponsored Products","0.00","USD"
"2026-03-29","61090477012622","Sponsored Products","0.00","USD"
"2026-03-17","312632253610695","Sponsored Brands","0.00","USD"
"2026-03-20","239175797857758","Sponsored Products","2.55","USD"
"2026-03-28","325883174926875","Sponsored Brands","0.00","USD"
"2026-03-03","124202126398060","Sponsored Products","0.00","USD"
"2026-03-02","115764500761375","Sponsored Products","10.18","USD"
"2026-03-18","239772993878028","Sponsored Products","0.00","USD"
"2026-03-06","140453739775668","Sponsored Products","0.98","USD"
"2026-03-19","29007580757872","Sponsored Products","0.00","USD"
"2026-03-05","121446500477002","Sponsored Products","8.47","USD"
"2026-03-06","189380234928822","Sponsored Products","0.79","USD"
"2026-03-13","115943131527635","Sponsored Products","7.53","USD"
"2026-03-17","153491409585454","Sponsored Products","6.04","USD"
"2026-03-18","255100442617527","Sponsored Products","4.02","USD"
"2026-03-13","455100983218716","Sponsored Brands","3.06","USD"
"2026-03-21","61090477012622","Sponsored Products","1.10","USD"
"2026-03-09","3690623984567","Sponsored Products","0.00","USD"
"2026-03-03","281024885672869","Sponsored Products","0.62","USD"
"2026-03-05","97079585612330","Sponsored Products","0.00","USD"
"2026-03-05","113013759920940","Sponsored Products","0.00","USD"
"2026-03-05","61503627186513","Sponsored Products","0.00","USD"
"2026-03-23","192420944790293","Sponsored Products","11.97","GBP"
"2026-03-04","141648422510979","Sponsored Products","0.00","USD"
"2026-03-28","43460676635147","Sponsored Products","0.00","USD"
"2026-03-25","187735718741416","Sponsored Products","0.00","USD"
"2026-03-26","455100983218716","Sponsored Brands","1.99","USD"
"2026-03-21","115758363210245","Sponsored Products","9.60","USD"
"2026-03-13","67855357390881","Sponsored Products","0.00","USD"
"2026-03-11","207367106415924","Sponsored Products","26.85","GBP"
"2026-03-02","126638359335345","Sponsored Products","0.00","USD"
"2026-03-14","11588448157956","Sponsored Products","30.92","USD"
"2026-03-23","194838680698310","Sponsored Products","1.02","USD"
"2026-03-20","255100442617527","Sponsored Products","2.08","USD"
"2026-03-12","198809778193730","Sponsored Products","12.28","USD"
"2026-03-01","269935586939823","Sponsored Products","20.09","CAD"
"2026-03-23","67855357390881","Sponsored Products","0.00","USD"
"2026-03-11","138135222992233","Sponsored Products","1.32","USD"
"2026-03-27","216925562826343","Sponsored Products","0.00","USD"
"2026-03-22","42141939819441","Sponsored Products","0.00","USD"
"2026-03-02","281024885672869","Sponsored Products","1.01","USD"
"2026-03-06","115764500761375","Sponsored Products","0.00","USD"
"2026-03-19","115758363210245","Sponsored Products","12.83","USD"
"2026-03-17","8347630917879","Sponsored Products","1.67","USD"
"2026-03-24","207367106415924","Sponsored Products","22.19","GBP"
"2026-03-26","439663157752722","Sponsored Brands","1.11","USD"
"2026-03-04","545989665090053","Sponsored Brands","4.50","GBP"
"2026-03-12","423471492340141","Sponsored Brands","2.62","USD"
"2026-03-12","238790977416237","Sponsored Products","0.00","USD"
"2026-03-19","42141939819441","Sponsored Products","0.00","USD"
"2026-03-31","281110747056753","Sponsored Products","0.00","USD"
"2026-03-13","141552428309171","Sponsored Products","24.25","USD"
"2026-03-23","423471492340141","Sponsored Brands","5.54","USD"
"2026-03-06","79620432535917","Sponsored Products","4.04","USD"
"2026-03-17","141648422510979","Sponsored Products","0.00","USD"
"2026-03-15","48433117829801","Sponsored Products","15.16","USD"
"2026-03-25","60802440953180","Sponsored Products","0.00","USD"
"2026-03-23","188545556962991","Sponsored Products","0.00","USD"
"2026-03-07","176992507771254","Sponsored Products","6.37","USD"
"2026-03-17","8078369968995","Sponsored Products","0.00","USD"
"2026-03-07","72921898703277","Sponsored Products","0.00","USD"
"2026-03-14","455100983218716","Sponsored Brands","4.05","USD"
"2026-03-12","261580610725925","Sponsored Products","0.00","AUD"
"2026-03-24","113013759920940","Sponsored Products","0.00","USD"
"2026-03-12","9627520751858","Sponsored Products","0.00","USD"
"2026-03-19","40237294180920","Sponsored Products","0.00","USD"
"2026-03-09","28565058702355","Sponsored Products","11.67","USD"
"2026-03-29","18193170148935","Sponsored Products","0.00","USD"
"2026-03-22","149626049979530","Sponsored Products","0.00","USD"
"2026-03-24","1861066386589","Sponsored Products","0.00","USD"
"2026-03-26","1069464513580","Sponsored Products","12.82","USD"
"2026-03-04","194838680698310","Sponsored Products","2.92","USD"
"2026-03-21","192968792078402","Sponsored Products","0.00","USD"
"2026-03-09","96060745446945","Sponsored Products","0.00","USD"
"2026-03-16","138135222992233","Sponsored Products","0.00","USD"
"2026-03-10","192420944790293","Sponsored Products","13.39","GBP"
"2026-03-15","113013759920940","Sponsored Products","0.00","USD"
"2026-03-22","154118694541854","Sponsored Products","0.00","USD"
"2026-03-24","32030113168570","Sponsored Products","0.00","USD"
"2026-03-31","42141939819441","Sponsored Products","0.00","USD"
"2026-03-28","72790979016813","Sponsored Products","0.00","USD"
"2026-03-07","172779439196738","Sponsored Products","0.00","USD"
"2026-03-29","126638359335345","Sponsored Products","0.00","USD"
"2026-03-02","254109808305934","Sponsored Products","0.00","USD"
"2026-03-27","325883174926875","Sponsored Brands","0.00","USD"
"2026-03-03","413308568322873","Sponsored Brands","0.00","USD"
"2026-03-19","281110747056753","Sponsored Products","0.00","USD"
"2026-03-09","205922105032655","Sponsored Products","1.55","USD"
"2026-03-29","9627520751858","Sponsored Products","1.22","USD"
"2026-03-25","168803396873792","Sponsored Products","0.00","USD"
"2026-03-24","128770506922317","Sponsored Products","1.49","USD"
"2026-03-09","149818563042691","Sponsored Products","0.00","USD"
"2026-03-29","48758698369103","Sponsored Products","9.56","USD"
"2026-03-14","482686146435604","Sponsored Brands","0.00","USD"
"2026-03-24","170402912830961","Sponsored Products","0.00","USD"
"2026-03-26","164743561215297","Sponsored Products","0.00","USD"
"2026-03-20","121446500477002","Sponsored Products","0.00","USD"
"2026-03-16","115758363210245","Sponsored Products","3.31","USD"
"2026-03-16","189380234928822","Sponsored Products","0.00","USD"
"2026-03-21","202228555422966","Sponsored Products","0.00","USD"
"2026-03-02","8347630917879","Sponsored Products","1.46","USD"
"2026-03-16","34478632960968","Sponsored Products","12.39","USD"
"2026-03-31","239677460933975","Sponsored Products","0.79","USD"
"2026-03-28","48758698369103","Sponsored Products","2.78","USD"
"2026-03-17","357384467879967","Sponsored Brands","0.51","USD"
"2026-03-05","22515666501366","Sponsored Products","0.56","USD"
"2026-03-31","434170639918769","Sponsored Brands","2.59","USD"
"2026-03-15","61090477012622","Sponsored Products","0.00","USD"
"2026-03-27","9627520751858","Sponsored Products","2.89","USD"
"2026-03-02","72790979016813","Sponsored Products","0.00","USD"
"2026-03-06","137772430611725","Sponsored Products","0.00","USD"
"2026-03-31","28565058702355","Sponsored Products","0.00","USD"
"2026-03-17","346023186686134","Sponsored Brands","0.00","USD"
"2026-03-01","204544178017947","Sponsored Products","0.00","USD"
"2026-03-25","115758363210245","Sponsored Products","3.14","USD"
"2026-03-23","133846876580591","Sponsored Products","0.00","USD"
"2026-03-23","204544178017947","Sponsored Products","0.00","USD"
"2026-03-23","61837188685116","Sponsored Products","1.18","USD"
"2026-03-12","545989665090053","Sponsored Brands","5.11","GBP"
"2026-03-07","58475731073369","Sponsored Products","0.00","USD"
"2026-03-05","11588448157956","Sponsored Products","0.00","USD"
"2026-03-12","276488907454289","Sponsored Products","0.00","USD"
"2026-03-14","133243849204741","Sponsored Products","0.00","USD"
"2026-03-26","170402912830961","Sponsored Products","10.49","USD"
"2026-03-27","269935586939823","Sponsored Products","19.57","CAD"
"2026-03-21","101965336081409","Sponsored Products","3.36","USD"
"2026-03-01","272711015971799","Sponsored Products","1.32","USD"
"2026-03-25","28565058702355","Sponsored Products","2.58","USD"
"2026-03-04","140453739775668","Sponsored Products","1.16","USD"
"2026-03-19","158724595401869","Sponsored Products","0.00","USD"
"2026-03-13","205764417979436","Sponsored Products","0.00","USD"
"2026-03-26","407444835513369","Sponsored Brands","0.00","CAD"
"2026-03-09","198809778193730","Sponsored Products","44.43","USD"
"2026-03-18","281110747056753","Sponsored Products","1.69","USD"
"2026-03-22","204544178017947","Sponsored Products","0.71","USD"
"2026-03-23","55613271497964","Sponsored Products","1.94","USD"
"2026-03-09","101459965063202","Sponsored Products","10.98","USD"
"2026-03-07","65861573413220","Sponsored Products","0.00","USD"
"2026-03-12","154118694541854","Sponsored Products","0.00","USD"
"2026-03-14","202228555422966","Sponsored Products","0.00","USD"
"2026-03-24","272711015971799","Sponsored Products","0.00","USD"
"2026-03-11","224639482376841","Sponsored Products","8.77","USD"
"2026-03-23","40237294180920","Sponsored Products","0.00","USD"
"2026-03-24","30179169319725","Sponsored Products","11.32","AUD"
"2026-03-11","263531397076178","Sponsored Products","0.00","USD"
"2026-03-19","28864493115463","Sponsored Products","0.00","USD"
"2026-03-17","102692108916415","Sponsored Products","0.00","USD"
"2026-03-10","205922105032655","Sponsored Products","0.00","USD"
"2026-03-29","202228555422966","Sponsored Products","0.00","USD"
"2026-03-20","61090477012622","Sponsored Products","1.31","USD"
"2026-03-13","239772993878028","Sponsored Products","0.00","USD"
"2026-03-25","2514549308563","Sponsored Products","4.17","USD"
"2026-03-27","202228555422966","Sponsored Products","0.84","USD"
"2026-03-10","206968068657618","Sponsored Products","1.38","USD"
"2026-03-11","168803396873792","Sponsored Products","0.00","USD"
"2026-03-15","54673378227395","Sponsored Products","12.91","USD"
"2026-03-27","187735718741416","Sponsored Products","0.00","USD"
"2026-03-04","346023186686134","Sponsored Brands","1.09","USD"
"2026-03-11","233888031600237","Sponsored Products","0.00","USD"
"2026-03-21","32030113168570","Sponsored Products","3.32","USD"
"2026-03-22","291680855614624","Sponsored Brands","0.00","GBP"
"2026-03-27","174719285602701","Sponsored Products","2.64","USD"
"2026-03-18","245335884201020","Sponsored Products","12.49","USD"
"2026-03-30","202838039381314","Sponsored Products","0.87","USD"
"2026-03-31","55109131448748","Sponsored Products","0.00","USD"
"2026-03-28","203521351461363","Sponsored Products","0.00","USD"
"2026-03-17","19228716944861","Sponsored Products","0.00","USD"
"2026-03-15","162987026418786","Sponsored Products","2.45","USD"
"2026-03-01","202228555422966","Sponsored Products","0.00","USD"
"2026-03-30","103686525154537","Sponsored Products","0.00","GBP"
"2026-03-12","38682977693457","Sponsored Products","0.00","USD"
"2026-03-26","28565058702355","Sponsored Products","2.46","USD"
"2026-03-10","81320226496883","Sponsored Products","0.00","USD"
"2026-03-23","141552428309171","Sponsored Products","6.41","USD"
"2026-03-14","72790979016813","Sponsored Products","0.00","USD"
"2026-03-18","162987026418786","Sponsored Products","0.81","USD"
"2026-03-20","296615200458181","Sponsored Brands","4.32","USD"
"2026-03-13","77231525415892","Sponsored Products","1.69","USD"
"2026-03-15","156285188540724","Sponsored Products","10.22","USD"
"2026-03-15","158171452508120","Sponsored Products","0.00","USD"
"2026-03-25","9627520751858","Sponsored Products","0.00","USD"
"2026-03-25","186804517918072","Sponsored Products","0.00","USD"
"2026-03-22","312632253610695","Sponsored Brands","0.27","USD"
"2026-03-06","11588448157956","Sponsored Products","0.00","USD"
"2026-03-17","174719285602701","Sponsored Products","6.62","USD"
"2026-03-16","261580610725925","Sponsored Products","2.36","AUD"
"2026-03-15","19228716944861","Sponsored Products","0.40","USD"
"2026-03-23","239772993878028","Sponsored Products","0.00","USD"
"2026-03-08","99604176633940","Sponsored Products","0.00","USD"
"2026-03-31","199076365376964","Sponsored Products","5.96","USD"
"2026-03-27","8078369968995","Sponsored Products","0.00","USD"
"2026-03-03","94121140300347","Sponsored Products","0.00","USD"
"2026-03-05","281024885672869","Sponsored Products","0.87","USD"
"2026-03-16","50912117972815","Sponsored Products","0.00","USD"
"2026-03-29","357384467879967","Sponsored Brands","0.51","USD"
"2026-03-05","115758363210245","Sponsored Products","14.32","USD"
"2026-03-15","199698435439447","Sponsored Products","0.00","USD"
"2026-03-07","325883174926875","Sponsored Brands","0.00","USD"
"2026-03-17","28565058702355","Sponsored Products","4.91","USD"
"2026-03-10","380662946968621","Sponsored Display","0.00","USD"
"2026-03-20","124202126398060","Sponsored Products","0.00","USD"
"2026-03-30","133846876580591","Sponsored Products","0.00","USD"
"2026-03-27","259323671730401","Sponsored Products","17.35","USD"
"2026-03-27","357384467879967","Sponsored Brands","0.93","USD"
"2026-03-12","82064097659476","Sponsored Products","2.92","USD"
"2026-03-31","141552428309171","Sponsored Products","27.28","USD"
"2026-03-02","539931100075119","Sponsored Brands","13.67","USD"
"2026-03-12","48192245895031","Sponsored Products","0.00","USD"
"2026-03-02","259323671730401","Sponsored Products","10.03","USD"
"2026-03-15","50912117972815","Sponsored Products","0.00","USD"
"2026-03-26","48192245895031","Sponsored Products","0.00","USD"
"2026-03-23","94073967562900","Sponsored Products","0.00","USD"
"2026-03-21","263531397076178","Sponsored Products","0.99","USD"
"2026-03-18","277250351840071","Sponsored Products","1.20","USD"
"2026-03-13","101965336081409","Sponsored Products","0.00","USD"
"2026-03-01","276488907454289","Sponsored Products","0.00","USD"
"2026-03-24","452065263384491","Sponsored Brands","5.10","USD"
"2026-03-17","175777768252798","Sponsored Products","3.76","USD"
"2026-03-22","241259046045612","Sponsored Products","0.00","USD"
"2026-03-23","168803396873792","Sponsored Products","0.57","USD"
"2026-03-16","1861066386589","Sponsored Products","0.00","USD"
"2026-03-13","133243849204741","Sponsored Products","0.00","USD"
"2026-03-26","32571611634774","Sponsored Products","0.00","USD"
"2026-03-23","215966552761313","Sponsored Products","0.00","USD"
"2026-03-04","272711015971799","Sponsored Products","0.88","USD"
"2026-03-03","79620432535917","Sponsored Products","1.40","USD"
"2026-03-12","11143044290906","Sponsored Products","0.00","USD"
"2026-03-02","42141939819441","Sponsored Products","0.00","USD"
"2026-03-19","423471492340141","Sponsored Brands","7.07","USD"
"2026-03-17","205764417979436","Sponsored Products","0.00","USD"
"2026-03-29","2514549308563","Sponsored Products","0.00","USD"
"2026-03-22","153491409585454","Sponsored Products","5.06","USD"
"2026-03-10","134777743429986","Sponsored Products","0.00","USD"
"2026-03-08","42141939819441","Sponsored Products","0.00","USD"
"2026-03-24","8347630917879","Sponsored Products","2.66","USD"
"2026-03-08","48433117829801","Sponsored Products","10.21","USD"
"2026-03-04","407444835513369","Sponsored Brands","0.00","CAD"
"2026-03-07","231848232455644","Sponsored Products","0.00","USD"
"2026-03-12","22515666501366","Sponsored Products","0.00","USD"
"2026-03-27","243038183553247","Sponsored Products","0.00","USD"
"2026-03-06","213530912619228","Sponsored Products","0.00","USD"
"2026-03-07","61837188685116","Sponsored Products","3.62","USD"
"2026-03-26","245335884201020","Sponsored Products","0.00","USD"
"2026-03-26","281110747056753","Sponsored Products","0.00","USD"
"2026-03-16","126638359335345","Sponsored Products","0.00","USD"
"2026-03-28","199698435439447","Sponsored Products","0.00","USD"
"2026-03-21","296615200458181","Sponsored Brands","6.08","USD"
"2026-03-31","154118694541854","Sponsored Products","0.00","USD"
"2026-03-09","199698435439447","Sponsored Products","0.45","USD"
"2026-03-10","233888031600237","Sponsored Products","0.00","USD"
"2026-03-13","28565058702355","Sponsored Products","5.64","USD"
"2026-03-03","192968792078402","Sponsored Products","0.00","USD"
"2026-03-02","67855357390881","Sponsored Products","1.52","USD"
"2026-03-22","23854220044300","Sponsored Products","0.32","USD"
"2026-03-08","113013759920940","Sponsored Products","0.00","USD"
"2026-03-31","413308568322873","Sponsored Brands","0.00","USD"
"2026-03-29","103686525154537","Sponsored Products","0.74","GBP"
"2026-03-07","154085784178560","Sponsored Products","0.00","USD"
"2026-03-01","58475731073369","Sponsored Products","0.00","USD"
"2026-03-25","32030113168570","Sponsored Products","0.00","USD"
"2026-03-16","130912331972988","Sponsored Products","1.01","USD"
"2026-03-16","101459965063202","Sponsored Products","0.82","USD"
"2026-03-30","72921898703277","Sponsored Products","0.00","USD"
"2026-03-15","515637010546761","Sponsored Brands","2.05","USD"
"2026-03-15","303344079444236","Sponsored Brands","0.29","GBP"
"2026-03-15","188545556962991","Sponsored Products","0.00","USD"
"2026-03-27","60802440953180","Sponsored Products","0.00","USD"
"2026-03-22","8078369968995","Sponsored Products","0.24","USD"
"2026-03-10","61090477012622","Sponsored Products","0.00","USD"
"2026-03-08","206968068657618","Sponsored Products","0.00","USD"
"2026-03-09","132476300811824","Sponsored Products","18.86","CAD"
"2026-03-15","134777743429986","Sponsored Products","13.81","USD"
"2026-03-11","296615200458181","Sponsored Brands","28.77","USD"
"2026-03-11","148265992493931","Sponsored Products","0.45","USD"
"2026-03-01","133243849204741","Sponsored Products","0.00","USD"
"2026-03-08","239772993878028","Sponsored Products","0.00","USD"
"2026-03-09","276797522102375","Sponsored Products","6.37","USD"
"2026-03-14","30651955945418","Sponsored Products","0.00","USD"
"2026-03-18","42141939819441","Sponsored Products","0.87","USD"
"2026-03-07","239677460933975","Sponsored Products","4.08","USD"
"2026-03-14","96060745446945","Sponsored Products","0.00","USD"
"2026-03-08","204544178017947","Sponsored Products","0.00","USD"
"2026-03-01","8347630917879","Sponsored Products","2.38","USD"
"2026-03-02","145958940968220","Sponsored Products","0.87","USD"
"2026-03-20","1069464513580","Sponsored Products","0.00","USD"
"2026-03-08","145958940968220","Sponsored Products","1.09","USD"
"2026-03-21","65271102777505","Sponsored Products","0.00","USD"
"2026-03-28","121446500477002","Sponsored Products","0.00","USD"
"2026-03-26","261580610725925","Sponsored Products","0.00","AUD"
"2026-03-30","279125239605082","Sponsored Products","0.00","USD"
"2026-03-19","54673378227395","Sponsored Products","2.19","USD"
"2026-03-13","204544178017947","Sponsored Products","0.00","USD"
"2026-03-29","154118694541854","Sponsored Products","0.00","USD"
"2026-03-18","140453739775668","Sponsored Products","1.09","USD"
"2026-03-18","263026275901184","Sponsored Products","0.00","USD"
"2026-03-12","269935586939823","Sponsored Products","8.03","CAD"
"2026-03-22","158171452508120","Sponsored Products","0.89","USD"
"2026-03-31","303344079444236","Sponsored Brands","0.15","GBP"
"2026-03-07","267283875717235","Sponsored Products","1.89","USD"
"2026-03-24","246452377117901","Sponsored Products","0.00","USD"
"2026-03-10","495677195822245","Sponsored Brands","0.93","USD"
"2026-03-13","303344079444236","Sponsored Brands","1.05","GBP"
"2026-03-25","192420944790293","Sponsored Products","27.76","GBP"
"2026-03-31","291680855614624","Sponsored Brands","0.45","GBP"
"2026-03-31","225946958740637","Sponsored Products","0.00","USD"
"2026-03-25","170402912830961","Sponsored Products","17.72","USD"
"2026-03-18","141552428309171","Sponsored Products","8.98","USD"
"2026-03-19","1069464513580","Sponsored Products","4.71","USD"
"2026-03-31","192968792078402","Sponsored Products","1.47","USD"
"2026-03-18","545989665090053","Sponsored Brands","3.19","GBP"
"2026-03-28","141648422510979","Sponsored Products","0.00","USD"
"2026-03-09","128770506922317","Sponsored Products","0.00","USD"
"2026-03-12","164743561215297","Sponsored Products","1.08","USD"
"2026-03-25","121446500477002","Sponsored Products","0.58","USD"
"2026-03-06","48433117829801","Sponsored Products","11.54","USD"
"2026-03-13","54386198712419","Sponsored Products","1.43","USD"
"2026-03-17","515637010546761","Sponsored Brands","5.25","USD"
"2026-03-22","515637010546761","Sponsored Brands","5.22","USD"
"2026-03-09","439663157752722","Sponsored Brands","4.33","USD"
"2026-03-03","154085784178560","Sponsored Products","0.00","USD"
"2026-03-14","140453739775668","Sponsored Products","0.81","USD"
"2026-03-26","97079585612330","Sponsored Products","0.00","USD"
"2026-03-13","42141939819441","Sponsored Products","0.00","USD"
"2026-03-05","132476300811824","Sponsored Products","18.14","CAD"
"2026-03-26","101965336081409","Sponsored Products","0.95","USD"
"2026-03-16","284096201830626","Sponsored Display","0.00","USD"
"2026-03-11","128835884603962","Sponsored Products","0.00","USD"
"2026-03-02","239677460933975","Sponsored Products","4.86","USD"
"2026-03-24","560000811916391","Sponsored Brands","0.77","USD"
"2026-03-10","48192245895031","Sponsored Products","0.00","USD"
"2026-03-20","149818563042691","Sponsored Products","0.00","USD"
"2026-03-30","241960271286519","Sponsored Products","0.95","USD"
"2026-03-12","233888031600237","Sponsored Products","0.00","USD"
"2026-03-19","202838039381314","Sponsored Products","7.30","USD"
"2026-03-16","2414736156339","Sponsored Products","3.25","USD"
"2026-03-06","560000811916391","Sponsored Brands","9.89","USD"
"2026-03-13","279125239605082","Sponsored Products","0.00","USD"
"2026-03-14","225946958740637","Sponsored Products","0.00","USD"
"2026-03-22","30179169319725","Sponsored Products","6.50","AUD"
"2026-03-06","101965336081409","Sponsored Products","1.24","USD"
"2026-03-11","149818563042691","Sponsored Products","0.00","USD"
"2026-03-03","238790977416237","Sponsored Products","0.00","USD"
"2026-03-12","54386198712419","Sponsored Products","1.47","USD"
"2026-03-24","455100983218716","Sponsored Brands","0.73","USD"
"2026-03-08","77231525415892","Sponsored Products","1.34","USD"
"2026-03-15","491366396962687","Sponsored Brands","4.69","USD"
"2026-03-15","126638359335345","Sponsored Products","0.00","USD"
"2026-03-12","67855357390881","Sponsored Products","0.00","USD"
"2026-03-22","560000811916391","Sponsored Brands","1.17","USD"
"2026-03-18","53404531347848","Sponsored Products","0.00","USD"
"2026-03-17","210638600694486","Sponsored Products","0.03","USD"
"2026-03-20","153491409585454","Sponsored Products","3.43","USD"
"2026-03-05","77231525415892","Sponsored Products","1.72","USD"
"2026-03-25","278626821184075","Sponsored Products","0.00","USD"
"2026-03-13","102474552529229","Sponsored Products","0.00","USD"
"2026-03-13","82064097659476","Sponsored Products","0.90","USD"
"2026-03-03","61090477012622","Sponsored Products","0.00","USD"
"2026-03-18","413308568322873","Sponsored Brands","0.93","USD"
"2026-03-19","97079585612330","Sponsored Products","0.00","USD"
"2026-03-28","94121140300347","Sponsored Products","0.97","USD"
"2026-03-17","115758363210245","Sponsored Products","5.44","USD"
"2026-03-06","19228716944861","Sponsored Products","10.62","USD"
"2026-03-11","126638359335345","Sponsored Products","0.00","USD"
"2026-03-28","215966552761313","Sponsored Products","0.00","USD"
"2026-03-07","263531397076178","Sponsored Products","0.00","USD"
"2026-03-24","281235849108344","Sponsored Products","18.87","USD"
"2026-03-10","279125239605082","Sponsored Products","0.00","USD"
"2026-03-30","284096201830626","Sponsored Display","0.00","USD"
"2026-03-17","156989235380210","Sponsored Products","117.28","USD"
"2026-03-10","97079585612330","Sponsored Products","0.00","USD"
"2026-03-09","291680855614624","Sponsored Brands","0.75","GBP"
"2026-03-06","134777743429986","Sponsored Products","0.62","USD"
"2026-03-08","267283875717235","Sponsored Products","3.97","USD"
"2026-03-28","141552428309171","Sponsored Products","44.32","USD"
"2026-03-31","101965336081409","Sponsored Products","3.62","USD"
"2026-03-10","28565058702355","Sponsored Products","4.17","USD"
"2026-03-07","225946958740637","Sponsored Products","0.00","USD"
"2026-03-02","124202126398060","Sponsored Products","3.94","USD"
"2026-03-21","280528554873543","Sponsored Products","1.32","USD"
"2026-03-09","141648422510979","Sponsored Products","0.00","USD"
"2026-03-05","216925562826343","Sponsored Products","0.00","USD"
"2026-03-15","262727752997615","Sponsored Products","2.01","USD"
"2026-03-29","156285188540724","Sponsored Products","4.90","USD"
"2026-03-25","115943131527635","Sponsored Products","0.45","USD"
"2026-03-19","198809778193730","Sponsored Products","31.65","USD"
"2026-03-22","18193170148935","Sponsored Products","0.00","USD"
"2026-03-04","30651955945418","Sponsored Products","0.00","USD"
"2026-03-06","34478632960968","Sponsored Products","0.00","USD"
"2026-03-01","192420944790293","Sponsored Products","6.61","GBP"
"2026-03-01","67855357390881","Sponsored Products","2.46","USD"
"2026-03-02","134777743429986","Sponsored Products","0.00","USD"
"2026-03-20","174719285602701","Sponsored Products","1.53","USD"
"2026-03-01","126638359335345","Sponsored Products","1.87","USD"
"2026-03-12","83042096012825","Sponsored Products","0.00","USD"
"2026-03-18","173362871105297","Sponsored Products","1.48","USD"
"2026-03-04","141552428309171","Sponsored Products","11.02","USD"
"2026-03-13","115758363210245","Sponsored Products","7.33","USD"
"2026-03-04","218351835233699","Sponsored Products","12.81","GBP"
"2026-03-10","291680855614624","Sponsored Brands","0.42","GBP"
"2026-03-12","207367106415924","Sponsored Products","33.36","GBP"
"2026-03-11","1069464513580","Sponsored Products","0.00","USD"
"2026-03-19","128770506922317","Sponsored Products","1.02","USD"
"2026-03-10","262727752997615","Sponsored Products","6.04","USD"
"2026-03-10","312632253610695","Sponsored Brands","1.37","USD"
"2026-03-23","93539819506468","Sponsored Products","0.00","USD"
"2026-03-16","81320226496883","Sponsored Products","0.00","USD"
"2026-03-31","3690623984567","Sponsored Products","0.00","USD"
"2026-03-27","130912331972988","Sponsored Products","0.00","USD"
"2026-03-11","277250351840071","Sponsored Products","6.33","USD"
"2026-03-10","267283875717235","Sponsored Products","0.00","USD"
"2026-03-22","82064097659476","Sponsored Products","2.12","USD"
"2026-03-11","58475731073369","Sponsored Products","0.00","USD"
"2026-03-31","261580610725925","Sponsored Products","0.06","AUD"
"2026-03-24","210638600694486","Sponsored Products","2.61","USD"
"2026-03-19","94121140300347","Sponsored Products","1.68","USD"
"2026-03-09","53404531347848","Sponsored Products","0.00","USD"
"2026-03-10","54386198712419","Sponsored Products","0.00","USD"
"2026-03-25","145958940968220","Sponsored Products","0.95","USD"
"2026-03-23","19228716944861","Sponsored Products","0.00","USD"
"2026-03-12","281110747056753","Sponsored Products","0.00","USD"
"2026-03-25","280528554873543","Sponsored Products","0.00","USD"
"2026-03-31","149818563042691","Sponsored Products","0.00","USD"
"2026-03-11","267283875717235","Sponsored Products","2.14","USD"
"2026-03-12","380662946968621","Sponsored Display","0.81","USD"
"2026-03-25","241960271286519","Sponsored Products","0.00","USD"
"2026-03-18","325883174926875","Sponsored Brands","0.00","USD"
"2026-03-24","346023186686134","Sponsored Brands","1.35","USD"
"2026-03-28","495677195822245","Sponsored Brands","0.00","USD"
"2026-03-08","11143044290906","Sponsored Products","1.56","USD"
"2026-03-11","255100442617527","Sponsored Products","1.10","USD"
"2026-03-03","32030113168570","Sponsored Products","0.00","USD"
"2026-03-27","32030113168570","Sponsored Products","0.00","USD"
"2026-03-18","198809778193730","Sponsored Products","56.61","USD"
"2026-03-24","94121140300347","Sponsored Products","0.90","USD"
"2026-03-09","192420944790293","Sponsored Products","9.54","GBP"
"2026-03-09","239677460933975","Sponsored Products","0.00","USD"
"2026-03-03","130912331972988","Sponsored Products","0.00","USD"
"2026-03-15","259201002739674","Sponsored Products","13.54","USD"
"2026-03-05","278626821184075","Sponsored Products","18.07","USD"
"2026-03-14","216925562826343","Sponsored Products","0.00","USD"
"2026-03-14","173362871105297","Sponsored Products","0.00","USD"
"2026-03-10","67855357390881","Sponsored Products","0.00","USD"
"2026-03-20","187735718741416","Sponsored Products","0.00","USD"
"2026-03-15","243204708497477","Sponsored Products","1.76","USD"
"2026-03-01","1861066386589","Sponsored Products","0.90","USD"
"2026-03-04","1861066386589","Sponsored Products","0.00","USD"
"2026-03-16","149626049979530","Sponsored Products","0.00","USD"
"2026-03-08","48758698369103","Sponsored Products","5.63","USD"
"2026-03-12","149818563042691","Sponsored Products","0.00","USD"
"2026-03-02","545989665090053","Sponsored Brands","3.69","GBP"
"2026-03-06","434170639918769","Sponsored Brands","0.58","USD"
"2026-03-03","205922105032655","Sponsored Products","0.00","USD"
"2026-03-28","103686525154537","Sponsored Products","1.14","GBP"
"2026-03-20","202838039381314","Sponsored Products","1.38","USD"
"2026-03-10","441925918527435","Sponsored Brands","2.89","USD"
"2026-03-13","194512325763287","Sponsored Products","0.00","USD"
"2026-03-07","83042096012825","Sponsored Products","0.00","USD"
"2026-03-19","61837188685116","Sponsored Products","1.61","USD"
"2026-03-03","281235849108344","Sponsored Products","3.35","USD"
"2026-03-27","113013759920940","Sponsored Products","0.00","USD"
"2026-03-04","455688132780953","Sponsored Brands","0.00","USD"
"2026-03-24","2414736156339","Sponsored Products","0.77","USD"
"2026-03-10","115764500761375","Sponsored Products","3.74","USD"
"2026-03-07","30179169319725","Sponsored Products","5.85","AUD"
"2026-03-09","158724595401869","Sponsored Products","0.00","USD"
"2026-03-29","215966552761313","Sponsored Products","0.00","USD"
"2026-03-18","259323671730401","Sponsored Products","6.07","USD"
"2026-03-06","271780514756108","Sponsored Products","1.12","USD"
"2026-03-07","81320226496883","Sponsored Products","1.84","USD"
"2026-03-02","188545556962991","Sponsored Products","4.17","USD"
"2026-03-14","199076365376964","Sponsored Products","2.83","USD"
"2026-03-27","96060745446945","Sponsored Products","0.00","USD"
"2026-03-26","272711015971799","Sponsored Products","0.00","USD"
"2026-03-26","204544178017947","Sponsored Products","4.03","USD"
"2026-03-26","203521351461363","Sponsored Products","3.31","USD"
"2026-03-10","515637010546761","Sponsored Brands","1.04","USD"
"2026-03-26","132476300811824","Sponsored Products","32.97","CAD"
"2026-03-05","205764417979436","Sponsored Products","0.87","USD"
"2026-03-25","243038183553247","Sponsored Products","0.00","USD"
"2026-03-27","28565058702355","Sponsored Products","1.31","USD"
"2026-03-13","259201002739674","Sponsored Products","0.00","USD"
"2026-03-09","174719285602701","Sponsored Products","6.58","USD"
"2026-03-26","198809778193730","Sponsored Products","18.20","USD"
"2026-03-05","140453739775668","Sponsored Products","1.47","USD"
"2026-03-01","325883174926875","Sponsored Brands","0.00","USD"
"2026-03-23","276797522102375","Sponsored Products","19.37","USD"
"2026-03-08","271780514756108","Sponsored Products","0.00","USD"
"2026-03-21","233888031600237","Sponsored Products","0.00","USD"
"2026-03-13","156285188540724","Sponsored Products","5.29","USD"
"2026-03-17","2514549308563","Sponsored Products","0.00","USD"
"2026-03-18","202228555422966","Sponsored Products","0.00","USD"
"2026-03-26","40237294180920","Sponsored Products","0.00","USD"
"2026-03-10","9627520751858","Sponsored Products","5.67","USD"
"2026-03-20","199698435439447","Sponsored Products","0.00","USD"
"2026-03-09","101965336081409","Sponsored Products","0.00","USD"
"2026-03-12","61090477012622","Sponsored Products","1.74","USD"
"2026-03-02","194512325763287","Sponsored Products","0.00","USD"
"2026-03-31","156989235380210","Sponsored Products","209.54","USD"
"2026-03-23","272711015971799","Sponsored Products","0.00","USD"
"2026-03-20","1861066386589","Sponsored Products","0.65","USD"
"2026-03-27","198809778193730","Sponsored Products","19.96","USD"
"2026-03-10","8078369968995","Sponsored Products","0.00","USD"
"2026-03-05","215966552761313","Sponsored Products","1.77","USD"
"2026-03-29","152555236474228","Sponsored Products","0.00","USD"
"2026-03-15","279125239605082","Sponsored Products","0.00","USD"
"2026-03-22","156285188540724","Sponsored Products","10.11","USD"
"2026-03-17","133243849204741","Sponsored Products","2.32","USD"
"2026-03-15","176992507771254","Sponsored Products","6.93","USD"
"2026-03-17","271780514756108","Sponsored Products","0.00","USD"
"2026-03-12","102474552529229","Sponsored Products","0.00","USD"
"2026-03-14","1069464513580","Sponsored Products","0.00","USD"
"2026-03-31","207367106415924","Sponsored Products","23.94","GBP"
"2026-03-24","152555236474228","Sponsored Products","0.00","USD"
"2026-03-26","154085784178560","Sponsored Products","0.00","USD"
"2026-03-26","205922105032655","Sponsored Products","0.00","USD"
"2026-03-01","138135222992233","Sponsored Products","0.00","USD"
"2026-03-10","11588448157956","Sponsored Products","13.42","USD"
"2026-03-21","262727752997615","Sponsored Products","5.60","USD"
"2026-03-27","58475731073369","Sponsored Products","0.00","USD"
"2026-03-30","65861573413220","Sponsored Products","0.00","USD"
"2026-03-18","186804517918072","Sponsored Products","5.67","USD"
"2026-03-09","149626049979530","Sponsored Products","0.00","USD"
"2026-03-03","81320226496883","Sponsored Products","0.00","USD"
"2026-03-16","9627520751858","Sponsored Products","0.00","USD"
"2026-03-08","22515666501366","Sponsored Products","0.00","USD"
"2026-03-11","79620432535917","Sponsored Products","3.96","USD"
"2026-03-28","239677460933975","Sponsored Products","0.96","USD"
"2026-03-04","259323671730401","Sponsored Products","8.12","USD"
"2026-03-18","101965336081409","Sponsored Products","0.00","USD"
"2026-03-08","18193170148935","Sponsored Products","0.00","USD"
"2026-03-21","257373022214500","Sponsored Products","1.08","USD"
"2026-03-20","102692108916415","Sponsored Products","0.00","USD"
"2026-03-21","515637010546761","Sponsored Brands","4.93","USD"
"2026-03-23","156989235380210","Sponsored Products","144.23","USD"
"2026-03-11","56338703455249","Sponsored Products","1.68","USD"
"2026-03-29","27661898820374","Sponsored Products","0.00","USD"
"2026-03-09","30179169319725","Sponsored Products","8.72","AUD"
"2026-03-04","9627520751858","Sponsored Products","2.76","USD"
"2026-03-03","380662946968621","Sponsored Display","0.33","USD"
"2026-03-30","30179169319725","Sponsored Products","4.72","AUD"
"2026-03-31","1861066386589","Sponsored Products","0.00","USD"
"2026-03-17","413308568322873","Sponsored Brands","0.42","USD"
"2026-03-22","215176800738804","Sponsored Products","1.17","USD"
"2026-03-03","357384467879967","Sponsored Brands","5.22","USD"
"2026-03-30","192968792078402","Sponsored Products","0.00","USD"
"2026-03-28","2414736156339","Sponsored Products","1.24","USD"
"2026-03-07","434170639918769","Sponsored Brands","4.02","USD"
"2026-03-01","188545556962991","Sponsored Products","1.50","USD"
"2026-03-05","158171452508120","Sponsored Products","0.00","USD"
"2026-03-02","205764417979436","Sponsored Products","0.00","USD"
"2026-03-19","138135222992233","Sponsored Products","0.00","USD"
"2026-03-09","40237294180920","Sponsored Products","0.00","USD"
"2026-03-13","262727752997615","Sponsored Products","1.35","USD"
"2026-03-12","243204708497477","Sponsored Products","2.55","USD"
"2026-03-12","210638600694486","Sponsored Products","4.66","USD"
"2026-03-05","186804517918072","Sponsored Products","6.42","USD"
"2026-03-10","482686146435604","Sponsored Brands","0.00","USD"
"2026-03-23","439663157752722","Sponsored Brands","1.70","USD"
"2026-03-13","239677460933975","Sponsored Products","0.82","USD"
"2026-03-27","267283875717235","Sponsored Products","0.00","USD"
"2026-03-19","239677460933975","Sponsored Products","0.74","USD"
"2026-03-07","202838039381314","Sponsored Products","0.00","USD"
"2026-03-19","162987026418786","Sponsored Products","0.00","USD"
"2026-03-29","124202126398060","Sponsored Products","0.00","USD"
"2026-03-15","138135222992233","Sponsored Products","0.00","USD"
"2026-03-01","168803396873792","Sponsored Products","0.00","USD"
"2026-03-12","61837188685116","Sponsored Products","0.00","USD"
"2026-03-06","164743561215297","Sponsored Products","0.00","USD"
"2026-03-17","145958940968220","Sponsored Products","0.70","USD"
"2026-03-02","9627520751858","Sponsored Products","1.88","USD"
"2026-03-25","72921898703277","Sponsored Products","0.00","USD"
"2026-03-18","9627520751858","Sponsored Products","6.82","USD"
"2026-03-10","407444835513369","Sponsored Brands","0.00","CAD"
"2026-03-02","61503627186513","Sponsored Products","0.00","USD"
"2026-03-27","133243849204741","Sponsored Products","0.00","USD"
"2026-03-18","55613271497964","Sponsored Products","0.00","USD"
"2026-03-18","133846876580591","Sponsored Products","0.45","USD"
"2026-03-23","11588448157956","Sponsored Products","44.44","USD"
"2026-03-08","254109808305934","Sponsored Products","0.81","USD"
"2026-03-08","158171452508120","Sponsored Products","0.00","USD"
"2026-03-01","259323671730401","Sponsored Products","6.37","USD"
"2026-03-19","482686146435604","Sponsored Brands","2.27","USD"
"2026-03-17","113013759920940","Sponsored Products","0.71","USD"
"2026-03-03","174719285602701","Sponsored Products","0.00","USD"
"2026-03-19","276797522102375","Sponsored Products","2.77","USD"
"2026-03-18","61503627186513","Sponsored Products","0.00","USD"
"2026-03-06","238790977416237","Sponsored Products","0.00","USD"
"2026-03-02","296615200458181","Sponsored Brands","22.75","USD"
"2026-03-17","276797522102375","Sponsored Products","7.42","USD"
"2026-03-09","94121140300347","Sponsored Products","10.74","USD"
"2026-03-25","1861066386589","Sponsored Products","0.00","USD"
"2026-03-11","303344079444236","Sponsored Brands","0.19","GBP"
"2026-03-23","72921898703277","Sponsored Products","0.00","USD"
"2026-03-07","241960271286519","Sponsored Products","1.10","USD"
"2026-03-01","48192245895031","Sponsored Products","0.00","USD"
"2026-03-28","116154511455108","Sponsored Products","0.00","GBP"
"2026-03-24","19228716944861","Sponsored Products","0.62","USD"
"2026-03-24","79620432535917","Sponsored Products","0.00","USD"
"2026-03-04","281110747056753","Sponsored Products","0.00","USD"
"2026-03-20","188545556962991","Sponsored Products","0.00","USD"
"2026-03-20","130912331972988","Sponsored Products","0.00","USD"
"2026-03-06","239677460933975","Sponsored Products","3.73","USD"
"2026-03-08","9627520751858","Sponsored Products","3.87","USD"
"2026-03-12","43460676635147","Sponsored Products","0.00","USD"
"2026-03-10","72921898703277","Sponsored Products","0.00","USD"
"2026-03-28","138135222992233","Sponsored Products","3.16","USD"
"2026-03-17","140453739775668","Sponsored Products","0.00","USD"
"2026-03-05","325883174926875","Sponsored Brands","0.00","USD"
"2026-03-27","120274159023818","Sponsored Products","0.00","USD"
"2026-03-16","254109808305934","Sponsored Products","0.00","USD"
"2026-03-27","48192245895031","Sponsored Products","0.00","USD"
"2026-03-22","44065507618346","Sponsored Products","3.45","USD"
"2026-03-04","255100442617527","Sponsored Products","1.45","USD"
"2026-03-20","14582572617569","Sponsored Products","0.00","USD"
"2026-03-31","77231525415892","Sponsored Products","0.37","USD"
"2026-03-07","140453739775668","Sponsored Products","0.74","USD"
"2026-03-03","101459965063202","Sponsored Products","3.36","USD"
"2026-03-24","276797522102375","Sponsored Products","4.48","USD"
"2026-03-13","128835884603962","Sponsored Products","0.88","USD"
"2026-03-06","495677195822245","Sponsored Brands","1.11","USD"
"2026-03-21","113013759920940","Sponsored Products","0.00","USD"
"2026-03-09","2414736156339","Sponsored Products","4.70","USD"
"2026-03-02","154085784178560","Sponsored Products","0.00","USD"
"2026-03-06","174719285602701","Sponsored Products","2.27","USD"
"2026-03-19","164743561215297","Sponsored Products","0.00","USD"
"2026-03-07","246452377117901","Sponsored Products","0.00","USD"
"2026-03-12","79620432535917","Sponsored Products","2.03","USD"
"2026-03-02","205922105032655","Sponsored Products","0.87","USD"
"2026-03-15","43460676635147","Sponsored Products","0.00","USD"
"2026-03-15","246452377117901","Sponsored Products","0.00","USD"
"2026-03-25","39061317933304","Sponsored Products","0.00","USD"
"2026-03-14","245503802057093","Sponsored Products","0.00","USD"
"2026-03-26","259323671730401","Sponsored Products","6.23","USD"
"2026-03-27","241259046045612","Sponsored Products","0.76","USD"
"2026-03-11","491366396962687","Sponsored Brands","0.00","USD"
"2026-03-25","207367106415924","Sponsored Products","35.28","GBP"
"2026-03-11","88056195803598","Sponsored Products","0.00","USD"
"2026-03-18","40237294180920","Sponsored Products","0.47","USD"
"2026-03-24","192968792078402","Sponsored Products","1.45","USD"
"2026-03-17","239175797857758","Sponsored Products","4.29","USD"
"2026-03-12","126638359335345","Sponsored Products","0.88","USD"
"2026-03-10","141648422510979","Sponsored Products","0.90","USD"
"2026-03-25","14582572617569","Sponsored Products","0.00","USD"
"2026-03-16","158171452508120","Sponsored Products","0.00","USD"
"2026-03-15","455100983218716","Sponsored Brands","3.62","USD"
"2026-03-20","79620432535917","Sponsored Products","1.67","USD"
"2026-03-29","82064097659476","Sponsored Products","2.64","USD"
"2026-03-29","276488907454289","Sponsored Products","0.00","USD"
"2026-03-27","101459965063202","Sponsored Products","0.37","USD"
"2026-03-14","65861573413220","Sponsored Products","0.00","USD"
"2026-03-17","141552428309171","Sponsored Products","5.92","USD"
"2026-03-15","153491409585454","Sponsored Products","5.59","USD"
"2026-03-11","246452377117901","Sponsored Products","2.91","USD"
"2026-03-23","27661898820374","Sponsored Products","0.42","USD"
"2026-03-30","243038183553247","Sponsored Products","0.00","USD"
"2026-03-12","156285188540724","Sponsored Products","5.06","USD"
"2026-03-07","515637010546761","Sponsored Brands","9.25","USD"
"2026-03-15","495677195822245","Sponsored Brands","2.18","USD"
"2026-03-26","238790977416237","Sponsored Products","0.00","USD"
"2026-03-25","126638359335345","Sponsored Products","0.00","USD"
"2026-03-13","213530912619228","Sponsored Products","0.00","USD"
"2026-03-27","380662946968621","Sponsored Display","0.00","USD"
"2026-03-07","3690623984567","Sponsored Products","0.00","USD"
"2026-03-17","188279469264899","Sponsored Products","0.00","USD"
"2026-03-02","158724595401869","Sponsored Products","2.96","USD"
"2026-03-19","251648059669526","Sponsored Products","1.14","USD"
"2026-03-20","158724595401869","Sponsored Products","0.00","USD"
"2026-03-19","203521351461363","Sponsored Products","1.06","USD"
"2026-03-29","271002646812055","Sponsored Products","0.00","USD"
"2026-03-15","284096201830626","Sponsored Display","0.53","USD"
"2026-03-15","271002646812055","Sponsored Products","0.00","USD"
"2026-03-15","48192245895031","Sponsored Products","0.00","USD"
"2026-03-23","50912117972815","Sponsored Products","0.86","USD"
"2026-03-11","133846876580591","Sponsored Products","0.00","USD"
"2026-03-07","192968792078402","Sponsored Products","0.00","USD"
"2026-03-24","22515666501366","Sponsored Products","0.00","USD"
"2026-03-13","199076365376964","Sponsored Products","6.59","USD"
"2026-03-23","241259046045612","Sponsored Products","0.00","USD"
"2026-03-04","3690623984567","Sponsored Products","0.00","USD"
"2026-03-10","2514549308563","Sponsored Products","0.00","USD"
"2026-03-30","198809778193730","Sponsored Products","21.53","USD"
"2026-03-19","79620432535917","Sponsored Products","2.72","USD"
"2026-03-17","61837188685116","Sponsored Products","1.75","USD"
"2026-03-30","482686146435604","Sponsored Brands","2.76","USD"
"2026-03-19","254109808305934","Sponsored Products","2.70","USD"
"2026-03-03","243204708497477","Sponsored Products","0.00","USD"
"2026-03-04","413308568322873","Sponsored Brands","1.63","USD"
"2026-03-30","134777743429986","Sponsored Products","0.00","USD"
"2026-03-29","140453739775668","Sponsored Products","0.00","USD"
"2026-03-07","348184859637636","Sponsored Brands","6.15","USD"
"2026-03-30","269935586939823","Sponsored Products","12.24","CAD"
"2026-03-30","263531397076178","Sponsored Products","0.00","USD"
"2026-03-09","48758698369103","Sponsored Products","12.89","USD"
"2026-03-25","58475731073369","Sponsored Products","0.00","USD"
"2026-03-14","263531397076178","Sponsored Products","0.00","USD"
"2026-03-24","77231525415892","Sponsored Products","0.00","USD"
"2026-03-08","284096201830626","Sponsored Display","0.00","USD"
"2026-03-10","207367106415924","Sponsored Products","21.03","GBP"
"2026-03-28","216925562826343","Sponsored Products","0.00","USD"
"2026-03-04","453754530299965","Sponsored Brands","1.36","USD"
"2026-03-07","255100442617527","Sponsored Products","0.00","USD"
"2026-03-15","215966552761313","Sponsored Products","0.00","USD"
"2026-03-24","83042096012825","Sponsored Products","0.00","USD"
"2026-03-20","204544178017947","Sponsored Products","2.39","USD"
"2026-03-28","202838039381314","Sponsored Products","1.17","USD"
"2026-03-24","133243849204741","Sponsored Products","0.00","USD"
"2026-03-03","346023186686134","Sponsored Brands","2.16","USD"
"2026-03-13","281110747056753","Sponsored Products","0.00","USD"
"2026-03-12","32030113168570","Sponsored Products","0.45","USD"
"2026-03-12","42141939819441","Sponsored Products","0.00","USD"
"2026-03-27","186804517918072","Sponsored Products","0.00","USD"
"2026-03-25","296615200458181","Sponsored Brands","42.84","USD"
"2026-03-25","11588448157956","Sponsored Products","26.20","USD"
"2026-03-16","348184859637636","Sponsored Brands","0.00","USD"
"2026-03-13","210638600694486","Sponsored Products","1.10","USD"
"2026-03-02","194838680698310","Sponsored Products","0.00","USD"
"2026-03-12","225946958740637","Sponsored Products","0.00","USD"
"2026-03-10","198809778193730","Sponsored Products","13.42","USD"
"2026-03-23","271780514756108","Sponsored Products","0.00","USD"
"2026-03-05","173362871105297","Sponsored Products","0.00","USD"
"2026-03-06","115943131527635","Sponsored Products","0.00","USD"
"2026-03-14","277250351840071","Sponsored Products","0.64","USD"
"2026-03-27","22515666501366","Sponsored Products","0.00","USD"
"2026-03-28","128770506922317","Sponsored Products","0.00","USD"
"2026-03-02","175777768252798","Sponsored Products","3.23","USD"
"2026-03-19","156989235380210","Sponsored Products","153.91","USD"
"2026-03-26","205764417979436","Sponsored Products","0.00","USD"
"2026-03-08","452065263384491","Sponsored Brands","18.87","USD"
"2026-03-11","243038183553247","Sponsored Products","0.45","USD"
"2026-03-25","185646462591669","Sponsored Products","0.00","USD"
"2026-03-14","72921898703277","Sponsored Products","0.72","USD"
"2026-03-23","202838039381314","Sponsored Products","3.12","USD"
"2026-03-30","101965336081409","Sponsored Products","0.81","USD"
"2026-03-09","115764500761375","Sponsored Products","5.20","USD"
"2026-03-07","2514549308563","Sponsored Products","0.00","USD"
"2026-03-05","213530912619228","Sponsored Products","0.70","USD"
"2026-03-06","545989665090053","Sponsored Brands","1.81","GBP"
"2026-03-28","185646462591669","Sponsored Products","0.00","USD"
"2026-03-25","141552428309171","Sponsored Products","8.71","USD"
"2026-03-18","482686146435604","Sponsored Brands","2.58","USD"
"2026-03-20","215176800738804","Sponsored Products","1.76","USD"
"2026-03-03","132476300811824","Sponsored Products","26.98","CAD"
"2026-03-01","141648422510979","Sponsored Products","2.08","USD"
"2026-03-14","515637010546761","Sponsored Brands","2.21","USD"
"2026-03-12","243038183553247","Sponsored Products","0.00","USD"
"2026-03-20","254109808305934","Sponsored Products","3.28","USD"
"2026-03-13","296615200458181","Sponsored Brands","42.45","USD"
"2026-03-26","241960271286519","Sponsored Products","0.00","USD"
"2026-03-14","291680855614624","Sponsored Brands","1.63","GBP"
"2026-03-08","259323671730401","Sponsored Products","8.42","USD"
"2026-03-19","54386198712419","Sponsored Products","1.60","USD"
"2026-03-07","380662946968621","Sponsored Display","0.00","USD"
"2026-03-01","276797522102375","Sponsored Products","0.00","USD"
"2026-03-12","203521351461363","Sponsored Products","0.00","USD"
"2026-03-12","239677460933975","Sponsored Products","0.79","USD"
"2026-03-22","124202126398060","Sponsored Products","1.89","USD"
"2026-03-23","455100983218716","Sponsored Brands","2.36","USD"
"2026-03-04","149626049979530","Sponsored Products","0.00","USD"
"2026-03-30","79620432535917","Sponsored Products","0.00","USD"
"2026-03-30","254109808305934","Sponsored Products","0.00","USD"
"2026-03-05","149626049979530","Sponsored Products","0.00","USD"
"2026-03-23","303344079444236","Sponsored Brands","0.75","GBP"
"2026-03-23","205922105032655","Sponsored Products","0.95","USD"
"2026-03-20","281110747056753","Sponsored Products","0.00","USD"
"2026-03-07","115758363210245","Sponsored Products","16.94","USD"
"2026-03-12","515637010546761","Sponsored Brands","2.40","USD"
"2026-03-24","194838680698310","Sponsored Products","3.05","USD"
"2026-03-12","132476300811824","Sponsored Products","25.26","CAD"
"2026-03-02","441925918527435","Sponsored Brands","1.43","USD"
"2026-03-27","138135222992233","Sponsored Products","0.00","USD"
"2026-03-17","134777743429986","Sponsored Products","39.78","USD"
"2026-03-11","174719285602701","Sponsored Products","3.61","USD"
"2026-03-04","14582572617569","Sponsored Products","2.26","USD"
"2026-03-21","154085784178560","Sponsored Products","0.00","USD"
"2026-03-19","218351835233699","Sponsored Products","7.69","GBP"
"2026-03-31","30179169319725","Sponsored Products","11.16","AUD"
"2026-03-14","545989665090053","Sponsored Brands","5.23","GBP"
"2026-03-13","545989665090053","Sponsored Brands","2.90","GBP"
"2026-03-03","164743561215297","Sponsored Products","0.00","USD"
"2026-03-31","280513164622908","Sponsored Products","1.10","USD"
"2026-03-07","194512325763287","Sponsored Products","0.00","USD"
"2026-03-07","133846876580591","Sponsored Products","5.34","USD"
"2026-03-17","224639482376841","Sponsored Products","3.94","USD"
"2026-03-28","22515666501366","Sponsored Products","0.00","USD"
"2026-03-07","189380234928822","Sponsored Products","0.75","USD"
"2026-03-07","18193170148935","Sponsored Products","0.63","USD"
"2026-03-24","189380234928822","Sponsored Products","0.00","USD"
"2026-03-08","174719285602701","Sponsored Products","12.82","USD"
"2026-03-01","27661898820374","Sponsored Products","10.97","USD"
"2026-03-11","137772430611725","Sponsored Products","2.22","USD"
"2026-03-28","246452377117901","Sponsored Products","0.00","USD"
"2026-03-02","61090477012622","Sponsored Products","0.00","USD"
"2026-03-07","101459965063202","Sponsored Products","5.46","USD"
"2026-03-24","278626821184075","Sponsored Products","0.00","USD"
"2026-03-10","133846876580591","Sponsored Products","0.00","USD"
"2026-03-20","54673378227395","Sponsored Products","1.87","USD"
"2026-03-06","263531397076178","Sponsored Products","0.00","USD"
"2026-03-14","2414736156339","Sponsored Products","0.00","USD"
"2026-03-23","126638359335345","Sponsored Products","2.24","USD"
"2026-03-17","187735718741416","Sponsored Products","0.00","USD"
"2026-03-30","207367106415924","Sponsored Products","21.12","GBP"
"2026-03-18","495677195822245","Sponsored Brands","2.83","USD"
"2026-03-10","175777768252798","Sponsored Products","0.00","USD"
"2026-03-08","175777768252798","Sponsored Products","10.43","USD"
"2026-03-06","96060745446945","Sponsored Products","0.00","USD"
"2026-03-19","205922105032655","Sponsored Products","2.78","USD"
"2026-03-02","346023186686134","Sponsored Brands","0.74","USD"
"2026-03-03","269935586939823","Sponsored Products","11.68","CAD"
"2026-03-31","210638600694486","Sponsored Products","0.00","USD"
"2026-03-03","140453739775668","Sponsored Products","1.75","USD"
"2026-03-03","28864493115463","Sponsored Products","2.02","USD"
"2026-03-14","154085784178560","Sponsored Products","0.00","USD"
"2026-03-16","246452377117901","Sponsored Products","0.71","USD"
"2026-03-11","115758363210245","Sponsored Products","10.56","USD"
"2026-03-14","145958940968220","Sponsored Products","3.34","USD"
"2026-03-23","224639482376841","Sponsored Products","0.79","USD"
"2026-03-18","216925562826343","Sponsored Products","0.00","USD"
"2026-03-18","115758363210245","Sponsored Products","13.90","USD"
"2026-03-23","539931100075119","Sponsored Brands","1.23","USD"
"2026-03-23","96060745446945","Sponsored Products","0.00","USD"
"2026-03-15","168803396873792","Sponsored Products","0.00","USD"
"2026-03-26","296615200458181","Sponsored Brands","18.33","USD"
"2026-03-12","14582572617569","Sponsored Products","0.00","USD"
"2026-03-14","284096201830626","Sponsored Display","0.41","USD"
"2026-03-09","140453739775668","Sponsored Products","1.09","USD"
"2026-03-23","203521351461363","Sponsored Products","1.38","USD"
"2026-03-19","439663157752722","Sponsored Brands","2.22","USD"
"2026-03-28","133846876580591","Sponsored Products","0.00","USD"
"2026-03-05","39061317933304","Sponsored Products","0.00","USD"
"2026-03-26","560000811916391","Sponsored Brands","1.98","USD"
"2026-03-16","141648422510979","Sponsored Products","0.00","USD"
"2026-03-17","284096201830626","Sponsored Display","0.00","USD"
"2026-03-10","491366396962687","Sponsored Brands","1.52","USD"
"2026-03-16","48758698369103","Sponsored Products","5.05","USD"
"2026-03-06","482686146435604","Sponsored Brands","0.68","USD"
"2026-03-29","452065263384491","Sponsored Brands","6.20","USD"
"2026-03-25","153491409585454","Sponsored Products","1.39","USD"
"2026-03-26","156989235380210","Sponsored Products","129.26","USD"
"2026-03-21","32571611634774","Sponsored Products","0.00","USD"
"2026-03-28","239175797857758","Sponsored Products","0.00","USD"
"2026-03-01","241960271286519","Sponsored Products","0.00","USD"
"2026-03-12","18193170148935","Sponsored Products","0.59","USD"
"2026-03-14","188545556962991","Sponsored Products","2.10","USD"
"2026-03-06","94121140300347","Sponsored Products","5.40","USD"
"2026-03-27","128770506922317","Sponsored Products","0.00","USD"
"2026-03-26","9627520751858","Sponsored Products","2.43","USD"
"2026-03-13","140453739775668","Sponsored Products","0.00","USD"
"2026-03-09","491366396962687","Sponsored Brands","0.54","USD"
"2026-03-12","130912331972988","Sponsored Products","0.00","USD"
"2026-03-30","261580610725925","Sponsored Products","0.71","AUD"
"2026-03-10","28864493115463","Sponsored Products","0.75","USD"
"2026-03-21","380662946968621","Sponsored Display","0.00","USD"
"2026-03-17","495677195822245","Sponsored Brands","0.56","USD"
"2026-03-02","97079585612330","Sponsored Products","0.00","USD"
"2026-03-18","441925918527435","Sponsored Brands","11.42","USD"
"2026-03-26","82064097659476","Sponsored Products","4.28","USD"
"2026-03-14","61503627186513","Sponsored Products","0.00","USD"
"2026-03-31","259323671730401","Sponsored Products","6.34","USD"
"2026-03-03","30179169319725","Sponsored Products","2.08","AUD"
"2026-03-10","199698435439447","Sponsored Products","0.00","USD"
"2026-03-16","192968792078402","Sponsored Products","2.36","USD"
"2026-03-23","560000811916391","Sponsored Brands","0.35","USD"
"2026-03-08","188545556962991","Sponsored Products","3.15","USD"
"2026-03-08","115764500761375","Sponsored Products","11.59","USD"
"2026-03-30","210638600694486","Sponsored Products","0.45","USD"
"2026-03-30","27661898820374","Sponsored Products","0.00","USD"
"2026-03-01","156989235380210","Sponsored Products","387.62","USD"
"2026-03-15","83042096012825","Sponsored Products","0.00","USD"
"2026-03-27","188545556962991","Sponsored Products","0.00","USD"
"2026-03-25","407444835513369","Sponsored Brands","0.00","CAD"
"2026-03-25","101459965063202","Sponsored Products","0.43","USD"
"2026-03-27","48758698369103","Sponsored Products","1.73","USD"
"2026-03-18","455100983218716","Sponsored Brands","3.72","USD"
"2026-03-09","243204708497477","Sponsored Products","0.00","USD"
"2026-03-09","11588448157956","Sponsored Products","0.75","USD"
"2026-03-01","205764417979436","Sponsored Products","1.46","USD"
"2026-03-26","271780514756108","Sponsored Products","0.00","USD"
"2026-03-29","115943131527635","Sponsored Products","0.00","USD"
"2026-03-27","82064097659476","Sponsored Products","0.45","USD"
"2026-03-20","291680855614624","Sponsored Brands","0.00","GBP"
"2026-03-10","215966552761313","Sponsored Products","0.00","USD"
"2026-03-08","216925562826343","Sponsored Products","1.45","USD"
"2026-03-12","56338703455249","Sponsored Products","1.95","USD"
"2026-03-02","133243849204741","Sponsored Products","0.00","USD"
"2026-03-20","357384467879967","Sponsored Brands","0.41","USD"
"2026-03-01","267283875717235","Sponsored Products","0.00","USD"
"2026-03-09","203521351461363","Sponsored Products","0.00","USD"
"2026-03-02","263531397076178","Sponsored Products","0.00","USD"
"2026-03-08","269935586939823","Sponsored Products","25.38","CAD"
"2026-03-21","55613271497964","Sponsored Products","0.00","USD"
"2026-03-14","50912117972815","Sponsored Products","0.00","USD"
"2026-03-20","194838680698310","Sponsored Products","3.38","USD"
"2026-03-16","83042096012825","Sponsored Products","0.00","USD"
"2026-03-10","126638359335345","Sponsored Products","0.00","USD"
"2026-03-28","199076365376964","Sponsored Products","21.05","USD"
"2026-03-28","40237294180920","Sponsored Products","0.00","USD"
"2026-03-30","11143044290906","Sponsored Products","0.00","USD"
"2026-03-31","243504419948461","Sponsored Products","0.00","USD"
"2026-03-01","346023186686134","Sponsored Brands","1.58","USD"
"2026-03-15","1069464513580","Sponsored Products","1.71","USD"
"2026-03-02","54386198712419","Sponsored Products","0.00","USD"
"2026-03-22","61503627186513","Sponsored Products","0.00","USD"
"2026-03-24","48758698369103","Sponsored Products","4.26","USD"
"2026-03-06","97079585612330","Sponsored Products","0.63","USD"
"2026-03-19","272711015971799","Sponsored Products","0.00","USD"
"2026-03-29","255100442617527","Sponsored Products","0.00","USD"
"2026-03-23","11143044290906","Sponsored Products","0.72","USD"
"2026-03-30","281024885672869","Sponsored Products","0.00","USD"
"2026-03-11","194512325763287","Sponsored Products","0.00","USD"
"2026-03-28","61090477012622","Sponsored Products","0.78","USD"
"2026-03-02","255100442617527","Sponsored Products","0.00","USD"
"2026-03-02","18193170148935","Sponsored Products","0.90","USD"
"2026-03-25","194838680698310","Sponsored Products","3.16","USD"
"2026-03-19","215176800738804","Sponsored Products","0.59","USD"
"2026-03-13","145958940968220","Sponsored Products","1.34","USD"
"2026-03-25","156285188540724","Sponsored Products","21.17","USD"
"2026-03-17","259323671730401","Sponsored Products","4.75","USD"
"2026-03-26","192420944790293","Sponsored Products","25.63","GBP"
"2026-03-06","186804517918072","Sponsored Products","1.48","USD"
"2026-03-05","130912331972988","Sponsored Products","1.22","USD"
"2026-03-02","192968792078402","Sponsored Products","0.00","USD"
"2026-03-21","11143044290906","Sponsored Products","0.00","USD"
"2026-03-02","277250351840071","Sponsored Products","1.71","USD"
"2026-03-25","48758698369103","Sponsored Products","4.88","USD"
"2026-03-18","380662946968621","Sponsored Display","0.00","USD"
"2026-03-10","213530912619228","Sponsored Products","0.00","USD"
"2026-03-23","140453739775668","Sponsored Products","0.00","USD"
"2026-03-16","259201002739674","Sponsored Products","16.84","USD"
"2026-03-19","32030113168570","Sponsored Products","0.63","USD"
"2026-03-07","224639482376841","Sponsored Products","14.25","USD"
"2026-03-03","61503627186513","Sponsored Products","0.00","USD"
"2026-03-12","218351835233699","Sponsored Products","7.38","GBP"
"2026-03-17","277250351840071","Sponsored Products","1.14","USD"
"2026-03-23","102474552529229","Sponsored Products","0.00","USD"
"2026-03-23","434170639918769","Sponsored Brands","1.01","USD"
"2026-03-30","495677195822245","Sponsored Brands","0.38","USD"
"2026-03-11","194838680698310","Sponsored Products","1.52","USD"
"2026-03-10","14582572617569","Sponsored Products","0.00","USD"
"2026-03-17","261580610725925","Sponsored Products","0.35","AUD"
"2026-03-13","130912331972988","Sponsored Products","0.00","USD"
"2026-03-15","281235849108344","Sponsored Products","4.37","USD"
"2026-03-02","65861573413220","Sponsored Products","0.00","USD"
"2026-03-22","48433117829801","Sponsored Products","0.21","USD"
"2026-03-23","263531397076178","Sponsored Products","0.00","USD"
"2026-03-09","246452377117901","Sponsored Products","0.00","USD"
"2026-03-07","439663157752722","Sponsored Brands","10.35","USD"
"2026-03-14","186804517918072","Sponsored Products","6.46","USD"
"2026-03-14","276797522102375","Sponsored Products","9.41","USD"
"2026-03-22","276488907454289","Sponsored Products","0.00","USD"
"2026-03-31","312632253610695","Sponsored Brands","0.00","USD"
"2026-03-19","243204708497477","Sponsored Products","3.92","USD"
"2026-03-28","32030113168570","Sponsored Products","0.08","USD"
"2026-03-27","170402912830961","Sponsored Products","0.00","USD"
"2026-03-04","115758363210245","Sponsored Products","17.91","USD"
"2026-03-10","263026275901184","Sponsored Products","4.03","USD"
"2026-03-15","482686146435604","Sponsored Brands","0.00","USD"
"2026-03-02","156989235380210","Sponsored Products","280.51","USD"
"2026-03-18","67855357390881","Sponsored Products","0.00","USD"
"2026-03-24","48192245895031","Sponsored Products","0.00","USD"
"2026-03-20","192968792078402","Sponsored Products","1.63","USD"
"2026-03-08","188279469264899","Sponsored Products","2.00","USD"
"2026-03-13","271002646812055","Sponsored Products","0.00","USD"
"2026-03-28","1861066386589","Sponsored Products","0.00","USD"
"2026-03-05","482686146435604","Sponsored Brands","0.73","USD"
"2026-03-11","156989235380210","Sponsored Products","219.61","USD"
"2026-03-22","1069464513580","Sponsored Products","5.33","USD"
"2026-03-16","133243849204741","Sponsored Products","0.00","USD"
"2026-03-13","153491409585454","Sponsored Products","12.65","USD"
"2026-03-09","56338703455249","Sponsored Products","0.00","USD"
"2026-03-03","202838039381314","Sponsored Products","0.00","USD"
"2026-03-15","192968792078402","Sponsored Products","0.00","USD"
"2026-03-04","254109808305934","Sponsored Products","1.78","USD"
"2026-03-30","2514549308563","Sponsored Products","0.00","USD"
"2026-03-11","210638600694486","Sponsored Products","1.37","USD"
"2026-03-05","133243849204741","Sponsored Products","0.00","USD"
"2026-03-01","82064097659476","Sponsored Products","0.00","USD"
"2026-03-31","115943131527635","Sponsored Products","0.00","USD"
"2026-03-15","154085784178560","Sponsored Products","2.17","USD"
"2026-03-21","246452377117901","Sponsored Products","0.00","USD"
"2026-03-21","254109808305934","Sponsored Products","5.73","USD"
"2026-03-31","238790977416237","Sponsored Products","1.69","USD"
"2026-03-07","202228555422966","Sponsored Products","0.00","USD"
"2026-03-03","186804517918072","Sponsored Products","4.05","USD"
"2026-03-30","276797522102375","Sponsored Products","1.16","USD"
"2026-03-14","276488907454289","Sponsored Products","0.00","USD"
"2026-03-24","65861573413220","Sponsored Products","0.00","USD"
"2026-03-09","218351835233699","Sponsored Products","24.33","GBP"
"2026-03-21","224639482376841","Sponsored Products","0.48","USD"
"2026-03-14","357384467879967","Sponsored Brands","0.62","USD"
"2026-03-15","271780514756108","Sponsored Products","0.00","USD"
"2026-03-12","281024885672869","Sponsored Products","0.00","USD"
"2026-03-30","83042096012825","Sponsored Products","0.00","USD"
"2026-03-21","434170639918769","Sponsored Brands","0.28","USD"
"2026-03-21","18193170148935","Sponsored Products","0.00","USD"
"2026-03-14","27661898820374","Sponsored Products","1.30","USD"
"2026-03-16","149818563042691","Sponsored Products","0.00","USD"
"2026-03-31","154085784178560","Sponsored Products","0.89","USD"
"2026-03-04","126638359335345","Sponsored Products","1.18","USD"
"2026-03-28","241259046045612","Sponsored Products","1.02","USD"
"2026-03-02","204544178017947","Sponsored Products","0.00","USD"
"2026-03-10","259323671730401","Sponsored Products","0.86","USD"
"2026-03-03","439663157752722","Sponsored Brands","4.46","USD"
"2026-03-31","145958940968220","Sponsored Products","0.00","USD"
"2026-03-17","48433117829801","Sponsored Products","7.14","USD"
"2026-03-25","243204708497477","Sponsored Products","0.00","USD"
"2026-03-06","215966552761313","Sponsored Products","0.00","USD"
"2026-03-21","48758698369103","Sponsored Products","6.32","USD"
"2026-03-21","238790977416237","Sponsored Products","0.00","USD"
"2026-03-31","128835884603962","Sponsored Products","0.00","USD"
"2026-03-25","55613271497964","Sponsored Products","0.81","USD"
"2026-03-18","225946958740637","Sponsored Products","0.43","USD"
"2026-03-08","560000811916391","Sponsored Brands","3.02","USD"
"2026-03-06","145958940968220","Sponsored Products","0.84","USD"
"2026-03-09","257373022214500","Sponsored Products","0.00","USD"
"2026-03-10","115758363210245","Sponsored Products","8.28","USD"
"2026-03-20","133846876580591","Sponsored Products","1.90","USD"
"2026-03-24","34478632960968","Sponsored Products","4.67","USD"
"2026-03-17","81320226496883","Sponsored Products","0.25","USD"
"2026-03-12","560000811916391","Sponsored Brands","7.88","USD"
"2026-03-15","44065507618346","Sponsored Products","0.97","USD"
"2026-03-31","116154511455108","Sponsored Products","0.00","GBP"
"2026-03-22","271002646812055","Sponsored Products","0.00","USD"
"2026-03-07","27661898820374","Sponsored Products","4.40","USD"
"2026-03-22","61090477012622","Sponsored Products","2.34","USD"
"2026-03-19","132476300811824","Sponsored Products","26.14","CAD"
"2026-03-16","482686146435604","Sponsored Brands","0.45","USD"
"2026-03-16","357384467879967","Sponsored Brands","0.00","USD"
"2026-03-06","28565058702355","Sponsored Products","14.87","USD"
"2026-03-06","61090477012622","Sponsored Products","0.00","USD"
"2026-03-01","348184859637636","Sponsored Brands","0.00","USD"
"2026-03-03","48433117829801","Sponsored Products","5.59","USD"
"2026-03-29","61503627186513","Sponsored Products","0.00","USD"
"2026-03-03","243038183553247","Sponsored Products","0.00","USD"
"2026-03-26","54673378227395","Sponsored Products","0.00","USD"
"2026-03-10","132476300811824","Sponsored Products","27.51","CAD"
"2026-03-21","28565058702355","Sponsored Products","8.77","USD"
"2026-03-18","28864493115463","Sponsored Products","0.00","USD"
"2026-03-04","452065263384491","Sponsored Brands","5.16","USD"
"2026-03-06","325883174926875","Sponsored Brands","0.00","USD"
"2026-03-08","210638600694486","Sponsored Products","0.63","USD"
"2026-03-30","434170639918769","Sponsored Brands","0.37","USD"
"2026-03-30","455100983218716","Sponsored Brands","0.66","USD"
"2026-03-01","156285188540724","Sponsored Products","10.80","USD"
"2026-03-27","61837188685116","Sponsored Products","0.00","USD"
"2026-03-10","224639482376841","Sponsored Products","2.32","USD"
"2026-03-23","128770506922317","Sponsored Products","0.00","USD"
"2026-03-08","154118694541854","Sponsored Products","0.00","USD"
"2026-03-14","205764417979436","Sponsored Products","0.00","USD"
"2026-03-18","145958940968220","Sponsored Products","1.28","USD"
"2026-03-07","407444835513369","Sponsored Brands","0.00","CAD"
"2026-03-06","279125239605082","Sponsored Products","0.00","USD"
"2026-03-29","50912117972815","Sponsored Products","0.75","USD"
"2026-03-01","281110747056753","Sponsored Products","0.00","USD"
"2026-03-23","441925918527435","Sponsored Brands","5.11","USD"
"2026-03-15","441925918527435","Sponsored Brands","5.21","USD"
"2026-03-19","113013759920940","Sponsored Products","0.00","USD"
"2026-03-16","30179169319725","Sponsored Products","7.90","AUD"
"2026-03-22","186804517918072","Sponsored Products","1.41","USD"
"2026-03-20","491366396962687","Sponsored Brands","0.00","USD"
"2026-03-06","357384467879967","Sponsored Brands","2.44","USD"
"2026-03-01","413308568322873","Sponsored Brands","0.20","USD"
"2026-03-09","141552428309171","Sponsored Products","5.22","USD"
"2026-03-31","170402912830961","Sponsored Products","0.00","USD"
"2026-03-12","262727752997615","Sponsored Products","4.61","USD"
"2026-03-12","128770506922317","Sponsored Products","0.97","USD"
"2026-03-06","277250351840071","Sponsored Products","1.41","USD"
"2026-03-11","272711015971799","Sponsored Products","0.00","USD"
"2026-03-31","205922105032655","Sponsored Products","0.00","USD"
"2026-03-17","154118694541854","Sponsored Products","0.00","USD"
"2026-03-14","224639482376841","Sponsored Products","1.99","USD"
"2026-03-16","277250351840071","Sponsored Products","3.68","USD"
"2026-03-08","79620432535917","Sponsored Products","2.93","USD"
"2026-03-15","2414736156339","Sponsored Products","1.06","USD"
"2026-03-30","407444835513369","Sponsored Brands","0.00","CAD"
"2026-03-06","83677388471868","Sponsored Products","5.24","USD"
"2026-03-28","164743561215297","Sponsored Products","0.00","USD"
"2026-03-05","56338703455249","Sponsored Products","0.00","USD"
"2026-03-27","124202126398060","Sponsored Products","0.00","USD"
"2026-03-27","115764500761375","Sponsored Products","1.10","USD"
"2026-03-27","206968068657618","Sponsored Products","0.00","USD"
"2026-03-18","199076365376964","Sponsored Products","2.11","USD"
"2026-03-07","545989665090053","Sponsored Brands","5.72","GBP"
"2026-03-16","215966552761313","Sponsored Products","0.00","USD"
"2026-03-05","439663157752722","Sponsored Brands","5.03","USD"
"2026-03-24","194512325763287","Sponsored Products","0.00","USD"
"2026-03-05","141648422510979","Sponsored Products","0.00","USD"
"2026-03-26","207367106415924","Sponsored Products","36.64","GBP"
"2026-03-16","132476300811824","Sponsored Products","23.16","CAD"
"2026-03-05","269935586939823","Sponsored Products","15.10","CAD"
"2026-03-12","48758698369103","Sponsored Products","9.21","USD"
"2026-03-04","93539819506468","Sponsored Products","40.34","USD"
"2026-03-30","243204708497477","Sponsored Products","0.00","USD"
"2026-03-15","67855357390881","Sponsored Products","0.00","USD"
"2026-03-31","130912331972988","Sponsored Products","0.00","USD"
"2026-03-01","560000811916391","Sponsored Brands","20.08","USD"
"2026-03-29","93539819506468","Sponsored Products","0.00","USD"
"2026-03-16","291680855614624","Sponsored Brands","0.80","GBP"
"2026-03-17","423471492340141","Sponsored Brands","6.39","USD"
"2026-03-03","175777768252798","Sponsored Products","0.00","USD"
"2026-03-25","55109131448748","Sponsored Products","0.00","USD"
"2026-03-27","291680855614624","Sponsored Brands","0.37","GBP"
"2026-03-30","22515666501366","Sponsored Products","0.00","USD"
"2026-03-12","53404531347848","Sponsored Products","0.00","USD"
"2026-03-26","72790979016813","Sponsored Products","0.00","USD"
"2026-03-21","138135222992233","Sponsored Products","0.00","USD"
"2026-03-14","238790977416237","Sponsored Products","0.00","USD"
"2026-03-24","50912117972815","Sponsored Products","0.00","USD"
"2026-03-30","245335884201020","Sponsored Products","0.00","USD"
"2026-03-19","204544178017947","Sponsored Products","1.31","USD"
"2026-03-08","54673378227395","Sponsored Products","5.15","USD"
"2026-03-05","261580610725925","Sponsored Products","0.00","AUD"
"2026-03-30","413308568322873","Sponsored Brands","0.93","USD"
"2026-03-07","53404531347848","Sponsored Products","0.00","USD"
"2026-03-12","277250351840071","Sponsored Products","3.23","USD"
"2026-03-24","261580610725925","Sponsored Products","0.86","AUD"
"2026-03-30","124202126398060","Sponsored Products","0.34","USD"
"2026-03-21","101459965063202","Sponsored Products","3.38","USD"
"2026-03-16","243038183553247","Sponsored Products","0.00","USD"
"2026-03-06","203521351461363","Sponsored Products","1.98","USD"
"2026-03-28","83677388471868","Sponsored Products","0.00","USD"
"2026-03-28","215176800738804","Sponsored Products","1.09","USD"
"2026-03-17","126638359335345","Sponsored Products","0.00","USD"
"2026-03-29","168803396873792","Sponsored Products","0.00","USD"
"2026-03-14","243038183553247","Sponsored Products","0.00","USD"
"2026-03-22","55613271497964","Sponsored Products","0.00","USD"
"2026-03-26","202228555422966","Sponsored Products","0.00","USD"
"2026-03-10","8347630917879","Sponsored Products","0.00","USD"
"2026-03-12","202838039381314","Sponsored Products","2.50","USD"
"2026-03-02","79620432535917","Sponsored Products","0.00","USD"
"2026-03-27","94121140300347","Sponsored Products","0.00","USD"
"2026-03-07","186804517918072","Sponsored Products","4.79","USD"
"2026-03-21","218351835233699","Sponsored Products","15.37","GBP"
"2026-03-20","42141939819441","Sponsored Products","0.00","USD"
"2026-03-16","3690623984567","Sponsored Products","0.00","USD"
"2026-03-16","137772430611725","Sponsored Products","0.00","USD"
"2026-03-22","11588448157956","Sponsored Products","34.10","USD"
"2026-03-24","133846876580591","Sponsored Products","0.00","USD"
"2026-03-08","495677195822245","Sponsored Brands","3.79","USD"
"2026-03-11","280513164622908","Sponsored Products","0.00","USD"
"2026-03-17","38682977693457","Sponsored Products","0.00","USD"
"2026-03-14","130912331972988","Sponsored Products","0.00","USD"
"2026-03-18","560000811916391","Sponsored Brands","0.15","USD"
"2026-03-24","205764417979436","Sponsored Products","0.00","USD"
"2026-03-04","215176800738804","Sponsored Products","0.00","USD"
"2026-03-11","173362871105297","Sponsored Products","0.00","USD"
"2026-03-10","434170639918769","Sponsored Brands","0.00","USD"
"2026-03-23","22515666501366","Sponsored Products","0.00","USD"
"2026-03-16","40237294180920","Sponsored Products","0.00","USD"
"2026-03-19","115943131527635","Sponsored Products","6.07","USD"
"2026-03-09","121446500477002","Sponsored Products","0.85","USD"
"2026-03-12","213530912619228","Sponsored Products","0.00","USD"
"2026-03-10","203521351461363","Sponsored Products","0.00","USD"
"2026-03-21","188545556962991","Sponsored Products","0.00","USD"
"2026-03-15","38682977693457","Sponsored Products","0.00","USD"
"2026-03-14","215176800738804","Sponsored Products","0.00","USD"
"2026-03-26","224639482376841","Sponsored Products","2.06","USD"
"2026-03-10","18193170148935","Sponsored Products","0.00","USD"
"2026-03-05","126638359335345","Sponsored Products","0.51","USD"
"2026-03-15","61837188685116","Sponsored Products","1.13","USD"
"2026-03-18","124202126398060","Sponsored Products","0.08","USD"
"2026-03-17","58475731073369","Sponsored Products","0.00","USD"
"2026-03-27","102825844325514","Sponsored Products","0.00","USD"
"2026-03-30","239677460933975","Sponsored Products","0.45","USD"
"2026-03-22","439663157752722","Sponsored Brands","2.68","USD"
"2026-03-28","407444835513369","Sponsored Brands","0.00","CAD"
"2026-03-28","255100442617527","Sponsored Products","0.00","USD"
"2026-03-03","3690623984567","Sponsored Products","0.00","USD"
"2026-03-25","83042096012825","Sponsored Products","0.00","USD"
"2026-03-26","245503802057093","Sponsored Products","0.00","USD"
"2026-03-09","423471492340141","Sponsored Brands","0.00","USD"
"2026-03-02","101965336081409","Sponsored Products","4.67","USD"
"2026-03-27","83042096012825","Sponsored Products","0.00","USD"
"2026-03-05","254109808305934","Sponsored Products","3.99","USD"
"2026-03-31","203521351461363","Sponsored Products","0.22","USD"
"2026-03-17","158171452508120","Sponsored Products","1.43","USD"
"2026-03-29","128835884603962","Sponsored Products","0.00","USD"
"2026-03-15","238790977416237","Sponsored Products","0.00","USD"
"2026-03-26","128835884603962","Sponsored Products","0.00","USD"
"2026-03-03","115758363210245","Sponsored Products","11.26","USD"
"2026-03-02","28864493115463","Sponsored Products","0.00","USD"
"2026-03-25","93539819506468","Sponsored Products","0.00","USD"
"2026-03-18","133243849204741","Sponsored Products","1.94","USD"
"2026-03-23","325883174926875","Sponsored Brands","0.00","USD"
"2026-03-04","188279469264899","Sponsored Products","3.51","USD"
"2026-03-20","281235849108344","Sponsored Products","2.14","USD"
"2026-03-19","188545556962991","Sponsored Products","0.00","USD"
"2026-03-19","55613271497964","Sponsored Products","0.00","USD"
"2026-03-15","77231525415892","Sponsored Products","0.00","USD"
"2026-03-25","3690623984567","Sponsored Products","0.00","USD"
"2026-03-18","113013759920940","Sponsored Products","0.00","USD"
"2026-03-15","133243849204741","Sponsored Products","0.00","USD"
"2026-03-30","246452377117901","Sponsored Products","0.00","USD"
"2026-03-11","204544178017947","Sponsored Products","0.00","USD"
"2026-03-02","455100983218716","Sponsored Brands","2.67","USD"
"2026-03-29","81320226496883","Sponsored Products","0.00","USD"
"2026-03-21","272711015971799","Sponsored Products","0.00","USD"
"2026-03-03","134777743429986","Sponsored Products","0.00","USD"
"2026-03-08","156285188540724","Sponsored Products","2.47","USD"
"2026-03-21","1069464513580","Sponsored Products","1.71","USD"
"2026-03-15","281024885672869","Sponsored Products","0.00","USD"
"2026-03-28","192420944790293","Sponsored Products","9.72","GBP"
"2026-03-05","277250351840071","Sponsored Products","5.66","USD"
"2026-03-24","263026275901184","Sponsored Products","0.00","USD"
"2026-03-20","134777743429986","Sponsored Products","0.00","USD"
"2026-03-16","8347630917879","Sponsored Products","6.63","USD"
"2026-03-30","30651955945418","Sponsored Products","0.00","USD"
"2026-03-02","276797522102375","Sponsored Products","0.00","USD"
"2026-03-18","138135222992233","Sponsored Products","0.00","USD"
"2026-03-27","115943131527635","Sponsored Products","1.93","USD"
"2026-03-16","423471492340141","Sponsored Brands","2.45","USD"
"2026-03-30","259323671730401","Sponsored Products","10.50","USD"
"2026-03-31","71761066879367","Sponsored Products","0.00","USD"
"2026-03-03","188545556962991","Sponsored Products","2.99","USD"
"2026-03-14","175777768252798","Sponsored Products","7.54","USD"
"2026-03-24","130912331972988","Sponsored Products","1.36","USD"
"2026-03-25","174719285602701","Sponsored Products","0.00","USD"
"2026-03-22","245335884201020","Sponsored Products","0.97","USD"
"2026-03-24","192420944790293","Sponsored Products","13.58","GBP"
"2026-03-23","145958940968220","Sponsored Products","2.17","USD"
"2026-03-30","225946958740637","Sponsored Products","0.00","USD"
"2026-03-03","187735718741416","Sponsored Products","0.00","USD"
"2026-03-15","128770506922317","Sponsored Products","0.00","USD"
"2026-03-24","58475731073369","Sponsored Products","0.00","USD"
"2026-03-28","202228555422966","Sponsored Products","0.00","USD"
"2026-03-29","495677195822245","Sponsored Brands","1.43","USD"
"2026-03-02","121446500477002","Sponsored Products","4.01","USD"
"2026-03-26","130912331972988","Sponsored Products","0.00","USD"
"2026-03-28","120274159023818","Sponsored Products","0.00","USD"
"2026-03-27","281235849108344","Sponsored Products","0.00","USD"
"2026-03-13","515637010546761","Sponsored Brands","0.83","USD"
"2026-03-16","325883174926875","Sponsored Brands","0.00","USD"
"2026-03-01","207367106415924","Sponsored Products","54.56","GBP"
"2026-03-19","281024885672869","Sponsored Products","0.85","USD"
"2026-03-20","271780514756108","Sponsored Products","3.66","USD"
"2026-03-07","156285188540724","Sponsored Products","1.16","USD"
"2026-03-29","121446500477002","Sponsored Products","0.00","USD"
"2026-03-17","149818563042691","Sponsored Products","0.00","USD"
"2026-03-03","263531397076178","Sponsored Products","0.00","USD"
"2026-03-12","115764500761375","Sponsored Products","4.67","USD"
"2026-03-02","141648422510979","Sponsored Products","0.00","USD"
"2026-03-25","8078369968995","Sponsored Products","0.00","USD"
"2026-03-19","281235849108344","Sponsored Products","22.59","USD"
"2026-03-31","277250351840071","Sponsored Products","2.96","USD"
"2026-03-07","482686146435604","Sponsored Brands","0.00","USD"
"2026-03-06","455100983218716","Sponsored Brands","0.66","USD"
"2026-03-25","434170639918769","Sponsored Brands","0.47","USD"
"2026-03-30","128770506922317","Sponsored Products","0.00","USD"
"2026-03-07","215966552761313","Sponsored Products","0.00","USD"
"2026-03-29","55613271497964","Sponsored Products","0.00","USD"
"2026-03-22","43460676635147","Sponsored Products","0.00","USD"
"2026-03-08","128770506922317","Sponsored Products","0.87","USD"
"2026-03-06","188279469264899","Sponsored Products","2.36","USD"
"2026-03-09","113013759920940","Sponsored Products","0.00","USD"
"2026-03-15","81320226496883","Sponsored Products","1.36","USD"
"2026-03-27","152555236474228","Sponsored Products","0.00","USD"
"2026-03-15","407444835513369","Sponsored Brands","0.00","CAD"
"2026-03-27","156285188540724","Sponsored Products","7.78","USD"
"2026-03-10","43460676635147","Sponsored Products","0.00","USD"
"2026-03-04","61503627186513","Sponsored Products","0.00","USD"
"2026-03-05","115764500761375","Sponsored Products","2.49","USD"
"2026-03-10","72790979016813","Sponsored Products","0.00","USD"
"2026-03-04","210638600694486","Sponsored Products","0.63","USD"
"2026-03-06","141552428309171","Sponsored Products","11.73","USD"
"2026-03-12","215966552761313","Sponsored Products","0.00","USD"
"2026-03-14","239677460933975","Sponsored Products","2.30","USD"
"2026-03-18","281235849108344","Sponsored Products","18.00","USD"
"2026-03-28","194838680698310","Sponsored Products","0.00","USD"
"2026-03-01","93539819506468","Sponsored Products","12.07","USD"
"2026-03-04","115943131527635","Sponsored Products","4.63","USD"
"2026-03-11","172779439196738","Sponsored Products","0.00","USD"
"2026-03-01","154085784178560","Sponsored Products","0.00","USD"
"2026-03-25","194512325763287","Sponsored Products","0.00","USD"
"2026-03-04","284096201830626","Sponsored Display","0.00","USD"
"2026-03-28","170402912830961","Sponsored Products","1.01","USD"
"2026-03-01","113013759920940","Sponsored Products","0.00","USD"
"2026-03-31","194512325763287","Sponsored Products","0.00","USD"
"2026-03-23","172779439196738","Sponsored Products","0.00","USD"
"2026-03-20","40237294180920","Sponsored Products","0.00","USD"
"2026-03-28","267283875717235","Sponsored Products","0.00","USD"
"2026-03-22","93539819506468","Sponsored Products","6.92","USD"
"2026-03-08","281235849108344","Sponsored Products","0.45","USD"
"2026-03-31","113013759920940","Sponsored Products","2.02","USD"
"2026-03-01","202838039381314","Sponsored Products","0.92","USD"
"2026-03-06","48192245895031","Sponsored Products","0.00","USD"
"2026-03-08","278626821184075","Sponsored Products","9.96","USD"
"2026-03-29","296615200458181","Sponsored Brands","48.74","USD"
"2026-03-30","115943131527635","Sponsored Products","2.14","USD"
"2026-03-13","560000811916391","Sponsored Brands","8.65","USD"
"2026-03-28","154085784178560","Sponsored Products","0.00","USD"
"2026-03-25","120274159023818","Sponsored Products","1.80","USD"
"2026-03-26","1861066386589","Sponsored Products","0.00","USD"
"2026-03-04","224639482376841","Sponsored Products","0.00","USD"
"2026-03-09","81320226496883","Sponsored Products","1.10","USD"
"2026-03-22","9627520751858","Sponsored Products","0.00","USD"
"2026-03-26","141648422510979","Sponsored Products","0.00","USD"
"2026-03-19","145958940968220","Sponsored Products","0.00","USD"
"2026-03-25","19228716944861","Sponsored Products","0.00","USD"
"2026-03-11","434170639918769","Sponsored Brands","1.13","USD"
"2026-03-21","207367106415924","Sponsored Products","27.31","GBP"
"2026-03-11","48758698369103","Sponsored Products","9.97","USD"
"2026-03-21","263026275901184","Sponsored Products","0.00","USD"
"2026-03-06","218351835233699","Sponsored Products","14.31","GBP"
"2026-03-27","11143044290906","Sponsored Products","4.49","USD"
"2026-03-08","434170639918769","Sponsored Brands","3.42","USD"
"2026-03-23","9627520751858","Sponsored Products","3.72","USD"
"2026-03-28","243038183553247","Sponsored Products","0.00","USD"
"2026-03-01","239772993878028","Sponsored Products","0.00","USD"
"2026-03-14","19228716944861","Sponsored Products","0.00","USD"
"2026-03-24","141648422510979","Sponsored Products","0.00","USD"
"2026-03-16","154085784178560","Sponsored Products","0.00","USD"
"2026-03-06","156989235380210","Sponsored Products","209.94","USD"
"2026-03-30","102474552529229","Sponsored Products","0.00","USD"
"2026-03-24","30651955945418","Sponsored Products","0.00","USD"
"2026-03-01","140453739775668","Sponsored Products","0.00","USD"
"2026-03-19","149818563042691","Sponsored Products","0.00","USD"
"2026-03-22","79620432535917","Sponsored Products","3.09","USD"
"2026-03-28","296615200458181","Sponsored Brands","47.09","USD"
"2026-03-17","272711015971799","Sponsored Products","0.00","USD"
"2026-03-15","65271102777505","Sponsored Products","0.00","USD"
"2026-03-27","262727752997615","Sponsored Products","0.00","USD"
"2026-03-23","245503802057093","Sponsored Products","0.00","USD"
"2026-03-11","278626821184075","Sponsored Products","10.47","USD"
"2026-03-20","138135222992233","Sponsored Products","0.00","USD"
"2026-03-22","539931100075119","Sponsored Brands","4.96","USD"
"2026-03-23","281235849108344","Sponsored Products","10.65","USD"
"2026-03-06","281110747056753","Sponsored Products","0.00","USD"
"2026-03-13","225946958740637","Sponsored Products","0.00","USD"
"2026-03-17","243204708497477","Sponsored Products","3.82","USD"
"2026-03-14","262727752997615","Sponsored Products","1.37","USD"
"2026-03-05","115943131527635","Sponsored Products","3.40","USD"
"2026-03-06","241960271286519","Sponsored Products","0.00","USD"
"2026-03-11","281110747056753","Sponsored Products","0.00","USD"
"2026-03-09","205764417979436","Sponsored Products","0.00","USD"
"2026-03-09","255100442617527","Sponsored Products","0.00","USD"
"2026-03-09","2514549308563","Sponsored Products","2.04","USD"
"2026-03-15","243038183553247","Sponsored Products","0.00","USD"
"2026-03-02","233888031600237","Sponsored Products","0.00","USD"
"2026-03-24","14582572617569","Sponsored Products","0.00","USD"
"2026-03-23","79620432535917","Sponsored Products","3.40","USD"
"2026-03-28","126638359335345","Sponsored Products","0.00","USD"
"2026-03-25","269935586939823","Sponsored Products","24.29","CAD"
"2026-03-23","259323671730401","Sponsored Products","4.04","USD"
"2026-03-06","158171452508120","Sponsored Products","0.00","USD"
"2026-03-28","153491409585454","Sponsored Products","4.77","USD"
"2026-03-03","205764417979436","Sponsored Products","0.00","USD"
"2026-03-04","30179169319725","Sponsored Products","11.93","AUD"
"2026-03-11","269935586939823","Sponsored Products","10.06","CAD"
"2026-03-24","482686146435604","Sponsored Brands","2.43","USD"
"2026-03-23","153491409585454","Sponsored Products","1.82","USD"
"2026-03-06","207367106415924","Sponsored Products","49.51","GBP"
"2026-03-21","156285188540724","Sponsored Products","2.77","USD"
"2026-03-23","1069464513580","Sponsored Products","0.45","USD"
"2026-03-20","284096201830626","Sponsored Display","0.00","USD"
"2026-03-27","245335884201020","Sponsored Products","0.00","USD"
"2026-03-26","152555236474228","Sponsored Products","0.00","USD"
"2026-03-13","154085784178560","Sponsored Products","0.00","USD"
"2026-03-03","128770506922317","Sponsored Products","0.00","USD"
"2026-03-27","1861066386589","Sponsored Products","0.00","USD"
"2026-03-27","133846876580591","Sponsored Products","0.00","USD"
"2026-03-10","255100442617527","Sponsored Products","0.00","USD"
"2026-03-16","346023186686134","Sponsored Brands","0.00","USD"
"2026-03-03","491366396962687","Sponsored Brands","0.00","USD"
"2026-03-05","192420944790293","Sponsored Products","1.46","GBP"
"2026-03-29","102825844325514","Sponsored Products","1.98","USD"
"2026-03-26","103686525154537","Sponsored Products","0.00","GBP"
"2026-03-13","482686146435604","Sponsored Brands","2.05","USD"
"2026-03-08","271002646812055","Sponsored Products","0.00","USD"
"2026-03-31","19228716944861","Sponsored Products","0.00","USD"
"2026-03-18","61837188685116","Sponsored Products","0.00","USD"
"2026-03-26","11143044290906","Sponsored Products","0.00","USD"
"2026-03-22","97079585612330","Sponsored Products","0.00","USD"
"2026-03-08","32030113168570","Sponsored Products","0.00","USD"
"2026-03-31","279125239605082","Sponsored Products","0.00","USD"
"2026-03-09","434170639918769","Sponsored Brands","0.55","USD"
"2026-03-07","97079585612330","Sponsored Products","0.00","USD"
"2026-03-12","194838680698310","Sponsored Products","0.00","USD"
"2026-03-20","545989665090053","Sponsored Brands","1.47","GBP"
"2026-03-03","255100442617527","Sponsored Products","0.00","USD"
"2026-03-27","233888031600237","Sponsored Products","0.00","USD"
"2026-03-15","30179169319725","Sponsored Products","3.76","AUD"
"2026-03-22","126638359335345","Sponsored Products","6.04","USD"
"2026-03-10","560000811916391","Sponsored Brands","1.21","USD"
"2026-03-17","241259046045612","Sponsored Products","0.00","USD"
"2026-03-12","133846876580591","Sponsored Products","1.46","USD"
"2026-03-23","233888031600237","Sponsored Products","0.00","USD"
"2026-03-16","245503802057093","Sponsored Products","0.00","USD"
"2026-03-11","560000811916391","Sponsored Brands","3.20","USD"
"2026-03-21","241259046045612","Sponsored Products","0.00","USD"
"2026-03-29","132476300811824","Sponsored Products","20.53","CAD"
"2026-03-27","192420944790293","Sponsored Products","22.51","GBP"
"2026-03-30","40237294180920","Sponsored Products","1.18","USD"
"2026-03-29","207367106415924","Sponsored Products","31.93","GBP"
"2026-03-09","204544178017947","Sponsored Products","0.00","USD"
"2026-03-17","173362871105297","Sponsored Products","0.00","USD"
"2026-03-12","280513164622908","Sponsored Products","0.00","USD"
"2026-03-26","495677195822245","Sponsored Brands","0.00","USD"
"2026-03-04","18193170148935","Sponsored Products","0.00","USD"
"2026-03-20","495677195822245","Sponsored Brands","2.52","USD"
"2026-03-02","113013759920940","Sponsored Products","0.00","USD"
"2026-03-20","239677460933975","Sponsored Products","0.65","USD"
"2026-03-08","423471492340141","Sponsored Brands","1.88","USD"
"2026-03-29","439663157752722","Sponsored Brands","1.83","USD"
"2026-03-15","205922105032655","Sponsored Products","1.31","USD"
"2026-03-02","153491409585454","Sponsored Products","2.77","USD"
"2026-03-25","259323671730401","Sponsored Products","12.39","USD"
"2026-03-09","22515666501366","Sponsored Products","0.00","USD"
"2026-03-03","1861066386589","Sponsored Products","0.65","USD"
"2026-03-29","43460676635147","Sponsored Products","0.00","USD"
"2026-03-31","215966552761313","Sponsored Products","1.00","USD"
"2026-03-11","133243849204741","Sponsored Products","0.00","USD"
"2026-03-03","156989235380210","Sponsored Products","236.52","USD"
"2026-03-25","82064097659476","Sponsored Products","5.26","USD"
"2026-03-23","83042096012825","Sponsored Products","0.00","USD"
"2026-03-30","188545556962991","Sponsored Products","0.00","USD"
"2026-03-09","83677388471868","Sponsored Products","0.00","USD"
"2026-03-28","2514549308563","Sponsored Products","0.00","USD"
"2026-03-29","192968792078402","Sponsored Products","0.00","USD"
"2026-03-15","205764417979436","Sponsored Products","1.59","USD"
"2026-03-25","245335884201020","Sponsored Products","0.00","USD"
"2026-03-27","194512325763287","Sponsored Products","0.00","USD"
"2026-03-04","28565058702355","Sponsored Products","17.54","USD"
"2026-03-11","216925562826343","Sponsored Products","0.00","USD"
"2026-03-14","452065263384491","Sponsored Brands","17.01","USD"
"2026-03-02","164743561215297","Sponsored Products","0.00","USD"
"2026-03-23","120274159023818","Sponsored Products","0.68","USD"
"2026-03-17","97079585612330","Sponsored Products","0.00","USD"
"2026-03-03","407444835513369","Sponsored Brands","0.00","CAD"
"2026-03-25","281110747056753","Sponsored Products","0.00","USD"
"2026-03-26","262727752997615","Sponsored Products","0.00","USD"
"2026-03-04","312632253610695","Sponsored Brands","2.08","USD"
"2026-03-29","259323671730401","Sponsored Products","9.13","USD"
"2026-03-20","188279469264899","Sponsored Products","0.00","USD"
"2026-03-06","192420944790293","Sponsored Products","1.81","GBP"
"2026-03-19","241960271286519","Sponsored Products","2.38","USD"
"2026-03-19","11143044290906","Sponsored Products","0.00","USD"
"2026-03-25","238790977416237","Sponsored Products","0.00","USD"
"2026-03-27","3690623984567","Sponsored Products","0.00","USD"
"2026-03-16","312632253610695","Sponsored Brands","0.52","USD"
"2026-03-14","174719285602701","Sponsored Products","5.27","USD"
"2026-03-24","2514549308563","Sponsored Products","6.25","USD"
"2026-03-13","149818563042691","Sponsored Products","0.00","USD"
"2026-03-29","94121140300347","Sponsored Products","3.02","USD"
"2026-03-30","239175797857758","Sponsored Products","0.00","USD"
"2026-03-30","141648422510979","Sponsored Products","0.00","USD"
"2026-03-11","11588448157956","Sponsored Products","14.40","USD"
"2026-03-28","245335884201020","Sponsored Products","0.73","USD"
"2026-03-15","141648422510979","Sponsored Products","1.29","USD"
"2026-03-27","239175797857758","Sponsored Products","0.00","USD"
"2026-03-30","153491409585454","Sponsored Products","4.00","USD"
"2026-03-19","156285188540724","Sponsored Products","6.31","USD"
"2026-03-24","205922105032655","Sponsored Products","4.53","USD"
"2026-03-27","79620432535917","Sponsored Products","0.00","USD"
"2026-03-20","434170639918769","Sponsored Brands","0.00","USD"
"2026-03-05","205922105032655","Sponsored Products","0.00","USD"
"2026-03-23","277250351840071","Sponsored Products","1.50","USD"
"2026-03-16","255100442617527","Sponsored Products","2.24","USD"
"2026-03-16","233888031600237","Sponsored Products","0.00","USD"
"2026-03-30","357384467879967","Sponsored Brands","1.04","USD"
"2026-03-09","453754530299965","Sponsored Brands","2.84","USD"
"2026-03-09","27661898820374","Sponsored Products","2.35","USD"
"2026-03-28","281110747056753","Sponsored Products","0.00","USD"
"2026-03-14","121446500477002","Sponsored Products","0.00","USD"
"2026-03-22","164743561215297","Sponsored Products","1.03","USD"
"2026-03-16","452065263384491","Sponsored Brands","10.72","USD"
"2026-03-20","48433117829801","Sponsored Products","0.26","USD"
"2026-03-21","241960271286519","Sponsored Products","0.59","USD"
"2026-03-07","9627520751858","Sponsored Products","4.07","USD"
"2026-03-14","138135222992233","Sponsored Products","1.61","USD"
"2026-03-20","39061317933304","Sponsored Products","0.00","USD"
"2026-03-03","189380234928822","Sponsored Products","0.00","USD"
"2026-03-26","281024885672869","Sponsored Products","0.00","USD"
"2026-03-20","192420944790293","Sponsored Products","2.91","GBP"
"2026-03-30","346023186686134","Sponsored Brands","0.94","USD"
"2026-03-01","259201002739674","Sponsored Products","0.00","USD"
"2026-03-18","149818563042691","Sponsored Products","0.00","USD"
"2026-03-08","8347630917879","Sponsored Products","2.12","USD"
"2026-03-11","192968792078402","Sponsored Products","0.00","USD"
"2026-03-31","48758698369103","Sponsored Products","13.48","USD"
"2026-03-28","18193170148935","Sponsored Products","0.00","USD"
"2026-03-29","239175797857758","Sponsored Products","0.00","USD"
"2026-03-01","205922105032655","Sponsored Products","0.00","USD"
"2026-03-13","192968792078402","Sponsored Products","1.91","USD"
"2026-03-26","277250351840071","Sponsored Products","2.39","USD"
"2026-03-20","246452377117901","Sponsored Products","1.21","USD"
"2026-03-11","271002646812055","Sponsored Products","0.00","USD"
"2026-03-21","239175797857758","Sponsored Products","4.27","USD"
"2026-03-31","48192245895031","Sponsored Products","0.00","USD"
"2026-03-20","19228716944861","Sponsored Products","1.20","USD"
"2026-03-02","206968068657618","Sponsored Products","0.00","USD"
"2026-03-18","423471492340141","Sponsored Brands","2.04","USD"
"2026-03-24","141552428309171","Sponsored Products","8.15","USD"
"2026-03-23","58475731073369","Sponsored Products","0.00","USD"
"2026-03-20","115943131527635","Sponsored Products","2.08","USD"
"2026-03-09","277250351840071","Sponsored Products","0.99","USD"
"2026-03-07","238790977416237","Sponsored Products","0.00","USD"
"2026-03-17","79620432535917","Sponsored Products","2.55","USD"
"2026-03-07","254109808305934","Sponsored Products","0.00","USD"
"2026-03-26","101459965063202","Sponsored Products","2.90","USD"
"2026-03-11","72790979016813","Sponsored Products","0.00","USD"
"2026-03-31","245503802057093","Sponsored Products","0.00","USD"
"2026-03-05","79620432535917","Sponsored Products","0.00","USD"
"2026-03-11","218351835233699","Sponsored Products","9.80","GBP"
"2026-03-14","156285188540724","Sponsored Products","9.03","USD"
"2026-03-20","198809778193730","Sponsored Products","24.97","USD"
"2026-03-09","296615200458181","Sponsored Brands","40.34","USD"
"2026-03-22","267283875717235","Sponsored Products","0.00","USD"
"2026-03-26","115764500761375","Sponsored Products","5.72","USD"
"2026-03-27","185646462591669","Sponsored Products","3.26","USD"
"2026-03-11","77231525415892","Sponsored Products","6.13","USD"
"2026-03-18","281024885672869","Sponsored Products","0.00","USD"
"2026-03-23","207367106415924","Sponsored Products","13.33","GBP"
"2026-03-16","194838680698310","Sponsored Products","0.00","USD"
"2026-03-14","207367106415924","Sponsored Products","26.72","GBP"
"2026-03-21","97079585612330","Sponsored Products","0.00","USD"
"2026-03-06","278626821184075","Sponsored Products","19.18","USD"
"2026-03-11","271780514756108","Sponsored Products","1.30","USD"
"2026-03-29","276797522102375","Sponsored Products","3.89","USD"
"2026-03-18","101459965063202","Sponsored Products","0.00","USD"
"2026-03-11","276797522102375","Sponsored Products","1.87","USD"
"2026-03-30","102825844325514","Sponsored Products","1.33","USD"
"2026-03-13","38682977693457","Sponsored Products","0.00","USD"
"2026-03-12","441925918527435","Sponsored Brands","7.23","USD"
"2026-03-25","96060745446945","Sponsored Products","0.00","USD"
"2026-03-14","48433117829801","Sponsored Products","20.87","USD"
"2026-03-19","241259046045612","Sponsored Products","0.00","USD"
"2026-03-09","9627520751858","Sponsored Products","8.66","USD"
"2026-03-11","121446500477002","Sponsored Products","0.00","USD"
"2026-03-05","453754530299965","Sponsored Brands","3.26","USD"
"2026-03-29","239677460933975","Sponsored Products","0.00","USD"
"2026-03-27","281024885672869","Sponsored Products","0.00","USD"
"2026-03-16","42141939819441","Sponsored Products","0.00","USD"
"2026-03-21","48433117829801","Sponsored Products","0.66","USD"
"2026-03-09","154118694541854","Sponsored Products","1.56","USD"
"2026-03-27","423471492340141","Sponsored Brands","4.35","USD"
"2026-03-18","224639482376841","Sponsored Products","9.84","USD"
"2026-03-24","102692108916415","Sponsored Products","1.15","USD"
"2026-03-10","79620432535917","Sponsored Products","1.04","USD"
"2026-03-18","276797522102375","Sponsored Products","7.05","USD"
"2026-03-22","22515666501366","Sponsored Products","0.00","USD"
"2026-03-04","434170639918769","Sponsored Brands","0.00","USD"
"2026-03-08","246452377117901","Sponsored Products","0.72","USD"
"2026-03-19","495677195822245","Sponsored Brands","1.89","USD"
"2026-03-09","413308568322873","Sponsored Brands","0.21","USD"
"2026-03-17","130912331972988","Sponsored Products","1.81","USD"
"2026-03-24","175777768252798","Sponsored Products","3.68","USD"
"2026-03-26","280513164622908","Sponsored Products","0.03","USD"
"2026-03-17","202838039381314","Sponsored Products","0.42","USD"
"2026-03-22","188545556962991","Sponsored Products","0.00","USD"
"2026-03-06","30179169319725","Sponsored Products","3.33","AUD"
"2026-03-18","348184859637636","Sponsored Brands","0.00","USD"
"2026-03-15","423471492340141","Sponsored Brands","3.90","USD"
"2026-03-15","32030113168570","Sponsored Products","0.45","USD"
"2026-03-26","357384467879967","Sponsored Brands","0.97","USD"
"2026-03-16","102692108916415","Sponsored Products","4.06","USD"
"2026-03-02","225946958740637","Sponsored Products","0.00","USD"
"2026-03-25","199076365376964","Sponsored Products","2.24","USD"
"2026-03-04","11588448157956","Sponsored Products","0.00","USD"
"2026-03-04","168803396873792","Sponsored Products","0.00","USD"
"2026-03-09","8078369968995","Sponsored Products","0.00","USD"
"2026-03-01","128770506922317","Sponsored Products","0.00","USD"
"2026-03-22","61837188685116","Sponsored Products","1.14","USD"
"2026-03-08","141648422510979","Sponsored Products","0.00","USD"
"2026-03-15","202838039381314","Sponsored Products","0.00","USD"
"2026-03-14","124202126398060","Sponsored Products","0.03","USD"
"2026-03-29","61837188685116","Sponsored Products","0.00","USD"
"2026-03-23","545989665090053","Sponsored Brands","0.59","GBP"
"2026-03-03","11588448157956","Sponsored Products","0.00","USD"
"2026-03-14","439663157752722","Sponsored Brands","3.11","USD"
"2026-03-18","263531397076178","Sponsored Products","0.00","USD"
"2026-03-18","168803396873792","Sponsored Products","0.00","USD"
"2026-03-26","124202126398060","Sponsored Products","0.08","USD"
"2026-03-12","121446500477002","Sponsored Products","0.00","USD"
"2026-03-26","154118694541854","Sponsored Products","0.00","USD"
"2026-03-28","210638600694486","Sponsored Products","1.24","USD"
"2026-03-03","42141939819441","Sponsored Products","0.00","USD"
"2026-03-19","168803396873792","Sponsored Products","0.02","USD"
"2026-03-14","218351835233699","Sponsored Products","3.49","GBP"
"2026-03-19","134777743429986","Sponsored Products","0.00","USD"
"2026-03-09","97079585612330","Sponsored Products","0.00","USD"
"2026-03-07","42141939819441","Sponsored Products","0.00","USD"
"2026-03-17","94121140300347","Sponsored Products","7.53","USD"
"2026-03-27","455100983218716","Sponsored Brands","0.00","USD"
"2026-03-24","65271102777505","Sponsored Products","0.00","USD"
"2026-03-24","243204708497477","Sponsored Products","0.00","USD"
"2026-03-11","154085784178560","Sponsored Products","3.18","USD"
"2026-03-18","54386198712419","Sponsored Products","2.48","USD"
"2026-03-17","61090477012622","Sponsored Products","0.00","USD"
"2026-03-26","53404531347848","Sponsored Products","4.81","USD"
"2026-03-27","116154511455108","Sponsored Products","1.07","GBP"
"2026-03-28","455100983218716","Sponsored Brands","0.25","USD"
"2026-03-30","203521351461363","Sponsored Products","0.00","USD"
"2026-03-31","278626821184075","Sponsored Products","0.00","USD"
"2026-03-29","203521351461363","Sponsored Products","0.00","USD"
"2026-03-25","154118694541854","Sponsored Products","0.00","USD"
"2026-03-25","141648422510979","Sponsored Products","0.00","USD"
"2026-03-18","271780514756108","Sponsored Products","0.00","USD"
"2026-03-18","93539819506468","Sponsored Products","36.55","USD"
"2026-03-04","188545556962991","Sponsored Products","11.56","USD"
"2026-03-10","138135222992233","Sponsored Products","0.00","USD"
"2026-03-31","9627520751858","Sponsored Products","0.00","USD"
"2026-03-02","434170639918769","Sponsored Brands","2.82","USD"
"2026-03-20","278626821184075","Sponsored Products","0.00","USD"
"2026-03-11","48433117829801","Sponsored Products","21.63","USD"
"2026-03-31","133846876580591","Sponsored Products","0.00","USD"
"2026-03-13","1069464513580","Sponsored Products","0.45","USD"
"2026-03-05","154118694541854","Sponsored Products","0.00","USD"
"2026-03-02","128770506922317","Sponsored Products","0.74","USD"
"2026-03-09","346023186686134","Sponsored Brands","0.00","USD"
"2026-03-02","281110747056753","Sponsored Products","0.00","USD"
"2026-03-13","61503627186513","Sponsored Products","0.00","USD"
"2026-03-02","515637010546761","Sponsored Brands","15.85","USD"
"2026-03-29","30179169319725","Sponsored Products","6.25","AUD"
"2026-03-23","192968792078402","Sponsored Products","0.00","USD"
"2026-03-01","54386198712419","Sponsored Products","1.13","USD"
"2026-03-11","452065263384491","Sponsored Brands","21.60","USD"
"2026-03-11","205922105032655","Sponsored Products","1.47","USD"
"2026-03-29","65861573413220","Sponsored Products","0.00","USD"
"2026-03-26","303344079444236","Sponsored Brands","0.46","GBP"
"2026-03-23","115758363210245","Sponsored Products","4.42","USD"
"2026-03-28","154118694541854","Sponsored Products","0.00","USD"
"2026-03-08","218351835233699","Sponsored Products","21.30","GBP"
"2026-03-01","40237294180920","Sponsored Products","0.00","USD"
"2026-03-12","205922105032655","Sponsored Products","0.00","USD"
"2026-03-25","22515666501366","Sponsored Products","0.00","USD"
"2026-03-25","128770506922317","Sponsored Products","0.00","USD"
"2026-03-08","172779439196738","Sponsored Products","0.00","USD"
"2026-03-13","173362871105297","Sponsored Products","0.00","USD"
"2026-03-01","133846876580591","Sponsored Products","0.00","USD"
"2026-03-08","270584116199369","Sponsored Products","0.00","USD"
"2026-03-02","154118694541854","Sponsored Products","0.00","USD"
"2026-03-25","30179169319725","Sponsored Products","7.58","AUD"
"2026-03-10","241960271286519","Sponsored Products","0.00","USD"
"2026-03-05","101459965063202","Sponsored Products","2.41","USD"
"2026-03-24","199076365376964","Sponsored Products","3.70","USD"
"2026-03-26","218351835233699","Sponsored Products","6.85","GBP"
"2026-03-25","79620432535917","Sponsored Products","1.62","USD"
"2026-03-18","176992507771254","Sponsored Products","10.81","USD"
"2026-03-06","202838039381314","Sponsored Products","0.00","USD"
"2026-03-19","18193170148935","Sponsored Products","0.00","USD"
"2026-03-31","243204708497477","Sponsored Products","0.00","USD"
"2026-03-05","452065263384491","Sponsored Brands","16.43","USD"
"2026-03-05","194838680698310","Sponsored Products","4.18","USD"
"2026-03-19","48433117829801","Sponsored Products","1.07","USD"
"2026-03-07","241259046045612","Sponsored Products","10.31","USD"
"2026-03-29","34478632960968","Sponsored Products","4.77","USD"
"2026-03-18","96060745446945","Sponsored Products","0.00","USD"
"2026-03-22","482686146435604","Sponsored Brands","4.63","USD"
"2026-03-21","423471492340141","Sponsored Brands","0.59","USD"
"2026-03-03","154118694541854","Sponsored Products","0.00","USD"
"2026-03-17","101459965063202","Sponsored Products","1.76","USD"
"2026-03-18","452065263384491","Sponsored Brands","14.12","USD"
"2026-03-09","19228716944861","Sponsored Products","0.00","USD"
"2026-03-06","18193170148935","Sponsored Products","0.00","USD"
"2026-03-14","126638359335345","Sponsored Products","0.00","USD"
"2026-03-18","205764417979436","Sponsored Products","0.00","USD"
"2026-03-07","291680855614624","Sponsored Brands","2.11","GBP"
"2026-03-04","28864493115463","Sponsored Products","0.87","USD"
"2026-03-31","102825844325514","Sponsored Products","5.08","USD"
"2026-03-10","32571611634774","Sponsored Products","0.00","USD"
"2026-03-17","30179169319725","Sponsored Products","1.98","AUD"
"2026-03-14","192420944790293","Sponsored Products","32.92","GBP"
"2026-03-17","9627520751858","Sponsored Products","1.66","USD"
"2026-03-17","296615200458181","Sponsored Brands","8.43","USD"
"2026-03-14","278626821184075","Sponsored Products","0.00","USD"
"2026-03-18","194838680698310","Sponsored Products","1.88","USD"
"2026-03-22","441925918527435","Sponsored Brands","8.08","USD"
"2026-03-28","276797522102375","Sponsored Products","3.19","USD"
"2026-03-28","115764500761375","Sponsored Products","4.86","USD"
"2026-03-07","11143044290906","Sponsored Products","3.52","USD"
"2026-03-02","2414736156339","Sponsored Products","10.33","USD"
"2026-03-15","189380234928822","Sponsored Products","0.00","USD"
"2026-03-25","154085784178560","Sponsored Products","0.00","USD"
"2026-03-07","296615200458181","Sponsored Brands","51.60","USD"
"2026-03-24","54673378227395","Sponsored Products","0.00","USD"
"2026-03-20","224639482376841","Sponsored Products","3.29","USD"
"2026-03-30","141552428309171","Sponsored Products","15.87","USD"
"2026-03-29","423471492340141","Sponsored Brands","5.03","USD"
"2026-03-30","154118694541854","Sponsored Products","0.00","USD"
"2026-03-15","8078369968995","Sponsored Products","1.01","USD"
"2026-03-25","261580610725925","Sponsored Products","0.27","AUD"
"2026-03-24","233888031600237","Sponsored Products","0.00","USD"
"2026-03-27","199076365376964","Sponsored Products","5.91","USD"
"2026-03-16","515637010546761","Sponsored Brands","0.35","USD"
"2026-03-16","224639482376841","Sponsored Products","4.69","USD"
"2026-03-17","192968792078402","Sponsored Products","0.00","USD"
"2026-03-05","346023186686134","Sponsored Brands","0.00","USD"
"2026-03-12","491366396962687","Sponsored Brands","1.34","USD"
"2026-03-29","77231525415892","Sponsored Products","0.00","USD"
"2026-03-12","27661898820374","Sponsored Products","1.74","USD"
"2026-03-04","153491409585454","Sponsored Products","3.18","USD"
"2026-03-16","210638600694486","Sponsored Products","0.00","USD"
"2026-03-19","261580610725925","Sponsored Products","1.55","AUD"
"2026-03-01","34478632960968","Sponsored Products","9.14","USD"
"2026-03-05","545989665090053","Sponsored Brands","3.55","GBP"
"2026-03-14","156989235380210","Sponsored Products","303.24","USD"
"2026-03-21","132476300811824","Sponsored Products","10.89","CAD"
"2026-03-21","186804517918072","Sponsored Products","0.00","USD"
"2026-03-07","82064097659476","Sponsored Products","0.00","USD"
"2026-03-24","491366396962687","Sponsored Brands","4.38","USD"
"2026-03-27","545989665090053","Sponsored Brands","1.51","GBP"
"2026-03-08","97079585612330","Sponsored Products","2.42","USD"
"2026-03-19","154085784178560","Sponsored Products","2.08","USD"
"2026-03-14","176992507771254","Sponsored Products","3.62","USD"
"2026-03-23","94121140300347","Sponsored Products","0.46","USD"
"2026-03-30","55109131448748","Sponsored Products","0.00","USD"
"2026-03-30","8078369968995","Sponsored Products","0.00","USD"
"2026-03-07","134777743429986","Sponsored Products","0.00","USD"
"2026-03-17","96060745446945","Sponsored Products","1.30","USD"
"2026-03-29","175777768252798","Sponsored Products","0.00","USD"
"2026-03-22","280528554873543","Sponsored Products","0.52","USD"
"2026-03-07","19228716944861","Sponsored Products","3.55","USD"
"2026-03-27","173362871105297","Sponsored Products","0.00","USD"
"2026-03-11","545989665090053","Sponsored Brands","4.82","GBP"
"2026-03-22","202838039381314","Sponsored Products","4.17","USD"
"2026-03-03","325883174926875","Sponsored Brands","0.21","USD"
"2026-03-30","545989665090053","Sponsored Brands","1.07","GBP"
"2026-03-14","97079585612330","Sponsored Products","0.00","USD"
"2026-03-09","130912331972988","Sponsored Products","0.00","USD"
"2026-03-15","224639482376841","Sponsored Products","0.95","USD"
"2026-03-16","65271102777505","Sponsored Products","0.00","USD"
"2026-03-31","482686146435604","Sponsored Brands","0.35","USD"
"2026-03-15","202228555422966","Sponsored Products","0.00","USD"
"2026-03-02","1861066386589","Sponsored Products","1.72","USD"
"2026-03-23","81320226496883","Sponsored Products","0.00","USD"
"2026-03-24","115758363210245","Sponsored Products","3.67","USD"
"2026-03-21","115943131527635","Sponsored Products","1.82","USD"
"2026-03-13","23854220044300","Sponsored Products","12.62","USD"
"2026-03-25","61503627186513","Sponsored Products","0.00","USD"
"2026-03-08","357384467879967","Sponsored Brands","0.51","USD"
"2026-03-03","284096201830626","Sponsored Display","0.00","USD"
"2026-03-03","153491409585454","Sponsored Products","1.36","USD"
"2026-03-21","346023186686134","Sponsored Brands","0.00","USD"
"2026-03-10","113013759920940","Sponsored Products","0.00","USD"
"2026-03-25","262727752997615","Sponsored Products","2.06","USD"
"2026-03-27","515637010546761","Sponsored Brands","0.74","USD"
"2026-03-11","28565058702355","Sponsored Products","16.51","USD"
"2026-03-15","28864493115463","Sponsored Products","1.94","USD"
"2026-03-18","207367106415924","Sponsored Products","40.85","GBP"
"2026-03-04","11143044290906","Sponsored Products","0.00","USD"
"2026-03-03","455688132780953","Sponsored Brands","0.00","USD"
"2026-03-30","81320226496883","Sponsored Products","0.00","USD"
"2026-03-19","238790977416237","Sponsored Products","1.01","USD"
"2026-03-01","441925918527435","Sponsored Brands","1.87","USD"
"2026-03-03","137772430611725","Sponsored Products","0.00","USD"
"2026-03-05","93539819506468","Sponsored Products","25.04","USD"
"2026-03-31","175777768252798","Sponsored Products","0.00","USD"
"2026-03-27","188279469264899","Sponsored Products","0.00","USD"
"2026-03-22","357384467879967","Sponsored Brands","1.40","USD"
"2026-03-29","269935586939823","Sponsored Products","8.91","CAD"
"2026-03-23","32030113168570","Sponsored Products","0.00","USD"
"2026-03-25","225946958740637","Sponsored Products","0.00","USD"
"2026-03-18","48192245895031","Sponsored Products","0.00","USD"
"2026-03-22","346023186686134","Sponsored Brands","0.54","USD"
"2026-03-20","28565058702355","Sponsored Products","17.36","USD"
"2026-03-19","277250351840071","Sponsored Products","1.86","USD"
"2026-03-31","48433117829801","Sponsored Products","0.36","USD"
"2026-03-07","79620432535917","Sponsored Products","7.87","USD"
"2026-03-17","303344079444236","Sponsored Brands","0.68","GBP"
"2026-03-30","281235849108344","Sponsored Products","2.98","USD"
"2026-03-25","348184859637636","Sponsored Brands","0.20","USD"
"2026-03-24","439663157752722","Sponsored Brands","0.15","USD"
"2026-03-05","137772430611725","Sponsored Products","0.00","USD"
"2026-03-01","243204708497477","Sponsored Products","1.27","USD"
"2026-03-12","32571611634774","Sponsored Products","0.00","USD"
"2026-03-23","210638600694486","Sponsored Products","4.52","USD"
"2026-03-30","115764500761375","Sponsored Products","2.93","USD"
"2026-03-31","56338703455249","Sponsored Products","0.00","USD"
"2026-03-07","441925918527435","Sponsored Brands","8.13","USD"
"2026-03-04","130912331972988","Sponsored Products","0.00","USD"
"2026-03-04","225946958740637","Sponsored Products","0.00","USD"
"2026-03-31","81320226496883","Sponsored Products","0.63","USD"
"2026-03-15","27661898820374","Sponsored Products","1.85","USD"
"2026-03-26","263531397076178","Sponsored Products","1.62","USD"
"2026-03-16","54673378227395","Sponsored Products","21.04","USD"
"2026-03-08","224639482376841","Sponsored Products","17.33","USD"
"2026-03-21","72790979016813","Sponsored Products","0.00","USD"
"2026-03-14","48192245895031","Sponsored Products","0.00","USD"
"2026-03-18","241259046045612","Sponsored Products","0.90","USD"
"2026-03-18","284096201830626","Sponsored Display","0.17","USD"
"2026-03-04","199076365376964","Sponsored Products","4.23","USD"
"2026-03-21","115764500761375","Sponsored Products","0.00","USD"
"2026-03-29","246452377117901","Sponsored Products","0.00","USD"
"2026-03-15","213530912619228","Sponsored Products","0.00","USD"
"2026-03-12","134777743429986","Sponsored Products","6.74","USD"
"2026-03-30","156285188540724","Sponsored Products","2.96","USD"
"2026-03-01","357384467879967","Sponsored Brands","6.09","USD"
"2026-03-09","194838680698310","Sponsored Products","0.00","USD"
"2026-03-28","81320226496883","Sponsored Products","0.00","USD"
"2026-03-25","30651955945418","Sponsored Products","0.00","USD"
"2026-03-20","83042096012825","Sponsored Products","0.00","USD"
"2026-03-06","225946958740637","Sponsored Products","0.00","USD"
"2026-03-11","202228555422966","Sponsored Products","0.00","USD"
"2026-03-11","158171452508120","Sponsored Products","0.00","USD"
"2026-03-31","255100442617527","Sponsored Products","0.00","USD"
"2026-03-25","276488907454289","Sponsored Products","0.00","USD"
"2026-03-05","560000811916391","Sponsored Brands","12.00","USD"
"2026-03-21","140453739775668","Sponsored Products","0.00","USD"
"2026-03-20","215966552761313","Sponsored Products","0.00","USD"
"2026-03-19","128835884603962","Sponsored Products","2.15","USD"
"2026-03-19","83042096012825","Sponsored Products","0.00","USD"
"2026-03-13","27661898820374","Sponsored Products","3.12","USD"
"2026-03-16","194512325763287","Sponsored Products","0.00","USD"
"2026-03-09","262727752997615","Sponsored Products","3.93","USD"
"2026-03-03","128835884603962","Sponsored Products","0.00","USD"
"2026-03-10","140453739775668","Sponsored Products","0.00","USD"
"2026-03-13","9627520751858","Sponsored Products","1.73","USD"
"2026-03-18","269935586939823","Sponsored Products","10.78","CAD"
"2026-03-27","77231525415892","Sponsored Products","0.00","USD"
"2026-03-04","215966552761313","Sponsored Products","1.33","USD"
"2026-03-13","189380234928822","Sponsored Products","0.00","USD"
"2026-03-12","93539819506468","Sponsored Products","32.53","USD"
"2026-03-26","115943131527635","Sponsored Products","7.47","USD"
"2026-03-19","545989665090053","Sponsored Brands","2.31","GBP"
"2026-03-25","72790979016813","Sponsored Products","0.00","USD"
"2026-03-22","303344079444236","Sponsored Brands","0.23","GBP"
"2026-03-22","175777768252798","Sponsored Products","0.00","USD"
"2026-03-23","243038183553247","Sponsored Products","4.80","USD"
"2026-03-26","413308568322873","Sponsored Brands","0.00","USD"
"2026-03-10","124202126398060","Sponsored Products","0.36","USD"
"2026-03-26","545989665090053","Sponsored Brands","0.53","GBP"
"2026-03-23","199076365376964","Sponsored Products","11.37","USD"
"2026-03-31","276797522102375","Sponsored Products","1.54","USD"
"2026-03-27","141648422510979","Sponsored Products","0.00","USD"
"2026-03-21","291680855614624","Sponsored Brands","0.24","GBP"
"2026-03-30","34478632960968","Sponsored Products","3.25","USD"
"2026-03-21","213530912619228","Sponsored Products","0.00","USD"
"2026-03-12","138135222992233","Sponsored Products","2.40","USD"
"2026-03-31","188279469264899","Sponsored Products","0.00","USD"
"2026-03-28","434170639918769","Sponsored Brands","0.55","USD"
"2026-03-20","30179169319725","Sponsored Products","5.67","AUD"
"2026-03-19","491366396962687","Sponsored Brands","1.00","USD"
"2026-03-13","224639482376841","Sponsored Products","3.12","USD"
"2026-03-28","29007580757872","Sponsored Products","0.00","USD"
"2026-03-12","168803396873792","Sponsored Products","0.00","USD"
"2026-03-14","115943131527635","Sponsored Products","9.49","USD"
"2026-03-13","539931100075119","Sponsored Brands","13.32","USD"
"2026-03-10","439663157752722","Sponsored Brands","2.79","USD"
"2026-03-05","207367106415924","Sponsored Products","34.96","GBP"
"2026-03-09","269935586939823","Sponsored Products","25.04","CAD"
"2026-03-29","120274159023818","Sponsored Products","1.00","USD"
"2026-03-05","303344079444236","Sponsored Brands","0.10","GBP"
"2026-03-30","241259046045612","Sponsored Products","0.00","USD"
"2026-03-09","54673378227395","Sponsored Products","1.01","USD"
"2026-03-17","560000811916391","Sponsored Brands","6.21","USD"
"2026-03-02","241960271286519","Sponsored Products","0.00","USD"
"2026-03-18","215966552761313","Sponsored Products","0.00","USD"
"2026-03-21","96060745446945","Sponsored Products","0.00","USD"
"2026-03-09","192968792078402","Sponsored Products","0.00","USD"
"2026-03-14","491366396962687","Sponsored Brands","1.38","USD"
"2026-03-14","202838039381314","Sponsored Products","0.00","USD"
"2026-03-24","267283875717235","Sponsored Products","0.00","USD"
"2026-03-28","1069464513580","Sponsored Products","0.86","USD"
"2026-03-15","32571611634774","Sponsored Products","0.00","USD"
"2026-03-11","281024885672869","Sponsored Products","0.00","USD"
"2026-03-11","176992507771254","Sponsored Products","1.71","USD"
"2026-03-13","48433117829801","Sponsored Products","13.41","USD"
"2026-03-22","83042096012825","Sponsored Products","0.00","USD"
"2026-03-20","210638600694486","Sponsored Products","14.70","USD"
"2026-03-02","34478632960968","Sponsored Products","0.70","USD"
"2026-03-27","192968792078402","Sponsored Products","0.00","USD"
"2026-03-30","272711015971799","Sponsored Products","0.46","USD"
"2026-03-09","8347630917879","Sponsored Products","4.20","USD"
"2026-03-07","284096201830626","Sponsored Display","0.15","USD"
"2026-03-24","162987026418786","Sponsored Products","0.00","USD"
"2026-03-23","346023186686134","Sponsored Brands","0.00","USD"
"2026-03-15","101459965063202","Sponsored Products","0.00","USD"
"2026-03-29","272711015971799","Sponsored Products","1.72","USD"
"2026-03-12","174719285602701","Sponsored Products","0.45","USD"
"2026-03-31","254109808305934","Sponsored Products","0.00","USD"
"2026-03-05","188545556962991","Sponsored Products","4.25","USD"
"2026-03-18","126638359335345","Sponsored Products","0.72","USD"
"2026-03-01","303344079444236","Sponsored Brands","0.52","GBP"
"2026-03-03","39061317933304","Sponsored Products","1.04","USD"
"2026-03-11","93539819506468","Sponsored Products","14.52","USD"
"2026-03-30","67855357390881","Sponsored Products","0.00","USD"
"2026-03-11","263026275901184","Sponsored Products","0.00","USD"
"2026-03-11","199076365376964","Sponsored Products","2.07","USD"
"2026-03-27","134777743429986","Sponsored Products","0.00","USD"
"2026-03-19","82064097659476","Sponsored Products","0.91","USD"
"2026-03-05","54673378227395","Sponsored Products","1.21","USD"
"2026-03-13","407444835513369","Sponsored Brands","0.00","CAD"
"2026-03-10","149818563042691","Sponsored Products","0.00","USD"
"2026-03-23","245335884201020","Sponsored Products","0.00","USD"
"2026-03-11","149626049979530","Sponsored Products","0.00","USD"
"2026-03-21","11588448157956","Sponsored Products","47.70","USD"
"2026-03-19","124202126398060","Sponsored Products","0.00","USD"
"2026-03-13","254109808305934","Sponsored Products","1.15","USD"
"2026-03-07","141648422510979","Sponsored Products","0.00","USD"
"2026-03-03","254109808305934","Sponsored Products","0.00","USD"
"2026-03-12","154085784178560","Sponsored Products","0.00","USD"
"2026-03-22","269935586939823","Sponsored Products","23.63","CAD"
"2026-03-13","54673378227395","Sponsored Products","4.32","USD"
"2026-03-25","132476300811824","Sponsored Products","15.95","CAD"
"2026-03-14","18193170148935","Sponsored Products","0.00","USD"
"2026-03-27","128835884603962","Sponsored Products","0.00","USD"
"2026-03-10","56338703455249","Sponsored Products","0.00","USD"
"2026-03-16","61503627186513","Sponsored Products","0.00","USD"
"2026-03-11","215966552761313","Sponsored Products","0.00","USD"
"2026-03-07","280513164622908","Sponsored Products","0.00","USD"
"2026-03-18","18193170148935","Sponsored Products","2.66","USD"
"2026-03-16","141552428309171","Sponsored Products","8.06","USD"
"2026-03-15","325883174926875","Sponsored Brands","0.00","USD"
"2026-03-16","164743561215297","Sponsored Products","1.36","USD"
"2026-03-31","452065263384491","Sponsored Brands","4.08","USD"
"2026-03-21","175777768252798","Sponsored Products","0.00","USD"
"2026-03-15","115943131527635","Sponsored Products","9.50","USD"
"2026-03-16","18193170148935","Sponsored Products","0.80","USD"
"2026-03-21","491366396962687","Sponsored Brands","0.00","USD"
"2026-03-09","271002646812055","Sponsored Products","0.00","USD"
"2026-03-06","276488907454289","Sponsored Products","0.00","USD"
"2026-03-06","291680855614624","Sponsored Brands","3.06","GBP"
"2026-03-11","153491409585454","Sponsored Products","2.54","USD"
"2026-03-20","34478632960968","Sponsored Products","3.17","USD"
"2026-03-21","239677460933975","Sponsored Products","0.20","USD"
"2026-03-05","128835884603962","Sponsored Products","0.71","USD"
"2026-03-12","113013759920940","Sponsored Products","0.00","USD"
"2026-03-14","198809778193730","Sponsored Products","56.44","USD"
"2026-03-23","77231525415892","Sponsored Products","0.08","USD"
"2026-03-07","204544178017947","Sponsored Products","0.00","USD"
"2026-03-29","11588448157956","Sponsored Products","2.90","USD"
"2026-03-07","156989235380210","Sponsored Products","239.68","USD"
"2026-03-10","158171452508120","Sponsored Products","0.00","USD"
"2026-03-16","241960271286519","Sponsored Products","0.00","USD"
"2026-03-06","206968068657618","Sponsored Products","0.00","USD"
"2026-03-31","18193170148935","Sponsored Products","0.47","USD"
"2026-03-04","536540933058914","Sponsored Display","0.00","USD"
"2026-03-17","215966552761313","Sponsored Products","0.00","USD"
"2026-03-15","23854220044300","Sponsored Products","13.00","USD"
"2026-03-25","133846876580591","Sponsored Products","0.00","USD"
"2026-03-23","218351835233699","Sponsored Products","4.37","GBP"
"2026-03-24","198809778193730","Sponsored Products","52.41","USD"
"2026-03-06","115758363210245","Sponsored Products","10.67","USD"
"2026-03-01","291680855614624","Sponsored Brands","0.00","GBP"
"2026-03-22","413308568322873","Sponsored Brands","0.19","USD"
"2026-03-21","133243849204741","Sponsored Products","0.00","USD"
"2026-03-14","113013759920940","Sponsored Products","0.00","USD"
"2026-03-08","38682977693457","Sponsored Products","0.00","USD"
"2026-03-19","357384467879967","Sponsored Brands","1.16","USD"
"2026-03-29","71761066879367","Sponsored Products","0.00","USD"
"2026-03-16","82064097659476","Sponsored Products","1.35","USD"
"2026-03-27","53404531347848","Sponsored Products","5.03","USD"
"2026-03-26","48433117829801","Sponsored Products","2.21","USD"
"2026-03-14","77231525415892","Sponsored Products","1.61","USD"
"2026-03-14","162987026418786","Sponsored Products","2.14","USD"
"2026-03-24","134777743429986","Sponsored Products","0.00","USD"
"2026-03-01","246452377117901","Sponsored Products","0.00","USD"
"2026-03-12","34478632960968","Sponsored Products","25.82","USD"
"2026-03-19","9627520751858","Sponsored Products","1.93","USD"
"2026-03-20","441925918527435","Sponsored Brands","5.73","USD"
"2026-03-20","133243849204741","Sponsored Products","0.00","USD"
"2026-03-16","279125239605082","Sponsored Products","0.00","USD"
"2026-03-21","72921898703277","Sponsored Products","0.00","USD"
"2026-03-17","257373022214500","Sponsored Products","2.21","USD"
"2026-03-08","276797522102375","Sponsored Products","7.28","USD"
"2026-03-30","439663157752722","Sponsored Brands","1.28","USD"
"2026-03-01","482686146435604","Sponsored Brands","3.19","USD"
"2026-03-26","199076365376964","Sponsored Products","15.23","USD"
"2026-03-13","50912117972815","Sponsored Products","1.06","USD"
"2026-03-05","48192245895031","Sponsored Products","0.00","USD"
"2026-03-22","216925562826343","Sponsored Products","0.00","USD"
"2026-03-16","58475731073369","Sponsored Products","0.00","USD"
"2026-03-17","1861066386589","Sponsored Products","0.85","USD"
"2026-03-14","28864493115463","Sponsored Products","0.00","USD"
"2026-03-24","225946958740637","Sponsored Products","0.00","USD"
"2026-03-26","77231525415892","Sponsored Products","0.00","USD"
"2026-03-06","348184859637636","Sponsored Brands","1.22","USD"
"2026-03-05","128770506922317","Sponsored Products","0.00","USD"
"2026-03-24","539931100075119","Sponsored Brands","7.58","USD"
"2026-03-16","202838039381314","Sponsored Products","0.00","USD"
"2026-03-21","198809778193730","Sponsored Products","24.59","USD"
"2026-03-09","194512325763287","Sponsored Products","0.00","USD"
"2026-03-18","128835884603962","Sponsored Products","3.17","USD"
"2026-03-23","149626049979530","Sponsored Products","0.00","USD"
"2026-03-03","8078369968995","Sponsored Products","0.00","USD"
"2026-03-31","224639482376841","Sponsored Products","0.00","USD"
"2026-03-01","545989665090053","Sponsored Brands","8.01","GBP"
"2026-03-29","158171452508120","Sponsored Products","0.00","USD"
"2026-03-22","192420944790293","Sponsored Products","0.62","GBP"
"2026-03-16","11588448157956","Sponsored Products","45.41","USD"
"2026-03-24","280528554873543","Sponsored Products","0.28","USD"
"2026-03-20","560000811916391","Sponsored Brands","0.85","USD"
"2026-03-16","72921898703277","Sponsored Products","0.00","USD"
"2026-03-01","11588448157956","Sponsored Products","0.00","USD"
"2026-03-30","452065263384491","Sponsored Brands","3.98","USD"
"2026-03-02","303344079444236","Sponsored Brands","0.19","GBP"
"2026-03-28","149818563042691","Sponsored Products","0.00","USD"
"2026-03-14","30179169319725","Sponsored Products","5.95","AUD"
"2026-03-08","124202126398060","Sponsored Products","1.50","USD"
"2026-03-31","120274159023818","Sponsored Products","0.00","USD"
"2026-03-05","9627520751858","Sponsored Products","2.61","USD"
"2026-03-14","101965336081409","Sponsored Products","0.00","USD"
"2026-03-08","149818563042691","Sponsored Products","0.00","USD"
"2026-03-29","281110747056753","Sponsored Products","0.00","USD"
"2026-03-05","1069464513580","Sponsored Products","3.78","USD"
"2026-03-02","30179169319725","Sponsored Products","3.09","AUD"
"2026-03-03","192420944790293","Sponsored Products","9.50","GBP"
"2026-03-09","202838039381314","Sponsored Products","0.00","USD"
"2026-03-03","225946958740637","Sponsored Products","0.24","USD"
"2026-03-28","207367106415924","Sponsored Products","21.95","GBP"
"2026-03-19","259323671730401","Sponsored Products","0.08","USD"
"2026-03-17","115764500761375","Sponsored Products","9.39","USD"
"2026-03-11","53404531347848","Sponsored Products","0.00","USD"
"2026-03-21","141648422510979","Sponsored Products","0.00","USD"
"2026-03-12","348184859637636","Sponsored Brands","0.00","USD"
"2026-03-26","254109808305934","Sponsored Products","0.00","USD"
"2026-03-19","280528554873543","Sponsored Products","0.36","USD"
"2026-03-09","168803396873792","Sponsored Products","0.00","USD"
"2026-03-01","28565058702355","Sponsored Products","11.29","USD"
"2026-03-01","132476300811824","Sponsored Products","28.50","CAD"
"2026-03-08","101965336081409","Sponsored Products","5.86","USD"
"2026-03-15","172779439196738","Sponsored Products","0.00","USD"
"2026-03-29","48192245895031","Sponsored Products","0.00","USD"
"2026-03-27","243204708497477","Sponsored Products","0.00","USD"
"2026-03-23","246452377117901","Sponsored Products","0.00","USD"
"2026-03-01","439663157752722","Sponsored Brands","3.30","USD"
"2026-03-03","115943131527635","Sponsored Products","1.17","USD"
"2026-03-14","407444835513369","Sponsored Brands","0.66","CAD"
"2026-03-23","130912331972988","Sponsored Products","0.00","USD"
"2026-03-11","186804517918072","Sponsored Products","2.52","USD"
"2026-03-29","116154511455108","Sponsored Products","0.00","GBP"
"2026-03-30","303344079444236","Sponsored Brands","1.21","GBP"
"2026-03-28","56338703455249","Sponsored Products","0.00","USD"
"2026-03-25","325883174926875","Sponsored Brands","0.00","USD"
"2026-03-27","30651955945418","Sponsored Products","0.00","USD"
"2026-03-22","128835884603962","Sponsored Products","0.00","USD"
"2026-03-26","434170639918769","Sponsored Brands","0.00","USD"
"2026-03-16","539931100075119","Sponsored Brands","8.55","USD"
"2026-03-17","291680855614624","Sponsored Brands","0.00","GBP"
"2026-03-21","22515666501366","Sponsored Products","0.00","USD"
"2026-03-29","149818563042691","Sponsored Products","0.00","USD"
"2026-03-22","262727752997615","Sponsored Products","0.00","USD"
"2026-03-06","65861573413220","Sponsored Products","0.00","USD"
"2026-03-25","213530912619228","Sponsored Products","0.00","USD"
"2026-03-15","259323671730401","Sponsored Products","6.30","USD"
"2026-03-27","482686146435604","Sponsored Brands","2.44","USD"
"2026-03-31","202838039381314","Sponsored Products","0.00","USD"
"2026-03-09","154085784178560","Sponsored Products","6.09","USD"
"2026-03-04","207367106415924","Sponsored Products","64.13","GBP"
"2026-03-21","93539819506468","Sponsored Products","15.28","USD"
"2026-03-07","276797522102375","Sponsored Products","2.28","USD"
"2026-03-25","61090477012622","Sponsored Products","1.82","USD"
"2026-03-26","134777743429986","Sponsored Products","0.00","USD"
"2026-03-26","94121140300347","Sponsored Products","3.68","USD"
"2026-03-23","348184859637636","Sponsored Brands","1.37","USD"
"2026-03-08","199076365376964","Sponsored Products","8.14","USD"
"2026-03-15","130912331972988","Sponsored Products","0.00","USD"
"2026-03-27","141552428309171","Sponsored Products","45.55","USD"
"2026-03-02","407444835513369","Sponsored Brands","1.11","CAD"
"2026-03-29","72790979016813","Sponsored Products","0.00","USD"
"2026-03-02","423471492340141","Sponsored Brands","11.56","USD"
"2026-03-26","48758698369103","Sponsored Products","2.40","USD"
"2026-03-26","216925562826343","Sponsored Products","0.00","USD"
"2026-03-24","132476300811824","Sponsored Products","29.31","CAD"
"2026-03-03","65861573413220","Sponsored Products","0.00","USD"
"2026-03-12","407444835513369","Sponsored Brands","0.00","CAD"
"2026-03-07","113013759920940","Sponsored Products","0.00","USD"
"2026-03-07","539931100075119","Sponsored Brands","3.16","USD"
"2026-03-16","2514549308563","Sponsored Products","1.22","USD"
"2026-03-11","188279469264899","Sponsored Products","0.00","USD"
"2026-03-29","257373022214500","Sponsored Products","0.00","USD"
"2026-03-22","187735718741416","Sponsored Products","0.00","USD"
"2026-03-20","72790979016813","Sponsored Products","0.00","USD"
"2026-03-06","126638359335345","Sponsored Products","1.22","USD"
"2026-03-31","93539819506468","Sponsored Products","0.00","USD"
"2026-03-01","101459965063202","Sponsored Products","5.66","USD"
"2026-03-25","140453739775668","Sponsored Products","0.00","USD"
"2026-03-31","8347630917879","Sponsored Products","5.51","USD"
"2026-03-16","243204708497477","Sponsored Products","3.85","USD"
"2026-03-21","67855357390881","Sponsored Products","0.00","USD"
"2026-03-10","218351835233699","Sponsored Products","15.26","GBP"
"2026-03-26","96060745446945","Sponsored Products","0.00","USD"
"2026-03-10","284096201830626","Sponsored Display","0.00","USD"
"2026-03-19","93539819506468","Sponsored Products","18.56","USD"
"2026-03-01","284096201830626","Sponsored Display","0.30","USD"
"2026-03-22","19228716944861","Sponsored Products","1.91","USD"
"2026-03-16","22515666501366","Sponsored Products","0.89","USD"
"2026-03-22","207367106415924","Sponsored Products","5.96","GBP"
"2026-03-24","263531397076178","Sponsored Products","2.52","USD"
"2026-03-15","198809778193730","Sponsored Products","26.70","USD"
"2026-03-08","261580610725925","Sponsored Products","2.72","AUD"
"2026-03-25","441925918527435","Sponsored Brands","5.23","USD"
"2026-03-09","48433117829801","Sponsored Products","9.86","USD"
"2026-03-04","205764417979436","Sponsored Products","1.91","USD"
"2026-03-08","262727752997615","Sponsored Products","3.02","USD"
"2026-03-08","205922105032655","Sponsored Products","0.00","USD"
"2026-03-15","218351835233699","Sponsored Products","10.05","GBP"
"2026-03-27","495677195822245","Sponsored Brands","0.00","USD"
"2026-03-26","39061317933304","Sponsored Products","0.00","USD"
"2026-03-08","187735718741416","Sponsored Products","0.00","USD"
"2026-03-13","164743561215297","Sponsored Products","0.00","USD"
"2026-03-24","164743561215297","Sponsored Products","0.00","USD"
"2026-03-06","175777768252798","Sponsored Products","1.20","USD"
"2026-03-31","158724595401869","Sponsored Products","0.00","USD"
"2026-03-29","79620432535917","Sponsored Products","0.00","USD"
"2026-03-27","158171452508120","Sponsored Products","0.00","USD"
"2026-03-18","56338703455249","Sponsored Products","3.59","USD"
"2026-03-18","515637010546761","Sponsored Brands","0.44","USD"
"2026-03-24","40237294180920","Sponsored Products","1.05","USD"
"2026-03-04","189380234928822","Sponsored Products","0.50","USD"
"2026-03-20","72921898703277","Sponsored Products","0.00","USD"
"2026-03-01","48758698369103","Sponsored Products","1.34","USD"
"2026-03-24","241960271286519","Sponsored Products","0.00","USD"
"2026-03-14","233888031600237","Sponsored Products","0.00","USD"
"2026-03-23","262727752997615","Sponsored Products","1.12","USD"
"2026-03-21","130912331972988","Sponsored Products","2.13","USD"
"2026-03-20","241960271286519","Sponsored Products","0.93","USD"
"2026-03-16","152555236474228","Sponsored Products","0.00","USD"
"2026-03-08","241960271286519","Sponsored Products","0.00","USD"
"2026-03-03","194838680698310","Sponsored Products","0.00","USD"
"2026-03-15","1861066386589","Sponsored Products","0.62","USD"
"2026-03-18","30179169319725","Sponsored Products","0.98","AUD"
"2026-03-22","218351835233699","Sponsored Products","8.21","GBP"
"2026-03-24","11588448157956","Sponsored Products","50.18","USD"
"2026-03-10","148265992493931","Sponsored Products","0.00","USD"
"2026-03-20","56338703455249","Sponsored Products","1.48","USD"
"2026-03-28","14582572617569","Sponsored Products","0.00","USD"
"2026-03-29","210638600694486","Sponsored Products","0.00","USD"
"2026-03-15","272711015971799","Sponsored Products","0.00","USD"
"2026-03-26","281235849108344","Sponsored Products","4.74","USD"
"2026-03-17","441925918527435","Sponsored Brands","2.90","USD"
"2026-03-10","357384467879967","Sponsored Brands","0.00","USD"
"2026-03-23","141648422510979","Sponsored Products","0.00","USD"
"2026-03-06","210638600694486","Sponsored Products","0.31","USD"
"2026-03-06","246452377117901","Sponsored Products","0.00","USD"
"2026-03-31","271002646812055","Sponsored Products","0.00","USD"
"2026-03-28","276488907454289","Sponsored Products","0.00","USD"
"2026-03-15","186804517918072","Sponsored Products","11.97","USD"
"2026-03-31","72790979016813","Sponsored Products","0.00","USD"
"2026-03-23","187735718741416","Sponsored Products","0.00","USD"
"2026-03-09","32571611634774","Sponsored Products","0.00","USD"
"2026-03-05","284096201830626","Sponsored Display","0.67","USD"
"2026-03-22","133846876580591","Sponsored Products","1.01","USD"
"2026-03-22","185646462591669","Sponsored Products","0.00","USD"
"2026-03-10","269935586939823","Sponsored Products","6.46","CAD"
"2026-03-12","48433117829801","Sponsored Products","24.75","USD"
"2026-03-18","262727752997615","Sponsored Products","0.00","USD"
"2026-03-24","434170639918769","Sponsored Brands","0.42","USD"
"2026-03-24","515637010546761","Sponsored Brands","4.04","USD"
"2026-03-16","241259046045612","Sponsored Products","0.00","USD"
"2026-03-06","423471492340141","Sponsored Brands","1.79","USD"
"2026-03-30","158724595401869","Sponsored Products","0.00","USD"
"2026-03-19","28565058702355","Sponsored Products","9.27","USD"
"2026-03-14","188279469264899","Sponsored Products","0.00","USD"
"2026-03-18","27661898820374","Sponsored Products","3.80","USD"
"2026-03-16","187735718741416","Sponsored Products","0.00","USD"
"2026-03-14","128770506922317","Sponsored Products","0.00","USD"
"2026-03-18","28565058702355","Sponsored Products","10.89","USD"
"2026-03-17","199076365376964","Sponsored Products","1.69","USD"
"2026-03-30","116154511455108","Sponsored Products","0.00","GBP"
"2026-03-05","2414736156339","Sponsored Products","2.76","USD"
"2026-03-12","141552428309171","Sponsored Products","29.11","USD"
"2026-03-14","141552428309171","Sponsored Products","10.67","USD"
"2026-03-08","8078369968995","Sponsored Products","0.94","USD"
"2026-03-26","194512325763287","Sponsored Products","0.74","USD"
"2026-03-20","243038183553247","Sponsored Products","0.00","USD"
"2026-03-08","291680855614624","Sponsored Brands","0.00","GBP"
"2026-03-13","272711015971799","Sponsored Products","0.00","USD"
"2026-03-17","280513164622908","Sponsored Products","0.00","USD"
"2026-03-12","172779439196738","Sponsored Products","0.00","USD"
"2026-03-16","545989665090053","Sponsored Brands","4.18","GBP"
"2026-03-31","276488907454289","Sponsored Products","0.00","USD"
"2026-03-14","205922105032655","Sponsored Products","0.00","USD"
"2026-03-18","34478632960968","Sponsored Products","17.17","USD"
"2026-03-01","270513944391898","Sponsored Products","0.31","USD"
"2026-03-27","55613271497964","Sponsored Products","1.58","USD"
"2026-03-18","22515666501366","Sponsored Products","0.00","USD"
"2026-03-29","560000811916391","Sponsored Brands","0.87","USD"
"2026-03-11","281235849108344","Sponsored Products","1.33","USD"
"2026-03-27","153491409585454","Sponsored Products","0.00","USD"
"2026-03-16","101965336081409","Sponsored Products","0.00","USD"
"2026-03-11","124202126398060","Sponsored Products","0.94","USD"
"2026-03-09","28864493115463","Sponsored Products","0.00","USD"
"2026-03-29","164743561215297","Sponsored Products","0.00","USD"
"2026-03-11","243204708497477","Sponsored Products","0.60","USD"
"2026-03-09","83042096012825","Sponsored Products","0.00","USD"
"2026-03-22","192968792078402","Sponsored Products","1.50","USD"
"2026-03-03","11143044290906","Sponsored Products","2.20","USD"
"2026-03-24","239677460933975","Sponsored Products","2.97","USD"
"2026-03-26","149818563042691","Sponsored Products","0.00","USD"
"2026-03-04","241960271286519","Sponsored Products","0.00","USD"
"2026-03-11","202838039381314","Sponsored Products","0.00","USD"
"2026-03-26","79620432535917","Sponsored Products","5.04","USD"
"2026-03-12","11588448157956","Sponsored Products","7.55","USD"
"2026-03-08","27661898820374","Sponsored Products","8.35","USD"
"2026-03-03","277250351840071","Sponsored Products","1.05","USD"
"2026-03-12","325883174926875","Sponsored Brands","0.20","USD"
"2026-03-02","11143044290906","Sponsored Products","0.00","USD"
"2026-03-22","243038183553247","Sponsored Products","1.61","USD"
"2026-03-24","168803396873792","Sponsored Products","0.00","USD"
"2026-03-26","241259046045612","Sponsored Products","0.00","USD"
"2026-03-06","453754530299965","Sponsored Brands","2.87","USD"
"2026-03-13","34478632960968","Sponsored Products","15.56","USD"
"2026-03-28","115758363210245","Sponsored Products","0.00","USD"
"2026-03-17","279125239605082","Sponsored Products","0.00","USD"
"2026-03-15","239677460933975","Sponsored Products","0.88","USD"
"2026-03-27","42141939819441","Sponsored Products","0.00","USD"
"2026-03-24","126638359335345","Sponsored Products","0.00","USD"
"2026-03-28","132476300811824","Sponsored Products","35.44","CAD"
"2026-03-21","413308568322873","Sponsored Brands","0.00","USD"
"2026-03-06","441925918527435","Sponsored Brands","5.61","USD"
"2026-03-09","115943131527635","Sponsored Products","4.85","USD"
"2026-03-15","188279469264899","Sponsored Products","0.00","USD"
"2026-03-25","380662946968621","Sponsored Display","0.22","USD"
"2026-03-10","194838680698310","Sponsored Products","0.00","USD"
"2026-03-04","137772430611725","Sponsored Products","0.94","USD"
"2026-03-17","40237294180920","Sponsored Products","0.00","USD"
"2026-03-27","72921898703277","Sponsored Products","0.00","USD"
"2026-03-10","257373022214500","Sponsored Products","0.00","USD"
"2026-03-06","296615200458181","Sponsored Brands","26.29","USD"
"2026-03-21","145958940968220","Sponsored Products","1.12","USD"
"2026-03-28","261580610725925","Sponsored Products","0.66","AUD"
"2026-03-15","93539819506468","Sponsored Products","6.90","USD"
"2026-03-21","281110747056753","Sponsored Products","0.00","USD"
"2026-03-04","291680855614624","Sponsored Brands","0.00","GBP"
"2026-03-01","56338703455249","Sponsored Products","1.62","USD"
"2026-03-23","281110747056753","Sponsored Products","0.00","USD"
"2026-03-25","291680855614624","Sponsored Brands","0.62","GBP"
"2026-03-31","439663157752722","Sponsored Brands","0.33","USD"
"2026-03-05","441925918527435","Sponsored Brands","9.81","USD"
"2026-03-05","246452377117901","Sponsored Products","1.29","USD"
"2026-03-15","124202126398060","Sponsored Products","2.36","USD"
"2026-03-07","198809778193730","Sponsored Products","47.11","USD"
"2026-03-24","61090477012622","Sponsored Products","1.06","USD"
"2026-03-26","194838680698310","Sponsored Products","2.44","USD"
"2026-03-19","67855357390881","Sponsored Products","0.00","USD"
"2026-03-31","54673378227395","Sponsored Products","0.00","USD"
"2026-03-13","199698435439447","Sponsored Products","0.00","USD"
"2026-03-07","101965336081409","Sponsored Products","2.37","USD"
"2026-03-01","3690623984567","Sponsored Products","0.00","USD"
"2026-03-13","357384467879967","Sponsored Brands","0.00","USD"
"2026-03-10","145958940968220","Sponsored Products","3.15","USD"
"2026-03-08","81320226496883","Sponsored Products","0.00","USD"
"2026-03-08","279125239605082","Sponsored Products","0.00","USD"
"2026-03-07","149626049979530","Sponsored Products","0.00","USD"
"2026-03-05","455100983218716","Sponsored Brands","6.18","USD"
"2026-03-12","439663157752722","Sponsored Brands","3.90","USD"
"2026-03-22","67855357390881","Sponsored Products","0.44","USD"
"2026-03-16","455100983218716","Sponsored Brands","2.54","USD"
"2026-03-30","188279469264899","Sponsored Products","0.00","USD"
"2026-03-13","99604176633940","Sponsored Products","0.00","USD"
"2026-03-15","296615200458181","Sponsored Brands","24.06","USD"
"2026-03-16","48192245895031","Sponsored Products","0.00","USD"
"2026-03-16","128835884603962","Sponsored Products","1.55","USD"
"2026-03-06","187735718741416","Sponsored Products","0.00","USD"
"2026-03-13","126638359335345","Sponsored Products","2.23","USD"
"2026-03-05","192968792078402","Sponsored Products","0.00","USD"
"2026-03-10","48433117829801","Sponsored Products","7.78","USD"
"2026-03-10","246452377117901","Sponsored Products","0.00","USD"
"2026-03-09","72921898703277","Sponsored Products","0.00","USD"
"2026-03-14","40237294180920","Sponsored Products","0.87","USD"
"2026-03-28","312632253610695","Sponsored Brands","0.99","USD"
"2026-03-16","56338703455249","Sponsored Products","1.70","USD"
"2026-03-05","101965336081409","Sponsored Products","2.18","USD"
"2026-03-10","186804517918072","Sponsored Products","5.20","USD"
"2026-03-13","192420944790293","Sponsored Products","10.40","GBP"
"2026-03-23","413308568322873","Sponsored Brands","0.21","USD"
"2026-03-11","32030113168570","Sponsored Products","0.45","USD"
"2026-03-05","18193170148935","Sponsored Products","0.00","USD"
"2026-03-05","28864493115463","Sponsored Products","0.00","USD"
"2026-03-24","255100442617527","Sponsored Products","0.00","USD"
"2026-03-26","2414736156339","Sponsored Products","0.37","USD"
"2026-03-08","3690623984567","Sponsored Products","0.00","USD"
"2026-03-11","43460676635147","Sponsored Products","0.00","USD"
"2026-03-21","48192245895031","Sponsored Products","0.00","USD"
"2026-03-03","133243849204741","Sponsored Products","0.00","USD"
"2026-03-12","97079585612330","Sponsored Products","0.00","USD"
"2026-03-18","11588448157956","Sponsored Products","39.31","USD"
"2026-03-06","61837188685116","Sponsored Products","0.57","USD"
"2026-03-01","239677460933975","Sponsored Products","4.56","USD"
"2026-03-27","263531397076178","Sponsored Products","1.31","USD"
"2026-03-21","303344079444236","Sponsored Brands","0.99","GBP"
"2026-03-07","28565058702355","Sponsored Products","9.53","USD"
"2026-03-24","173362871105297","Sponsored Products","0.00","USD"
"2026-03-26","246452377117901","Sponsored Products","0.00","USD"
"2026-03-23","152555236474228","Sponsored Products","0.00","USD"
"2026-03-08","93539819506468","Sponsored Products","25.19","USD"
"2026-03-17","278626821184075","Sponsored Products","0.00","USD"
"2026-03-14","296615200458181","Sponsored Brands","70.47","USD"
"2026-03-16","278626821184075","Sponsored Products","2.04","USD"
"2026-03-13","255100442617527","Sponsored Products","0.00","USD"
"2026-03-03","259323671730401","Sponsored Products","5.76","USD"
"2026-03-05","259323671730401","Sponsored Products","13.43","USD"
"2026-03-05","145958940968220","Sponsored Products","0.00","USD"
"2026-03-14","102474552529229","Sponsored Products","0.00","USD"
"2026-03-14","54386198712419","Sponsored Products","1.45","USD"
"2026-03-18","267283875717235","Sponsored Products","0.00","USD"
"2026-03-22","173362871105297","Sponsored Products","1.69","USD"
"2026-03-04","441925918527435","Sponsored Brands","9.69","USD"
"2026-03-07","22515666501366","Sponsored Products","0.00","USD"
"2026-03-18","79620432535917","Sponsored Products","1.75","USD"
"2026-03-10","277250351840071","Sponsored Products","1.50","USD"
"2026-03-29","216925562826343","Sponsored Products","0.00","USD"
"2026-03-14","79620432535917","Sponsored Products","1.97","USD"
"2026-03-04","246452377117901","Sponsored Products","0.00","USD"
"2026-03-11","270513944391898","Sponsored Products","0.00","USD"
"2026-03-11","241960271286519","Sponsored Products","0.00","USD"
"2026-03-21","279125239605082","Sponsored Products","0.00","USD"
"2026-03-31","243038183553247","Sponsored Products","0.92","USD"
"2026-03-05","491366396962687","Sponsored Brands","0.00","USD"
"2026-03-15","115758363210245","Sponsored Products","9.05","USD"
"2026-03-12","28864493115463","Sponsored Products","0.00","USD"
"2026-03-21","1861066386589","Sponsored Products","0.00","USD"
"2026-03-18","239175797857758","Sponsored Products","2.84","USD"
"2026-03-18","65861573413220","Sponsored Products","0.00","USD"
"2026-03-20","276797522102375","Sponsored Products","4.29","USD"
"2026-03-18","434170639918769","Sponsored Brands","0.00","USD"
"2026-03-22","154085784178560","Sponsored Products","2.17","USD"
"2026-03-22","99604176633940","Sponsored Products","0.00","USD"
"2026-03-11","188545556962991","Sponsored Products","1.74","USD"
"2026-03-03","218351835233699","Sponsored Products","11.86","GBP"
"2026-03-10","545989665090053","Sponsored Brands","5.58","GBP"
"2026-03-21","40237294180920","Sponsored Products","0.75","USD"
"2026-03-19","175777768252798","Sponsored Products","0.91","USD"
"2026-03-12","101965336081409","Sponsored Products","3.69","USD"
"2026-03-10","172779439196738","Sponsored Products","0.00","USD"
"2026-03-30","325883174926875","Sponsored Brands","0.00","USD"
"2026-03-02","413308568322873","Sponsored Brands","0.00","USD"
"2026-03-25","8347630917879","Sponsored Products","3.02","USD"
"2026-03-30","11588448157956","Sponsored Products","1.94","USD"
"2026-03-21","134777743429986","Sponsored Products","0.00","USD"
"2026-03-01","296615200458181","Sponsored Brands","29.03","USD"
"2026-03-12","54673378227395","Sponsored Products","15.33","USD"
"2026-03-02","267283875717235","Sponsored Products","0.00","USD"
"2026-03-23","186804517918072","Sponsored Products","2.96","USD"
"2026-03-15","53404531347848","Sponsored Products","0.00","USD"
"2026-03-12","192968792078402","Sponsored Products","0.00","USD"
"2026-03-22","172779439196738","Sponsored Products","0.00","USD"
"2026-03-08","101459965063202","Sponsored Products","2.19","USD"
"2026-03-30","238790977416237","Sponsored Products","0.00","USD"
"2026-03-21","255100442617527","Sponsored Products","1.25","USD"
"2026-03-28","194512325763287","Sponsored Products","0.00","USD"
"2026-03-05","206968068657618","Sponsored Products","0.00","USD"
"2026-03-14","115764500761375","Sponsored Products","7.97","USD"
"2026-03-04","132476300811824","Sponsored Products","22.61","CAD"
"2026-03-11","2514549308563","Sponsored Products","0.00","USD"
"2026-03-03","113013759920940","Sponsored Products","1.71","USD"
"2026-03-05","42141939819441","Sponsored Products","0.00","USD"
"2026-03-12","278626821184075","Sponsored Products","1.81","USD"
"2026-03-06","53404531347848","Sponsored Products","0.00","USD"
"2026-03-01","455100983218716","Sponsored Brands","4.46","USD"
"2026-03-03","204544178017947","Sponsored Products","0.00","USD"
"2026-03-25","101965336081409","Sponsored Products","0.00","USD"
"2026-03-11","189380234928822","Sponsored Products","0.00","USD"
"2026-03-07","48433117829801","Sponsored Products","8.61","USD"
"2026-03-15","9627520751858","Sponsored Products","2.48","USD"
"2026-03-12","115758363210245","Sponsored Products","19.42","USD"
"2026-03-09","67855357390881","Sponsored Products","0.00","USD"
"2026-03-18","32030113168570","Sponsored Products","0.00","USD"
"2026-03-24","243038183553247","Sponsored Products","0.45","USD"
"2026-03-11","187735718741416","Sponsored Products","0.00","USD"
"2026-03-13","65861573413220","Sponsored Products","0.00","USD"
"2026-03-01","224639482376841","Sponsored Products","0.00","USD"
"2026-03-24","271780514756108","Sponsored Products","0.00","USD"
"2026-03-08","176992507771254","Sponsored Products","8.79","USD"
"2026-03-18","204544178017947","Sponsored Products","4.00","USD"
"2026-03-19","271780514756108","Sponsored Products","0.00","USD"
"2026-03-31","233888031600237","Sponsored Products","0.00","USD"
"2026-03-17","77231525415892","Sponsored Products","3.02","USD"
"2026-03-14","254109808305934","Sponsored Products","0.00","USD"
"2026-03-27","83677388471868","Sponsored Products","0.00","USD"
"2026-03-19","102692108916415","Sponsored Products","0.00","USD"
"2026-03-27","491366396962687","Sponsored Brands","0.00","USD"
"2026-03-08","413308568322873","Sponsored Brands","0.83","USD"
"2026-03-02","128835884603962","Sponsored Products","0.00","USD"
"2026-03-23","243204708497477","Sponsored Products","1.38","USD"
"2026-03-31","346023186686134","Sponsored Brands","0.69","USD"
"2026-03-17","280528554873543","Sponsored Products","0.53","USD"
"2026-03-15","276488907454289","Sponsored Products","1.27","USD"
"2026-03-30","132476300811824","Sponsored Products","17.50","CAD"
"2026-03-11","54386198712419","Sponsored Products","0.93","USD"
"2026-03-11","14582572617569","Sponsored Products","0.00","USD"
"2026-03-31","2514549308563","Sponsored Products","0.00","USD"
"2026-03-09","72790979016813","Sponsored Products","0.00","USD"
"2026-03-18","312632253610695","Sponsored Brands","0.00","USD"
"2026-03-24","115764500761375","Sponsored Products","17.02","USD"
"2026-03-24","82064097659476","Sponsored Products","0.90","USD"
"2026-03-19","77231525415892","Sponsored Products","0.00","USD"
"2026-03-19","303344079444236","Sponsored Brands","0.32","GBP"
"2026-03-16","215176800738804","Sponsored Products","0.00","USD"
"2026-03-08","2514549308563","Sponsored Products","0.00","USD"
"2026-03-31","164743561215297","Sponsored Products","0.00","USD"
"2026-03-06","254109808305934","Sponsored Products","1.24","USD"
"2026-03-06","154085784178560","Sponsored Products","2.30","USD"
"2026-03-21","173362871105297","Sponsored Products","0.00","USD"
"2026-03-19","199076365376964","Sponsored Products","4.81","USD"
"2026-03-13","58475731073369","Sponsored Products","0.00","USD"
"2026-03-29","145958940968220","Sponsored Products","0.00","USD"
"2026-03-15","72790979016813","Sponsored Products","0.06","USD"
"2026-03-04","40237294180920","Sponsored Products","0.69","USD"
"2026-03-13","43460676635147","Sponsored Products","0.00","USD"
"2026-03-17","102474552529229","Sponsored Products","0.00","USD"
"2026-03-14","325883174926875","Sponsored Brands","0.00","USD"
"2026-03-22","11143044290906","Sponsored Products","6.73","USD"
"2026-03-24","154085784178560","Sponsored Products","0.00","USD"
"2026-03-28","269935586939823","Sponsored Products","7.01","CAD"
"2026-03-31","380662946968621","Sponsored Display","0.00","USD"
"2026-03-15","413308568322873","Sponsored Brands","0.20","USD"
"2026-03-13","128770506922317","Sponsored Products","0.00","USD"
"2026-03-12","153491409585454","Sponsored Products","6.20","USD"
"2026-03-20","452065263384491","Sponsored Brands","5.47","USD"
"2026-03-08","482686146435604","Sponsored Brands","1.73","USD"
"2026-03-09","189380234928822","Sponsored Products","0.00","USD"
"2026-03-24","53404531347848","Sponsored Products","17.24","USD"
"2026-03-05","243204708497477","Sponsored Products","0.00","USD"
"2026-03-04","48433117829801","Sponsored Products","10.14","USD"
"2026-03-10","101459965063202","Sponsored Products","4.13","USD"
"2026-03-10","239175797857758","Sponsored Products","10.30","USD"
"2026-03-20","455100983218716","Sponsored Brands","0.60","USD"
"2026-03-19","199698435439447","Sponsored Products","0.00","USD"
"2026-03-16","205764417979436","Sponsored Products","0.00","USD"
"2026-03-16","38682977693457","Sponsored Products","0.00","USD"
"2026-03-17","83042096012825","Sponsored Products","0.00","USD"
"2026-03-21","19228716944861","Sponsored Products","1.18","USD"
"2026-03-17","243038183553247","Sponsored Products","0.00","USD"
"2026-03-01","192968792078402","Sponsored Products","0.00","USD"
"2026-03-13","413308568322873","Sponsored Brands","0.00","USD"
"2026-03-31","30651955945418","Sponsored Products","0.00","USD"
"2026-03-17","11588448157956","Sponsored Products","39.12","USD"
"2026-03-10","156989235380210","Sponsored Products","159.56","USD"
"2026-03-08","243038183553247","Sponsored Products","0.00","USD"
"2026-03-21","82064097659476","Sponsored Products","5.49","USD"
"2026-03-13","113013759920940","Sponsored Products","1.59","USD"
"2026-03-09","210638600694486","Sponsored Products","0.00","USD"
"2026-03-09","241259046045612","Sponsored Products","0.00","USD"
"2026-03-06","168803396873792","Sponsored Products","0.00","USD"
"2026-03-30","262727752997615","Sponsored Products","0.00","USD"
"2026-03-21","9627520751858","Sponsored Products","2.16","USD"
"2026-03-05","134777743429986","Sponsored Products","0.00","USD"
"2026-03-02","130912331972988","Sponsored Products","0.00","USD"
"2026-03-07","115764500761375","Sponsored Products","6.45","USD"
"2026-03-12","19228716944861","Sponsored Products","0.00","USD"
"2026-03-27","255100442617527","Sponsored Products","0.00","USD"
"2026-03-24","245335884201020","Sponsored Products","0.00","USD"
"2026-03-16","188279469264899","Sponsored Products","0.00","USD"
"2026-03-02","149818563042691","Sponsored Products","0.00","USD"
"2026-03-08","198809778193730","Sponsored Products","124.94","USD"
"2026-03-11","67855357390881","Sponsored Products","0.00","USD"
"2026-03-07","126638359335345","Sponsored Products","0.92","USD"
"2026-03-02","39061317933304","Sponsored Products","0.97","USD"
"2026-03-10","133243849204741","Sponsored Products","0.00","USD"
"2026-03-10","202299611765170","Sponsored Products","0.00","USD"
"2026-03-31","43460676635147","Sponsored Products","0.00","USD"
"2026-03-13","277250351840071","Sponsored Products","3.10","USD"
"2026-03-09","65861573413220","Sponsored Products","0.00","USD"
"2026-03-12","346023186686134","Sponsored Brands","0.00","USD"
"2026-03-05","495677195822245","Sponsored Brands","3.06","USD"
"2026-03-05","224639482376841","Sponsored Products","0.00","USD"
"2026-03-12","175777768252798","Sponsored Products","6.51","USD"
"2026-03-06","261580610725925","Sponsored Products","0.00","AUD"
"2026-03-26","58475731073369","Sponsored Products","0.00","USD"
"2026-03-20","203521351461363","Sponsored Products","0.00","USD"
"2026-03-11","22515666501366","Sponsored Products","0.00","USD"
"2026-03-17","241960271286519","Sponsored Products","0.00","USD"
"2026-03-01","277250351840071","Sponsored Products","5.32","USD"
"2026-03-02","77231525415892","Sponsored Products","0.00","USD"
"2026-03-18","54673378227395","Sponsored Products","4.87","USD"
"2026-03-22","2414736156339","Sponsored Products","1.95","USD"
"2026-03-16","198809778193730","Sponsored Products","31.28","USD"
"2026-03-28","101965336081409","Sponsored Products","0.00","USD"
"2026-03-05","40237294180920","Sponsored Products","0.00","USD"
"2026-03-01","22348745290500","Sponsored Products","0.00","USD"
"2026-03-07","277250351840071","Sponsored Products","5.44","USD"
"2026-03-24","8078369968995","Sponsored Products","0.00","USD"
"2026-03-20","263531397076178","Sponsored Products","0.00","USD"
"2026-03-12","281235849108344","Sponsored Products","2.23","USD"
"2026-03-25","202838039381314","Sponsored Products","1.22","USD"
"2026-03-25","23854220044300","Sponsored Products","0.46","USD"
"2026-03-23","113013759920940","Sponsored Products","0.00","USD"
"2026-03-28","439663157752722","Sponsored Brands","1.41","USD"
"2026-03-20","113013759920940","Sponsored Products","2.82","USD"
"2026-03-17","186804517918072","Sponsored Products","0.00","USD"
"2026-03-12","455100983218716","Sponsored Brands","3.30","USD"
"2026-03-25","44065507618346","Sponsored Products","1.09","USD"
"2026-03-26","120274159023818","Sponsored Products","2.38","USD"
"2026-03-13","441925918527435","Sponsored Brands","11.92","USD"
"2026-03-16","259323671730401","Sponsored Products","5.93","USD"
"2026-03-08","515637010546761","Sponsored Brands","6.27","USD"
"2026-03-07","210638600694486","Sponsored Products","0.00","USD"
"2026-03-14","43460676635147","Sponsored Products","0.00","USD"
"2026-03-27","441925918527435","Sponsored Brands","4.29","USD"
"2026-03-14","168803396873792","Sponsored Products","0.00","USD"
"2026-03-03","291680855614624","Sponsored Brands","0.86","GBP"
"2026-03-30","82064097659476","Sponsored Products","4.13","USD"
"2026-03-21","199076365376964","Sponsored Products","12.60","USD"
"2026-03-18","43460676635147","Sponsored Products","0.00","USD"
"2026-03-04","239677460933975","Sponsored Products","8.27","USD"
"2026-03-04","102474552529229","Sponsored Products","0.00","USD"
"2026-03-16","19228716944861","Sponsored Products","0.00","USD"
"2026-03-11","22348745290500","Sponsored Products","0.00","USD"
"2026-03-03","97079585612330","Sponsored Products","2.24","USD"
"2026-03-08","303344079444236","Sponsored Brands","0.00","GBP"
"2026-03-10","77231525415892","Sponsored Products","0.00","USD"
"2026-03-04","357384467879967","Sponsored Brands","4.06","USD"
"2026-03-05","263531397076178","Sponsored Products","0.00","USD"
"2026-03-29","133243849204741","Sponsored Products","0.00","USD"
"2026-03-20","515637010546761","Sponsored Brands","3.73","USD"
"2026-03-19","434170639918769","Sponsored Brands","0.00","USD"
"2026-03-26","173362871105297","Sponsored Products","0.00","USD"
"2026-03-31","11143044290906","Sponsored Products","0.00","USD"
"2026-03-10","93539819506468","Sponsored Products","5.58","USD"
"2026-03-25","188545556962991","Sponsored Products","0.00","USD"
"2026-03-24","284096201830626","Sponsored Display","0.00","USD"
"2026-03-16","94073967562900","Sponsored Products","0.00","USD"
"2026-03-30","149818563042691","Sponsored Products","0.00","USD"
"2026-03-06","22515666501366","Sponsored Products","0.00","USD"
"2026-03-12","156989235380210","Sponsored Products","252.00","USD"
"2026-03-11","40237294180920","Sponsored Products","9.28","USD"
"2026-03-02","93539819506468","Sponsored Products","9.46","USD"
"2026-03-15","207367106415924","Sponsored Products","26.21","GBP"
"2026-03-28","205764417979436","Sponsored Products","0.00","USD"
"2026-03-12","189380234928822","Sponsored Products","0.00","USD"
"2026-03-24","140453739775668","Sponsored Products","0.00","USD"
"2026-03-26","115758363210245","Sponsored Products","1.67","USD"
"2026-03-14","441925918527435","Sponsored Brands","10.77","USD"
"2026-03-19","267283875717235","Sponsored Products","0.00","USD"
"2026-03-22","239677460933975","Sponsored Products","1.47","USD"
"2026-03-07","115943131527635","Sponsored Products","4.20","USD"
"2026-03-12","267283875717235","Sponsored Products","4.68","USD"
"2026-03-14","152555236474228","Sponsored Products","0.00","USD"
"2026-03-02","48758698369103","Sponsored Products","4.72","USD"
"2026-03-24","124202126398060","Sponsored Products","0.64","USD"
"2026-03-10","210638600694486","Sponsored Products","0.76","USD"
"2026-03-28","284096201830626","Sponsored Display","0.24","USD"
"2026-03-03","210638600694486","Sponsored Products","0.00","USD"
"2026-03-25","133243849204741","Sponsored Products","0.00","USD"
"2026-03-25","204544178017947","Sponsored Products","1.96","USD"
"2026-03-24","64790741448016","Sponsored Products","0.00","USD"
"2026-03-15","34478632960968","Sponsored Products","5.74","USD"
"2026-03-08","137772430611725","Sponsored Products","0.00","USD"
"2026-03-11","423471492340141","Sponsored Brands","0.70","USD"
"2026-03-16","27661898820374","Sponsored Products","1.88","USD"
"2026-03-30","560000811916391","Sponsored Brands","6.91","USD"
"2026-03-30","48192245895031","Sponsored Products","0.00","USD"
"2026-03-07","145958940968220","Sponsored Products","1.26","USD"
"2026-03-07","149818563042691","Sponsored Products","0.00","USD"
"2026-03-17","138135222992233","Sponsored Products","0.00","USD"
"2026-03-15","137772430611725","Sponsored Products","0.00","USD"
"2026-03-22","130912331972988","Sponsored Products","5.08","USD"
"2026-03-26","133243849204741","Sponsored Products","0.00","USD"
"2026-03-23","239677460933975","Sponsored Products","1.02","USD"
"2026-03-23","158171452508120","Sponsored Products","1.95","USD"
"2026-03-04","115764500761375","Sponsored Products","8.94","USD"
"2026-03-06","42141939819441","Sponsored Products","0.00","USD"
"2026-03-28","97079585612330","Sponsored Products","0.00","USD"
"2026-03-29","194512325763287","Sponsored Products","0.00","USD"
"2026-03-29","281024885672869","Sponsored Products","0.00","USD"
"2026-03-23","30179169319725","Sponsored Products","6.01","AUD"
"2026-03-24","188279469264899","Sponsored Products","0.00","USD"
"2026-03-28","272711015971799","Sponsored Products","0.00","USD"
"2026-03-02","560000811916391","Sponsored Brands","8.49","USD"
"2026-03-22","81320226496883","Sponsored Products","0.00","USD"
"2026-03-10","149626049979530","Sponsored Products","0.00","USD"
"2026-03-31","216925562826343","Sponsored Products","0.00","USD"
"2026-03-03","83677388471868","Sponsored Products","0.00","USD"
"2026-03-27","140453739775668","Sponsored Products","0.00","USD"
"2026-03-26","126638359335345","Sponsored Products","0.00","USD"
"2026-03-09","202228555422966","Sponsored Products","0.00","USD"
"2026-03-03","141552428309171","Sponsored Products","7.66","USD"
"2026-03-05","54386198712419","Sponsored Products","2.58","USD"
"2026-03-02","278626821184075","Sponsored Products","5.04","USD"
"2026-03-25","281235849108344","Sponsored Products","2.05","USD"
"2026-03-31","218351835233699","Sponsored Products","1.60","GBP"
"2026-03-30","2414736156339","Sponsored Products","5.07","USD"
"2026-03-03","14582572617569","Sponsored Products","0.00","USD"
"2026-03-01","206968068657618","Sponsored Products","0.00","USD"
"2026-03-17","218351835233699","Sponsored Products","10.51","GBP"
"2026-03-18","19228716944861","Sponsored Products","0.00","USD"
"2026-03-09","126638359335345","Sponsored Products","1.47","USD"
"2026-03-02","188279469264899","Sponsored Products","2.97","USD"
"2026-03-14","172779439196738","Sponsored Products","0.00","USD"
"2026-03-22","101459965063202","Sponsored Products","0.54","USD"
"2026-03-16","380662946968621","Sponsored Display","0.00","USD"
"2026-03-21","407444835513369","Sponsored Brands","0.00","CAD"
"2026-03-28","176992507771254","Sponsored Products","7.38","USD"
"2026-03-28","225946958740637","Sponsored Products","0.00","USD"
"2026-03-24","115943131527635","Sponsored Products","0.00","USD"
"2026-03-23","255100442617527","Sponsored Products","0.93","USD"
"2026-03-23","2514549308563","Sponsored Products","2.21","USD"
"2026-03-30","255100442617527","Sponsored Products","0.00","USD"
"2026-03-13","243204708497477","Sponsored Products","2.17","USD"
"2026-03-23","202228555422966","Sponsored Products","0.00","USD"
"2026-03-16","216925562826343","Sponsored Products","0.00","USD"
"2026-03-08","325883174926875","Sponsored Brands","0.28","USD"
"2026-03-03","434170639918769","Sponsored Brands","0.00","USD"
"2026-03-13","115764500761375","Sponsored Products","2.10","USD"
"2026-03-02","156285188540724","Sponsored Products","11.33","USD"
"2026-03-27","43460676635147","Sponsored Products","0.00","USD"
"2026-03-22","141648422510979","Sponsored Products","0.00","USD"
"2026-03-24","9627520751858","Sponsored Products","0.00","USD"
"2026-03-17","269935586939823","Sponsored Products","6.32","CAD"
"2026-03-12","141648422510979","Sponsored Products","1.90","USD"
"2026-03-19","23854220044300","Sponsored Products","0.64","USD"
"2026-03-01","79620432535917","Sponsored Products","3.43","USD"
"2026-03-27","115758363210245","Sponsored Products","0.70","USD"
"2026-03-22","199698435439447","Sponsored Products","0.00","USD"
"2026-03-26","138135222992233","Sponsored Products","0.00","USD"
"2026-03-10","158724595401869","Sponsored Products","0.00","USD"
"2026-03-15","82064097659476","Sponsored Products","2.60","USD"
"2026-03-04","56338703455249","Sponsored Products","2.56","USD"
"2026-03-14","149626049979530","Sponsored Products","0.00","USD"
"2026-03-27","205764417979436","Sponsored Products","0.00","USD"
"2026-03-16","61090477012622","Sponsored Products","0.52","USD"
"2026-03-06","153491409585454","Sponsored Products","0.00","USD"
"2026-03-08","296615200458181","Sponsored Brands","28.83","USD"
"2026-03-30","61837188685116","Sponsored Products","0.00","USD"
"2026-03-29","113013759920940","Sponsored Products","0.00","USD"
"2026-03-21","102474552529229","Sponsored Products","0.00","USD"
"2026-03-09","156989235380210","Sponsored Products","232.29","USD"
"2026-03-13","281235849108344","Sponsored Products","1.23","USD"
"2026-03-14","22515666501366","Sponsored Products","1.59","USD"
"2026-03-22","149818563042691","Sponsored Products","0.00","USD"
"2026-03-28","55613271497964","Sponsored Products","0.00","USD"
"2026-03-17","254109808305934","Sponsored Products","1.82","USD"
"2026-03-17","164743561215297","Sponsored Products","0.00","USD"
"2026-03-15","61503627186513","Sponsored Products","0.00","USD"
"2026-03-15","56338703455249","Sponsored Products","0.86","USD"
"2026-03-15","280513164622908","Sponsored Products","0.00","USD"
"2026-03-12","50912117972815","Sponsored Products","1.06","USD"
"2026-03-29","188279469264899","Sponsored Products","0.00","USD"
"2026-03-14","210638600694486","Sponsored Products","0.56","USD"
"2026-03-27","218351835233699","Sponsored Products","4.01","GBP"
"2026-03-13","216925562826343","Sponsored Products","0.00","USD"
"2026-03-01","115758363210245","Sponsored Products","22.75","USD"
"2026-03-01","281024885672869","Sponsored Products","2.50","USD"
"2026-03-22","239175797857758","Sponsored Products","2.57","USD"
"2026-03-23","278626821184075","Sponsored Products","0.00","USD"
"2026-03-05","11143044290906","Sponsored Products","0.00","USD"
"2026-03-02","83677388471868","Sponsored Products","0.00","USD"
"2026-03-19","141648422510979","Sponsored Products","0.00","USD"
"2026-03-03","270584116199369","Sponsored Products","0.00","USD"
"2026-03-25","138135222992233","Sponsored Products","0.00","USD"
"2026-03-22","65271102777505","Sponsored Products","0.00","USD"
"2026-03-11","8347630917879","Sponsored Products","9.10","USD"
"2026-03-11","158724595401869","Sponsored Products","0.00","USD"
"2026-03-29","205922105032655","Sponsored Products","0.00","USD"
"2026-03-07","303344079444236","Sponsored Brands","0.19","GBP"
"2026-03-04","54386198712419","Sponsored Products","2.20","USD"
"2026-03-08","192968792078402","Sponsored Products","0.00","USD"
"2026-03-07","271780514756108","Sponsored Products","0.00","USD"
"2026-03-21","453754530299965","Sponsored Brands","0.00","USD"
"2026-03-27","121446500477002","Sponsored Products","0.00","USD"
"2026-03-20","168803396873792","Sponsored Products","0.00","USD"
"2026-03-17","225946958740637","Sponsored Products","0.00","USD"
"2026-03-05","267283875717235","Sponsored Products","4.64","USD"
"2026-03-10","239677460933975","Sponsored Products","0.00","USD"
"2026-03-08","94121140300347","Sponsored Products","24.05","USD"
"2026-03-17","137772430611725","Sponsored Products","1.91","USD"
"2026-03-15","203521351461363","Sponsored Products","1.29","USD"
"2026-03-12","128835884603962","Sponsored Products","0.00","USD"
"2026-03-22","145958940968220","Sponsored Products","1.01","USD"
"2026-03-22","348184859637636","Sponsored Brands","4.75","USD"
"2026-03-22","77231525415892","Sponsored Products","0.00","USD"
"2026-03-24","423471492340141","Sponsored Brands","2.79","USD"
"2026-03-09","560000811916391","Sponsored Brands","6.16","USD"
"2026-03-02","261659564571062","Sponsored Products","0.00","USD"
"2026-03-14","61090477012622","Sponsored Products","0.00","USD"
"2026-03-09","187735718741416","Sponsored Products","0.00","USD"
"2026-03-23","115764500761375","Sponsored Products","0.00","USD"
"2026-03-20","101459965063202","Sponsored Products","0.79","USD"
"2026-03-03","452065263384491","Sponsored Brands","1.24","USD"
"2026-03-30","8347630917879","Sponsored Products","11.42","USD"
"2026-03-09","357384467879967","Sponsored Brands","0.00","USD"
"2026-03-01","14582572617569","Sponsored Products","2.65","USD"
"2026-03-02","176992507771254","Sponsored Products","1.89","USD"
"2026-03-25","77231525415892","Sponsored Products","0.00","USD"
"2026-03-07","269935586939823","Sponsored Products","25.00","CAD"
"2026-03-23","44065507618346","Sponsored Products","0.00","USD"
"2026-03-23","254109808305934","Sponsored Products","0.52","USD"
"2026-03-10","137772430611725","Sponsored Products","0.93","USD"
"2026-03-12","279125239605082","Sponsored Products","0.00","USD"
"2026-03-24","1069464513580","Sponsored Products","8.02","USD"
"2026-03-16","65861573413220","Sponsored Products","0.00","USD"
"2026-03-03","194512325763287","Sponsored Products","0.00","USD"
"2026-03-02","11588448157956","Sponsored Products","1.17","USD"
"2026-03-08","203521351461363","Sponsored Products","2.33","USD"
"2026-03-07","175777768252798","Sponsored Products","2.01","USD"
"2026-03-31","441925918527435","Sponsored Brands","5.85","USD"
"2026-03-26","243204708497477","Sponsored Products","0.00","USD"
"2026-03-06","149626049979530","Sponsored Products","0.00","USD"
"2026-03-12","192420944790293","Sponsored Products","11.09","GBP"
"2026-03-13","133846876580591","Sponsored Products","4.38","USD"
"2026-03-15","96060745446945","Sponsored Products","0.00","USD"
"2026-03-01","81320226496883","Sponsored Products","0.00","USD"
"2026-03-02","82064097659476","Sponsored Products","0.00","USD"
"2026-03-25","27661898820374","Sponsored Products","0.00","USD"
"2026-03-28","34478632960968","Sponsored Products","9.85","USD"
"2026-03-13","188545556962991","Sponsored Products","4.00","USD"
"2026-03-14","48758698369103","Sponsored Products","0.00","USD"
"2026-03-18","58475731073369","Sponsored Products","0.00","USD"
"2026-03-24","215966552761313","Sponsored Products","0.00","USD"
"2026-03-04","263531397076178","Sponsored Products","0.00","USD"
"2026-03-11","94121140300347","Sponsored Products","4.72","USD"
"2026-03-19","186804517918072","Sponsored Products","0.00","USD"
"2026-03-03","215176800738804","Sponsored Products","0.00","USD"
"2026-03-25","241259046045612","Sponsored Products","0.00","USD"
"2026-03-11","54673378227395","Sponsored Products","14.35","USD"
"2026-03-22","272711015971799","Sponsored Products","0.00","USD"
"2026-03-28","452065263384491","Sponsored Brands","3.32","USD"
"2026-03-31","495677195822245","Sponsored Brands","0.00","USD"
"2026-03-20","199076365376964","Sponsored Products","6.19","USD"
"2026-03-12","357384467879967","Sponsored Brands","0.00","USD"
"2026-03-29","346023186686134","Sponsored Brands","1.22","USD"
"2026-03-30","216925562826343","Sponsored Products","0.00","USD"
"2026-03-31","133243849204741","Sponsored Products","0.00","USD"
"2026-03-09","128835884603962","Sponsored Products","0.00","USD"
"2026-03-07","279125239605082","Sponsored Products","0.00","USD"
"2026-03-07","34478632960968","Sponsored Products","6.32","USD"
"2026-03-29","11143044290906","Sponsored Products","0.00","USD"
"2026-03-05","156989235380210","Sponsored Products","190.08","USD"
"2026-03-30","32030113168570","Sponsored Products","0.00","USD"
"2026-03-05","215176800738804","Sponsored Products","0.00","USD"
"2026-03-29","188545556962991","Sponsored Products","0.00","USD"
"2026-03-08","154085784178560","Sponsored Products","2.82","USD"
"2026-03-20","205764417979436","Sponsored Products","0.00","USD"
"2026-03-21","121446500477002","Sponsored Products","0.00","USD"
"2026-03-14","194512325763287","Sponsored Products","1.05","USD"
"2026-03-31","34478632960968","Sponsored Products","1.13","USD"
"2026-03-04","154118694541854","Sponsored Products","0.45","USD"
"2026-03-31","204544178017947","Sponsored Products","0.00","USD"
"2026-03-13","8347630917879","Sponsored Products","5.21","USD"
"2026-03-13","138135222992233","Sponsored Products","1.29","USD"
"2026-03-05","198809778193730","Sponsored Products","93.66","USD"
"2026-03-20","205922105032655","Sponsored Products","1.39","USD"
"2026-03-09","34478632960968","Sponsored Products","9.05","USD"
"2026-03-14","413308568322873","Sponsored Brands","0.00","USD"
"2026-03-15","54386198712419","Sponsored Products","0.00","USD"
"2026-03-14","42141939819441","Sponsored Products","0.00","USD"
"2026-03-24","206968068657618","Sponsored Products","0.00","USD"
"2026-03-23","215176800738804","Sponsored Products","0.00","USD"
"2026-03-04","560000811916391","Sponsored Brands","11.29","USD"
"2026-03-11","101965336081409","Sponsored Products","2.04","USD"
"2026-03-08","115758363210245","Sponsored Products","58.82","USD"
"2026-03-09","186804517918072","Sponsored Products","0.00","USD"
"2026-03-25","215966552761313","Sponsored Products","0.00","USD"
"2026-03-28","303344079444236","Sponsored Brands","0.03","GBP"
"2026-03-11","439663157752722","Sponsored Brands","3.25","USD"
"2026-03-11","482686146435604","Sponsored Brands","2.03","USD"
"2026-03-30","205922105032655","Sponsored Products","0.00","USD"
"2026-03-17","128835884603962","Sponsored Products","3.42","USD"
"2026-03-27","168803396873792","Sponsored Products","0.00","USD"
"2026-03-18","175777768252798","Sponsored Products","0.00","USD"
"2026-03-26","243038183553247","Sponsored Products","0.00","USD"
"2026-03-02","202228555422966","Sponsored Products","0.00","USD"
"2026-03-26","153491409585454","Sponsored Products","0.00","USD"
"2026-03-23","54673378227395","Sponsored Products","2.14","USD"
"2026-03-16","213530912619228","Sponsored Products","0.00","USD"
"2026-03-19","133846876580591","Sponsored Products","2.12","USD"
"2026-03-01","60802440953180","Sponsored Products","5.43","USD"
"2026-03-19","176992507771254","Sponsored Products","3.68","USD"
"2026-03-31","94121140300347","Sponsored Products","0.80","USD"
"2026-03-02","284096201830626","Sponsored Display","0.00","USD"
"2026-03-18","210638600694486","Sponsored Products","2.28","USD"
"2026-03-22","96060745446945","Sponsored Products","0.00","USD"
"2026-03-26","72921898703277","Sponsored Products","0.00","USD"
"2026-03-16","134777743429986","Sponsored Products","24.44","USD"
"2026-03-31","239175797857758","Sponsored Products","0.00","USD"
"2026-03-13","194838680698310","Sponsored Products","0.00","USD"
"2026-03-15","101965336081409","Sponsored Products","0.00","USD"
"2026-03-20","61837188685116","Sponsored Products","0.00","USD"
"2026-03-13","72790979016813","Sponsored Products","0.00","USD"
"2026-03-17","206968068657618","Sponsored Products","0.00","USD"
"2026-03-29","56338703455249","Sponsored Products","0.00","USD"
"2026-03-29","261580610725925","Sponsored Products","2.18","AUD"
"2026-03-22","133243849204741","Sponsored Products","0.96","USD"
"2026-03-23","225946958740637","Sponsored Products","0.00","USD"
"2026-03-25","284096201830626","Sponsored Display","0.41","USD"
"2026-03-11","19228716944861","Sponsored Products","0.00","USD"
"2026-03-28","54673378227395","Sponsored Products","0.00","USD"
"2026-03-28","61837188685116","Sponsored Products","0.00","USD"
"2026-03-27","276488907454289","Sponsored Products","0.00","USD"
"2026-03-10","11143044290906","Sponsored Products","2.34","USD"
"2026-03-16","281235849108344","Sponsored Products","5.60","USD"
"2026-03-19","101965336081409","Sponsored Products","2.18","USD"
"2026-03-25","216925562826343","Sponsored Products","0.00","USD"
"2026-03-26","38682977693457","Sponsored Products","0.00","USD"
"2026-03-30","38682977693457","Sponsored Products","0.00","USD"
"2026-03-09","272711015971799","Sponsored Products","0.00","USD"
"2026-03-27","176992507771254","Sponsored Products","2.35","USD"
"2026-03-19","271002646812055","Sponsored Products","0.00","USD"
"2026-03-03","202228555422966","Sponsored Products","0.00","USD"
"2026-03-05","225946958740637","Sponsored Products","0.00","USD"
"2026-03-20","176992507771254","Sponsored Products","3.08","USD"
"2026-03-16","263531397076178","Sponsored Products","0.00","USD"
"2026-03-02","173362871105297","Sponsored Products","2.94","USD"
"2026-03-28","218351835233699","Sponsored Products","2.20","GBP"
"2026-03-14","279125239605082","Sponsored Products","0.00","USD"
"2026-03-18","72790979016813","Sponsored Products","0.00","USD"
"2026-03-23","175777768252798","Sponsored Products","5.60","USD"
"2026-03-21","8347630917879","Sponsored Products","8.60","USD"
"2026-03-05","202228555422966","Sponsored Products","0.00","USD"
"2026-03-27","215176800738804","Sponsored Products","0.00","USD"
"2026-03-31","539931100075119","Sponsored Brands","7.33","USD"
"2026-03-24","145958940968220","Sponsored Products","0.00","USD"
"2026-03-11","176035476248713","Sponsored Products","0.00","USD"
"2026-03-05","32030113168570","Sponsored Products","0.00","USD"
"2026-03-27","19228716944861","Sponsored Products","0.99","USD"
"2026-03-20","162987026418786","Sponsored Products","0.00","USD"
"2026-03-24","202838039381314","Sponsored Products","0.00","USD"
"2026-03-30","278626821184075","Sponsored Products","0.00","USD"
"2026-03-03","27661898820374","Sponsored Products","2.46","USD"
"2026-03-05","156285188540724","Sponsored Products","5.66","USD"
"2026-03-26","93539819506468","Sponsored Products","0.00","USD"
"2026-03-04","128835884603962","Sponsored Products","1.25","USD"
"2026-03-11","65861573413220","Sponsored Products","0.00","USD"
"2026-03-17","255100442617527","Sponsored Products","1.81","USD"
"2026-03-14","280513164622908","Sponsored Products","0.00","USD"
"2026-03-22","27661898820374","Sponsored Products","1.67","USD"
"2026-03-10","296615200458181","Sponsored Brands","22.68","USD"
"2026-03-07","32030113168570","Sponsored Products","0.00","USD"
"2026-03-17","22515666501366","Sponsored Products","0.00","USD"
"2026-03-16","94121140300347","Sponsored Products","0.99","USD"
"2026-03-31","72921898703277","Sponsored Products","0.00","USD"
"2026-03-07","154118694541854","Sponsored Products","0.00","USD"
"2026-03-12","413308568322873","Sponsored Brands","0.22","USD"
"2026-03-23","128835884603962","Sponsored Products","0.00","USD"
"2026-03-25","357384467879967","Sponsored Brands","0.74","USD"
"2026-03-16","168803396873792","Sponsored Products","0.00","USD"
"2026-03-15","140453739775668","Sponsored Products","0.93","USD"
"2026-03-12","39061317933304","Sponsored Products","0.00","USD"
"2026-03-19","192420944790293","Sponsored Products","2.19","GBP"
"2026-03-26","202838039381314","Sponsored Products","3.30","USD"
"2026-03-26","145958940968220","Sponsored Products","0.00","USD"
"2026-03-08","65861573413220","Sponsored Products","0.00","USD"
"2026-03-11","225946958740637","Sponsored Products","0.00","USD"
"2026-03-02","215966552761313","Sponsored Products","3.76","USD"
"2026-03-02","137772430611725","Sponsored Products","0.00","USD"
"2026-03-05","238790977416237","Sponsored Products","0.00","USD"
"2026-03-04","495677195822245","Sponsored Brands","1.53","USD"
"2026-03-06","124202126398060","Sponsored Products","2.68","USD"
"2026-03-09","175777768252798","Sponsored Products","8.13","USD"
"2026-03-04","121446500477002","Sponsored Products","6.62","USD"
"2026-03-20","145958940968220","Sponsored Products","0.84","USD"
"2026-03-29","545989665090053","Sponsored Brands","0.91","GBP"
"2026-03-31","198809778193730","Sponsored Products","28.60","USD"
"2026-03-07","413308568322873","Sponsored Brands","0.00","USD"
"2026-03-13","261580610725925","Sponsored Products","0.00","AUD"
"2026-03-30","18193170148935","Sponsored Products","0.00","USD"
"2026-03-01","434170639918769","Sponsored Brands","4.76","USD"
"2026-03-16","441925918527435","Sponsored Brands","4.46","USD"
"2026-03-28","224639482376841","Sponsored Products","0.51","USD"
"2026-03-07","11588448157956","Sponsored Products","0.00","USD"
"2026-03-02","186804517918072","Sponsored Products","0.00","USD"
"2026-03-22","156989235380210","Sponsored Products","189.30","USD"
"2026-03-23","121446500477002","Sponsored Products","0.55","USD"
"2026-03-03","545989665090053","Sponsored Brands","2.88","GBP"
"2026-03-01","172779439196738","Sponsored Products","0.00","USD"
"2026-03-26","276797522102375","Sponsored Products","2.72","USD"
"2026-03-04","203521351461363","Sponsored Products","0.00","USD"
"2026-03-30","281110747056753","Sponsored Products","0.00","USD"
"2026-03-17","259201002739674","Sponsored Products","4.24","USD"
"2026-03-23","56338703455249","Sponsored Products","0.00","USD"
"2026-03-13","11588448157956","Sponsored Products","5.85","USD"
"2026-03-08","239677460933975","Sponsored Products","2.20","USD"
"2026-03-01","130912331972988","Sponsored Products","1.29","USD"
"2026-03-01","65861573413220","Sponsored Products","0.00","USD"
"2026-03-24","154118694541854","Sponsored Products","0.00","USD"
"2026-03-20","346023186686134","Sponsored Brands","0.00","USD"
"2026-03-11","213530912619228","Sponsored Products","0.64","USD"
"2026-03-13","245503802057093","Sponsored Products","0.00","USD"
"2026-03-29","115764500761375","Sponsored Products","1.89","USD"
"2026-03-20","257373022214500","Sponsored Products","0.00","USD"
"2026-03-19","515637010546761","Sponsored Brands","3.82","USD"
"2026-03-17","65861573413220","Sponsored Products","0.00","USD"
"2026-03-02","192420944790293","Sponsored Products","34.72","GBP"
"2026-03-18","357384467879967","Sponsored Brands","0.00","USD"
"2026-03-22","30651955945418","Sponsored Products","0.00","USD"
"2026-03-04","101459965063202","Sponsored Products","12.71","USD"
"2026-03-06","539931100075119","Sponsored Brands","15.92","USD"
"2026-03-11","205764417979436","Sponsored Products","0.00","USD"
"2026-03-19","149626049979530","Sponsored Products","0.00","USD"
"2026-03-22","188279469264899","Sponsored Products","0.00","USD"
"2026-03-06","515637010546761","Sponsored Brands","13.44","USD"
"2026-03-06","32571611634774","Sponsored Products","0.00","USD"
"2026-03-12","188545556962991","Sponsored Products","5.99","USD"
"2026-03-12","276797522102375","Sponsored Products","1.56","USD"
"2026-03-08","121446500477002","Sponsored Products","0.97","USD"
"2026-03-12","246452377117901","Sponsored Products","2.47","USD"
"2026-03-27","194838680698310","Sponsored Products","0.12","USD"
"2026-03-23","1861066386589","Sponsored Products","0.00","USD"
"2026-03-29","482686146435604","Sponsored Brands","2.53","USD"
"2026-03-07","1069464513580","Sponsored Products","8.98","USD"
"2026-03-17","152555236474228","Sponsored Products","0.00","USD"
"2026-03-31","83677388471868","Sponsored Products","0.00","USD"
"2026-03-15","277250351840071","Sponsored Products","4.22","USD"
"2026-03-14","44065507618346","Sponsored Products","0.88","USD"
"2026-03-21","206968068657618","Sponsored Products","3.70","USD"
"2026-03-09","455100983218716","Sponsored Brands","4.67","USD"
"2026-03-07","188545556962991","Sponsored Products","0.00","USD"
"2026-03-03","272711015971799","Sponsored Products","0.00","USD"
"2026-03-24","281110747056753","Sponsored Products","0.00","USD"
"2026-03-03","261580610725925","Sponsored Products","0.79","AUD"
"2026-03-12","40237294180920","Sponsored Products","3.65","USD"
"2026-03-03","138135222992233","Sponsored Products","0.00","USD"
"2026-03-05","138135222992233","Sponsored Products","0.00","USD"
"2026-03-12","61503627186513","Sponsored Products","0.00","USD"
"2026-03-10","42141939819441","Sponsored Products","0.00","USD"
"2026-03-19","210638600694486","Sponsored Products","5.78","USD"
"2026-03-31","128770506922317","Sponsored Products","0.85","USD"
"2026-03-29","133846876580591","Sponsored Products","0.00","USD"
"2026-03-18","1861066386589","Sponsored Products","0.00","USD"
"2026-03-26","482686146435604","Sponsored Brands","4.54","USD"
"2026-03-06","1861066386589","Sponsored Products","0.00","USD"
"2026-03-01","9627520751858","Sponsored Products","3.00","USD"
"2026-03-25","40237294180920","Sponsored Products","0.95","USD"
"2026-03-21","441925918527435","Sponsored Brands","16.91","USD"
"2026-03-20","154085784178560","Sponsored Products","3.77","USD"
"2026-03-13","22515666501366","Sponsored Products","0.00","USD"
"2026-03-28","140453739775668","Sponsored Products","0.00","USD"
"2026-03-17","434170639918769","Sponsored Brands","1.63","USD"
"2026-03-22","134777743429986","Sponsored Products","0.00","USD"
"2026-03-24","48433117829801","Sponsored Products","0.00","USD"
"2026-03-12","291680855614624","Sponsored Brands","0.84","GBP"
"2026-03-13","96060745446945","Sponsored Products","0.00","USD"
"2026-03-18","158171452508120","Sponsored Products","0.00","USD"
"2026-03-23","206968068657618","Sponsored Products","0.00","USD"
"2026-03-20","61503627186513","Sponsored Products","0.00","USD"
"2026-03-30","515637010546761","Sponsored Brands","1.14","USD"
"2026-03-23","257373022214500","Sponsored Products","0.00","USD"
"2026-03-23","281024885672869","Sponsored Products","0.00","USD"
"2026-03-13","233888031600237","Sponsored Products","0.00","USD"
"2026-03-28","168803396873792","Sponsored Products","0.00","USD"
"2026-03-27","54673378227395","Sponsored Products","0.00","USD"
"2026-03-13","495677195822245","Sponsored Brands","0.00","USD"
"2026-03-02","115943131527635","Sponsored Products","0.78","USD"
"2026-03-16","32571611634774","Sponsored Products","0.00","USD"
"2026-03-17","545989665090053","Sponsored Brands","3.14","GBP"
"2026-03-13","271780514756108","Sponsored Products","0.95","USD"
"2026-03-09","188279469264899","Sponsored Products","1.40","USD"
"2026-03-12","158171452508120","Sponsored Products","0.00","USD"
"2026-03-10","188279469264899","Sponsored Products","0.97","USD"
"2026-03-13","348184859637636","Sponsored Brands","0.00","USD"
"2026-03-28","174719285602701","Sponsored Products","3.49","USD"
"2026-03-03","77231525415892","Sponsored Products","3.06","USD"
"2026-03-25","94121140300347","Sponsored Products","2.63","USD"
"2026-03-16","44065507618346","Sponsored Products","0.00","USD"
"2026-03-06","158724595401869","Sponsored Products","0.00","USD"
"2026-03-19","96060745446945","Sponsored Products","0.00","USD"
"2026-03-31","173362871105297","Sponsored Products","0.00","USD"
"2026-03-13","278626821184075","Sponsored Products","0.00","USD"
"2026-03-05","83677388471868","Sponsored Products","2.76","USD"
"2026-03-12","495677195822245","Sponsored Brands","4.15","USD"
"2026-03-02","218351835233699","Sponsored Products","12.72","GBP"
"2026-03-25","239772993878028","Sponsored Products","0.00","USD"
"2026-03-31","82064097659476","Sponsored Products","4.91","USD"
"2026-03-07","270584116199369","Sponsored Products","0.45","USD"
"2026-03-07","233888031600237","Sponsored Products","0.00","USD"
"2026-03-08","96060745446945","Sponsored Products","0.00","USD"
"2026-03-01","61837188685116","Sponsored Products","48.02","USD"
"2026-03-25","130912331972988","Sponsored Products","2.46","USD"
"2026-03-18","154085784178560","Sponsored Products","0.00","USD"
"2026-03-26","67855357390881","Sponsored Products","0.00","USD"
"2026-03-03","18193170148935","Sponsored Products","0.70","USD"
"2026-03-27","239677460933975","Sponsored Products","1.61","USD"
"2026-03-08","72921898703277","Sponsored Products","0.00","USD"
"2026-03-31","140453739775668","Sponsored Products","0.00","USD"
"2026-03-01","158724595401869","Sponsored Products","0.00","USD"
"2026-03-22","94073967562900","Sponsored Products","0.00","USD"
"2026-03-25","263026275901184","Sponsored Products","0.00","USD"
"2026-03-27","278626821184075","Sponsored Products","0.00","USD"
"2026-03-22","199076365376964","Sponsored Products","17.55","USD"
"2026-03-08","168803396873792","Sponsored Products","0.00","USD"
"2026-03-09","43460676635147","Sponsored Products","0.00","USD"
"2026-03-29","156989235380210","Sponsored Products","277.89","USD"
"2026-03-01","32030113168570","Sponsored Products","0.00","USD"
"2026-03-23","280528554873543","Sponsored Products","0.00","USD"
"2026-03-24","239175797857758","Sponsored Products","0.90","USD"
"2026-03-26","346023186686134","Sponsored Brands","0.00","USD"
"2026-03-14","93539819506468","Sponsored Products","7.30","USD"
"2026-03-05","176992507771254","Sponsored Products","2.41","USD"
"2026-03-26","8078369968995","Sponsored Products","0.00","USD"
"2026-03-11","291680855614624","Sponsored Brands","0.00","GBP"
"2026-03-13","346023186686134","Sponsored Brands","0.00","USD"
"2026-03-20","77231525415892","Sponsored Products","0.00","USD"
"2026-03-07","158724595401869","Sponsored Products","0.00","USD"
"2026-03-14","434170639918769","Sponsored Brands","1.77","USD"
"2026-03-27","34478632960968","Sponsored Products","6.70","USD"
"2026-03-19","34478632960968","Sponsored Products","27.77","USD"
"2026-03-09","176992507771254","Sponsored Products","2.59","USD"
"2026-03-22","38682977693457","Sponsored Products","0.00","USD"
"2026-03-24","224639482376841","Sponsored Products","2.21","USD"
"2026-03-10","261580610725925","Sponsored Products","0.49","AUD"
"2026-03-29","539931100075119","Sponsored Brands","6.77","USD"
"2026-03-28","8347630917879","Sponsored Products","10.09","USD"
"2026-03-02","203521351461363","Sponsored Products","1.18","USD"
"2026-03-25","495677195822245","Sponsored Brands","3.29","USD"
"2026-03-16","54386198712419","Sponsored Products","0.59","USD"
"2026-03-09","216925562826343","Sponsored Products","0.00","USD"
"2026-03-25","267283875717235","Sponsored Products","0.00","USD"
"2026-03-11","198809778193730","Sponsored Products","15.81","USD"
"2026-03-13","218351835233699","Sponsored Products","4.95","GBP"
"2026-03-07","205764417979436","Sponsored Products","0.00","USD"
"2026-03-17","121446500477002","Sponsored Products","0.00","USD"
"2026-03-15","380662946968621","Sponsored Display","0.00","USD"
"2026-03-02","3690623984567","Sponsored Products","0.00","USD"
"2026-03-04","175777768252798","Sponsored Products","0.00","USD"
"2026-03-29","204544178017947","Sponsored Products","0.00","USD"
"2026-03-15","102692108916415","Sponsored Products","0.00","USD"
"2026-03-02","269935586939823","Sponsored Products","12.33","CAD"
"2026-03-20","94121140300347","Sponsored Products","0.90","USD"
"2026-03-06","154118694541854","Sponsored Products","0.00","USD"
"2026-03-05","141552428309171","Sponsored Products","14.26","USD"
"2026-03-02","61837188685116","Sponsored Products","0.96","USD"
"2026-03-08","202838039381314","Sponsored Products","1.18","USD"
"2026-03-29","192420944790293","Sponsored Products","14.43","GBP"
"2026-03-25","124202126398060","Sponsored Products","0.68","USD"
"2026-03-21","158171452508120","Sponsored Products","0.00","USD"
"2026-03-09","263026275901184","Sponsored Products","0.00","USD"
"2026-03-03","121446500477002","Sponsored Products","4.35","USD"
"2026-03-14","203521351461363","Sponsored Products","1.55","USD"
"2026-03-23","357384467879967","Sponsored Brands","0.00","USD"
"2026-03-23","199698435439447","Sponsored Products","0.00","USD"
"2026-03-04","206968068657618","Sponsored Products","0.00","USD"
"2026-03-16","204544178017947","Sponsored Products","1.79","USD"
"2026-03-30","77231525415892","Sponsored Products","0.00","USD"
"2026-03-09","380662946968621","Sponsored Display","0.00","USD"
"2026-03-03","203521351461363","Sponsored Products","0.00","USD"
"2026-03-30","53404531347848","Sponsored Products","0.00","USD"
"2026-03-08","545989665090053","Sponsored Brands","5.92","GBP"
"2026-03-03","206968068657618","Sponsored Products","0.00","USD"
"2026-03-24","11143044290906","Sponsored Products","0.00","USD"
"2026-03-08","272711015971799","Sponsored Products","0.00","USD"
"2026-03-14","82064097659476","Sponsored Products","3.82","USD"
"2026-03-04","134777743429986","Sponsored Products","0.00","USD"
"2026-03-15","102474552529229","Sponsored Products","0.00","USD"
"2026-03-08","134777743429986","Sponsored Products","0.72","USD"
"2026-03-29","271780514756108","Sponsored Products","0.00","USD"
"2026-03-18","2414736156339","Sponsored Products","0.00","USD"
"2026-03-23","101459965063202","Sponsored Products","0.00","USD"
"2026-03-08","2414736156339","Sponsored Products","2.41","USD"
"2026-03-19","14582572617569","Sponsored Products","0.00","USD"
"2026-03-25","54673378227395","Sponsored Products","0.00","USD"
"2026-03-30","101459965063202","Sponsored Products","0.00","USD"
"2026-03-19","22515666501366","Sponsored Products","0.00","USD"
"2026-03-14","346023186686134","Sponsored Brands","0.00","USD"
"2026-03-24","262727752997615","Sponsored Products","0.00","USD"
"2026-03-10","189380234928822","Sponsored Products","0.00","USD"
"2026-03-13","79620432535917","Sponsored Products","0.00","USD"
"2026-03-30","28565058702355","Sponsored Products","0.83","USD"
"2026-03-13","124202126398060","Sponsored Products","0.74","USD"
"2026-03-28","19228716944861","Sponsored Products","0.00","USD"
"2026-03-03","241960271286519","Sponsored Products","0.00","USD"
"2026-03-16","434170639918769","Sponsored Brands","1.91","USD"
"2026-03-30","202228555422966","Sponsored Products","0.00","USD"
"2026-03-11","154118694541854","Sponsored Products","0.00","USD"
"2026-03-10","271780514756108","Sponsored Products","2.34","USD"
"2026-03-16","206968068657618","Sponsored Products","0.00","USD"
"2026-03-08","130912331972988","Sponsored Products","0.00","USD"
"2026-03-21","278626821184075","Sponsored Products","0.00","USD"
"2026-03-30","128835884603962","Sponsored Products","0.00","USD"
"2026-03-11","279125239605082","Sponsored Products","0.00","USD"
"2026-03-11","199698435439447","Sponsored Products","0.00","USD"
"2026-03-11","27661898820374","Sponsored Products","2.64","USD"
"2026-03-19","188279469264899","Sponsored Products","0.00","USD"
"2026-03-03","101965336081409","Sponsored Products","1.76","USD"
"2026-03-19","11588448157956","Sponsored Products","47.82","USD"
"2026-03-18","48758698369103","Sponsored Products","4.59","USD"
"2026-03-10","281024885672869","Sponsored Products","0.00","USD"
"2026-03-28","254109808305934","Sponsored Products","0.00","USD"
"2026-03-28","28565058702355","Sponsored Products","0.96","USD"
"2026-03-04","8347630917879","Sponsored Products","2.63","USD"
"2026-03-08","348184859637636","Sponsored Brands","1.92","USD"
"2026-03-28","206968068657618","Sponsored Products","0.00","USD"
"2026-03-28","11143044290906","Sponsored Products","0.00","USD"
"2026-03-22","225946958740637","Sponsored Products","0.00","USD"
"2026-03-25","162987026418786","Sponsored Products","0.00","USD"
"2026-03-24","204544178017947","Sponsored Products","0.96","USD"
"2026-03-08","132476300811824","Sponsored Products","33.82","CAD"
"2026-03-31","121446500477002","Sponsored Products","0.00","USD"
"2026-03-27","126638359335345","Sponsored Products","0.00","USD"
"2026-03-18","1069464513580","Sponsored Products","0.00","USD"
"2026-03-30","187735718741416","Sponsored Products","0.00","USD"
"2026-03-30","271780514756108","Sponsored Products","0.00","USD"
"2026-03-03","61837188685116","Sponsored Products","1.51","USD"
"2026-03-12","224639482376841","Sponsored Products","19.40","USD"
"2026-03-25","246452377117901","Sponsored Products","0.00","USD"
"2026-03-09","153491409585454","Sponsored Products","5.69","USD"
"2026-03-09","77231525415892","Sponsored Products","0.00","USD"
"2026-03-03","149818563042691","Sponsored Products","0.00","USD"
"2026-03-24","27661898820374","Sponsored Products","1.60","USD"
"2026-03-03","54673378227395","Sponsored Products","0.00","USD"
"2026-03-05","61837188685116","Sponsored Products","0.00","USD"
"2026-03-05","28565058702355","Sponsored Products","5.41","USD"
"2026-03-16","491366396962687","Sponsored Brands","0.62","USD"
"2026-03-06","188545556962991","Sponsored Products","0.00","USD"
"2026-03-08","255100442617527","Sponsored Products","2.44","USD"
"2026-03-31","158171452508120","Sponsored Products","0.00","USD"
"2026-03-01","186804517918072","Sponsored Products","1.86","USD"
"2026-03-01","262727752997615","Sponsored Products","0.00","USD"
"2026-03-17","61503627186513","Sponsored Products","0.00","USD"
"2026-03-18","156285188540724","Sponsored Products","4.99","USD"
"2026-03-22","53404531347848","Sponsored Products","0.00","USD"
"2026-03-10","96060745446945","Sponsored Products","0.00","USD"
"2026-03-03","207367106415924","Sponsored Products","60.16","GBP"
"2026-03-30","19228716944861","Sponsored Products","0.00","USD"
"2026-03-18","152555236474228","Sponsored Products","0.00","USD"
"2026-03-20","303344079444236","Sponsored Brands","0.47","GBP"
"2026-03-21","34478632960968","Sponsored Products","22.96","USD"
"2026-03-19","455100983218716","Sponsored Brands","1.62","USD"
"2026-03-09","281110747056753","Sponsored Products","0.00","USD"
"2026-03-07","83677388471868","Sponsored Products","0.67","USD"
"2026-03-25","439663157752722","Sponsored Brands","0.50","USD"
"2026-03-21","495677195822245","Sponsored Brands","0.96","USD"
"2026-03-31","1069464513580","Sponsored Products","0.81","USD"
"2026-03-28","3690623984567","Sponsored Products","0.00","USD"
"2026-03-03","188279469264899","Sponsored Products","0.91","USD"
"2026-03-14","158724595401869","Sponsored Products","0.00","USD"
"2026-03-22","296615200458181","Sponsored Brands","7.30","USD"
"2026-03-27","103686525154537","Sponsored Products","0.00","GBP"
"2026-03-16","28565058702355","Sponsored Products","6.67","USD"
"2026-03-21","128770506922317","Sponsored Products","0.00","USD"
"2026-03-11","539931100075119","Sponsored Brands","3.98","USD"
"2026-03-13","30179169319725","Sponsored Products","1.93","AUD"
"2026-03-08","241259046045612","Sponsored Products","1.52","USD"
"2026-03-06","303344079444236","Sponsored Brands","0.00","GBP"
"2026-03-02","199076365376964","Sponsored Products","27.23","USD"
"2026-03-11","141552428309171","Sponsored Products","63.01","USD"
"2026-03-25","1069464513580","Sponsored Products","0.00","USD"
"2026-03-08","19228716944861","Sponsored Products","0.00","USD"
"2026-03-08","281110747056753","Sponsored Products","0.00","USD"
"2026-03-19","141552428309171","Sponsored Products","2.14","USD"
"2026-03-17","238790977416237","Sponsored Products","1.73","USD"
"2026-03-03","453754530299965","Sponsored Brands","1.37","USD"
"2026-03-31","189380234928822","Sponsored Products","0.00","USD"
"2026-03-12","284096201830626","Sponsored Display","0.17","USD"
"2026-03-23","65861573413220","Sponsored Products","0.00","USD"
"2026-03-29","434170639918769","Sponsored Brands","0.00","USD"
"2026-03-13","81320226496883","Sponsored Products","0.00","USD"
"2026-03-28","58475731073369","Sponsored Products","0.00","USD"
"2026-03-25","239677460933975","Sponsored Products","3.59","USD"
"2026-03-04","158724595401869","Sponsored Products","3.95","USD"
"2026-03-04","192968792078402","Sponsored Products","0.00","USD"
"2026-03-20","539931100075119","Sponsored Brands","7.04","USD"
"2026-03-03","34478632960968","Sponsored Products","0.00","USD"
"2026-03-18","115943131527635","Sponsored Products","7.22","USD"
"2026-03-31","206968068657618","Sponsored Products","0.00","USD"
"2026-03-09","93539819506468","Sponsored Products","43.46","USD"
"2026-03-22","276797522102375","Sponsored Products","22.98","USD"
"2026-03-24","279125239605082","Sponsored Products","0.00","USD"
"2026-03-10","22515666501366","Sponsored Products","0.00","USD"
"2026-03-01","453754530299965","Sponsored Brands","1.28","USD"
"2026-03-15","133846876580591","Sponsored Products","0.00","USD"
"2026-03-27","241960271286519","Sponsored Products","0.00","USD"
"2026-03-06","407444835513369","Sponsored Brands","0.00","CAD"
"2026-03-20","38682977693457","Sponsored Products","0.00","USD"
"2026-03-31","61837188685116","Sponsored Products","0.00","USD"
"2026-03-30","174719285602701","Sponsored Products","0.00","USD"
"2026-03-27","225946958740637","Sponsored Products","0.00","USD"
"2026-03-30","291680855614624","Sponsored Brands","0.00","GBP"
"2026-03-11","245503802057093","Sponsored Products","0.00","USD"
"2026-03-19","53404531347848","Sponsored Products","0.00","USD"
"2026-03-13","267283875717235","Sponsored Products","0.00","USD"
"2026-03-18","132476300811824","Sponsored Products","14.67","CAD"
"2026-03-23","48758698369103","Sponsored Products","4.93","USD"
"2026-03-11","254109808305934","Sponsored Products","0.00","USD"
"2026-03-28","187735718741416","Sponsored Products","0.00","USD"
"2026-03-01","154118694541854","Sponsored Products","3.87","USD"
"2026-03-31","407444835513369","Sponsored Brands","0.00","CAD"
"2026-03-26","206968068657618","Sponsored Products","0.00","USD"
"2026-03-20","277250351840071","Sponsored Products","6.80","USD"
"2026-03-06","255100442617527","Sponsored Products","0.00","USD"
"2026-03-30","133243849204741","Sponsored Products","0.00","USD"
"2026-03-21","2414736156339","Sponsored Products","4.11","USD"
"2026-03-31","267283875717235","Sponsored Products","0.00","USD"
"2026-03-05","1861066386589","Sponsored Products","0.00","USD"
"2026-03-20","32030113168570","Sponsored Products","0.00","USD"
"2026-03-29","194838680698310","Sponsored Products","0.00","USD"
"2026-03-18","189380234928822","Sponsored Products","0.00","USD"
"2026-03-02","291680855614624","Sponsored Brands","0.86","GBP"
"2026-03-08","243204708497477","Sponsored Products","0.00","USD"
"2026-03-25","560000811916391","Sponsored Brands","3.43","USD"
"2026-03-27","452065263384491","Sponsored Brands","5.31","USD"
"2026-03-11","61503627186513","Sponsored Products","0.00","USD"
"2026-03-28","238790977416237","Sponsored Products","0.00","USD"
"2026-03-14","94121140300347","Sponsored Products","2.79","USD"
"2026-03-04","303344079444236","Sponsored Brands","0.00","GBP"
"2026-03-21","176992507771254","Sponsored Products","7.49","USD"
"2026-03-12","199076365376964","Sponsored Products","1.23","USD"
"2026-03-25","18193170148935","Sponsored Products","0.00","USD"
"2026-03-23","18193170148935","Sponsored Products","0.78","USD"
"2026-03-16","280513164622908","Sponsored Products","0.00","USD"
"2026-03-12","152555236474228","Sponsored Products","0.00","USD"
"2026-03-21","539931100075119","Sponsored Brands","5.53","USD"
"2026-03-26","233888031600237","Sponsored Products","0.00","USD"
"2026-03-05","380662946968621","Sponsored Display","0.00","USD"
"2026-03-27","8347630917879","Sponsored Products","6.25","USD"
"2026-03-10","254109808305934","Sponsored Products","0.00","USD"
"2026-03-04","238790977416237","Sponsored Products","0.00","USD"
"2026-03-25","545989665090053","Sponsored Brands","0.54","GBP"
"2026-03-15","152555236474228","Sponsored Products","1.24","USD"
"2026-03-16","407444835513369","Sponsored Brands","0.00","CAD"
"2026-03-10","1861066386589","Sponsored Products","1.20","USD"
"2026-03-04","281024885672869","Sponsored Products","3.17","USD"
"2026-03-22","168803396873792","Sponsored Products","0.81","USD"
"2026-03-20","482686146435604","Sponsored Brands","0.20","USD"
"2026-03-20","239772993878028","Sponsored Products","0.00","USD"
"2026-03-12","8347630917879","Sponsored Products","7.78","USD"
"2026-03-09","11143044290906","Sponsored Products","5.36","USD"
"2026-03-10","346023186686134","Sponsored Brands","0.00","USD"
"2026-03-16","207367106415924","Sponsored Products","28.24","GBP"
"2026-03-06","128835884603962","Sponsored Products","0.00","USD"
"2026-03-21","215176800738804","Sponsored Products","0.00","USD"
"2026-03-03","133846876580591","Sponsored Products","0.00","USD"
"2026-03-02","243204708497477","Sponsored Products","2.69","USD"
"2026-03-08","141552428309171","Sponsored Products","16.84","USD"
"2026-03-30","48433117829801","Sponsored Products","0.34","USD"
"2026-03-21","203521351461363","Sponsored Products","0.00","USD"
"2026-03-31","101459965063202","Sponsored Products","0.10","USD"
"2026-03-01","22515666501366","Sponsored Products","1.42","USD"
"2026-03-18","82064097659476","Sponsored Products","0.70","USD"
"2026-03-10","3690623984567","Sponsored Products","0.00","USD"
"2026-03-29","55109131448748","Sponsored Products","0.00","USD"
"2026-03-15","11588448157956","Sponsored Products","63.71","USD"
"2026-03-01","1069464513580","Sponsored Products","8.49","USD"
"2026-03-16","186804517918072","Sponsored Products","5.12","USD"
"2026-03-28","491366396962687","Sponsored Brands","0.00","USD"
"2026-03-07","48758698369103","Sponsored Products","4.06","USD"
"2026-03-29","2414736156339","Sponsored Products","4.20","USD"
"2026-03-15","79620432535917","Sponsored Products","2.34","USD"
"2026-03-16","102474552529229","Sponsored Products","0.00","USD"
"2026-03-26","269935586939823","Sponsored Products","25.11","CAD"
"2026-03-13","174719285602701","Sponsored Products","4.26","USD"
"2026-03-29","8078369968995","Sponsored Products","0.00","USD"
"2026-03-25","271780514756108","Sponsored Products","0.00","USD"
"2026-03-25","224639482376841","Sponsored Products","2.42","USD"
"2026-03-17","407444835513369","Sponsored Brands","0.00","CAD"
"2026-03-26","291680855614624","Sponsored Brands","0.38","GBP"
"2026-03-05","210638600694486","Sponsored Products","1.66","USD"
"2026-03-27","346023186686134","Sponsored Brands","1.13","USD"
"2026-03-22","259201002739674","Sponsored Products","14.62","USD"
"2026-03-24","241259046045612","Sponsored Products","0.00","USD"
"2026-03-23","72790979016813","Sponsored Products","0.00","USD"
"2026-03-04","271780514756108","Sponsored Products","0.86","USD"
"2026-03-28","413308568322873","Sponsored Brands","0.00","USD"
"2026-03-11","81320226496883","Sponsored Products","0.91","USD"
"2026-03-06","43460676635147","Sponsored Products","0.00","USD"
"2026-03-19","61503627186513","Sponsored Products","0.00","USD"
"2026-03-15","453754530299965","Sponsored Brands","1.14","USD"
"2026-03-12","271780514756108","Sponsored Products","0.73","USD"
"2026-03-14","280528554873543","Sponsored Products","0.91","USD"
"2026-03-18","187735718741416","Sponsored Products","0.00","USD"
"2026-03-22","259323671730401","Sponsored Products","0.00","USD"
"2026-03-28","61503627186513","Sponsored Products","0.00","USD"
"2026-03-07","174719285602701","Sponsored Products","4.07","USD"
"2026-03-21","271002646812055","Sponsored Products","0.00","USD"
"2026-03-18","291680855614624","Sponsored Brands","0.00","GBP"
"2026-03-09","158171452508120","Sponsored Products","2.46","USD"
"2026-03-17","72921898703277","Sponsored Products","0.00","USD"
"2026-03-17","156285188540724","Sponsored Products","3.91","USD"
"2026-03-24","203521351461363","Sponsored Products","1.90","USD"
"2026-03-26","452065263384491","Sponsored Brands","6.33","USD"
"2026-03-08","277250351840071","Sponsored Products","2.47","USD"
"2026-03-17","439663157752722","Sponsored Brands","2.01","USD"
"2026-03-10","30651955945418","Sponsored Products","0.00","USD"
"2026-03-29","281235849108344","Sponsored Products","0.00","USD"
"2026-03-05","515637010546761","Sponsored Brands","16.64","USD"
"2026-03-18","243038183553247","Sponsored Products","0.00","USD"
"2026-03-29","267283875717235","Sponsored Products","0.59","USD"
"2026-03-27","101965336081409","Sponsored Products","0.00","USD"
"2026-03-30","224639482376841","Sponsored Products","0.00","USD"
"2026-03-19","72790979016813","Sponsored Products","0.00","USD"
"2026-03-13","149626049979530","Sponsored Products","0.00","USD"
"2026-03-13","281024885672869","Sponsored Products","0.00","USD"
"2026-03-07","8078369968995","Sponsored Products","0.00","USD"
"2026-03-04","27661898820374","Sponsored Products","3.12","USD"
"2026-03-21","187735718741416","Sponsored Products","0.00","USD"
"2026-03-21","54673378227395","Sponsored Products","0.00","USD"
"2026-03-15","439663157752722","Sponsored Brands","1.18","USD"
"2026-03-14","269935586939823","Sponsored Products","8.29","CAD"
"2026-03-03","560000811916391","Sponsored Brands","10.86","USD"
"2026-03-16","218351835233699","Sponsored Products","7.49","GBP"
"2026-03-18","238790977416237","Sponsored Products","0.00","USD"
"2026-03-20","149626049979530","Sponsored Products","0.00","USD"
"2026-03-16","145958940968220","Sponsored Products","0.00","USD"
"2026-03-19","205764417979436","Sponsored Products","0.00","USD"
"2026-03-28","55109131448748","Sponsored Products","1.20","USD"
"2026-03-23","133243849204741","Sponsored Products","0.00","USD"
"2026-03-31","176992507771254","Sponsored Products","4.34","USD"
"2026-03-30","539931100075119","Sponsored Brands","2.65","USD"
"2026-03-17","124202126398060","Sponsored Products","0.00","USD"
"2026-03-22","113013759920940","Sponsored Products","0.00","USD"
"2026-03-24","413308568322873","Sponsored Brands","0.00","USD"
"2026-03-11","407444835513369","Sponsored Brands","0.00","CAD"
"2026-03-17","132476300811824","Sponsored Products","28.36","CAD"
"2026-03-13","18193170148935","Sponsored Products","0.00","USD"
"2026-03-29","153491409585454","Sponsored Products","2.88","USD"
"2026-03-14","194838680698310","Sponsored Products","0.00","USD"
"2026-03-04","192420944790293","Sponsored Products","1.24","GBP"
"2026-03-11","132476300811824","Sponsored Products","30.92","CAD"
"2026-03-06","173362871105297","Sponsored Products","0.00","USD"
"2026-03-11","38682977693457","Sponsored Products","0.00","USD"
"2026-03-13","121446500477002","Sponsored Products","0.00","USD"
"2026-03-21","204544178017947","Sponsored Products","0.00","USD"
"2026-03-19","246452377117901","Sponsored Products","1.54","USD"
"2026-03-13","56338703455249","Sponsored Products","2.59","USD"
"2026-03-25","50912117972815","Sponsored Products","0.00","USD"
"2026-03-14","281024885672869","Sponsored Products","0.00","USD"
"2026-03-18","241960271286519","Sponsored Products","0.00","USD"
"2026-03-29","291680855614624","Sponsored Brands","0.61","GBP"
"2026-03-15","156989235380210","Sponsored Products","261.14","USD"
"2026-03-16","72790979016813","Sponsored Products","0.00","USD"
"2026-03-06","380662946968621","Sponsored Display","0.51","USD"
"2026-03-08","407444835513369","Sponsored Brands","0.00","CAD"
"2026-03-03","199076365376964","Sponsored Products","0.00","USD"
"2026-03-09","215966552761313","Sponsored Products","0.00","USD"
"2026-03-09","263531397076178","Sponsored Products","0.00","USD"
"2026-03-09","137772430611725","Sponsored Products","0.00","USD"
"2026-03-29","199698435439447","Sponsored Products","0.00","USD"
"2026-03-25","413308568322873","Sponsored Brands","0.00","USD"
"2026-03-14","239175797857758","Sponsored Products","6.63","USD"
"2026-03-25","175777768252798","Sponsored Products","6.92","USD"
"2026-03-24","176992507771254","Sponsored Products","3.17","USD"
"2026-03-04","61090477012622","Sponsored Products","0.00","USD"
"2026-03-11","28864493115463","Sponsored Products","1.41","USD"
"2026-03-13","152555236474228","Sponsored Products","0.00","USD"
"2026-03-13","61837188685116","Sponsored Products","1.49","USD"
"2026-03-27","158724595401869","Sponsored Products","0.00","USD"
"2026-03-06","2414736156339","Sponsored Products","2.06","USD"
"2026-03-06","11143044290906","Sponsored Products","0.00","USD"
"2026-03-06","241259046045612","Sponsored Products","19.91","USD"
"2026-03-19","8347630917879","Sponsored Products","3.95","USD"
"2026-03-12","434170639918769","Sponsored Brands","0.00","USD"
"2026-03-11","140453739775668","Sponsored Products","1.10","USD"
"2026-03-14","61837188685116","Sponsored Products","2.18","USD"
"2026-03-18","199698435439447","Sponsored Products","0.00","USD"
"2026-03-12","30179169319725","Sponsored Products","4.37","AUD"
"2026-03-05","30179169319725","Sponsored Products","8.64","AUD"
"2026-03-22","545989665090053","Sponsored Brands","3.98","GBP"
"2026-03-13","280528554873543","Sponsored Products","0.46","USD"
"2026-03-03","215966552761313","Sponsored Products","0.00","USD"
"2026-03-16","453754530299965","Sponsored Brands","0.48","USD"
"2026-03-01","8078369968995","Sponsored Products","0.00","USD"
"2026-03-24","18193170148935","Sponsored Products","0.00","USD"
"2026-03-26","441925918527435","Sponsored Brands","4.56","USD"
"2026-03-21","54386198712419","Sponsored Products","0.00","USD"
"2026-03-17","27661898820374","Sponsored Products","1.34","USD"
"2026-03-05","27661898820374","Sponsored Products","1.98","USD"
"2026-03-08","276488907454289","Sponsored Products","0.00","USD"
"2026-03-31","560000811916391","Sponsored Brands","4.19","USD"
"2026-03-19","233888031600237","Sponsored Products","0.00","USD"
"2026-03-03","172779439196738","Sponsored Products","0.00","USD"
"2026-03-05","272711015971799","Sponsored Products","3.11","USD"
"2026-03-16","153491409585454","Sponsored Products","3.08","USD"
"2026-03-25","164743561215297","Sponsored Products","0.00","USD"
"2026-03-06","56338703455249","Sponsored Products","0.00","USD"
"2026-03-31","269935586939823","Sponsored Products","4.63","CAD"
"2026-03-29","1069464513580","Sponsored Products","0.91","USD"
"2026-03-28","291680855614624","Sponsored Brands","0.58","GBP"
"2026-03-15","175777768252798","Sponsored Products","6.43","USD"
"2026-03-12","255100442617527","Sponsored Products","0.00","USD"
"2026-03-22","380662946968621","Sponsored Display","0.00","USD"
"2026-03-16","174719285602701","Sponsored Products","2.99","USD"
"2026-03-06","205922105032655","Sponsored Products","1.39","USD"
"2026-03-06","194512325763287","Sponsored Products","0.00","USD"
"2026-03-11","145958940968220","Sponsored Products","0.77","USD"
"2026-03-17","72790979016813","Sponsored Products","0.00","USD"
"2026-03-25","156989235380210","Sponsored Products","183.48","USD"
"2026-03-23","34639218619625","Sponsored Products","0.00","USD"
"2026-03-07","14582572617569","Sponsored Products","0.00","USD"
"2026-03-14","267283875717235","Sponsored Products","5.14","USD"
"2026-03-23","30651955945418","Sponsored Products","0.00","USD"
"2026-03-04","439663157752722","Sponsored Brands","7.68","USD"
"2026-03-06","14582572617569","Sponsored Products","0.00","USD"
"2026-03-21","202838039381314","Sponsored Products","8.46","USD"
"2026-03-13","14582572617569","Sponsored Products","0.00","USD"
"2026-03-25","2414736156339","Sponsored Products","2.85","USD"
"2026-03-26","102692108916415","Sponsored Products","0.00","USD"
"2026-03-23","188279469264899","Sponsored Products","0.00","USD"
"2026-03-19","280513164622908","Sponsored Products","0.00","USD"
"2026-03-13","259323671730401","Sponsored Products","4.68","USD"
"2026-03-26","55613271497964","Sponsored Products","1.19","USD"
"2026-03-19","81320226496883","Sponsored Products","0.00","USD"
"2026-03-07","194838680698310","Sponsored Products","0.76","USD"
"2026-03-29","83042096012825","Sponsored Products","0.00","USD"
"2026-03-23","61090477012622","Sponsored Products","0.00","USD"
"2026-03-28","178714420604320","Sponsored Products","0.45","USD"
"2026-03-17","82064097659476","Sponsored Products","3.75","USD"
"2026-03-17","194838680698310","Sponsored Products","0.00","USD"
"2026-03-14","101459965063202","Sponsored Products","2.19","USD"
"2026-03-17","192420944790293","Sponsored Products","1.48","GBP"
"2026-03-16","269935586939823","Sponsored Products","3.78","CAD"
"2026-03-25","215176800738804","Sponsored Products","0.36","USD"
"2026-03-14","539931100075119","Sponsored Brands","10.18","USD"
"2026-03-24","28565058702355","Sponsored Products","1.17","USD"
"2026-03-26","19228716944861","Sponsored Products","1.28","USD"
"2026-03-20","279125239605082","Sponsored Products","0.00","USD"
"2026-03-13","269935586939823","Sponsored Products","10.20","CAD"
"2026-03-02","56338703455249","Sponsored Products","0.00","USD"
"2026-03-26","168803396873792","Sponsored Products","0.00","USD"
"2026-03-21","94121140300347","Sponsored Products","3.25","USD"
"2026-03-03","96060745446945","Sponsored Products","0.37","USD"
"2026-03-02","262727752997615","Sponsored Products","0.00","USD"
"2026-03-18","203521351461363","Sponsored Products","0.00","USD"
"2026-03-23","14582572617569","Sponsored Products","0.00","USD"
"2026-03-18","188545556962991","Sponsored Products","0.00","USD"
"2026-03-24","407444835513369","Sponsored Brands","0.00","CAD"
"2026-03-06","133846876580591","Sponsored Products","0.00","USD"
"2026-03-29","455100983218716","Sponsored Brands","1.35","USD"
"2026-03-11","202299611765170","Sponsored Products","0.00","USD"
"2026-03-17","380662946968621","Sponsored Display","0.00","USD"
"2026-03-16","61837188685116","Sponsored Products","2.28","USD"
"2026-03-28","262727752997615","Sponsored Products","0.00","USD"
"2026-03-07","28864493115463","Sponsored Products","1.10","USD"
"2026-03-03","216925562826343","Sponsored Products","0.00","USD"
"2026-03-08","194838680698310","Sponsored Products","1.58","USD"
"2026-03-08","138135222992233","Sponsored Products","0.00","USD"
"2026-03-26","267283875717235","Sponsored Products","0.00","USD"
"2026-03-23","296615200458181","Sponsored Brands","18.06","USD"
"2026-03-06","121446500477002","Sponsored Products","3.81","USD"
"2026-03-07","2414736156339","Sponsored Products","4.85","USD"
"2026-03-05","203521351461363","Sponsored Products","0.00","USD"
"2026-03-04","79620432535917","Sponsored Products","0.00","USD"
"2026-03-05","8347630917879","Sponsored Products","2.16","USD"
"2026-03-16","172779439196738","Sponsored Products","0.00","USD"
"2026-03-16","413308568322873","Sponsored Brands","0.00","USD"
"2026-03-28","198809778193730","Sponsored Products","75.73","USD"
"2026-03-13","238790977416237","Sponsored Products","1.68","USD"
"2026-03-05","199076365376964","Sponsored Products","0.00","USD"
"2026-03-27","254109808305934","Sponsored Products","0.00","USD"
"2026-03-31","2414736156339","Sponsored Products","1.01","USD"
"2026-03-09","32030113168570","Sponsored Products","0.00","USD"
"2026-03-05","164743561215297","Sponsored Products","0.00","USD"
"2026-03-29","187735718741416","Sponsored Products","0.00","USD"
"2026-03-15","22515666501366","Sponsored Products","0.00","USD"
"2026-03-01","96060745446945","Sponsored Products","0.65","USD"
"2026-03-02","207367106415924","Sponsored Products","33.15","GBP"
"2026-03-31","186804517918072","Sponsored Products","2.46","USD"
"2026-03-28","145958940968220","Sponsored Products","0.77","USD"
"2026-03-10","276797522102375","Sponsored Products","3.90","USD"
"2026-03-19","56338703455249","Sponsored Products","1.69","USD"
"2026-03-20","132476300811824","Sponsored Products","11.43","CAD"
"2026-03-28","115943131527635","Sponsored Products","2.05","USD"
"2026-03-07","243204708497477","Sponsored Products","1.38","USD"
"2026-03-01","281235849108344","Sponsored Products","2.13","USD"
"2026-03-22","452065263384491","Sponsored Brands","6.02","USD"
"2026-03-30","154085784178560","Sponsored Products","0.00","USD"
"2026-03-07","243038183553247","Sponsored Products","0.00","USD"
"2026-03-01","188279469264899","Sponsored Products","1.50","USD"
"2026-03-18","205922105032655","Sponsored Products","10.26","USD"
"2026-03-08","83677388471868","Sponsored Products","0.00","USD"
"2026-03-25","539931100075119","Sponsored Brands","10.95","USD"
"2026-03-28","188279469264899","Sponsored Products","0.00","USD"
"2026-03-05","271780514756108","Sponsored Products","0.00","USD"
"2026-03-11","515637010546761","Sponsored Brands","12.04","USD"
"2026-03-16","133846876580591","Sponsored Products","0.00","USD"
"2026-03-08","173362871105297","Sponsored Products","0.00","USD"
"2026-03-13","156989235380210","Sponsored Products","250.95","USD"
"2026-03-07","206968068657618","Sponsored Products","0.00","USD"
"2026-03-12","452065263384491","Sponsored Brands","22.69","USD"
"2026-03-22","121446500477002","Sponsored Products","1.58","USD"
"2026-03-06","132476300811824","Sponsored Products","27.30","CAD"
"2026-03-07","272711015971799","Sponsored Products","0.00","USD"
"2026-03-29","115758363210245","Sponsored Products","0.00","USD"
"2026-03-18","164743561215297","Sponsored Products","0.00","USD"
"2026-03-10","61837188685116","Sponsored Products","1.83","USD"
"2026-03-28","380662946968621","Sponsored Display","0.00","USD"
"2026-03-21","61503627186513","Sponsored Products","0.00","USD"
"2026-03-22","205764417979436","Sponsored Products","0.00","USD"
"2026-03-04","32030113168570","Sponsored Products","0.00","USD"
"2026-03-20","141552428309171","Sponsored Products","6.29","USD"
"2026-03-13","284096201830626","Sponsored Display","0.00","USD"
"2026-03-28","11588448157956","Sponsored Products","5.81","USD"
"2026-03-03","239677460933975","Sponsored Products","2.16","USD"
"2026-03-26","30179169319725","Sponsored Products","4.53","AUD"
"2026-03-14","271780514756108","Sponsored Products","0.00","USD"
"2026-03-16","162987026418786","Sponsored Products","5.11","USD"
"2026-03-30","215176800738804","Sponsored Products","0.00","USD"
"2026-03-19","19228716944861","Sponsored Products","0.00","USD"
"2026-03-28","102825844325514","Sponsored Products","0.70","USD"
"2026-03-19","206968068657618","Sponsored Products","0.00","USD"
"2026-03-10","168803396873792","Sponsored Products","0.00","USD"
"2026-03-16","156989235380210","Sponsored Products","210.45","USD"
"2026-03-30","215966552761313","Sponsored Products","0.98","USD"
"2026-03-06","3690623984567","Sponsored Products","0.00","USD"
"2026-03-31","132476300811824","Sponsored Products","7.46","CAD"
"2026-03-12","72790979016813","Sponsored Products","0.00","USD"
"2026-03-25","263531397076178","Sponsored Products","0.00","USD"
"2026-03-25","203521351461363","Sponsored Products","3.06","USD"
"2026-03-15","132476300811824","Sponsored Products","17.62","CAD"
"2026-03-08","153491409585454","Sponsored Products","0.00","USD"
"2026-03-30","186804517918072","Sponsored Products","4.51","USD"
"2026-03-14","11143044290906","Sponsored Products","15.04","USD"
"2026-03-19","560000811916391","Sponsored Brands","1.50","USD"
"2026-03-17","53404531347848","Sponsored Products","0.00","USD"
"2026-03-29","245335884201020","Sponsored Products","0.00","USD"
"2026-03-27","97079585612330","Sponsored Products","0.00","USD"
"2026-03-10","34478632960968","Sponsored Products","5.57","USD"
"2026-03-11","3690623984567","Sponsored Products","0.00","USD"
"2026-03-31","14582572617569","Sponsored Products","0.00","USD"
"2026-03-07","48192245895031","Sponsored Products","0.00","USD"
"2026-03-23","407444835513369","Sponsored Brands","0.81","CAD"
"2026-03-11","380662946968621","Sponsored Display","0.26","USD"
"2026-03-14","67855357390881","Sponsored Products","0.00","USD"
"2026-03-30","58475731073369","Sponsored Products","0.00","USD"
"2026-03-30","14582572617569","Sponsored Products","0.00","USD"
"2026-03-09","199076365376964","Sponsored Products","5.10","USD"
"2026-03-03","281110747056753","Sponsored Products","1.73","USD"
"2026-03-18","156989235380210","Sponsored Products","206.63","USD"
"2026-03-16","272711015971799","Sponsored Products","0.79","USD"
"2026-03-16","280528554873543","Sponsored Products","1.09","USD"
"2026-03-21","56338703455249","Sponsored Products","1.96","USD"
"2026-03-19","1861066386589","Sponsored Products","0.00","USD"
"2026-03-26","116154511455108","Sponsored Products","0.00","GBP"
"2026-03-02","149626049979530","Sponsored Products","0.00","USD"
"2026-03-10","176992507771254","Sponsored Products","0.78","USD"
"2026-03-15","187735718741416","Sponsored Products","0.00","USD"
"2026-03-11","413308568322873","Sponsored Brands","0.00","USD"
"2026-03-20","140453739775668","Sponsored Products","1.33","USD"
"2026-03-20","164743561215297","Sponsored Products","1.24","USD"
"2026-03-08","14582572617569","Sponsored Products","0.00","USD"
"2026-03-01","203521351461363","Sponsored Products","20.85","USD"
"2026-03-31","152555236474228","Sponsored Products","0.00","USD"
"2026-03-14","23854220044300","Sponsored Products","13.16","USD"
"2026-03-30","102692108916415","Sponsored Products","0.00","USD"
"2026-03-21","284096201830626","Sponsored Display","0.00","USD"
"2026-03-03","56338703455249","Sponsored Products","0.00","USD"
"2026-03-14","158171452508120","Sponsored Products","0.00","USD"
"2026-03-19","174719285602701","Sponsored Products","3.69","USD"
"2026-03-10","325883174926875","Sponsored Brands","0.00","USD"
"2026-03-04","124202126398060","Sponsored Products","4.49","USD"
"2026-03-09","206968068657618","Sponsored Products","0.23","USD"
"2026-03-02","115758363210245","Sponsored Products","8.74","USD"
"2026-03-31","455100983218716","Sponsored Brands","1.74","USD"
"2026-03-24","61837188685116","Sponsored Products","0.00","USD"
"2026-03-10","199076365376964","Sponsored Products","19.73","USD"
"2026-03-16","28864493115463","Sponsored Products","0.00","USD"
"2026-03-27","439663157752722","Sponsored Brands","1.00","USD"
"2026-03-07","137772430611725","Sponsored Products","2.06","USD"
"2026-03-17","482686146435604","Sponsored Brands","0.00","USD"
"2026-03-01","61503627186513","Sponsored Products","0.00","USD"
"2026-03-18","276488907454289","Sponsored Products","0.00","USD"
"2026-03-18","278626821184075","Sponsored Products","0.00","USD"
"2026-03-24","61503627186513","Sponsored Products","0.00","USD"
"2026-03-04","101965336081409","Sponsored Products","1.35","USD"
"2026-03-21","194512325763287","Sponsored Products","1.18","USD"
"2026-03-09","173362871105297","Sponsored Products","0.00","USD"
"2026-03-07","77231525415892","Sponsored Products","1.55","USD"
"2026-03-27","303344079444236","Sponsored Brands","0.00","GBP"
"2026-03-29","225946958740637","Sponsored Products","0.00","USD"
"2026-03-23","515637010546761","Sponsored Brands","1.14","USD"
"2026-03-04","380662946968621","Sponsored Display","0.00","USD"
"2026-03-16","67855357390881","Sponsored Products","0.00","USD"
"2026-03-30","218351835233699","Sponsored Products","0.88","GBP"
"2026-03-01","198809778193730","Sponsored Products","52.02","USD"
"2026-03-02","172779439196738","Sponsored Products","0.00","USD"
"2026-03-02","257373022214500","Sponsored Products","0.00","USD"
"2026-03-16","276797522102375","Sponsored Products","5.99","USD"
"2026-03-16","115764500761375","Sponsored Products","5.09","USD"
"2026-03-27","246452377117901","Sponsored Products","0.00","USD"
"2026-03-23","482686146435604","Sponsored Brands","1.33","USD"
"2026-03-17","267283875717235","Sponsored Products","0.00","USD"
"2026-03-12","81320226496883","Sponsored Products","0.00","USD"
"2026-03-12","263531397076178","Sponsored Products","0.00","USD"
"2026-03-14","65271102777505","Sponsored Products","0.00","USD"
"2026-03-10","188545556962991","Sponsored Products","3.15","USD"
"2026-03-23","134777743429986","Sponsored Products","0.00","USD"
"2026-03-22","138135222992233","Sponsored Products","0.00","USD"
"2026-03-07","452065263384491","Sponsored Brands","19.85","USD"
"2026-03-20","8078369968995","Sponsored Products","0.00","USD"
"2026-03-21","205922105032655","Sponsored Products","0.00","USD"
"2026-03-29","101459965063202","Sponsored Products","0.00","USD"
"2026-03-16","176992507771254","Sponsored Products","9.81","USD"
"2026-03-31","67855357390881","Sponsored Products","0.00","USD"
"2026-03-06","269935586939823","Sponsored Products","24.02","CAD"
"2026-03-14","560000811916391","Sponsored Brands","1.62","USD"
"2026-03-02","261580610725925","Sponsored Products","0.00","AUD"
"2026-03-19","278626821184075","Sponsored Products","0.00","USD"
"2026-03-19","276488907454289","Sponsored Products","0.00","USD"
"2026-03-15","539931100075119","Sponsored Brands","11.79","USD"
"2026-03-09","243038183553247","Sponsored Products","1.91","USD"
"2026-03-09","281235849108344","Sponsored Products","1.77","USD"
"2026-03-28","271002646812055","Sponsored Products","0.00","USD"
"2026-03-07","262727752997615","Sponsored Products","3.39","USD"
