"date.value","campaign.id","adProduct.value","metric.totalCost","budgetCurrency.value"
"2026-02-27","124202126398060","Sponsored Products","1.84","USD"
"2026-02-18","141552428309171","Sponsored Products","87.11","USD"
"2026-02-05","454564300195235","Sponsored Products","0.75","GBP"
"2026-02-24","39061317933304","Sponsored Products","0.00","USD"
"2026-02-24","93539819506468","Sponsored Products","6.58","USD"
"2026-02-04","495242868805173","Sponsored Products","0.00","GBP"
"2026-02-01","54673378227395","Sponsored Products","0.52","USD"
"2026-02-05","149942312994880","Sponsored Products","0.00","USD"
"2026-02-01","557802220335065","Sponsored Products","0.00","CAD"
"2026-02-14","281110747056753","Sponsored Products","0.00","USD"
"2026-02-13","48192245895031","Sponsored Products","0.00","USD"
"2026-02-11","207367106415924","Sponsored Products","8.05","GBP"
"2026-02-05","113013759920940","Sponsored Products","0.86","USD"
"2026-02-24","434170639918769","Sponsored Brands","0.28","USD"
"2026-02-07","354036750973331","Sponsored Products","2.90","CAD"
"2026-02-14","255100442617527","Sponsored Products","3.94","USD"
"2026-02-06","243204708497477","Sponsored Products","0.00","USD"
"2026-02-01","494590942145867","Sponsored Products","30.80","CAD"
"2026-02-10","517050919084211","Sponsored Products","0.00","CAD"
"2026-02-13","186804517918072","Sponsored Products","2.35","USD"
"2026-02-02","288669281122601","Sponsored Products","0.00","AUD"
"2026-02-07","398122169001461","Sponsored Products","1.48","AUD"
"2026-02-25","255100442617527","Sponsored Products","1.68","USD"
"2026-02-07","145958940968220","Sponsored Products","0.00","USD"
"2026-02-01","555379102425019","Sponsored Products","1.37","CAD"
"2026-02-10","366616645988820","Sponsored Products","0.00","CAD"
"2026-02-05","511828144987995","Sponsored Products","1.00","GBP"
"2026-02-11","168803396873792","Sponsored Products","1.26","USD"
"2026-02-21","539931100075119","Sponsored Brands","8.49","USD"
"2026-02-04","261659564571062","Sponsored Products","0.00","USD"
"2026-02-18","463874563272935","Sponsored Brands","0.00","AUD"
"2026-02-12","134777743429986","Sponsored Products","0.00","USD"
"2026-02-06","263910374759225","Sponsored Products","12.49","CAD"
"2026-02-09","484271755377666","Sponsored Products","0.00","CAD"
"2026-02-06","286601245904247","Sponsored Products","0.00","CAD"
"2026-02-14","314318800479242","Sponsored Products","0.00","AUD"
"2026-02-07","32571611634774","Sponsored Products","1.35","USD"
"2026-02-02","270513944391898","Sponsored Products","8.14","USD"
"2026-02-07","176992507771254","Sponsored Products","1.27","USD"
"2026-02-10","300354268849742","Sponsored Brands","0.55","CAD"
"2026-02-07","317772463042332","Sponsored Products","0.00","AUD"
"2026-02-21","189380234928822","Sponsored Products","0.00","USD"
"2026-02-09","18193170148935","Sponsored Products","0.00","USD"
"2026-02-19","138135222992233","Sponsored Products","0.00","USD"
"2026-02-24","156989235380210","Sponsored Products","306.94","USD"
"2026-02-18","453754530299965","Sponsored Brands","14.36","USD"
"2026-02-03","241960271286519","Sponsored Products","0.00","USD"
"2026-02-08","530911335551258","Sponsored Products","0.00","CAD"
"2026-02-05","423471492340141","Sponsored Brands","15.08","USD"
"2026-02-11","48192245895031","Sponsored Products","0.00","USD"
"2026-02-14","154085784178560","Sponsored Products","0.00","USD"
"2026-02-22","243038183553247","Sponsored Products","0.81","USD"
"2026-02-12","133243849204741","Sponsored Products","0.00","USD"
"2026-02-02","121446500477002","Sponsored Products","0.00","USD"
"2026-02-05","270513944391898","Sponsored Products","12.75","USD"
"2026-02-01","83677388471868","Sponsored Products","2.87","USD"
"2026-02-13","189380234928822","Sponsored Products","0.00","USD"
"2026-02-11","373593607967581","Sponsored Display","0.00","AUD"
"2026-02-09","210638600694486","Sponsored Products","0.60","USD"
"2026-02-04","267283875717235","Sponsored Products","0.00","USD"
"2026-02-23","257373022214500","Sponsored Products","1.23","USD"
"2026-02-19","491366396962687","Sponsored Brands","2.73","USD"
"2026-02-01","215966552761313","Sponsored Products","0.00","USD"
"2026-02-06","297335215332435","Sponsored Products","1.63","CAD"
"2026-02-04","443805539282973","Sponsored Brands","0.00","CAD"
"2026-02-12","267283875717235","Sponsored Products","0.00","USD"
"2026-02-02","383486487068158","Sponsored Display","6.61","GBP"
"2026-02-01","363048566293204","Sponsored Brands","0.00","GBP"
"2026-02-13","204544178017947","Sponsored Products","1.39","USD"
"2026-02-01","428914757065848","Sponsored Products","11.33","CAD"
"2026-02-10","443207948405482","Sponsored Products","0.00","CAD"
"2026-02-19","141648422510979","Sponsored Products","0.00","USD"
"2026-02-03","357384467879967","Sponsored Brands","15.12","USD"
"2026-02-05","243038183553247","Sponsored Products","0.00","USD"
"2026-02-05","310318758176650","Sponsored Products","0.00","CAD"
"2026-02-25","296615200458181","Sponsored Brands","11.57","USD"
"2026-02-17","189380234928822","Sponsored Products","0.00","USD"
"2026-02-05","9627520751858","Sponsored Products","4.41","USD"
"2026-02-14","18193170148935","Sponsored Products","0.00","USD"
"2026-02-23","452065263384491","Sponsored Brands","2.69","USD"
"2026-02-06","344717374719347","Sponsored Display","0.00","CAD"
"2026-02-01","140453739775668","Sponsored Products","0.00","USD"
"2026-02-12","96060745446945","Sponsored Products","0.00","USD"
"2026-02-09","278626821184075","Sponsored Products","5.98","USD"
"2026-02-04","83677388471868","Sponsored Products","0.00","USD"
"2026-02-20","61503627186513","Sponsored Products","0.00","USD"
"2026-02-18","14582572617569","Sponsored Products","0.00","USD"
"2026-02-11","323864334787492","Sponsored Products","0.00","AUD"
"2026-02-11","467633236874996","Sponsored Products","0.00","AUD"
"2026-02-20","281024885672869","Sponsored Products","0.00","USD"
"2026-02-27","148265992493931","Sponsored Products","1.77","USD"
"2026-02-13","121446500477002","Sponsored Products","0.70","USD"
"2026-02-25","67855357390881","Sponsored Products","3.68","USD"
"2026-02-17","96060745446945","Sponsored Products","0.00","USD"
"2026-02-09","409249674990450","Sponsored Products","0.06","AUD"
"2026-02-14","441925918527435","Sponsored Brands","4.18","USD"
"2026-02-14","9627520751858","Sponsored Products","12.91","USD"
"2026-02-10","239695922795958","Sponsored Products","0.00","USD"
"2026-02-13","452065263384491","Sponsored Brands","0.41","USD"
"2026-02-27","269935586939823","Sponsored Products","13.85","CAD"
"2026-02-09","443207948405482","Sponsored Products","0.00","CAD"
"2026-02-02","61090477012622","Sponsored Products","33.07","USD"
"2026-02-03","226743970768774","Sponsored Products","3.12","USD"
"2026-02-05","392537273853228","Sponsored Brands","0.00","AUD"
"2026-02-01","386920533914758","Sponsored Brands","0.00","CAD"
"2026-02-05","261659564571062","Sponsored Products","1.49","USD"
"2026-02-13","239677460933975","Sponsored Products","17.71","USD"
"2026-02-20","149626049979530","Sponsored Products","0.00","USD"
"2026-02-08","205764417979436","Sponsored Products","0.00","USD"
"2026-02-02","482686146435604","Sponsored Brands","2.41","USD"
"2026-02-23","192420944790293","Sponsored Products","26.31","GBP"
"2026-02-21","495677195822245","Sponsored Brands","0.00","USD"
"2026-02-11","48433117829801","Sponsored Products","19.13","USD"
"2026-02-10","42141939819441","Sponsored Products","0.00","USD"
"2026-02-15","204544178017947","Sponsored Products","1.53","USD"
"2026-02-02","459130146103681","Sponsored Display","1.64","AUD"
"2026-02-01","34478632960968","Sponsored Products","10.92","USD"
"2026-02-03","278400043801722","Sponsored Products","0.19","GBP"
"2026-02-10","96473122408354","Sponsored Products","0.00","USD"
"2026-02-20","158724595401869","Sponsored Products","0.00","USD"
"2026-02-04","309601314328778","Sponsored Products","0.00","CAD"
"2026-02-23","27661898820374","Sponsored Products","0.00","USD"
"2026-02-21","192968792078402","Sponsored Products","0.00","USD"
"2026-02-22","149626049979530","Sponsored Products","0.00","USD"
"2026-02-02","280528554873543","Sponsored Products","1.59","USD"
"2026-02-07","303344079444236","Sponsored Brands","0.56","GBP"
"2026-02-01","58475731073369","Sponsored Products","0.81","USD"
"2026-02-25","149818563042691","Sponsored Products","0.00","USD"
"2026-02-03","96473122408354","Sponsored Products","0.00","USD"
"2026-02-19","8078369968995","Sponsored Products","0.00","USD"
"2026-02-23","263531397076178","Sponsored Products","0.00","USD"
"2026-02-04","448149727236636","Sponsored Products","0.00","AUD"
"2026-02-24","215176800738804","Sponsored Products","0.00","USD"
"2026-02-22","172779439196738","Sponsored Products","0.00","USD"
"2026-02-21","126638359335345","Sponsored Products","0.86","USD"
"2026-02-13","22348745290500","Sponsored Products","0.00","USD"
"2026-02-16","192420944790293","Sponsored Products","4.19","GBP"
"2026-02-12","101459965063202","Sponsored Products","35.46","USD"
"2026-02-18","560000811916391","Sponsored Brands","16.03","USD"
"2026-02-14","198809778193730","Sponsored Products","17.18","USD"
"2026-02-08","303344079444236","Sponsored Brands","0.00","GBP"
"2026-02-28","22515666501366","Sponsored Products","2.54","USD"
"2026-02-16","276488907454289","Sponsored Products","0.00","USD"
"2026-02-08","281110747056753","Sponsored Products","0.00","USD"
"2026-02-23","188545556962991","Sponsored Products","0.00","USD"
"2026-02-22","187735718741416","Sponsored Products","0.00","USD"
"2026-02-01","392699328377229","Sponsored Products","0.00","AUD"
"2026-02-18","281024885672869","Sponsored Products","0.00","USD"
"2026-02-23","115758363210245","Sponsored Products","2.08","USD"
"2026-02-06","407444835513369","Sponsored Brands","2.92","CAD"
"2026-02-23","545989665090053","Sponsored Brands","1.69","GBP"
"2026-02-05","154085784178560","Sponsored Products","0.00","USD"
"2026-02-14","28565058702355","Sponsored Products","2.55","USD"
"2026-02-02","494994223093944","Sponsored Brands","0.00","AUD"
"2026-02-05","453239686745418","Sponsored Products","0.25","GBP"
"2026-02-08","262727752997615","Sponsored Products","0.00","USD"
"2026-02-15","148265992493931","Sponsored Products","0.00","USD"
"2026-02-05","263531397076178","Sponsored Products","0.00","USD"
"2026-02-09","504962652065858","Sponsored Brands","0.00","AUD"
"2026-02-27","407444835513369","Sponsored Brands","0.00","CAD"
"2026-02-26","303344079444236","Sponsored Brands","0.00","GBP"
"2026-02-15","22348745290500","Sponsored Products","0.00","USD"
"2026-02-14","53404531347848","Sponsored Products","2.66","USD"
"2026-02-17","138135222992233","Sponsored Products","0.00","USD"
"2026-02-03","473740316381787","Sponsored Products","7.86","GBP"
"2026-02-20","32030113168570","Sponsored Products","0.87","USD"
"2026-02-01","360836238849040","Sponsored Products","0.00","AUD"
"2026-02-11","213530912619228","Sponsored Products","0.00","USD"
"2026-02-07","188279469264899","Sponsored Products","0.00","USD"
"2026-02-13","380662946968621","Sponsored Display","0.31","USD"
"2026-02-06","345230959620455","Sponsored Products","0.00","CAD"
"2026-02-25","134777743429986","Sponsored Products","1.16","USD"
"2026-02-03","371604599978031","Sponsored Products","0.00","AUD"
"2026-02-01","321879822518995","Sponsored Products","0.02","AUD"
"2026-02-15","291680855614624","Sponsored Brands","0.00","GBP"
"2026-02-04","284235017891966","Sponsored Products","4.77","CAD"
"2026-02-17","241960271286519","Sponsored Products","0.00","USD"
"2026-02-21","149818563042691","Sponsored Products","0.00","USD"
"2026-02-11","392972027720670","Sponsored Products","0.00","CAD"
"2026-02-09","79620432535917","Sponsored Products","2.36","USD"
"2026-02-03","455688132780953","Sponsored Brands","15.04","USD"
"2026-02-14","8078369968995","Sponsored Products","0.00","USD"
"2026-02-19","452065263384491","Sponsored Brands","1.88","USD"
"2026-02-08","272711015971799","Sponsored Products","0.00","USD"
"2026-02-18","97079585612330","Sponsored Products","0.00","USD"
"2026-02-16","215966552761313","Sponsored Products","0.00","USD"
"2026-02-02","546191132663927","Sponsored Brands","0.00","USD"
"2026-02-26","238790977416237","Sponsored Products","0.00","USD"
"2026-02-05","115758363210245","Sponsored Products","32.15","USD"
"2026-02-17","115764500761375","Sponsored Products","0.00","USD"
"2026-02-08","61090477012622","Sponsored Products","5.84","USD"
"2026-02-04","279125239605082","Sponsored Products","4.41","USD"
"2026-02-05","529845821022802","Sponsored Products","0.00","AUD"
"2026-02-15","349690804752896","Sponsored Products","0.00","USD"
"2026-02-25","32030113168570","Sponsored Products","0.00","USD"
"2026-02-22","491366396962687","Sponsored Brands","4.02","USD"
"2026-02-07","97079585612330","Sponsored Products","0.00","USD"
"2026-02-26","128835884603962","Sponsored Products","0.00","USD"
"2026-02-12","423471492340141","Sponsored Brands","9.94","USD"
"2026-02-24","54386198712419","Sponsored Products","0.00","USD"
"2026-02-19","281024885672869","Sponsored Products","0.00","USD"
"2026-02-13","205922105032655","Sponsored Products","0.00","USD"
"2026-02-06","432013629308606","Sponsored Brands","5.70","CAD"
"2026-02-13","559365035833525","Sponsored Brands","0.00","AUD"
"2026-02-10","239772993878028","Sponsored Products","0.00","USD"
"2026-02-08","411197191773342","Sponsored Products","0.00","AUD"
"2026-02-17","348184859637636","Sponsored Brands","1.77","USD"
"2026-02-02","130912331972988","Sponsored Products","0.00","USD"
"2026-02-26","61503627186513","Sponsored Products","0.95","USD"
"2026-02-13","292138679780956","Sponsored Products","0.00","AUD"
"2026-02-01","279125239605082","Sponsored Products","0.26","USD"
"2026-02-14","288669281122601","Sponsored Products","0.00","AUD"
"2026-02-02","521187964040554","Sponsored Products","0.35","CAD"
"2026-02-02","375880567146391","Sponsored Display","0.00","AUD"
"2026-02-07","205922105032655","Sponsored Products","0.00","USD"
"2026-02-13","455100983218716","Sponsored Brands","4.54","USD"
"2026-02-05","189380234928822","Sponsored Products","0.00","USD"
"2026-02-07","423538576850039","Sponsored Products","0.00","AUD"
"2026-02-15","54386198712419","Sponsored Products","0.00","USD"
"2026-02-12","443805539282973","Sponsored Brands","0.00","CAD"
"2026-02-17","1861066386589","Sponsored Products","0.00","USD"
"2026-02-05","48758698369103","Sponsored Products","0.45","USD"
"2026-02-06","113013759920940","Sponsored Products","0.00","USD"
"2026-02-28","407444835513369","Sponsored Brands","0.00","CAD"
"2026-02-16","58475731073369","Sponsored Products","0.00","USD"
"2026-02-01","152555236474228","Sponsored Products","0.00","USD"
"2026-02-15","42141939819441","Sponsored Products","0.00","USD"
"2026-02-24","199076365376964","Sponsored Products","0.00","USD"
"2026-02-19","205922105032655","Sponsored Products","0.00","USD"
"2026-02-05","115764500761375","Sponsored Products","10.46","USD"
"2026-02-14","32030113168570","Sponsored Products","0.00","USD"
"2026-02-10","198809778193730","Sponsored Products","110.58","USD"
"2026-02-24","254109808305934","Sponsored Products","0.00","USD"
"2026-02-01","245503802057093","Sponsored Products","0.00","USD"
"2026-02-04","516157903732083","Sponsored Products","0.57","GBP"
"2026-02-01","11588448157956","Sponsored Products","0.00","USD"
"2026-02-15","115764500761375","Sponsored Products","2.19","USD"
"2026-02-07","517050919084211","Sponsored Products","0.00","CAD"
"2026-02-05","530543664696574","Sponsored Products","0.00","AUD"
"2026-02-04","511828144987995","Sponsored Products","0.00","GBP"
"2026-02-05","224639482376841","Sponsored Products","28.14","USD"
"2026-02-05","532209379687062","Sponsored Display","0.41","GBP"
"2026-02-25","18193170148935","Sponsored Products","0.00","USD"
"2026-02-06","39061317933304","Sponsored Products","0.00","USD"
"2026-02-01","397652540263806","Sponsored Products","0.00","CAD"
"2026-02-04","296615200458181","Sponsored Brands","32.07","USD"
"2026-02-04","314318800479242","Sponsored Products","0.00","AUD"
"2026-02-11","205922105032655","Sponsored Products","0.00","USD"
"2026-02-21","158171452508120","Sponsored Products","0.00","USD"
"2026-02-24","194838680698310","Sponsored Products","1.81","USD"
"2026-02-16","259201002739674","Sponsored Products","1.80","USD"
"2026-02-01","458452283549074","Sponsored Brands","0.00","CAD"
"2026-02-12","475621849553010","Sponsored Brands","0.00","CAD"
"2026-02-01","453503689032806","Sponsored Products","0.00","GBP"
"2026-02-01","371623685288534","Sponsored Brands","2.18","GBP"
"2026-02-08","93539819506468","Sponsored Products","2.38","USD"
"2026-02-13","188545556962991","Sponsored Products","1.35","USD"
"2026-02-11","292138679780956","Sponsored Products","0.00","AUD"
"2026-02-14","94121140300347","Sponsored Products","7.06","USD"
"2026-02-05","2414736156339","Sponsored Products","0.00","USD"
"2026-02-03","428015197375542","Sponsored Products","0.00","AUD"
"2026-02-27","128770506922317","Sponsored Products","0.00","USD"
"2026-02-10","434871922933588","Sponsored Brands","1.35","CAD"
"2026-02-25","188279469264899","Sponsored Products","1.15","USD"
"2026-02-06","463874563272935","Sponsored Brands","0.00","AUD"
"2026-02-13","72790979016813","Sponsored Products","0.00","USD"
"2026-02-18","101965336081409","Sponsored Products","0.00","USD"
"2026-02-18","210638600694486","Sponsored Products","0.74","USD"
"2026-02-01","407530123839349","Sponsored Products","0.00","AUD"
"2026-02-27","482686146435604","Sponsored Brands","2.51","USD"
"2026-02-21","263531397076178","Sponsored Products","0.00","USD"
"2026-02-13","61503627186513","Sponsored Products","0.00","USD"
"2026-02-05","216925562826343","Sponsored Products","0.90","USD"
"2026-02-12","218351835233699","Sponsored Products","50.07","GBP"
"2026-02-10","288669281122601","Sponsored Products","5.98","AUD"
"2026-02-15","231848232455644","Sponsored Products","25.13","USD"
"2026-02-06","280528554873543","Sponsored Products","0.00","USD"
"2026-02-08","34478632960968","Sponsored Products","14.64","USD"
"2026-02-08","320522945603717","Sponsored Brands","0.00","CAD"
"2026-02-03","61090477012622","Sponsored Products","10.69","USD"
"2026-02-09","281110747056753","Sponsored Products","0.00","USD"
"2026-02-02","455983082050138","Sponsored Products","0.00","CAD"
"2026-02-04","263910374759225","Sponsored Products","0.00","CAD"
"2026-02-06","284096201830626","Sponsored Display","4.36","USD"
"2026-02-09","461803854184467","Sponsored Products","0.00","CAD"
"2026-02-10","464658704178346","Sponsored Brands","0.00","USD"
"2026-02-21","141648422510979","Sponsored Products","0.00","USD"
"2026-02-21","32571611634774","Sponsored Products","0.00","USD"
"2026-02-10","61503627186513","Sponsored Products","0.00","USD"
"2026-02-08","557814926181675","Sponsored Products","0.00","CAD"
"2026-02-18","205922105032655","Sponsored Products","0.00","USD"
"2026-02-02","44065507618346","Sponsored Products","1.08","USD"
"2026-02-05","137772430611725","Sponsored Products","7.64","USD"
"2026-02-26","22515666501366","Sponsored Products","0.00","USD"
"2026-02-05","516157903732083","Sponsored Products","3.13","GBP"
"2026-02-13","54673378227395","Sponsored Products","0.00","USD"
"2026-02-28","423471492340141","Sponsored Brands","1.82","USD"
"2026-02-14","132476300811824","Sponsored Products","10.63","CAD"
"2026-02-03","126638359335345","Sponsored Products","0.59","USD"
"2026-02-05","130912331972988","Sponsored Products","1.73","USD"
"2026-02-16","32571611634774","Sponsored Products","0.00","USD"
"2026-02-06","495242868805173","Sponsored Products","0.00","GBP"
"2026-02-26","255100442617527","Sponsored Products","1.36","USD"
"2026-02-05","348537181713557","Sponsored Products","0.00","GBP"
"2026-02-04","205764417979436","Sponsored Products","0.00","USD"
"2026-02-19","34639218619625","Sponsored Products","1.20","USD"
"2026-02-05","94073967562900","Sponsored Products","0.00","USD"
"2026-02-26","281235849108344","Sponsored Products","12.59","USD"
"2026-02-05","67855357390881","Sponsored Products","0.00","USD"
"2026-02-17","199076365376964","Sponsored Products","0.00","USD"
"2026-02-03","83042096012825","Sponsored Products","0.03","USD"
"2026-02-23","276797522102375","Sponsored Products","0.00","USD"
"2026-02-16","495677195822245","Sponsored Brands","2.26","USD"
"2026-02-28","128835884603962","Sponsored Products","0.00","USD"
"2026-02-14","43460676635147","Sponsored Products","1.83","USD"
"2026-02-02","65271102777505","Sponsored Products","3.02","USD"
"2026-02-03","312632253610695","Sponsored Brands","0.00","USD"
"2026-02-19","126638359335345","Sponsored Products","0.00","USD"
"2026-02-22","133846876580591","Sponsored Products","0.00","USD"
"2026-02-13","153491409585454","Sponsored Products","2.02","USD"
"2026-02-08","121446500477002","Sponsored Products","0.00","USD"
"2026-02-20","194838680698310","Sponsored Products","3.56","USD"
"2026-02-12","557814926181675","Sponsored Products","0.00","CAD"
"2026-02-15","243204708497477","Sponsored Products","0.00","USD"
"2026-02-23","34639218619625","Sponsored Products","0.93","USD"
"2026-02-25","491366396962687","Sponsored Brands","5.14","USD"
"2026-02-11","441925918527435","Sponsored Brands","0.61","USD"
"2026-02-12","54386198712419","Sponsored Products","0.00","USD"
"2026-02-26","40237294180920","Sponsored Products","0.00","USD"
"2026-02-11","312632253610695","Sponsored Brands","2.81","USD"
"2026-02-08","392972027720670","Sponsored Products","0.30","CAD"
"2026-02-13","545989665090053","Sponsored Brands","7.27","GBP"
"2026-02-18","267283875717235","Sponsored Products","0.00","USD"
"2026-02-13","443805539282973","Sponsored Brands","0.00","CAD"
"2026-02-22","145958940968220","Sponsored Products","1.09","USD"
"2026-02-24","34478632960968","Sponsored Products","8.60","USD"
"2026-02-02","558782683947956","Sponsored Products","1.54","CAD"
"2026-02-05","291618943691121","Sponsored Brands","0.00","AUD"
"2026-02-15","276488907454289","Sponsored Products","0.00","USD"
"2026-02-04","452065263384491","Sponsored Brands","4.39","USD"
"2026-02-22","277250351840071","Sponsored Products","4.95","USD"
"2026-02-23","192968792078402","Sponsored Products","0.00","USD"
"2026-02-09","545989665090053","Sponsored Brands","1.46","GBP"
"2026-02-28","189380234928822","Sponsored Products","0.00","USD"
"2026-02-06","48758698369103","Sponsored Products","0.45","USD"
"2026-02-09","188279469264899","Sponsored Products","0.00","USD"
"2026-02-01","363551194960955","Sponsored Products","0.00","CAD"
"2026-02-05","288669281122601","Sponsored Products","0.00","AUD"
"2026-02-20","22348745290500","Sponsored Products","0.00","USD"
"2026-02-06","407530123839349","Sponsored Products","1.15","AUD"
"2026-02-09","448149727236636","Sponsored Products","0.00","AUD"
"2026-02-04","307922603865773","Sponsored Products","0.00","USD"
"2026-02-17","156989235380210","Sponsored Products","245.92","USD"
"2026-02-20","233888031600237","Sponsored Products","0.00","USD"
"2026-02-22","156285188540724","Sponsored Products","11.53","USD"
"2026-02-15","259323671730401","Sponsored Products","4.58","USD"
"2026-02-19","296615200458181","Sponsored Brands","1.30","USD"
"2026-02-21","48758698369103","Sponsored Products","0.00","USD"
"2026-02-13","154085784178560","Sponsored Products","0.00","USD"
"2026-02-25","145958940968220","Sponsored Products","0.78","USD"
"2026-02-27","259323671730401","Sponsored Products","12.65","USD"
"2026-02-07","494994223093944","Sponsored Brands","0.00","AUD"
"2026-02-13","40237294180920","Sponsored Products","0.00","USD"
"2026-02-23","140453739775668","Sponsored Products","3.05","USD"
"2026-02-06","314318800479242","Sponsored Products","0.82","AUD"
"2026-02-11","23854220044300","Sponsored Products","2.69","USD"
"2026-02-01","371021037712738","Sponsored Products","0.00","USD"
"2026-02-05","484271755377666","Sponsored Products","0.00","CAD"
"2026-02-24","206968068657618","Sponsored Products","0.00","USD"
"2026-02-07","531194039320877","Sponsored Products","0.00","CAD"
"2026-02-13","428015197375542","Sponsored Products","0.00","AUD"
"2026-02-17","158724595401869","Sponsored Products","0.00","USD"
"2026-02-12","54673378227395","Sponsored Products","0.00","USD"
"2026-02-14","148265992493931","Sponsored Products","0.00","USD"
"2026-02-16","61503627186513","Sponsored Products","0.00","USD"
"2026-02-07","559365035833525","Sponsored Brands","0.00","AUD"
"2026-02-08","164743561215297","Sponsored Products","0.00","USD"
"2026-02-21","94121140300347","Sponsored Products","0.00","USD"
"2026-02-01","174719285602701","Sponsored Products","9.59","USD"
"2026-02-13","43460676635147","Sponsored Products","0.00","USD"
"2026-02-12","357384467879967","Sponsored Brands","11.10","USD"
"2026-02-03","502907079288115","Sponsored Products","0.00","CAD"
"2026-02-07","207367106415924","Sponsored Products","6.71","GBP"
"2026-02-02","437016942104478","Sponsored Brands","0.00","CAD"
"2026-02-15","79620432535917","Sponsored Products","7.99","USD"
"2026-02-07","429216730447678","Sponsored Products","0.00","AUD"
"2026-02-04","557802220335065","Sponsored Products","0.00","CAD"
"2026-02-02","291612323170971","Sponsored Products","2.04","CAD"
"2026-02-24","239677460933975","Sponsored Products","1.81","USD"
"2026-02-07","58475731073369","Sponsored Products","0.42","USD"
"2026-02-23","124202126398060","Sponsored Products","2.00","USD"
"2026-02-16","296615200458181","Sponsored Brands","20.00","USD"
"2026-02-01","486830706800832","Sponsored Products","0.00","CAD"
"2026-02-14","548511206574211","Sponsored Brands","0.00","AUD"
"2026-02-09","271780514756108","Sponsored Products","0.00","USD"
"2026-02-08","34639218619625","Sponsored Products","2.98","USD"
"2026-02-05","97079585612330","Sponsored Products","0.91","USD"
"2026-02-06","363579801300326","Sponsored Products","0.00","CAD"
"2026-02-23","101459965063202","Sponsored Products","4.52","USD"
"2026-02-03","28565058702355","Sponsored Products","15.36","USD"
"2026-02-25","61503627186513","Sponsored Products","0.00","USD"
"2026-02-16","187735718741416","Sponsored Products","0.00","USD"
"2026-02-06","192968792078402","Sponsored Products","0.00","USD"
"2026-02-05","215966552761313","Sponsored Products","5.45","USD"
"2026-02-28","115758363210245","Sponsored Products","53.49","USD"
"2026-02-15","245503802057093","Sponsored Products","0.00","USD"
"2026-02-08","67855357390881","Sponsored Products","0.00","USD"
"2026-02-03","307922603865773","Sponsored Products","0.00","USD"
"2026-02-03","419764168918332","Sponsored Brands","2.26","AUD"
"2026-02-09","458452283549074","Sponsored Brands","0.00","CAD"
"2026-02-13","373593607967581","Sponsored Display","0.00","AUD"
"2026-02-10","444969564092992","Sponsored Products","0.00","CAD"
"2026-02-20","312632253610695","Sponsored Brands","0.87","USD"
"2026-02-08","8078369968995","Sponsored Products","0.00","USD"
"2026-02-04","530911335551258","Sponsored Products","0.00","CAD"
"2026-02-10","96060745446945","Sponsored Products","0.00","USD"
"2026-02-02","366616645988820","Sponsored Products","0.00","CAD"
"2026-02-01","392537273853228","Sponsored Brands","1.47","AUD"
"2026-02-08","505299994018527","Sponsored Products","0.00","CAD"
"2026-02-04","48758698369103","Sponsored Products","2.34","USD"
"2026-02-15","93539819506468","Sponsored Products","0.00","USD"
"2026-02-05","11588448157956","Sponsored Products","1.31","USD"
"2026-02-04","417555316939613","Sponsored Brands","0.00","AUD"
"2026-02-04","406964010755868","Sponsored Products","4.00","CAD"
"2026-02-16","115943131527635","Sponsored Products","0.00","USD"
"2026-02-01","422044464968254","Sponsored Products","6.98","GBP"
"2026-02-16","346023186686134","Sponsored Brands","0.00","USD"
"2026-02-06","278400043801722","Sponsored Products","0.94","GBP"
"2026-02-05","354036750973331","Sponsored Products","1.99","CAD"
"2026-02-19","115764500761375","Sponsored Products","0.00","USD"
"2026-02-23","162987026418786","Sponsored Products","0.00","USD"
"2026-02-05","455100983218716","Sponsored Brands","0.60","USD"
"2026-02-02","257373022214500","Sponsored Products","3.02","USD"
"2026-02-05","174719285602701","Sponsored Products","3.39","USD"
"2026-02-18","115764500761375","Sponsored Products","0.00","USD"
"2026-02-18","413308568322873","Sponsored Brands","0.72","USD"
"2026-02-04","363579801300326","Sponsored Products","0.00","CAD"
"2026-02-12","551134208715253","Sponsored Products","1.03","AUD"
"2026-02-01","1861066386589","Sponsored Products","0.00","USD"
"2026-02-03","439118795538688","Sponsored Brands","0.00","CAD"
"2026-02-16","82064097659476","Sponsored Products","1.80","USD"
"2026-02-24","172779439196738","Sponsored Products","0.00","USD"
"2026-02-11","453187476718269","Sponsored Display","0.00","CAD"
"2026-02-09","1069464513580","Sponsored Products","24.95","USD"
"2026-02-10","30651955945418","Sponsored Products","0.00","USD"
"2026-02-17","54386198712419","Sponsored Products","0.00","USD"
"2026-02-06","360836238849040","Sponsored Products","0.00","AUD"
"2026-02-11","259323671730401","Sponsored Products","12.66","USD"
"2026-02-07","399703016940832","Sponsored Brands","2.85","CAD"
"2026-02-24","261580610725925","Sponsored Products","0.00","AUD"
"2026-02-05","138135222992233","Sponsored Products","15.24","USD"
"2026-02-24","22348745290500","Sponsored Products","0.23","USD"
"2026-02-15","207367106415924","Sponsored Products","13.16","GBP"
"2026-02-04","271780514756108","Sponsored Products","0.00","USD"
"2026-02-08","546618773117950","Sponsored Brands","0.00","AUD"
"2026-02-16","34478632960968","Sponsored Products","10.61","USD"
"2026-02-03","286308132559342","Sponsored Brands","0.00","AUD"
"2026-02-12","140453739775668","Sponsored Products","2.59","USD"
"2026-02-07","82064097659476","Sponsored Products","0.00","USD"
"2026-02-11","555360954347903","Sponsored Products","0.00","CAD"
"2026-02-03","34639218619625","Sponsored Products","7.81","USD"
"2026-02-02","557802220335065","Sponsored Products","0.99","CAD"
"2026-02-02","298636506131156","Sponsored Brands","0.00","AUD"
"2026-02-17","207367106415924","Sponsored Products","7.21","GBP"
"2026-02-01","44065507618346","Sponsored Products","1.50","USD"
"2026-02-27","278626821184075","Sponsored Products","0.00","USD"
"2026-02-27","61090477012622","Sponsored Products","0.00","USD"
"2026-02-09","72790979016813","Sponsored Products","2.24","USD"
"2026-02-08","476877916686317","Sponsored Brands","1.60","AUD"
"2026-02-06","545146961820010","Sponsored Products","0.40","GBP"
"2026-02-08","204544178017947","Sponsored Products","0.00","USD"
"2026-02-06","67855357390881","Sponsored Products","0.00","USD"
"2026-02-19","204544178017947","Sponsored Products","1.13","USD"
"2026-02-06","375451164709840","Sponsored Products","0.00","GBP"
"2026-02-13","198809778193730","Sponsored Products","12.91","USD"
"2026-02-02","532209379687062","Sponsored Display","0.79","GBP"
"2026-02-10","521187964040554","Sponsored Products","0.00","CAD"
"2026-02-18","176035476248713","Sponsored Products","0.00","USD"
"2026-02-02","559365035833525","Sponsored Brands","2.14","AUD"
"2026-02-21","207367106415924","Sponsored Products","22.31","GBP"
"2026-02-14","128770506922317","Sponsored Products","0.24","USD"
"2026-02-19","215176800738804","Sponsored Products","0.00","USD"
"2026-02-24","346023186686134","Sponsored Brands","1.04","USD"
"2026-02-16","141648422510979","Sponsored Products","0.00","USD"
"2026-02-03","65861573413220","Sponsored Products","0.00","USD"
"2026-02-06","168803396873792","Sponsored Products","0.49","USD"
"2026-02-01","551134208715253","Sponsored Products","0.00","AUD"
"2026-02-11","452065263384491","Sponsored Brands","0.00","USD"
"2026-02-06","363551194960955","Sponsored Products","0.00","CAD"
"2026-02-20","261659564571062","Sponsored Products","0.00","USD"
"2026-02-08","559365035833525","Sponsored Brands","0.00","AUD"
"2026-02-13","476877916686317","Sponsored Brands","0.00","AUD"
"2026-02-08","392699328377229","Sponsored Products","0.00","AUD"
"2026-02-12","555379102425019","Sponsored Products","1.19","CAD"
"2026-02-08","188279469264899","Sponsored Products","0.57","USD"
"2026-02-01","347536643859180","Sponsored Products","0.00","GBP"
"2026-02-13","486701736662809","Sponsored Products","0.64","AUD"
"2026-02-28","261580610725925","Sponsored Products","0.00","AUD"
"2026-02-28","39061317933304","Sponsored Products","0.00","USD"
"2026-02-16","61090477012622","Sponsored Products","0.00","USD"
"2026-02-08","48192245895031","Sponsored Products","0.00","USD"
"2026-02-18","215176800738804","Sponsored Products","0.00","USD"
"2026-02-18","312632253610695","Sponsored Brands","1.03","USD"
"2026-02-03","392537273853228","Sponsored Brands","2.06","AUD"
"2026-02-28","101965336081409","Sponsored Products","3.15","USD"
"2026-02-20","9627520751858","Sponsored Products","24.43","USD"
"2026-02-12","215176800738804","Sponsored Products","0.45","USD"
"2026-02-18","32030113168570","Sponsored Products","0.00","USD"
"2026-02-11","210638600694486","Sponsored Products","2.52","USD"
"2026-02-14","409249674990450","Sponsored Products","0.00","AUD"
"2026-02-04","399629340308947","Sponsored Brands","0.00","AUD"
"2026-02-01","354484097353439","Sponsored Products","0.00","GBP"
"2026-02-12","233888031600237","Sponsored Products","0.00","USD"
"2026-02-28","77231525415892","Sponsored Products","0.00","USD"
"2026-02-04","202838039381314","Sponsored Products","5.92","USD"
"2026-02-14","480355060288556","Sponsored Products","0.00","AUD"
"2026-02-05","293287193628180","Sponsored Brands","0.00","GBP"
"2026-02-24","121446500477002","Sponsored Products","0.00","USD"
"2026-02-05","186804517918072","Sponsored Products","0.00","USD"
"2026-02-14","67855357390881","Sponsored Products","0.00","USD"
"2026-02-27","153491409585454","Sponsored Products","3.89","USD"
"2026-02-05","407530123839349","Sponsored Products","0.00","AUD"
"2026-02-04","124202126398060","Sponsored Products","5.97","USD"
"2026-02-08","54386198712419","Sponsored Products","0.00","USD"
"2026-02-08","263531397076178","Sponsored Products","0.00","USD"
"2026-02-13","134777743429986","Sponsored Products","0.00","USD"
"2026-02-04","453239686745418","Sponsored Products","0.91","GBP"
"2026-02-02","243204708497477","Sponsored Products","0.00","USD"
"2026-02-12","494994223093944","Sponsored Brands","0.00","AUD"
"2026-02-05","79620432535917","Sponsored Products","26.35","USD"
"2026-02-14","192420944790293","Sponsored Products","5.55","GBP"
"2026-02-06","138135222992233","Sponsored Products","10.02","USD"
"2026-02-18","452065263384491","Sponsored Brands","7.54","USD"
"2026-02-06","23854220044300","Sponsored Products","0.00","USD"
"2026-02-05","378858058113466","Sponsored Products","1.11","CAD"
"2026-02-10","354627207584492","Sponsored Products","0.45","CAD"
"2026-02-02","557814926181675","Sponsored Products","0.00","CAD"
"2026-02-27","77231525415892","Sponsored Products","0.00","USD"
"2026-02-04","369371745062988","Sponsored Products","0.00","CAD"
"2026-02-15","224639482376841","Sponsored Products","7.03","USD"
"2026-02-18","9627520751858","Sponsored Products","18.10","USD"
"2026-02-06","176992507771254","Sponsored Products","4.80","USD"
"2026-02-04","303784488331012","Sponsored Display","1.81","AUD"
"2026-02-01","272711015971799","Sponsored Products","2.23","USD"
"2026-02-20","11143044290906","Sponsored Products","0.00","USD"
"2026-02-26","133846876580591","Sponsored Products","0.00","USD"
"2026-02-10","101965336081409","Sponsored Products","0.00","USD"
"2026-02-06","189380234928822","Sponsored Products","0.00","USD"
"2026-02-10","493519110544788","Sponsored Products","0.00","USD"
"2026-02-23","32030113168570","Sponsored Products","0.00","USD"
"2026-02-07","192968792078402","Sponsored Products","0.00","USD"
"2026-02-06","419802202221779","Sponsored Products","0.64","CAD"
"2026-02-02","67855357390881","Sponsored Products","0.00","USD"
"2026-02-10","443805539282973","Sponsored Brands","1.64","CAD"
"2026-02-13","440997775738977","Sponsored Products","0.00","AUD"
"2026-02-16","158171452508120","Sponsored Products","0.00","USD"
"2026-02-22","40237294180920","Sponsored Products","0.00","USD"
"2026-02-05","459130146103681","Sponsored Display","0.00","AUD"
"2026-02-07","257373022214500","Sponsored Products","0.00","USD"
"2026-02-02","281110747056753","Sponsored Products","0.00","USD"
"2026-02-16","72790979016813","Sponsored Products","0.00","USD"
"2026-02-25","124202126398060","Sponsored Products","0.39","USD"
"2026-02-18","77231525415892","Sponsored Products","0.00","USD"
"2026-02-01","392598200964005","Sponsored Products","0.76","CAD"
"2026-02-12","486701736662809","Sponsored Products","1.37","AUD"
"2026-02-03","54386198712419","Sponsored Products","0.00","USD"
"2026-02-11","53404531347848","Sponsored Products","2.98","USD"
"2026-02-02","560000811916391","Sponsored Brands","2.02","USD"
"2026-02-03","307534770253902","Sponsored Products","0.00","CAD"
"2026-02-24","257373022214500","Sponsored Products","0.00","USD"
"2026-02-24","65861573413220","Sponsored Products","0.00","USD"
"2026-02-01","216925562826343","Sponsored Products","0.00","USD"
"2026-02-11","476877916686317","Sponsored Brands","0.00","AUD"
"2026-02-07","530353594830018","Sponsored Display","0.82","CAD"
"2026-02-17","67855357390881","Sponsored Products","1.34","USD"
"2026-02-03","469438672280657","Sponsored Products","0.00","GBP"
"2026-02-04","22348745290500","Sponsored Products","1.56","USD"
"2026-02-09","148265992493931","Sponsored Products","0.00","USD"
"2026-02-15","48758698369103","Sponsored Products","0.00","USD"
"2026-02-04","444969564092992","Sponsored Products","0.32","CAD"
"2026-02-18","83677388471868","Sponsored Products","0.00","USD"
"2026-02-26","213530912619228","Sponsored Products","0.00","USD"
"2026-02-18","28565058702355","Sponsored Products","1.87","USD"
"2026-02-11","396524009311704","Sponsored Brands","0.00","CAD"
"2026-02-09","399629340308947","Sponsored Brands","0.00","AUD"
"2026-02-02","530911335551258","Sponsored Products","0.00","CAD"
"2026-02-05","134777743429986","Sponsored Products","0.00","USD"
"2026-02-03","32030113168570","Sponsored Products","0.00","USD"
"2026-02-26","192420944790293","Sponsored Products","2.20","GBP"
"2026-02-05","263910374759225","Sponsored Products","1.42","CAD"
"2026-02-11","192420944790293","Sponsored Products","27.22","GBP"
"2026-02-16","65271102777505","Sponsored Products","0.00","USD"
"2026-02-22","34478632960968","Sponsored Products","6.27","USD"
"2026-02-25","128835884603962","Sponsored Products","0.00","USD"
"2026-02-01","441276644656791","Sponsored Brands","0.00","AUD"
"2026-02-26","495677195822245","Sponsored Brands","3.33","USD"
"2026-02-10","187735718741416","Sponsored Products","7.69","USD"
"2026-02-12","453187476718269","Sponsored Display","0.00","CAD"
"2026-02-02","309601314328778","Sponsored Products","0.00","CAD"
"2026-02-02","357384467879967","Sponsored Brands","13.31","USD"
"2026-02-11","419764168918332","Sponsored Brands","0.00","AUD"
"2026-02-09","149942312994880","Sponsored Products","0.00","USD"
"2026-02-05","545989665090053","Sponsored Brands","2.87","GBP"
"2026-02-13","280513164622908","Sponsored Products","0.00","USD"
"2026-02-07","536492240546443","Sponsored Products","0.00","CAD"
"2026-02-03","312711508263023","Sponsored Products","0.06","AUD"
"2026-02-25","88056195803598","Sponsored Products","0.00","USD"
"2026-02-08","298636506131156","Sponsored Brands","0.00","AUD"
"2026-02-06","1069464513580","Sponsored Products","23.03","USD"
"2026-02-11","392598200964005","Sponsored Products","0.54","CAD"
"2026-02-27","11143044290906","Sponsored Products","0.00","USD"
"2026-02-08","82064097659476","Sponsored Products","0.00","USD"
"2026-02-11","482686146435604","Sponsored Brands","3.77","USD"
"2026-02-19","54386198712419","Sponsored Products","0.00","USD"
"2026-02-16","261659564571062","Sponsored Products","5.21","USD"
"2026-02-04","495677195822245","Sponsored Brands","1.82","USD"
"2026-02-03","128835884603962","Sponsored Products","0.00","USD"
"2026-02-06","22348745290500","Sponsored Products","0.91","USD"
"2026-02-13","133846876580591","Sponsored Products","0.00","USD"
"2026-02-24","54673378227395","Sponsored Products","0.00","USD"
"2026-02-13","434170639918769","Sponsored Brands","2.45","USD"
"2026-02-13","261659564571062","Sponsored Products","0.86","USD"
"2026-02-28","453754530299965","Sponsored Brands","1.00","USD"
"2026-02-14","82064097659476","Sponsored Products","3.00","USD"
"2026-02-27","54386198712419","Sponsored Products","1.53","USD"
"2026-02-07","321879822518995","Sponsored Products","0.58","AUD"
"2026-02-04","437016942104478","Sponsored Brands","0.00","CAD"
"2026-02-04","239695922795958","Sponsored Products","3.16","USD"
"2026-02-13","461803854184467","Sponsored Products","0.00","CAD"
"2026-02-18","133243849204741","Sponsored Products","0.00","USD"
"2026-02-06","149942312994880","Sponsored Products","0.00","USD"
"2026-02-05","245503802057093","Sponsored Products","0.00","USD"
"2026-02-17","243204708497477","Sponsored Products","0.00","USD"
"2026-02-05","324740828073799","Sponsored Products","0.00","AUD"
"2026-02-07","8078369968995","Sponsored Products","0.00","USD"
"2026-02-11","399703016940832","Sponsored Brands","0.97","CAD"
"2026-02-09","65861573413220","Sponsored Products","0.00","USD"
"2026-02-01","560000811916391","Sponsored Brands","1.27","USD"
"2026-02-12","502907079288115","Sponsored Products","2.17","CAD"
"2026-02-10","380662946968621","Sponsored Display","0.74","USD"
"2026-02-12","521187964040554","Sponsored Products","0.44","CAD"
"2026-02-08","226743970768774","Sponsored Products","0.64","USD"
"2026-02-07","148265992493931","Sponsored Products","0.00","USD"
"2026-02-18","348184859637636","Sponsored Brands","1.59","USD"
"2026-02-06","30651955945418","Sponsored Products","0.00","USD"
"2026-02-25","39061317933304","Sponsored Products","0.00","USD"
"2026-02-16","113013759920940","Sponsored Products","0.00","USD"
"2026-02-10","371604599978031","Sponsored Products","0.00","AUD"
"2026-02-05","561131507618203","Sponsored Products","0.00","AUD"
"2026-02-16","14582572617569","Sponsored Products","0.00","USD"
"2026-02-07","538771699321102","Sponsored Products","0.00","AUD"
"2026-02-03","48192245895031","Sponsored Products","0.00","USD"
"2026-02-23","380662946968621","Sponsored Display","0.00","USD"
"2026-02-04","407444835513369","Sponsored Brands","0.66","CAD"
"2026-02-11","40237294180920","Sponsored Products","0.80","USD"
"2026-02-03","452082306058129","Sponsored Brands","0.00","CAD"
"2026-02-16","453754530299965","Sponsored Brands","8.23","USD"
"2026-02-05","327999245273994","Sponsored Brands","0.00","USD"
"2026-02-10","557814926181675","Sponsored Products","0.00","CAD"
"2026-02-02","30651955945418","Sponsored Products","0.00","USD"
"2026-02-16","168803396873792","Sponsored Products","0.00","USD"
"2026-02-04","378858058113466","Sponsored Products","0.00","CAD"
"2026-02-02","493216310640409","Sponsored Brands","0.00","USD"
"2026-02-02","43460676635147","Sponsored Products","0.00","USD"
"2026-02-23","204544178017947","Sponsored Products","1.68","USD"
"2026-02-03","96060745446945","Sponsored Products","0.00","USD"
"2026-02-05","72790979016813","Sponsored Products","0.00","USD"
"2026-02-26","14582572617569","Sponsored Products","0.00","USD"
"2026-02-05","93539819506468","Sponsored Products","2.51","USD"
"2026-02-18","96473122408354","Sponsored Products","0.00","USD"
"2026-02-09","367083122067501","Sponsored Display","0.00","USD"
"2026-02-19","261659564571062","Sponsored Products","0.00","USD"
"2026-02-11","281110747056753","Sponsored Products","0.00","USD"
"2026-02-03","375412452273685","Sponsored Products","4.95","GBP"
"2026-02-04","398718122329444","Sponsored Products","1.25","GBP"
"2026-02-12","239695922795958","Sponsored Products","0.00","USD"
"2026-02-17","251197015848063","Sponsored Products","4.97","CAD"
"2026-02-05","14582572617569","Sponsored Products","12.76","USD"
"2026-02-03","542395622943712","Sponsored Products","0.97","GBP"
"2026-02-06","348184859637636","Sponsored Brands","3.74","USD"
"2026-02-25","164743561215297","Sponsored Products","4.25","USD"
"2026-02-05","536492240546443","Sponsored Products","0.00","CAD"
"2026-02-02","518228166841375","Sponsored Brands","0.00","GBP"
"2026-02-12","30651955945418","Sponsored Products","0.00","USD"
"2026-02-28","210638600694486","Sponsored Products","1.18","USD"
"2026-02-02","428015197375542","Sponsored Products","0.00","AUD"
"2026-02-01","72921898703277","Sponsored Products","0.00","USD"
"2026-02-02","32571611634774","Sponsored Products","0.00","USD"
"2026-02-06","454564300195235","Sponsored Products","0.00","GBP"
"2026-02-13","375880567146391","Sponsored Display","0.44","AUD"
"2026-02-28","65861573413220","Sponsored Products","0.00","USD"
"2026-02-02","557738489078024","Sponsored Products","0.00","CAD"
"2026-02-12","34478632960968","Sponsored Products","9.42","USD"
"2026-02-07","320522945603717","Sponsored Brands","0.00","CAD"
"2026-02-28","281235849108344","Sponsored Products","1.93","USD"
"2026-02-06","103204875656014","Sponsored Products","0.00","USD"
"2026-02-06","175777768252798","Sponsored Products","15.74","USD"
"2026-02-16","202299611765170","Sponsored Products","0.00","USD"
"2026-02-26","278626821184075","Sponsored Products","0.00","USD"
"2026-02-02","210638600694486","Sponsored Products","14.23","USD"
"2026-02-19","194512325763287","Sponsored Products","1.22","USD"
"2026-02-03","352761064226908","Sponsored Brands","8.99","CAD"
"2026-02-06","375880567146391","Sponsored Display","0.76","AUD"
"2026-02-18","30651955945418","Sponsored Products","0.00","USD"
"2026-02-09","384986795476042","Sponsored Brands","0.00","CAD"
"2026-02-10","148265992493931","Sponsored Products","0.00","USD"
"2026-02-08","345230959620455","Sponsored Products","0.00","CAD"
"2026-02-01","154118694541854","Sponsored Products","8.09","USD"
"2026-02-11","215176800738804","Sponsored Products","5.81","USD"
"2026-02-03","536850070634966","Sponsored Products","2.58","GBP"
"2026-02-10","407530123839349","Sponsored Products","0.00","AUD"
"2026-02-23","14582572617569","Sponsored Products","0.00","USD"
"2026-02-20","187735718741416","Sponsored Products","0.00","USD"
"2026-02-02","539931100075119","Sponsored Brands","1.80","USD"
"2026-02-13","354036750973331","Sponsored Products","0.00","CAD"
"2026-02-08","458452283549074","Sponsored Brands","0.00","CAD"
"2026-02-08","140453739775668","Sponsored Products","9.45","USD"
"2026-02-03","141552428309171","Sponsored Products","178.39","USD"
"2026-02-25","128770506922317","Sponsored Products","0.00","USD"
"2026-02-04","559365035833525","Sponsored Brands","0.00","AUD"
"2026-02-10","188279469264899","Sponsored Products","0.00","USD"
"2026-02-09","321879822518995","Sponsored Products","0.00","AUD"
"2026-02-01","375451164709840","Sponsored Products","0.51","GBP"
"2026-02-10","486701736662809","Sponsored Products","0.00","AUD"
"2026-02-19","48758698369103","Sponsored Products","0.52","USD"
"2026-02-20","246452377117901","Sponsored Products","0.40","USD"
"2026-02-16","215176800738804","Sponsored Products","0.00","USD"
"2026-02-11","101459965063202","Sponsored Products","22.41","USD"
"2026-02-01","292138679780956","Sponsored Products","0.86","AUD"
"2026-02-19","267283875717235","Sponsored Products","0.00","USD"
"2026-02-09","317772463042332","Sponsored Products","0.00","AUD"
"2026-02-08","494994223093944","Sponsored Brands","0.00","AUD"
"2026-02-04","560000811916391","Sponsored Brands","2.81","USD"
"2026-02-11","113013759920940","Sponsored Products","0.00","USD"
"2026-02-17","281024885672869","Sponsored Products","0.00","USD"
"2026-02-26","32571611634774","Sponsored Products","0.00","USD"
"2026-02-03","363551194960955","Sponsored Products","0.00","CAD"
"2026-02-22","72790979016813","Sponsored Products","0.00","USD"
"2026-02-05","557738489078024","Sponsored Products","0.00","CAD"
"2026-02-03","407346576799567","Sponsored Products","0.00","AUD"
"2026-02-18","392537273853228","Sponsored Brands","0.00","AUD"
"2026-02-14","464658704178346","Sponsored Brands","1.09","USD"
"2026-02-03","272711015971799","Sponsored Products","4.32","USD"
"2026-02-02","99206488936490","Sponsored Products","0.00","USD"
"2026-02-06","439118795538688","Sponsored Brands","0.00","CAD"
"2026-02-04","156989235380210","Sponsored Products","79.26","USD"
"2026-02-10","27661898820374","Sponsored Products","0.00","USD"
"2026-02-05","210638600694486","Sponsored Products","13.89","USD"
"2026-02-27","175777768252798","Sponsored Products","0.00","USD"
"2026-02-11","259201002739674","Sponsored Products","1.49","USD"
"2026-02-14","22515666501366","Sponsored Products","0.00","USD"
"2026-02-05","555360954347903","Sponsored Products","0.00","CAD"
"2026-02-11","554517553013265","Sponsored Products","0.00","CAD"
"2026-02-03","246452377117901","Sponsored Products","0.00","USD"
"2026-02-01","555516622120091","Sponsored Brands","0.33","GBP"
"2026-02-19","231032487711466","Sponsored Products","0.06","AUD"
"2026-02-01","202299611765170","Sponsored Products","5.56","USD"
"2026-02-07","278626821184075","Sponsored Products","27.46","USD"
"2026-02-01","373188657935606","Sponsored Products","0.00","AUD"
"2026-02-11","458452283549074","Sponsored Brands","0.00","CAD"
"2026-02-08","339568026468029","Sponsored Brands","0.29","CAD"
"2026-02-15","133846876580591","Sponsored Products","2.72","USD"
"2026-02-04","493216310640409","Sponsored Brands","0.00","USD"
"2026-02-07","558297049226516","Sponsored Brands","0.00","CAD"
"2026-02-01","516157903732083","Sponsored Products","1.10","GBP"
"2026-02-04","277250351840071","Sponsored Products","3.86","USD"
"2026-02-23","455100983218716","Sponsored Brands","0.52","USD"
"2026-02-07","409249674990450","Sponsored Products","0.06","AUD"
"2026-02-20","243204708497477","Sponsored Products","0.00","USD"
"2026-02-01","444969564092992","Sponsored Products","0.00","CAD"
"2026-02-14","266158523203302","Sponsored Products","0.00","USD"
"2026-02-27","30179169319725","Sponsored Products","2.99","AUD"
"2026-02-03","429345285920060","Sponsored Brands","1.71","GBP"
"2026-02-05","461803854184467","Sponsored Products","0.00","CAD"
"2026-02-06","491366396962687","Sponsored Brands","3.50","USD"
"2026-02-09","115764500761375","Sponsored Products","0.00","USD"
"2026-02-18","173362871105297","Sponsored Products","0.00","USD"
"2026-02-25","278626821184075","Sponsored Products","0.00","USD"
"2026-02-25","65861573413220","Sponsored Products","0.00","USD"
"2026-02-20","172779439196738","Sponsored Products","0.00","USD"
"2026-02-02","409249674990450","Sponsored Products","0.02","AUD"
"2026-02-06","158171452508120","Sponsored Products","0.00","USD"
"2026-02-15","277250351840071","Sponsored Products","7.75","USD"
"2026-02-12","316207062053537","Sponsored Products","1.90","AUD"
"2026-02-28","1069464513580","Sponsored Products","3.27","USD"
"2026-02-22","11143044290906","Sponsored Products","0.00","USD"
"2026-02-12","48192245895031","Sponsored Products","0.00","USD"
"2026-02-27","94073967562900","Sponsored Products","0.00","USD"
"2026-02-13","61090477012622","Sponsored Products","1.76","USD"
"2026-02-14","272711015971799","Sponsored Products","0.00","USD"
"2026-02-17","296615200458181","Sponsored Brands","15.76","USD"
"2026-02-07","38682977693457","Sponsored Products","0.00","USD"
"2026-02-11","434871922933588","Sponsored Brands","1.10","CAD"
"2026-02-01","310318758176650","Sponsored Products","0.00","CAD"
"2026-02-25","215966552761313","Sponsored Products","0.00","USD"
"2026-02-04","554029658228344","Sponsored Display","0.28","GBP"
"2026-02-28","22348745290500","Sponsored Products","0.00","USD"
"2026-02-06","467633236874996","Sponsored Products","0.53","AUD"
"2026-02-06","32030113168570","Sponsored Products","1.35","USD"
"2026-02-21","141552428309171","Sponsored Products","101.69","USD"
"2026-02-03","202299611765170","Sponsored Products","1.29","USD"
"2026-02-03","555360954347903","Sponsored Products","0.27","CAD"
"2026-02-05","272711015971799","Sponsored Products","0.00","USD"
"2026-02-04","184593163947523","Sponsored Products","0.00","USD"
"2026-02-25","22348745290500","Sponsored Products","0.00","USD"
"2026-02-06","392699328377229","Sponsored Products","0.00","AUD"
"2026-02-07","380662946968621","Sponsored Display","0.61","USD"
"2026-02-02","1069464513580","Sponsored Products","10.97","USD"
"2026-02-06","206968068657618","Sponsored Products","0.00","USD"
"2026-02-05","329222077811459","Sponsored Brands","0.00","GBP"
"2026-02-06","453754530299965","Sponsored Brands","5.38","USD"
"2026-02-01","454564300195235","Sponsored Products","1.47","GBP"
"2026-02-10","463570831006082","Sponsored Products","0.00","CAD"
"2026-02-07","2414736156339","Sponsored Products","0.00","USD"
"2026-02-19","30179169319725","Sponsored Products","1.90","AUD"
"2026-02-28","8347630917879","Sponsored Products","6.93","USD"
"2026-02-16","140453739775668","Sponsored Products","2.19","USD"
"2026-02-07","486701736662809","Sponsored Products","1.73","AUD"
"2026-02-03","293287193628180","Sponsored Brands","0.00","GBP"
"2026-02-19","439663157752722","Sponsored Brands","3.10","USD"
"2026-02-11","156989235380210","Sponsored Products","216.97","USD"
"2026-02-11","2414736156339","Sponsored Products","0.00","USD"
"2026-02-13","434871922933588","Sponsored Brands","0.00","CAD"
"2026-02-22","202299611765170","Sponsored Products","0.00","USD"
"2026-02-28","102474552529229","Sponsored Products","6.08","USD"
"2026-02-14","61090477012622","Sponsored Products","0.00","USD"
"2026-02-15","145958940968220","Sponsored Products","0.90","USD"
"2026-02-13","423471492340141","Sponsored Brands","2.60","USD"
"2026-02-24","133243849204741","Sponsored Products","0.00","USD"
"2026-02-24","8078369968995","Sponsored Products","0.00","USD"
"2026-02-13","281024885672869","Sponsored Products","0.00","USD"
"2026-02-04","505299994018527","Sponsored Products","0.00","CAD"
"2026-02-11","557814926181675","Sponsored Products","0.15","CAD"
"2026-02-20","192420944790293","Sponsored Products","9.56","GBP"
"2026-02-13","548511206574211","Sponsored Brands","0.00","AUD"
"2026-02-03","239695922795958","Sponsored Products","0.00","USD"
"2026-02-11","44065507618346","Sponsored Products","2.24","USD"
"2026-02-28","145958940968220","Sponsored Products","0.85","USD"
"2026-02-23","407444835513369","Sponsored Brands","0.00","CAD"
"2026-02-21","205764417979436","Sponsored Products","0.00","USD"
"2026-02-02","28565058702355","Sponsored Products","9.37","USD"
"2026-02-01","530353594830018","Sponsored Display","0.00","CAD"
"2026-02-25","202299611765170","Sponsored Products","0.00","USD"
"2026-02-09","176992507771254","Sponsored Products","1.36","USD"
"2026-02-15","192968792078402","Sponsored Products","0.00","USD"
"2026-02-02","476511840833684","Sponsored Products","0.00","GBP"
"2026-02-01","459130146103681","Sponsored Display","0.00","AUD"
"2026-02-05","99206488936490","Sponsored Products","0.00","USD"
"2026-02-05","43460676635147","Sponsored Products","0.00","USD"
"2026-02-03","360412290312296","Sponsored Brands","0.00","CAD"
"2026-02-27","188545556962991","Sponsored Products","0.00","USD"
"2026-02-15","202838039381314","Sponsored Products","0.00","USD"
"2026-02-04","475621849553010","Sponsored Brands","0.00","CAD"
"2026-02-07","93061813718954","Sponsored Products","0.00","USD"
"2026-02-12","303344079444236","Sponsored Brands","0.15","GBP"
"2026-02-01","531187508971652","Sponsored Display","0.10","CAD"
"2026-02-11","384986795476042","Sponsored Brands","0.61","CAD"
"2026-02-05","480355060288556","Sponsored Products","0.00","AUD"
"2026-02-28","207367106415924","Sponsored Products","44.16","GBP"
"2026-02-08","156989235380210","Sponsored Products","128.68","USD"
"2026-02-04","380439551325000","Sponsored Products","2.35","GBP"
"2026-02-13","101965336081409","Sponsored Products","0.00","USD"
"2026-02-23","61503627186513","Sponsored Products","0.00","USD"
"2026-02-07","277250351840071","Sponsored Products","12.57","USD"
"2026-02-10","277250351840071","Sponsored Products","10.87","USD"
"2026-02-16","11143044290906","Sponsored Products","0.00","USD"
"2026-02-16","99206488936490","Sponsored Products","0.00","USD"
"2026-02-01","476877916686317","Sponsored Brands","7.11","AUD"
"2026-02-01","39061317933304","Sponsored Products","0.93","USD"
"2026-02-04","354036750973331","Sponsored Products","13.65","CAD"
"2026-02-01","72790979016813","Sponsored Products","4.60","USD"
"2026-02-04","459488439760934","Sponsored Products","0.00","GBP"
"2026-02-08","152555236474228","Sponsored Products","0.00","USD"
"2026-02-16","154118694541854","Sponsored Products","1.03","USD"
"2026-02-02","373593607967581","Sponsored Display","0.00","AUD"
"2026-02-02","461803854184467","Sponsored Products","1.14","CAD"
"2026-02-05","476511840833684","Sponsored Products","0.00","GBP"
"2026-02-08","363551194960955","Sponsored Products","1.01","CAD"
"2026-02-17","254109808305934","Sponsored Products","1.86","USD"
"2026-02-01","529845821022802","Sponsored Products","0.00","AUD"
"2026-02-17","278626821184075","Sponsored Products","2.02","USD"
"2026-02-02","419802202221779","Sponsored Products","3.12","CAD"
"2026-02-18","154118694541854","Sponsored Products","0.00","USD"
"2026-02-03","271780514756108","Sponsored Products","0.00","USD"
"2026-02-14","461174245552414","Sponsored Products","0.00","AUD"
"2026-02-04","461803854184467","Sponsored Products","1.96","CAD"
"2026-02-03","121446500477002","Sponsored Products","1.01","USD"
"2026-02-26","325883174926875","Sponsored Brands","0.00","USD"
"2026-02-05","542333703103187","Sponsored Products","0.00","AUD"
"2026-02-08","44065507618346","Sponsored Products","1.06","USD"
"2026-02-06","145958940968220","Sponsored Products","0.00","USD"
"2026-02-03","327323455598643","Sponsored Products","0.00","GBP"
"2026-02-04","378771240092800","Sponsored Products","0.00","AUD"
"2026-02-28","61503627186513","Sponsored Products","0.00","USD"
"2026-02-10","153491409585454","Sponsored Products","13.07","USD"
"2026-02-03","488081803937581","Sponsored Products","0.00","GBP"
"2026-02-07","551134208715253","Sponsored Products","0.00","AUD"
"2026-02-09","239677460933975","Sponsored Products","16.97","USD"
"2026-02-06","554517553013265","Sponsored Products","0.00","CAD"
"2026-02-10","399629340308947","Sponsored Brands","0.00","AUD"
"2026-02-09","65271102777505","Sponsored Products","4.59","USD"
"2026-02-07","224639482376841","Sponsored Products","26.41","USD"
"2026-02-26","94121140300347","Sponsored Products","0.00","USD"
"2026-02-05","39061317933304","Sponsored Products","0.00","USD"
"2026-02-24","291680855614624","Sponsored Brands","1.70","GBP"
"2026-02-15","53404531347848","Sponsored Products","18.32","USD"
"2026-02-11","560000811916391","Sponsored Brands","8.69","USD"
"2026-02-11","189380234928822","Sponsored Products","0.46","USD"
"2026-02-22","137772430611725","Sponsored Products","0.00","USD"
"2026-02-09","288669281122601","Sponsored Products","0.00","AUD"
"2026-02-19","269935586939823","Sponsored Products","14.78","CAD"
"2026-02-12","94073967562900","Sponsored Products","0.00","USD"
"2026-02-03","491366396962687","Sponsored Brands","11.66","USD"
"2026-02-20","407444835513369","Sponsored Brands","0.00","CAD"
"2026-02-19","61090477012622","Sponsored Products","1.95","USD"
"2026-02-02","172779439196738","Sponsored Products","0.00","USD"
"2026-02-23","194838680698310","Sponsored Products","5.64","USD"
"2026-02-25","101965336081409","Sponsored Products","0.00","USD"
"2026-02-12","93539819506468","Sponsored Products","0.00","USD"
"2026-02-15","40237294180920","Sponsored Products","0.00","USD"
"2026-02-08","423471492340141","Sponsored Brands","11.17","USD"
"2026-02-07","48192245895031","Sponsored Products","0.00","USD"
"2026-02-26","115764500761375","Sponsored Products","6.00","USD"
"2026-02-13","207367106415924","Sponsored Products","7.91","GBP"
"2026-02-09","263910374759225","Sponsored Products","1.29","CAD"
"2026-02-02","419764168918332","Sponsored Brands","0.63","AUD"
"2026-02-06","458452283549074","Sponsored Brands","0.00","CAD"
"2026-02-28","243038183553247","Sponsored Products","0.00","USD"
"2026-02-21","54386198712419","Sponsored Products","4.38","USD"
"2026-02-04","554517553013265","Sponsored Products","0.00","CAD"
"2026-02-03","443207948405482","Sponsored Products","0.00","CAD"
"2026-02-27","218351835233699","Sponsored Products","28.52","GBP"
"2026-02-15","60802440953180","Sponsored Products","9.09","USD"
"2026-02-11","443207948405482","Sponsored Products","0.38","CAD"
"2026-02-25","241960271286519","Sponsored Products","0.00","USD"
"2026-02-07","67855357390881","Sponsored Products","0.00","USD"
"2026-02-04","11143044290906","Sponsored Products","0.00","USD"
"2026-02-02","198809778193730","Sponsored Products","41.93","USD"
"2026-02-03","153491409585454","Sponsored Products","7.37","USD"
"2026-02-06","239695922795958","Sponsored Products","0.00","USD"
"2026-02-18","32571611634774","Sponsored Products","0.00","USD"
"2026-02-17","44065507618346","Sponsored Products","1.60","USD"
"2026-02-11","11588448157956","Sponsored Products","0.00","USD"
"2026-02-20","148265992493931","Sponsored Products","0.00","USD"
"2026-02-15","375880567146391","Sponsored Display","0.00","AUD"
"2026-02-01","532209379687062","Sponsored Display","2.03","GBP"
"2026-02-11","432013629308606","Sponsored Brands","0.00","CAD"
"2026-02-15","239677460933975","Sponsored Products","15.59","USD"
"2026-02-27","42141939819441","Sponsored Products","0.00","USD"
"2026-02-01","400936883710783","Sponsored Products","7.24","AUD"
"2026-02-11","65271102777505","Sponsored Products","4.98","USD"
"2026-02-11","124202126398060","Sponsored Products","5.24","USD"
"2026-02-08","461174245552414","Sponsored Products","1.06","AUD"
"2026-02-18","441925918527435","Sponsored Brands","0.50","USD"
"2026-02-04","546618773117950","Sponsored Brands","0.00","AUD"
"2026-02-06","546618773117950","Sponsored Brands","4.47","AUD"
"2026-02-17","93539819506468","Sponsored Products","0.00","USD"
"2026-02-02","278400043801722","Sponsored Products","0.34","GBP"
"2026-02-25","141552428309171","Sponsored Products","53.99","USD"
"2026-02-01","353468389499196","Sponsored Brands","0.00","USD"
"2026-02-08","261659564571062","Sponsored Products","2.42","USD"
"2026-02-06","398122169001461","Sponsored Products","0.81","AUD"
"2026-02-01","246452377117901","Sponsored Products","0.00","USD"
"2026-02-22","164743561215297","Sponsored Products","0.00","USD"
"2026-02-17","101459965063202","Sponsored Products","2.55","USD"
"2026-02-23","267283875717235","Sponsored Products","0.00","USD"
"2026-02-27","101965336081409","Sponsored Products","0.00","USD"
"2026-02-03","34478632960968","Sponsored Products","13.46","USD"
"2026-02-11","255100442617527","Sponsored Products","6.92","USD"
"2026-02-10","348184859637636","Sponsored Brands","0.68","USD"
"2026-02-08","555379102425019","Sponsored Products","0.00","CAD"
"2026-02-03","392598200964005","Sponsored Products","0.00","CAD"
"2026-02-20","124202126398060","Sponsored Products","1.79","USD"
"2026-02-27","346023186686134","Sponsored Brands","2.96","USD"
"2026-02-02","72790979016813","Sponsored Products","0.00","USD"
"2026-02-28","40237294180920","Sponsored Products","0.00","USD"
"2026-02-03","175777768252798","Sponsored Products","8.29","USD"
"2026-02-11","530543664696574","Sponsored Products","0.00","AUD"
"2026-02-01","560541401556849","Sponsored Products","0.52","GBP"
"2026-02-03","156285188540724","Sponsored Products","18.47","USD"
"2026-02-17","34478632960968","Sponsored Products","5.56","USD"
"2026-02-10","34639218619625","Sponsored Products","0.00","USD"
"2026-02-01","453187476718269","Sponsored Display","0.00","CAD"
"2026-02-21","176035476248713","Sponsored Products","0.00","USD"
"2026-02-09","366616645988820","Sponsored Products","0.00","CAD"
"2026-02-24","148265992493931","Sponsored Products","0.00","USD"
"2026-02-12","558782683947956","Sponsored Products","0.00","CAD"
"2026-02-22","269935586939823","Sponsored Products","13.50","CAD"
"2026-02-12","406964010755868","Sponsored Products","0.00","CAD"
"2026-02-22","272711015971799","Sponsored Products","1.25","USD"
"2026-02-04","291680855614624","Sponsored Brands","3.14","GBP"
"2026-02-04","392972027720670","Sponsored Products","0.00","CAD"
"2026-02-04","246452377117901","Sponsored Products","0.00","USD"
"2026-02-09","392598200964005","Sponsored Products","0.00","CAD"
"2026-02-11","42141939819441","Sponsored Products","0.00","USD"
"2026-02-15","241960271286519","Sponsored Products","0.00","USD"
"2026-02-06","325883174926875","Sponsored Brands","0.00","USD"
"2026-02-22","58475731073369","Sponsored Products","0.00","USD"
"2026-02-12","32030113168570","Sponsored Products","0.00","USD"
"2026-02-15","218351835233699","Sponsored Products","49.31","GBP"
"2026-02-16","257373022214500","Sponsored Products","1.64","USD"
"2026-02-09","373188657935606","Sponsored Products","0.00","AUD"
"2026-02-03","562873832621330","Sponsored Products","1.38","GBP"
"2026-02-08","486830706800832","Sponsored Products","0.00","CAD"
"2026-02-06","239677460933975","Sponsored Products","19.84","USD"
"2026-02-19","128835884603962","Sponsored Products","0.59","USD"
"2026-02-07","43460676635147","Sponsored Products","0.00","USD"
"2026-02-08","557738489078024","Sponsored Products","0.00","CAD"
"2026-02-12","272711015971799","Sponsored Products","0.00","USD"
"2026-02-23","132476300811824","Sponsored Products","16.08","CAD"
"2026-02-09","291618943691121","Sponsored Brands","0.00","AUD"
"2026-02-07","438254991952605","Sponsored Products","0.00","CAD"
"2026-02-08","280528554873543","Sponsored Products","1.10","USD"
"2026-02-02","297446437541925","Sponsored Products","0.00","USD"
"2026-02-10","54386198712419","Sponsored Products","0.00","USD"
"2026-02-12","439118795538688","Sponsored Brands","0.00","CAD"
"2026-02-24","303344079444236","Sponsored Brands","0.00","GBP"
"2026-02-17","22515666501366","Sponsored Products","4.35","USD"
"2026-02-03","369371745062988","Sponsored Products","0.00","CAD"
"2026-02-08","297335215332435","Sponsored Products","3.18","CAD"
"2026-02-25","281024885672869","Sponsored Products","0.00","USD"
"2026-02-05","348184859637636","Sponsored Brands","7.16","USD"
"2026-02-08","291612323170971","Sponsored Products","6.74","CAD"
"2026-02-13","124202126398060","Sponsored Products","2.33","USD"
"2026-02-19","121446500477002","Sponsored Products","0.00","USD"
"2026-02-06","9627520751858","Sponsored Products","0.00","USD"
"2026-02-26","141648422510979","Sponsored Products","0.00","USD"
"2026-02-01","291680855614624","Sponsored Brands","0.28","GBP"
"2026-02-28","262727752997615","Sponsored Products","0.00","USD"
"2026-02-12","557802220335065","Sponsored Products","0.00","CAD"
"2026-02-14","205922105032655","Sponsored Products","0.00","USD"
"2026-02-01","454571413921997","Sponsored Products","0.27","GBP"
"2026-02-09","555379102425019","Sponsored Products","0.00","CAD"
"2026-02-06","101459965063202","Sponsored Products","12.39","USD"
"2026-02-20","175777768252798","Sponsored Products","1.75","USD"
"2026-02-06","375412452273685","Sponsored Products","4.57","GBP"
"2026-02-25","224639482376841","Sponsored Products","2.40","USD"
"2026-02-03","476877916686317","Sponsored Brands","2.86","AUD"
"2026-02-20","113013759920940","Sponsored Products","0.00","USD"
"2026-02-05","453754530299965","Sponsored Brands","13.77","USD"
"2026-02-04","502907079288115","Sponsored Products","1.20","CAD"
"2026-02-06","373188657935606","Sponsored Products","0.00","AUD"
"2026-02-06","215176800738804","Sponsored Products","1.56","USD"
"2026-02-13","218351835233699","Sponsored Products","29.75","GBP"
"2026-02-17","39061317933304","Sponsored Products","0.00","USD"
"2026-02-10","461174245552414","Sponsored Products","0.83","AUD"
"2026-02-23","72790979016813","Sponsored Products","0.00","USD"
"2026-02-04","158171452508120","Sponsored Products","0.00","USD"
"2026-02-21","202228555422966","Sponsored Products","0.00","USD"
"2026-02-28","224639482376841","Sponsored Products","0.00","USD"
"2026-02-09","455688132780953","Sponsored Brands","6.35","USD"
"2026-02-17","14582572617569","Sponsored Products","0.00","USD"
"2026-02-25","158171452508120","Sponsored Products","0.00","USD"
"2026-02-09","386893543852916","Sponsored Products","0.02","CAD"
"2026-02-06","192420944790293","Sponsored Products","21.01","GBP"
"2026-02-02","145958940968220","Sponsored Products","0.71","USD"
"2026-02-01","205922105032655","Sponsored Products","0.00","USD"
"2026-02-18","423471492340141","Sponsored Brands","2.00","USD"
"2026-02-07","384986795476042","Sponsored Brands","0.86","CAD"
"2026-02-24","64790741448016","Sponsored Products","0.00","USD"
"2026-02-15","96473122408354","Sponsored Products","0.00","USD"
"2026-02-01","206968068657618","Sponsored Products","0.00","USD"
"2026-02-07","369371745062988","Sponsored Products","0.00","CAD"
"2026-02-06","241960271286519","Sponsored Products","0.00","USD"
"2026-02-02","284235017891966","Sponsored Products","4.02","CAD"
"2026-02-05","281024885672869","Sponsored Products","0.00","USD"
"2026-02-05","266158523203302","Sponsored Products","0.00","USD"
"2026-02-08","202299611765170","Sponsored Products","0.00","USD"
"2026-02-01","481343337793629","Sponsored Products","0.30","GBP"
"2026-02-03","271002646812055","Sponsored Products","1.58","USD"
"2026-02-20","64790741448016","Sponsored Products","7.70","USD"
"2026-02-26","48758698369103","Sponsored Products","0.00","USD"
"2026-02-06","156989235380210","Sponsored Products","123.67","USD"
"2026-02-11","409249674990450","Sponsored Products","1.39","AUD"
"2026-02-13","96473122408354","Sponsored Products","0.00","USD"
"2026-02-05","409249674990450","Sponsored Products","1.61","AUD"
"2026-02-13","141552428309171","Sponsored Products","45.21","USD"
"2026-02-07","154085784178560","Sponsored Products","1.62","USD"
"2026-02-09","34639218619625","Sponsored Products","2.95","USD"
"2026-02-14","476877916686317","Sponsored Brands","0.00","AUD"
"2026-02-01","82064097659476","Sponsored Products","0.00","USD"
"2026-02-05","292138679780956","Sponsored Products","0.00","AUD"
"2026-02-12","202228555422966","Sponsored Products","0.00","USD"
"2026-02-16","133846876580591","Sponsored Products","0.00","USD"
"2026-02-09","531194039320877","Sponsored Products","0.00","CAD"
"2026-02-02","392972027720670","Sponsored Products","0.00","CAD"
"2026-02-10","383486487068158","Sponsored Display","0.00","GBP"
"2026-02-08","243038183553247","Sponsored Products","0.00","USD"
"2026-02-05","402744546317623","Sponsored Brands","0.15","GBP"
"2026-02-09","312711508263023","Sponsored Products","0.00","AUD"
"2026-02-15","263531397076178","Sponsored Products","0.00","USD"
"2026-02-10","317772463042332","Sponsored Products","0.00","AUD"
"2026-02-01","502907079288115","Sponsored Products","0.00","CAD"
"2026-02-09","498311429491057","Sponsored Display","0.00","CAD"
"2026-02-06","405261002610411","Sponsored Products","0.00","GBP"
"2026-02-04","530543664696574","Sponsored Products","0.00","AUD"
"2026-02-22","270513944391898","Sponsored Products","0.31","USD"
"2026-02-09","480355060288556","Sponsored Products","2.02","AUD"
"2026-02-08","554517553013265","Sponsored Products","0.49","CAD"
"2026-02-26","215966552761313","Sponsored Products","0.00","USD"
"2026-02-20","281110747056753","Sponsored Products","0.00","USD"
"2026-02-26","270584116199369","Sponsored Products","0.00","USD"
"2026-02-27","67855357390881","Sponsored Products","1.20","USD"
"2026-02-14","126638359335345","Sponsored Products","0.00","USD"
"2026-02-09","130912331972988","Sponsored Products","0.00","USD"
"2026-02-05","436562742415834","Sponsored Products","0.00","GBP"
"2026-02-20","162987026418786","Sponsored Products","0.00","USD"
"2026-02-22","202228555422966","Sponsored Products","0.00","USD"
"2026-02-25","83042096012825","Sponsored Products","0.00","USD"
"2026-02-14","375262111034104","Sponsored Brands","3.53","USD"
"2026-02-01","395304589984653","Sponsored Products","0.00","CAD"
"2026-02-15","34478632960968","Sponsored Products","9.04","USD"
"2026-02-04","446701085946014","Sponsored Products","0.79","GBP"
"2026-02-08","503460776607859","Sponsored Brands","0.00","CAD"
"2026-02-22","207367106415924","Sponsored Products","18.13","GBP"
"2026-02-02","464658704178346","Sponsored Brands","0.33","USD"
"2026-02-12","286308132559342","Sponsored Brands","0.00","AUD"
"2026-02-05","405261002610411","Sponsored Products","0.00","GBP"
"2026-02-04","504962652065858","Sponsored Brands","0.00","AUD"
"2026-02-15","54673378227395","Sponsored Products","0.00","USD"
"2026-02-03","291618943691121","Sponsored Brands","0.66","AUD"
"2026-02-27","205922105032655","Sponsored Products","2.11","USD"
"2026-02-10","288086271468562","Sponsored Products","0.00","USD"
"2026-02-22","218351835233699","Sponsored Products","45.41","GBP"
"2026-02-20","141552428309171","Sponsored Products","62.08","USD"
"2026-02-18","271780514756108","Sponsored Products","0.00","USD"
"2026-02-02","154118694541854","Sponsored Products","13.21","USD"
"2026-02-08","360836238849040","Sponsored Products","0.00","AUD"
"2026-02-24","216925562826343","Sponsored Products","0.00","USD"
"2026-02-14","292138679780956","Sponsored Products","0.00","AUD"
"2026-02-24","14582572617569","Sponsored Products","0.98","USD"
"2026-02-21","215966552761313","Sponsored Products","0.00","USD"
"2026-02-15","272711015971799","Sponsored Products","0.00","USD"
"2026-02-13","366616645988820","Sponsored Products","0.00","CAD"
"2026-02-26","271780514756108","Sponsored Products","0.00","USD"
"2026-02-27","23854220044300","Sponsored Products","0.00","USD"
"2026-02-04","396524009311704","Sponsored Brands","1.82","CAD"
"2026-02-22","28864493115463","Sponsored Products","0.00","USD"
"2026-02-26","207367106415924","Sponsored Products","45.04","GBP"
"2026-02-19","176035476248713","Sponsored Products","0.00","USD"
"2026-02-13","461174245552414","Sponsored Products","6.31","AUD"
"2026-02-19","482686146435604","Sponsored Brands","3.40","USD"
"2026-02-24","32030113168570","Sponsored Products","0.00","USD"
"2026-02-23","270513944391898","Sponsored Products","0.26","USD"
"2026-02-24","238790977416237","Sponsored Products","0.00","USD"
"2026-02-02","396524009311704","Sponsored Brands","0.00","CAD"
"2026-02-07","261659564571062","Sponsored Products","6.91","USD"
"2026-02-26","34478632960968","Sponsored Products","9.49","USD"
"2026-02-25","30179169319725","Sponsored Products","8.26","AUD"
"2026-02-15","140453739775668","Sponsored Products","0.00","USD"
"2026-02-15","61090477012622","Sponsored Products","0.55","USD"
"2026-02-27","276488907454289","Sponsored Products","0.00","USD"
"2026-02-01","316207062053537","Sponsored Products","0.00","AUD"
"2026-02-20","48758698369103","Sponsored Products","0.00","USD"
"2026-02-02","65861573413220","Sponsored Products","1.10","USD"
"2026-02-20","198809778193730","Sponsored Products","28.84","USD"
"2026-02-27","187735718741416","Sponsored Products","1.65","USD"
"2026-02-12","270513944391898","Sponsored Products","11.12","USD"
"2026-02-26","149626049979530","Sponsored Products","0.00","USD"
"2026-02-25","154085784178560","Sponsored Products","2.85","USD"
"2026-02-22","199076365376964","Sponsored Products","4.34","USD"
"2026-02-12","539931100075119","Sponsored Brands","3.24","USD"
"2026-02-11","138135222992233","Sponsored Products","3.45","USD"
"2026-02-15","101459965063202","Sponsored Products","12.54","USD"
"2026-02-10","399703016940832","Sponsored Brands","0.95","CAD"
"2026-02-01","538771699321102","Sponsored Products","0.00","AUD"
"2026-02-15","149818563042691","Sponsored Products","2.43","USD"
"2026-02-13","34639218619625","Sponsored Products","0.00","USD"
"2026-02-11","263531397076178","Sponsored Products","0.00","USD"
"2026-02-01","103204875656014","Sponsored Products","7.41","USD"
"2026-02-23","186804517918072","Sponsored Products","8.42","USD"
"2026-02-13","102474552529229","Sponsored Products","0.00","USD"
"2026-02-23","441925918527435","Sponsored Brands","3.42","USD"
"2026-02-16","184593163947523","Sponsored Products","0.78","USD"
"2026-02-08","357384467879967","Sponsored Brands","15.05","USD"
"2026-02-14","278626821184075","Sponsored Products","0.00","USD"
"2026-02-04","286855949125211","Sponsored Products","4.00","AUD"
"2026-02-05","34478632960968","Sponsored Products","2.36","USD"
"2026-02-14","141552428309171","Sponsored Products","67.17","USD"
"2026-02-24","325883174926875","Sponsored Brands","0.84","USD"
"2026-02-05","360412290312296","Sponsored Brands","0.69","CAD"
"2026-02-11","494994223093944","Sponsored Brands","0.00","AUD"
"2026-02-12","554517553013265","Sponsored Products","0.00","CAD"
"2026-02-08","538771699321102","Sponsored Products","0.00","AUD"
"2026-02-27","238790977416237","Sponsored Products","0.00","USD"
"2026-02-23","243204708497477","Sponsored Products","0.00","USD"
"2026-02-16","307922603865773","Sponsored Products","0.00","USD"
"2026-02-28","482686146435604","Sponsored Brands","1.91","USD"
"2026-02-07","156989235380210","Sponsored Products","123.09","USD"
"2026-02-24","168803396873792","Sponsored Products","0.00","USD"
"2026-02-18","61503627186513","Sponsored Products","0.00","USD"
"2026-02-14","257373022214500","Sponsored Products","0.00","USD"
"2026-02-19","270513944391898","Sponsored Products","0.00","USD"
"2026-02-20","176035476248713","Sponsored Products","0.00","USD"
"2026-02-10","140453739775668","Sponsored Products","4.17","USD"
"2026-02-13","276797522102375","Sponsored Products","2.53","USD"
"2026-02-28","233888031600237","Sponsored Products","0.00","USD"
"2026-02-02","371623685288534","Sponsored Brands","4.54","GBP"
"2026-02-27","79620432535917","Sponsored Products","17.56","USD"
"2026-02-02","556616987602606","Sponsored Products","0.00","USD"
"2026-02-02","192968792078402","Sponsored Products","0.00","USD"
"2026-02-13","303344079444236","Sponsored Brands","0.56","GBP"
"2026-02-20","53404531347848","Sponsored Products","0.00","USD"
"2026-02-21","175777768252798","Sponsored Products","2.32","USD"
"2026-02-21","93539819506468","Sponsored Products","0.00","USD"
"2026-02-12","303784488331012","Sponsored Display","0.00","AUD"
"2026-02-23","115764500761375","Sponsored Products","2.72","USD"
"2026-02-08","14582572617569","Sponsored Products","5.43","USD"
"2026-02-13","243038183553247","Sponsored Products","0.00","USD"
"2026-02-01","423471492340141","Sponsored Brands","16.64","USD"
"2026-02-05","432013629308606","Sponsored Brands","3.34","CAD"
"2026-02-14","225946958740637","Sponsored Products","6.43","USD"
"2026-02-16","65861573413220","Sponsored Products","0.00","USD"
"2026-02-21","11588448157956","Sponsored Products","0.57","USD"
"2026-02-04","1861066386589","Sponsored Products","0.00","USD"
"2026-02-23","61090477012622","Sponsored Products","5.26","USD"
"2026-02-20","231032487711466","Sponsored Products","0.31","AUD"
"2026-02-13","205764417979436","Sponsored Products","0.00","USD"
"2026-02-08","409429087898453","Sponsored Display","1.93","CAD"
"2026-02-11","261659564571062","Sponsored Products","0.26","USD"
"2026-02-20","115764500761375","Sponsored Products","1.23","USD"
"2026-02-10","149942312994880","Sponsored Products","0.00","USD"
"2026-02-16","11588448157956","Sponsored Products","0.00","USD"
"2026-02-21","296615200458181","Sponsored Brands","20.04","USD"
"2026-02-04","347536643859180","Sponsored Products","0.00","GBP"
"2026-02-02","300894362771504","Sponsored Products","1.30","GBP"
"2026-02-15","215176800738804","Sponsored Products","0.00","USD"
"2026-02-02","312632253610695","Sponsored Brands","0.00","USD"
"2026-02-15","213530912619228","Sponsored Products","0.00","USD"
"2026-02-28","255100442617527","Sponsored Products","0.83","USD"
"2026-02-05","346023186686134","Sponsored Brands","0.97","USD"
"2026-02-27","192968792078402","Sponsored Products","0.00","USD"
"2026-02-15","61503627186513","Sponsored Products","0.00","USD"
"2026-02-10","67855357390881","Sponsored Products","0.00","USD"
"2026-02-02","94073967562900","Sponsored Products","0.00","USD"
"2026-02-12","428015197375542","Sponsored Products","0.00","AUD"
"2026-02-06","357384467879967","Sponsored Brands","14.65","USD"
"2026-02-23","141552428309171","Sponsored Products","50.27","USD"
"2026-02-04","53404531347848","Sponsored Products","0.00","USD"
"2026-02-21","53404531347848","Sponsored Products","0.00","USD"
"2026-02-15","137772430611725","Sponsored Products","0.00","USD"
"2026-02-01","375880567146391","Sponsored Display","0.00","AUD"
"2026-02-03","321516368269611","Sponsored Products","0.65","CAD"
"2026-02-24","175777768252798","Sponsored Products","2.33","USD"
"2026-02-02","284096201830626","Sponsored Display","0.49","USD"
"2026-02-08","158724595401869","Sponsored Products","0.00","USD"
"2026-02-13","392972027720670","Sponsored Products","0.00","CAD"
"2026-02-21","172779439196738","Sponsored Products","0.00","USD"
"2026-02-04","303344079444236","Sponsored Brands","0.00","GBP"
"2026-02-21","231032487711466","Sponsored Products","0.00","AUD"
"2026-02-04","254109808305934","Sponsored Products","14.23","USD"
"2026-02-08","215966552761313","Sponsored Products","1.95","USD"
"2026-02-12","48433117829801","Sponsored Products","5.39","USD"
"2026-02-11","102474552529229","Sponsored Products","0.00","USD"
"2026-02-10","213530912619228","Sponsored Products","0.00","USD"
"2026-02-04","310318758176650","Sponsored Products","0.00","CAD"
"2026-02-15","262727752997615","Sponsored Products","5.58","USD"
"2026-02-01","14582572617569","Sponsored Products","2.38","USD"
"2026-02-04","2414736156339","Sponsored Products","0.00","USD"
"2026-02-22","11588448157956","Sponsored Products","0.00","USD"
"2026-02-19","291680855614624","Sponsored Brands","0.00","GBP"
"2026-02-26","153491409585454","Sponsored Products","3.60","USD"
"2026-02-18","257373022214500","Sponsored Products","2.32","USD"
"2026-02-26","44065507618346","Sponsored Products","3.01","USD"
"2026-02-06","154118694541854","Sponsored Products","0.00","USD"
"2026-02-16","281235849108344","Sponsored Products","0.00","USD"
"2026-02-18","276797522102375","Sponsored Products","0.50","USD"
"2026-02-26","380662946968621","Sponsored Display","0.58","USD"
"2026-02-22","259323671730401","Sponsored Products","10.31","USD"
"2026-02-06","34639218619625","Sponsored Products","0.00","USD"
"2026-02-20","133846876580591","Sponsored Products","0.00","USD"
"2026-02-20","14582572617569","Sponsored Products","0.00","USD"
"2026-02-05","518228166841375","Sponsored Brands","1.76","GBP"
"2026-02-20","303344079444236","Sponsored Brands","0.34","GBP"
"2026-02-25","259323671730401","Sponsored Products","6.98","USD"
"2026-02-10","316207062053537","Sponsored Products","0.00","AUD"
"2026-02-06","128835884603962","Sponsored Products","0.00","USD"
"2026-02-09","42141939819441","Sponsored Products","0.00","USD"
"2026-02-05","504962652065858","Sponsored Brands","0.00","AUD"
"2026-02-04","34478632960968","Sponsored Products","9.89","USD"
"2026-02-01","149942312994880","Sponsored Products","0.00","USD"
"2026-02-20","121446500477002","Sponsored Products","0.00","USD"
"2026-02-22","239772993878028","Sponsored Products","0.00","USD"
"2026-02-22","281235849108344","Sponsored Products","3.08","USD"
"2026-02-07","419764168918332","Sponsored Brands","2.40","AUD"
"2026-02-24","48433117829801","Sponsored Products","2.64","USD"
"2026-02-04","259323671730401","Sponsored Products","14.96","USD"
"2026-02-18","380662946968621","Sponsored Display","0.38","USD"
"2026-02-28","32030113168570","Sponsored Products","0.00","USD"
"2026-02-03","83677388471868","Sponsored Products","0.55","USD"
"2026-02-07","96060745446945","Sponsored Products","0.00","USD"
"2026-02-18","141648422510979","Sponsored Products","0.00","USD"
"2026-02-07","346023186686134","Sponsored Brands","4.93","USD"
"2026-02-04","486830706800832","Sponsored Products","0.00","CAD"
"2026-02-05","400936883710783","Sponsored Products","3.06","AUD"
"2026-02-11","184593163947523","Sponsored Products","0.00","USD"
"2026-02-03","529845821022802","Sponsored Products","0.00","AUD"
"2026-02-26","156285188540724","Sponsored Products","3.93","USD"
"2026-02-14","202299611765170","Sponsored Products","0.00","USD"
"2026-02-18","94073967562900","Sponsored Products","0.00","USD"
"2026-02-16","67855357390881","Sponsored Products","0.00","USD"
"2026-02-02","202228555422966","Sponsored Products","0.56","USD"
"2026-02-22","140453739775668","Sponsored Products","3.00","USD"
"2026-02-03","192968792078402","Sponsored Products","0.00","USD"
"2026-02-06","318399173824872","Sponsored Products","0.34","GBP"
"2026-02-16","60802440953180","Sponsored Products","26.37","USD"
"2026-02-02","276488907454289","Sponsored Products","0.00","USD"
"2026-02-08","406487274006731","Sponsored Products","0.00","AUD"
"2026-02-28","281110747056753","Sponsored Products","0.00","USD"
"2026-02-12","296615200458181","Sponsored Brands","24.30","USD"
"2026-02-09","558297049226516","Sponsored Brands","0.00","CAD"
"2026-02-02","11588448157956","Sponsored Products","6.10","USD"
"2026-02-07","271780514756108","Sponsored Products","0.00","USD"
"2026-02-01","380662946968621","Sponsored Display","0.07","USD"
"2026-02-05","27661898820374","Sponsored Products","0.36","USD"
"2026-02-08","172779439196738","Sponsored Products","0.00","USD"
"2026-02-03","267283875717235","Sponsored Products","1.06","USD"
"2026-02-04","531187508971652","Sponsored Display","0.00","CAD"
"2026-02-01","373593607967581","Sponsored Display","0.00","AUD"
"2026-02-05","145958940968220","Sponsored Products","1.28","USD"
"2026-02-03","39061317933304","Sponsored Products","0.00","USD"
"2026-02-07","281024885672869","Sponsored Products","0.00","USD"
"2026-02-11","397652540263806","Sponsored Products","0.00","CAD"
"2026-02-22","22348745290500","Sponsored Products","0.00","USD"
"2026-02-08","130912331972988","Sponsored Products","3.50","USD"
"2026-02-13","396524009311704","Sponsored Brands","0.00","CAD"
"2026-02-19","263531397076178","Sponsored Products","0.00","USD"
"2026-02-02","458452283549074","Sponsored Brands","0.00","CAD"
"2026-02-27","271002646812055","Sponsored Products","0.00","USD"
"2026-02-22","93539819506468","Sponsored Products","1.04","USD"
"2026-02-21","276797522102375","Sponsored Products","0.00","USD"
"2026-02-09","399703016940832","Sponsored Brands","2.68","CAD"
"2026-02-13","406964010755868","Sponsored Products","0.00","CAD"
"2026-02-10","548511206574211","Sponsored Brands","2.27","AUD"
"2026-02-18","93539819506468","Sponsored Products","0.00","USD"
"2026-02-12","542333703103187","Sponsored Products","0.00","AUD"
"2026-02-25","94073967562900","Sponsored Products","0.00","USD"
"2026-02-09","303344079444236","Sponsored Brands","1.04","GBP"
"2026-02-13","67855357390881","Sponsored Products","0.00","USD"
"2026-02-13","259201002739674","Sponsored Products","1.49","USD"
"2026-02-05","48192245895031","Sponsored Products","0.00","USD"
"2026-02-07","345230959620455","Sponsored Products","0.00","CAD"
"2026-02-12","215966552761313","Sponsored Products","0.00","USD"
"2026-02-27","291680855614624","Sponsored Brands","3.00","GBP"
"2026-02-03","152555236474228","Sponsored Products","3.71","USD"
"2026-02-27","303344079444236","Sponsored Brands","0.66","GBP"
"2026-02-18","218351835233699","Sponsored Products","34.87","GBP"
"2026-02-15","464658704178346","Sponsored Brands","2.60","USD"
"2026-02-05","77231525415892","Sponsored Products","0.00","USD"
"2026-02-11","453754530299965","Sponsored Brands","0.86","USD"
"2026-02-04","518228166841375","Sponsored Brands","0.82","GBP"
"2026-02-08","156285188540724","Sponsored Products","0.00","USD"
"2026-02-21","284096201830626","Sponsored Display","0.67","USD"
"2026-02-04","397652540263806","Sponsored Products","0.00","CAD"
"2026-02-18","243204708497477","Sponsored Products","0.00","USD"
"2026-02-04","542395622943712","Sponsored Products","1.00","GBP"
"2026-02-03","148265992493931","Sponsored Products","0.53","USD"
"2026-02-03","392699328377229","Sponsored Products","0.00","AUD"
"2026-02-23","53404531347848","Sponsored Products","0.00","USD"
"2026-02-05","419802202221779","Sponsored Products","1.37","CAD"
"2026-02-13","164743561215297","Sponsored Products","0.00","USD"
"2026-02-02","54673378227395","Sponsored Products","0.00","USD"
"2026-02-26","284096201830626","Sponsored Display","0.90","USD"
"2026-02-06","321516368269611","Sponsored Products","0.34","CAD"
"2026-02-07","352761064226908","Sponsored Brands","0.00","CAD"
"2026-02-24","126638359335345","Sponsored Products","0.00","USD"
"2026-02-27","22515666501366","Sponsored Products","0.00","USD"
"2026-02-13","168803396873792","Sponsored Products","0.00","USD"
"2026-02-13","18193170148935","Sponsored Products","0.00","USD"
"2026-02-25","176035476248713","Sponsored Products","0.00","USD"
"2026-02-09","437016942104478","Sponsored Brands","0.00","CAD"
"2026-02-23","539931100075119","Sponsored Brands","16.26","USD"
"2026-02-26","8078369968995","Sponsored Products","0.00","USD"
"2026-02-18","188279469264899","Sponsored Products","0.00","USD"
"2026-02-27","93539819506468","Sponsored Products","14.06","USD"
"2026-02-05","101459965063202","Sponsored Products","2.01","USD"
"2026-02-05","202299611765170","Sponsored Products","0.00","USD"
"2026-02-04","243038183553247","Sponsored Products","1.45","USD"
"2026-02-26","281110747056753","Sponsored Products","0.00","USD"
"2026-02-11","226743970768774","Sponsored Products","0.00","USD"
"2026-02-03","81320226496883","Sponsored Products","2.70","USD"
"2026-02-24","154118694541854","Sponsored Products","4.51","USD"
"2026-02-09","312632253610695","Sponsored Brands","1.87","USD"
"2026-02-09","529845821022802","Sponsored Products","0.00","AUD"
"2026-02-12","458452283549074","Sponsored Brands","0.00","CAD"
"2026-02-10","339568026468029","Sponsored Brands","0.00","CAD"
"2026-02-16","96060745446945","Sponsored Products","0.56","USD"
"2026-02-07","366616645988820","Sponsored Products","0.00","CAD"
"2026-02-10","115764500761375","Sponsored Products","2.88","USD"
"2026-02-15","231032487711466","Sponsored Products","6.53","AUD"
"2026-02-06","398859393836995","Sponsored Products","1.05","GBP"
"2026-02-04","327323455598643","Sponsored Products","0.00","GBP"
"2026-02-01","43460676635147","Sponsored Products","0.00","USD"
"2026-02-16","380662946968621","Sponsored Display","0.00","USD"
"2026-02-09","453187476718269","Sponsored Display","0.00","CAD"
"2026-02-06","97079585612330","Sponsored Products","0.00","USD"
"2026-02-06","366616645988820","Sponsored Products","0.00","CAD"
"2026-02-28","121446500477002","Sponsored Products","0.00","USD"
"2026-02-02","81320226496883","Sponsored Products","0.00","USD"
"2026-02-13","443207948405482","Sponsored Products","0.00","CAD"
"2026-02-05","357384467879967","Sponsored Brands","14.21","USD"
"2026-02-01","339568026468029","Sponsored Brands","0.00","CAD"
"2026-02-28","149626049979530","Sponsored Products","0.00","USD"
"2026-02-24","176992507771254","Sponsored Products","1.55","USD"
"2026-02-17","213530912619228","Sponsored Products","0.33","USD"
"2026-02-12","97079585612330","Sponsored Products","0.00","USD"
"2026-02-04","529845821022802","Sponsored Products","0.00","AUD"
"2026-02-07","505299994018527","Sponsored Products","0.00","CAD"
"2026-02-09","101965336081409","Sponsored Products","0.00","USD"
"2026-02-03","30651955945418","Sponsored Products","0.00","USD"
"2026-02-23","130912331972988","Sponsored Products","0.00","USD"
"2026-02-01","277250351840071","Sponsored Products","1.73","USD"
"2026-02-11","558297049226516","Sponsored Brands","0.00","CAD"
"2026-02-14","176992507771254","Sponsored Products","1.92","USD"
"2026-02-10","128835884603962","Sponsored Products","0.00","USD"
"2026-02-15","28565058702355","Sponsored Products","4.44","USD"
"2026-02-05","321516368269611","Sponsored Products","0.37","CAD"
"2026-02-11","538771699321102","Sponsored Products","0.00","AUD"
"2026-02-16","158724595401869","Sponsored Products","0.00","USD"
"2026-02-04","199698435439447","Sponsored Products","0.00","USD"
"2026-02-03","399703016940832","Sponsored Brands","0.00","CAD"
"2026-02-05","168803396873792","Sponsored Products","0.42","USD"
"2026-02-02","48433117829801","Sponsored Products","12.05","USD"
"2026-02-25","34639218619625","Sponsored Products","0.92","USD"
"2026-02-21","28565058702355","Sponsored Products","14.55","USD"
"2026-02-14","561131507618203","Sponsored Products","0.00","AUD"
"2026-02-28","48433117829801","Sponsored Products","1.68","USD"
"2026-02-09","215966552761313","Sponsored Products","0.00","USD"
"2026-02-09","14582572617569","Sponsored Products","1.41","USD"
"2026-02-04","453187476718269","Sponsored Display","0.00","CAD"
"2026-02-24","102474552529229","Sponsored Products","2.46","USD"
"2026-02-04","429345285920060","Sponsored Brands","2.11","GBP"
"2026-02-22","213530912619228","Sponsored Products","1.70","USD"
"2026-02-03","557814926181675","Sponsored Products","0.00","CAD"
"2026-02-24","202838039381314","Sponsored Products","0.00","USD"
"2026-02-02","562873832621330","Sponsored Products","0.78","GBP"
"2026-02-28","239677460933975","Sponsored Products","3.49","USD"
"2026-02-10","531194039320877","Sponsored Products","0.00","CAD"
"2026-02-15","269935586939823","Sponsored Products","5.57","CAD"
"2026-02-20","1069464513580","Sponsored Products","73.82","USD"
"2026-02-09","476877916686317","Sponsored Brands","2.46","AUD"
"2026-02-27","156989235380210","Sponsored Products","305.06","USD"
"2026-02-13","245503802057093","Sponsored Products","0.00","USD"
"2026-02-09","54673378227395","Sponsored Products","0.00","USD"
"2026-02-20","28864493115463","Sponsored Products","1.28","USD"
"2026-02-06","72790979016813","Sponsored Products","1.18","USD"
"2026-02-04","65861573413220","Sponsored Products","0.08","USD"
"2026-02-12","2414736156339","Sponsored Products","0.00","USD"
"2026-02-11","54386198712419","Sponsored Products","0.88","USD"
"2026-02-13","339568026468029","Sponsored Brands","0.00","CAD"
"2026-02-07","291612323170971","Sponsored Products","0.00","CAD"
"2026-02-11","137772430611725","Sponsored Products","0.00","USD"
"2026-02-21","148265992493931","Sponsored Products","0.00","USD"
"2026-02-21","375262111034104","Sponsored Brands","5.24","USD"
"2026-02-04","67855357390881","Sponsored Products","0.00","USD"
"2026-02-14","130912331972988","Sponsored Products","2.43","USD"
"2026-02-20","164743561215297","Sponsored Products","0.00","USD"
"2026-02-24","192420944790293","Sponsored Products","18.22","GBP"
"2026-02-01","317413414518930","Sponsored Products","0.00","GBP"
"2026-02-23","281024885672869","Sponsored Products","0.00","USD"
"2026-02-21","158724595401869","Sponsored Products","0.00","USD"
"2026-02-03","504962652065858","Sponsored Brands","0.00","AUD"
"2026-02-03","9627520751858","Sponsored Products","0.00","USD"
"2026-02-26","156989235380210","Sponsored Products","291.17","USD"
"2026-02-06","1861066386589","Sponsored Products","0.00","USD"
"2026-02-28","42141939819441","Sponsored Products","0.00","USD"
"2026-02-23","158171452508120","Sponsored Products","0.00","USD"
"2026-02-27","380662946968621","Sponsored Display","0.04","USD"
"2026-02-28","259323671730401","Sponsored Products","9.46","USD"
"2026-02-13","554517553013265","Sponsored Products","0.00","CAD"
"2026-02-24","271780514756108","Sponsored Products","0.00","USD"
"2026-02-16","1861066386589","Sponsored Products","0.00","USD"
"2026-02-02","392699328377229","Sponsored Products","0.35","AUD"
"2026-02-18","255100442617527","Sponsored Products","0.00","USD"
"2026-02-12","555360954347903","Sponsored Products","0.00","CAD"
"2026-02-22","239677460933975","Sponsored Products","6.76","USD"
"2026-02-08","375262111034104","Sponsored Brands","1.49","USD"
"2026-02-12","263910374759225","Sponsored Products","2.88","CAD"
"2026-02-10","72790979016813","Sponsored Products","0.00","USD"
"2026-02-21","280528554873543","Sponsored Products","1.11","USD"
"2026-02-20","18193170148935","Sponsored Products","1.26","USD"
"2026-02-07","11588448157956","Sponsored Products","0.00","USD"
"2026-02-19","325883174926875","Sponsored Brands","0.50","USD"
"2026-02-02","255100442617527","Sponsored Products","0.00","USD"
"2026-02-04","293287193628180","Sponsored Brands","0.00","GBP"
"2026-02-07","407530123839349","Sponsored Products","0.00","AUD"
"2026-02-04","405261002610411","Sponsored Products","0.00","GBP"
"2026-02-15","255100442617527","Sponsored Products","1.98","USD"
"2026-02-13","39061317933304","Sponsored Products","0.00","USD"
"2026-02-05","488081803937581","Sponsored Products","0.00","GBP"
"2026-02-12","548511206574211","Sponsored Brands","0.00","AUD"
"2026-02-20","192968792078402","Sponsored Products","0.00","USD"
"2026-02-23","251197015848063","Sponsored Products","1.47","CAD"
"2026-02-13","392598200964005","Sponsored Products","0.00","CAD"
"2026-02-05","314318800479242","Sponsored Products","0.00","AUD"
"2026-02-24","137772430611725","Sponsored Products","0.00","USD"
"2026-02-19","441925918527435","Sponsored Brands","0.77","USD"
"2026-02-21","1069464513580","Sponsored Products","55.15","USD"
"2026-02-13","99206488936490","Sponsored Products","0.00","USD"
"2026-02-25","271780514756108","Sponsored Products","0.00","USD"
"2026-02-02","241960271286519","Sponsored Products","0.00","USD"
"2026-02-15","30179169319725","Sponsored Products","4.28","AUD"
"2026-02-12","300354268849742","Sponsored Brands","0.70","CAD"
"2026-02-14","226743970768774","Sponsored Products","0.00","USD"
"2026-02-13","42141939819441","Sponsored Products","0.00","USD"
"2026-02-06","280513164622908","Sponsored Products","0.69","USD"
"2026-02-13","354627207584492","Sponsored Products","0.00","CAD"
"2026-02-12","261659564571062","Sponsored Products","7.82","USD"
"2026-02-07","243038183553247","Sponsored Products","5.07","USD"
"2026-02-06","94073967562900","Sponsored Products","0.00","USD"
"2026-02-04","300894362771504","Sponsored Products","0.00","GBP"
"2026-02-09","213530912619228","Sponsored Products","0.00","USD"
"2026-02-09","27661898820374","Sponsored Products","0.00","USD"
"2026-02-02","93539819506468","Sponsored Products","0.00","USD"
"2026-02-09","380662946968621","Sponsored Display","0.07","USD"
"2026-02-08","11143044290906","Sponsored Products","1.36","USD"
"2026-02-03","486830706800832","Sponsored Products","0.00","CAD"
"2026-02-06","560000811916391","Sponsored Brands","2.23","USD"
"2026-02-02","82064097659476","Sponsored Products","0.00","USD"
"2026-02-05","344717374719347","Sponsored Display","0.00","CAD"
"2026-02-25","262727752997615","Sponsored Products","1.72","USD"
"2026-02-11","461174245552414","Sponsored Products","5.13","AUD"
"2026-02-02","354484097353439","Sponsored Products","0.00","GBP"
"2026-02-25","259201002739674","Sponsored Products","23.06","USD"
"2026-02-07","453754530299965","Sponsored Brands","16.90","USD"
"2026-02-14","145958940968220","Sponsored Products","1.01","USD"
"2026-02-04","54673378227395","Sponsored Products","0.00","USD"
"2026-02-06","149818563042691","Sponsored Products","0.00","USD"
"2026-02-02","398718122329444","Sponsored Products","0.00","GBP"
"2026-02-16","145958940968220","Sponsored Products","0.65","USD"
"2026-02-25","272711015971799","Sponsored Products","0.00","USD"
"2026-02-01","461174245552414","Sponsored Products","1.85","AUD"
"2026-02-27","225946958740637","Sponsored Products","0.00","USD"
"2026-02-08","53404531347848","Sponsored Products","4.90","USD"
"2026-02-21","11143044290906","Sponsored Products","0.00","USD"
"2026-02-03","516157903732083","Sponsored Products","1.09","GBP"
"2026-02-18","186804517918072","Sponsored Products","3.50","USD"
"2026-02-07","34639218619625","Sponsored Products","1.19","USD"
"2026-02-14","284096201830626","Sponsored Display","3.51","USD"
"2026-02-19","101965336081409","Sponsored Products","1.86","USD"
"2026-02-06","188279469264899","Sponsored Products","0.00","USD"
"2026-02-26","96473122408354","Sponsored Products","0.00","USD"
"2026-02-20","277250351840071","Sponsored Products","8.12","USD"
"2026-02-23","348184859637636","Sponsored Brands","1.68","USD"
"2026-02-23","97079585612330","Sponsored Products","5.54","USD"
"2026-02-09","382263989834817","Sponsored Products","0.00","AUD"
"2026-02-25","153491409585454","Sponsored Products","2.71","USD"
"2026-02-01","419802202221779","Sponsored Products","0.00","CAD"
"2026-02-25","291680855614624","Sponsored Brands","0.17","GBP"
"2026-02-02","538771699321102","Sponsored Products","0.67","AUD"
"2026-02-06","96473122408354","Sponsored Products","0.00","USD"
"2026-02-03","558297049226516","Sponsored Brands","0.00","CAD"
"2026-02-04","192968792078402","Sponsored Products","0.00","USD"
"2026-02-09","138135222992233","Sponsored Products","11.76","USD"
"2026-02-19","102474552529229","Sponsored Products","0.00","USD"
"2026-02-07","281110747056753","Sponsored Products","0.00","USD"
"2026-02-23","176992507771254","Sponsored Products","1.25","USD"
"2026-02-11","28864493115463","Sponsored Products","5.11","USD"
"2026-02-02","291618943691121","Sponsored Brands","0.00","AUD"
"2026-02-10","448149727236636","Sponsored Products","0.00","AUD"
"2026-02-06","239772993878028","Sponsored Products","3.60","USD"
"2026-02-11","530353594830018","Sponsored Display","0.00","CAD"
"2026-02-08","531187508971652","Sponsored Display","0.10","CAD"
"2026-02-14","291618943691121","Sponsored Brands","0.00","AUD"
"2026-02-11","215966552761313","Sponsored Products","3.72","USD"
"2026-02-05","202228555422966","Sponsored Products","0.00","USD"
"2026-02-11","461803854184467","Sponsored Products","0.00","CAD"
"2026-02-15","199076365376964","Sponsored Products","0.00","USD"
"2026-02-01","317772463042332","Sponsored Products","1.35","AUD"
"2026-02-01","452082306058129","Sponsored Brands","5.22","CAD"
"2026-02-28","560000811916391","Sponsored Brands","5.11","USD"
"2026-02-19","133243849204741","Sponsored Products","0.00","USD"
"2026-02-11","198809778193730","Sponsored Products","54.08","USD"
"2026-02-10","94073967562900","Sponsored Products","1.02","USD"
"2026-02-18","8078369968995","Sponsored Products","0.00","USD"
"2026-02-28","115943131527635","Sponsored Products","0.00","USD"
"2026-02-04","375412452273685","Sponsored Products","6.72","GBP"
"2026-02-11","32030113168570","Sponsored Products","1.65","USD"
"2026-02-19","54673378227395","Sponsored Products","0.00","USD"
"2026-02-06","202299611765170","Sponsored Products","0.00","USD"
"2026-02-01","263910374759225","Sponsored Products","1.60","CAD"
"2026-02-11","480355060288556","Sponsored Products","0.00","AUD"
"2026-02-13","312632253610695","Sponsored Brands","0.28","USD"
"2026-02-03","467633236874996","Sponsored Products","5.28","AUD"
"2026-02-21","72790979016813","Sponsored Products","0.00","USD"
"2026-02-16","148265992493931","Sponsored Products","0.00","USD"
"2026-02-07","432013629308606","Sponsored Brands","7.33","CAD"
"2026-02-05","176992507771254","Sponsored Products","6.08","USD"
"2026-02-16","419764168918332","Sponsored Brands","0.00","AUD"
"2026-02-18","455688132780953","Sponsored Brands","6.85","USD"
"2026-02-14","539931100075119","Sponsored Brands","6.21","USD"
"2026-02-02","400936883710783","Sponsored Products","3.47","AUD"
"2026-02-01","156989235380210","Sponsored Products","71.73","USD"
"2026-02-02","530353594830018","Sponsored Display","0.00","CAD"
"2026-02-04","557738489078024","Sponsored Products","0.00","CAD"
"2026-02-27","173362871105297","Sponsored Products","1.32","USD"
"2026-02-07","386920533914758","Sponsored Brands","0.00","CAD"
"2026-02-04","459130146103681","Sponsored Display","0.00","AUD"
"2026-02-10","137772430611725","Sponsored Products","1.62","USD"
"2026-02-21","270513944391898","Sponsored Products","0.55","USD"
"2026-02-09","34478632960968","Sponsored Products","16.35","USD"
"2026-02-21","22515666501366","Sponsored Products","1.45","USD"
"2026-02-19","511509048867805","Sponsored Products","0.00","USD"
"2026-02-17","303344079444236","Sponsored Brands","0.20","GBP"
"2026-02-02","453239686745418","Sponsored Products","0.00","GBP"
"2026-02-11","278626821184075","Sponsored Products","4.46","USD"
"2026-02-11","463570831006082","Sponsored Products","0.00","CAD"
"2026-02-13","312711508263023","Sponsored Products","0.00","AUD"
"2026-02-28","380662946968621","Sponsored Display","0.00","USD"
"2026-02-23","318399173824872","Sponsored Products","0.00","GBP"
"2026-02-27","172779439196738","Sponsored Products","0.00","USD"
"2026-02-05","280884599605823","Sponsored Products","0.00","USD"
"2026-02-26","239677460933975","Sponsored Products","3.14","USD"
"2026-02-26","141552428309171","Sponsored Products","24.40","USD"
"2026-02-03","174719285602701","Sponsored Products","7.63","USD"
"2026-02-15","266158523203302","Sponsored Products","0.00","USD"
"2026-02-11","188279469264899","Sponsored Products","0.00","USD"
"2026-02-12","325883174926875","Sponsored Brands","3.07","USD"
"2026-02-20","271780514756108","Sponsored Products","0.00","USD"
"2026-02-07","423471492340141","Sponsored Brands","16.01","USD"
"2026-02-17","128770506922317","Sponsored Products","0.42","USD"
"2026-02-20","439663157752722","Sponsored Brands","4.68","USD"
"2026-02-23","278626821184075","Sponsored Products","0.08","USD"
"2026-02-18","2414736156339","Sponsored Products","2.08","USD"
"2026-02-06","186804517918072","Sponsored Products","0.00","USD"
"2026-02-11","386893543852916","Sponsored Products","0.00","CAD"
"2026-02-25","271002646812055","Sponsored Products","0.00","USD"
"2026-02-10","186804517918072","Sponsored Products","11.64","USD"
"2026-02-19","495677195822245","Sponsored Brands","0.60","USD"
"2026-02-06","309601314328778","Sponsored Products","0.00","CAD"
"2026-02-03","323864334787492","Sponsored Products","0.00","AUD"
"2026-02-27","158724595401869","Sponsored Products","0.00","USD"
"2026-02-22","134777743429986","Sponsored Products","0.00","USD"
"2026-02-20","168803396873792","Sponsored Products","0.00","USD"
"2026-02-15","441925918527435","Sponsored Brands","2.39","USD"
"2026-02-25","2414736156339","Sponsored Products","16.25","USD"
"2026-02-22","158171452508120","Sponsored Products","0.00","USD"
"2026-02-02","288851430690246","Sponsored Products","1.05","GBP"
"2026-02-12","239772993878028","Sponsored Products","0.00","USD"
"2026-02-12","371604599978031","Sponsored Products","0.00","AUD"
"2026-02-28","215966552761313","Sponsored Products","0.00","USD"
"2026-02-05","156285188540724","Sponsored Products","14.11","USD"
"2026-02-09","429216730447678","Sponsored Products","0.00","AUD"
"2026-02-09","259323671730401","Sponsored Products","12.01","USD"
"2026-02-12","205764417979436","Sponsored Products","0.00","USD"
"2026-02-16","28864493115463","Sponsored Products","1.22","USD"
"2026-02-05","522533017982048","Sponsored Products","0.00","CAD"
"2026-02-18","81320226496883","Sponsored Products","0.00","USD"
"2026-02-05","215176800738804","Sponsored Products","0.45","USD"
"2026-02-19","202228555422966","Sponsored Products","0.00","USD"
"2026-02-11","204544178017947","Sponsored Products","0.00","USD"
"2026-02-07","300354268849742","Sponsored Brands","0.00","CAD"
"2026-02-10","286601245904247","Sponsored Products","0.00","CAD"
"2026-02-20","254109808305934","Sponsored Products","1.64","USD"
"2026-02-24","38682977693457","Sponsored Products","0.00","USD"
"2026-02-21","121446500477002","Sponsored Products","0.00","USD"
"2026-02-17","32030113168570","Sponsored Products","0.00","USD"
"2026-02-11","67855357390881","Sponsored Products","0.00","USD"
"2026-02-01","118760086623663","Sponsored Products","0.00","USD"
"2026-02-21","218351835233699","Sponsored Products","36.23","GBP"
"2026-02-04","454571413921997","Sponsored Products","0.90","GBP"
"2026-02-06","140453739775668","Sponsored Products","4.51","USD"
"2026-02-28","67855357390881","Sponsored Products","1.33","USD"
"2026-02-05","548511206574211","Sponsored Brands","0.00","AUD"
"2026-02-14","27661898820374","Sponsored Products","0.59","USD"
"2026-02-28","186804517918072","Sponsored Products","4.75","USD"
"2026-02-25","72790979016813","Sponsored Products","0.00","USD"
"2026-02-11","130912331972988","Sponsored Products","4.85","USD"
"2026-02-17","28565058702355","Sponsored Products","10.38","USD"
"2026-02-09","292138679780956","Sponsored Products","0.00","AUD"
"2026-02-02","399857229182854","Sponsored Brands","0.30","GBP"
"2026-02-01","278626821184075","Sponsored Products","10.93","USD"
"2026-02-11","206968068657618","Sponsored Products","0.00","USD"
"2026-02-09","539750977499191","Sponsored Products","4.91","CAD"
"2026-02-24","164743561215297","Sponsored Products","0.80","USD"
"2026-02-07","458452283549074","Sponsored Brands","0.00","CAD"
"2026-02-03","373593607967581","Sponsored Display","0.00","AUD"
"2026-02-27","434170639918769","Sponsored Brands","0.00","USD"
"2026-02-04","103204875656014","Sponsored Products","0.93","USD"
"2026-02-09","531187508971652","Sponsored Display","0.00","CAD"
"2026-02-04","354484097353439","Sponsored Products","0.00","GBP"
"2026-02-18","82064097659476","Sponsored Products","0.00","USD"
"2026-02-01","491366396962687","Sponsored Brands","25.44","USD"
"2026-02-14","194512325763287","Sponsored Products","3.75","USD"
"2026-02-04","536492240546443","Sponsored Products","0.00","CAD"
"2026-02-03","288851430690246","Sponsored Products","0.00","GBP"
"2026-02-09","205764417979436","Sponsored Products","0.00","USD"
"2026-02-09","557814926181675","Sponsored Products","0.00","CAD"
"2026-02-05","363579801300326","Sponsored Products","0.00","CAD"
"2026-02-24","243204708497477","Sponsored Products","0.00","USD"
"2026-02-09","72921898703277","Sponsored Products","0.00","USD"
"2026-02-05","530353594830018","Sponsored Display","0.00","CAD"
"2026-02-01","284096201830626","Sponsored Display","1.74","USD"
"2026-02-02","399703016940832","Sponsored Brands","1.22","CAD"
"2026-02-02","429216730447678","Sponsored Products","0.00","AUD"
"2026-02-14","360412290312296","Sponsored Brands","0.00","CAD"
"2026-02-02","531187508971652","Sponsored Display","0.00","CAD"
"2026-02-04","101459965063202","Sponsored Products","0.00","USD"
"2026-02-03","453503689032806","Sponsored Products","0.45","GBP"
"2026-02-16","149818563042691","Sponsored Products","0.00","USD"
"2026-02-11","312711508263023","Sponsored Products","0.00","AUD"
"2026-02-08","39061317933304","Sponsored Products","0.00","USD"
"2026-02-24","284096201830626","Sponsored Display","0.00","USD"
"2026-02-07","280513164622908","Sponsored Products","0.60","USD"
"2026-02-28","43460676635147","Sponsored Products","0.00","USD"
"2026-02-01","194838680698310","Sponsored Products","10.37","USD"
"2026-02-23","138135222992233","Sponsored Products","0.00","USD"
"2026-02-02","58475731073369","Sponsored Products","0.00","USD"
"2026-02-19","88056195803598","Sponsored Products","0.00","USD"
"2026-02-11","354036750973331","Sponsored Products","5.99","CAD"
"2026-02-03","548511206574211","Sponsored Brands","0.00","AUD"
"2026-02-03","138135222992233","Sponsored Products","9.79","USD"
"2026-02-11","156285188540724","Sponsored Products","0.00","USD"
"2026-02-06","494994223093944","Sponsored Brands","0.39","AUD"
"2026-02-02","423447600502988","Sponsored Brands","0.76","CAD"
"2026-02-01","354627207584492","Sponsored Products","0.00","CAD"
"2026-02-04","486701736662809","Sponsored Products","0.00","AUD"
"2026-02-09","310318758176650","Sponsored Products","0.00","CAD"
"2026-02-02","72921898703277","Sponsored Products","0.08","USD"
"2026-02-09","194512325763287","Sponsored Products","0.00","USD"
"2026-02-01","346023186686134","Sponsored Brands","1.23","USD"
"2026-02-27","216925562826343","Sponsored Products","0.00","USD"
"2026-02-07","310318758176650","Sponsored Products","0.70","CAD"
"2026-02-16","94121140300347","Sponsored Products","0.00","USD"
"2026-02-02","560541401556849","Sponsored Products","1.01","GBP"
"2026-02-01","288669281122601","Sponsored Products","3.33","AUD"
"2026-02-22","296615200458181","Sponsored Brands","21.01","USD"
"2026-02-05","446701085946014","Sponsored Products","0.00","GBP"
"2026-02-12","441925918527435","Sponsored Brands","0.00","USD"
"2026-02-15","39061317933304","Sponsored Products","0.00","USD"
"2026-02-28","439663157752722","Sponsored Brands","4.78","USD"
"2026-02-07","72921898703277","Sponsored Products","3.87","USD"
"2026-02-15","154085784178560","Sponsored Products","0.00","USD"
"2026-02-05","539931100075119","Sponsored Brands","15.80","USD"
"2026-02-09","521187964040554","Sponsored Products","0.00","CAD"
"2026-02-15","43460676635147","Sponsored Products","0.00","USD"
"2026-02-05","521187964040554","Sponsored Products","0.00","CAD"
"2026-02-01","399703016940832","Sponsored Brands","5.61","CAD"
"2026-02-03","551134208715253","Sponsored Products","0.00","AUD"
"2026-02-27","156285188540724","Sponsored Products","0.00","USD"
"2026-02-12","79620432535917","Sponsored Products","4.82","USD"
"2026-02-01","48433117829801","Sponsored Products","12.28","USD"
"2026-02-03","259323671730401","Sponsored Products","13.98","USD"
"2026-02-22","204544178017947","Sponsored Products","0.94","USD"
"2026-02-04","77231525415892","Sponsored Products","0.00","USD"
"2026-02-25","407444835513369","Sponsored Brands","0.00","CAD"
"2026-02-17","141648422510979","Sponsored Products","0.00","USD"
"2026-02-21","145958940968220","Sponsored Products","2.76","USD"
"2026-02-24","279125239605082","Sponsored Products","0.00","USD"
"2026-02-09","257373022214500","Sponsored Products","0.00","USD"
"2026-02-23","30179169319725","Sponsored Products","3.73","AUD"
"2026-02-03","443805539282973","Sponsored Brands","0.00","CAD"
"2026-02-21","241960271286519","Sponsored Products","0.00","USD"
"2026-02-15","296615200458181","Sponsored Brands","23.69","USD"
"2026-02-01","463570831006082","Sponsored Products","0.00","CAD"
"2026-02-18","175777768252798","Sponsored Products","0.00","USD"
"2026-02-12","345230959620455","Sponsored Products","0.00","CAD"
"2026-02-18","455100983218716","Sponsored Brands","8.83","USD"
"2026-02-16","48433117829801","Sponsored Products","1.09","USD"
"2026-02-19","42141939819441","Sponsored Products","0.00","USD"
"2026-02-14","156989235380210","Sponsored Products","332.06","USD"
"2026-02-01","22348745290500","Sponsored Products","10.91","USD"
"2026-02-05","323864334787492","Sponsored Products","0.00","AUD"
"2026-02-16","9627520751858","Sponsored Products","21.79","USD"
"2026-02-26","54673378227395","Sponsored Products","0.69","USD"
"2026-02-04","482686146435604","Sponsored Brands","3.05","USD"
"2026-02-17","54673378227395","Sponsored Products","0.47","USD"
"2026-02-10","486969120687335","Sponsored Products","0.00","USD"
"2026-02-27","204544178017947","Sponsored Products","0.00","USD"
"2026-02-01","554029658228344","Sponsored Display","0.13","GBP"
"2026-02-05","428015197375542","Sponsored Products","0.00","AUD"
"2026-02-15","101965336081409","Sponsored Products","0.00","USD"
"2026-02-01","423447600502988","Sponsored Brands","0.52","CAD"
"2026-02-11","348184859637636","Sponsored Brands","0.89","USD"
"2026-02-05","246452377117901","Sponsored Products","0.00","USD"
"2026-02-18","11588448157956","Sponsored Products","0.00","USD"
"2026-02-12","384986795476042","Sponsored Brands","0.89","CAD"
"2026-02-27","126638359335345","Sponsored Products","0.00","USD"
"2026-02-06","284235017891966","Sponsored Products","3.79","CAD"
"2026-02-21","32030113168570","Sponsored Products","0.00","USD"
"2026-02-09","156989235380210","Sponsored Products","144.16","USD"
"2026-02-11","281235849108344","Sponsored Products","33.24","USD"
"2026-02-18","216925562826343","Sponsored Products","0.00","USD"
"2026-02-06","101965336081409","Sponsored Products","16.16","USD"
"2026-02-28","206968068657618","Sponsored Products","0.00","USD"
"2026-02-06","522533017982048","Sponsored Products","0.00","CAD"
"2026-02-28","124202126398060","Sponsored Products","2.24","USD"
"2026-02-27","40237294180920","Sponsored Products","0.00","USD"
"2026-02-26","261580610725925","Sponsored Products","0.00","AUD"
"2026-02-09","413308568322873","Sponsored Brands","3.38","USD"
"2026-02-18","27661898820374","Sponsored Products","0.00","USD"
"2026-02-20","133243849204741","Sponsored Products","0.00","USD"
"2026-02-09","77231525415892","Sponsored Products","0.00","USD"
"2026-02-09","444969564092992","Sponsored Products","1.01","CAD"
"2026-02-07","518228166841375","Sponsored Brands","0.00","GBP"
"2026-02-10","538771699321102","Sponsored Products","0.39","AUD"
"2026-02-14","115943131527635","Sponsored Products","1.08","USD"
"2026-02-18","53404531347848","Sponsored Products","6.47","USD"
"2026-02-11","455983082050138","Sponsored Products","0.00","CAD"
"2026-02-24","42141939819441","Sponsored Products","0.00","USD"
"2026-02-20","137772430611725","Sponsored Products","0.00","USD"
"2026-02-17","215966552761313","Sponsored Products","0.00","USD"
"2026-02-21","198809778193730","Sponsored Products","35.97","USD"
"2026-02-06","383486487068158","Sponsored Display","0.00","GBP"
"2026-02-23","423471492340141","Sponsored Brands","0.92","USD"
"2026-02-22","262727752997615","Sponsored Products","2.25","USD"
"2026-02-11","558782683947956","Sponsored Products","0.00","CAD"
"2026-02-11","464658704178346","Sponsored Brands","0.92","USD"
"2026-02-25","357384467879967","Sponsored Brands","23.91","USD"
"2026-02-26","194512325763287","Sponsored Products","0.00","USD"
"2026-02-13","54386198712419","Sponsored Products","0.00","USD"
"2026-02-10","192968792078402","Sponsored Products","0.00","USD"
"2026-02-21","162987026418786","Sponsored Products","0.00","USD"
"2026-02-13","215176800738804","Sponsored Products","0.00","USD"
"2026-02-09","392537273853228","Sponsored Brands","0.00","AUD"
"2026-02-19","14582572617569","Sponsored Products","0.00","USD"
"2026-02-07","488078103319545","Sponsored Brands","0.00","USD"
"2026-02-24","9627520751858","Sponsored Products","1.20","USD"
"2026-02-19","22348745290500","Sponsored Products","0.43","USD"
"2026-02-16","175777768252798","Sponsored Products","6.10","USD"
"2026-02-09","467633236874996","Sponsored Products","0.00","AUD"
"2026-02-06","494590942145867","Sponsored Products","33.51","CAD"
"2026-02-22","48758698369103","Sponsored Products","0.00","USD"
"2026-02-06","194838680698310","Sponsored Products","39.97","USD"
"2026-02-26","189380234928822","Sponsored Products","0.00","USD"
"2026-02-02","352761064226908","Sponsored Brands","5.75","CAD"
"2026-02-13","360412290312296","Sponsored Brands","0.00","CAD"
"2026-02-04","480355060288556","Sponsored Products","0.00","AUD"
"2026-02-06","423538576850039","Sponsored Products","0.00","AUD"
"2026-02-02","154085784178560","Sponsored Products","2.10","USD"
"2026-02-14","280884599605823","Sponsored Products","0.00","USD"
"2026-02-14","88056195803598","Sponsored Products","0.00","USD"
"2026-02-07","11143044290906","Sponsored Products","1.98","USD"
"2026-02-12","386893543852916","Sponsored Products","0.43","CAD"
"2026-02-05","259323671730401","Sponsored Products","16.91","USD"
"2026-02-19","140453739775668","Sponsored Products","4.05","USD"
"2026-02-26","42141939819441","Sponsored Products","0.00","USD"
"2026-02-02","128770506922317","Sponsored Products","12.08","USD"
"2026-02-05","444969564092992","Sponsored Products","0.03","CAD"
"2026-02-23","238790977416237","Sponsored Products","0.00","USD"
"2026-02-26","79620432535917","Sponsored Products","16.01","USD"
"2026-02-08","94073967562900","Sponsored Products","0.00","USD"
"2026-02-12","440997775738977","Sponsored Products","0.00","AUD"
"2026-02-10","531187508971652","Sponsored Display","0.00","CAD"
"2026-02-17","9627520751858","Sponsored Products","21.35","USD"
"2026-02-19","254109808305934","Sponsored Products","1.76","USD"
"2026-02-12","44065507618346","Sponsored Products","0.00","USD"
"2026-02-01","199698435439447","Sponsored Products","0.90","USD"
"2026-02-13","32030113168570","Sponsored Products","0.00","USD"
"2026-02-01","8078369968995","Sponsored Products","2.76","USD"
"2026-02-11","239677460933975","Sponsored Products","47.91","USD"
"2026-02-01","354036750973331","Sponsored Products","4.00","CAD"
"2026-02-20","54673378227395","Sponsored Products","0.00","USD"
"2026-02-20","96060745446945","Sponsored Products","0.00","USD"
"2026-02-02","476877916686317","Sponsored Brands","0.00","AUD"
"2026-02-25","452065263384491","Sponsored Brands","5.75","USD"
"2026-02-15","560000811916391","Sponsored Brands","5.02","USD"
"2026-02-04","38682977693457","Sponsored Products","0.00","USD"
"2026-02-03","441925918527435","Sponsored Brands","5.01","USD"
"2026-02-11","363579801300326","Sponsored Products","0.00","CAD"
"2026-02-23","259323671730401","Sponsored Products","3.52","USD"
"2026-02-22","189380234928822","Sponsored Products","0.47","USD"
"2026-02-05","325883174926875","Sponsored Brands","1.85","USD"
"2026-02-05","140453739775668","Sponsored Products","10.39","USD"
"2026-02-13","263531397076178","Sponsored Products","0.00","USD"
"2026-02-19","411564343397398","Sponsored Products","0.00","USD"
"2026-02-14","11588448157956","Sponsored Products","0.00","USD"
"2026-02-06","502907079288115","Sponsored Products","1.38","CAD"
"2026-02-03","453754530299965","Sponsored Brands","9.93","USD"
"2026-02-01","443207948405482","Sponsored Products","0.38","CAD"
"2026-02-14","38682977693457","Sponsored Products","0.00","USD"
"2026-02-05","546618773117950","Sponsored Brands","0.00","AUD"
"2026-02-03","79620432535917","Sponsored Products","15.55","USD"
"2026-02-28","176992507771254","Sponsored Products","2.67","USD"
"2026-02-12","531194039320877","Sponsored Products","0.00","CAD"
"2026-02-03","386865813070708","Sponsored Products","0.00","USD"
"2026-02-07","375880567146391","Sponsored Display","0.00","AUD"
"2026-02-22","138135222992233","Sponsored Products","0.00","USD"
"2026-02-01","382263989834817","Sponsored Products","0.00","AUD"
"2026-02-10","121446500477002","Sponsored Products","0.00","USD"
"2026-02-08","383486487068158","Sponsored Display","0.00","GBP"
"2026-02-16","259323671730401","Sponsored Products","11.78","USD"
"2026-02-13","277250351840071","Sponsored Products","9.07","USD"
"2026-02-05","121446500477002","Sponsored Products","0.00","USD"
"2026-02-07","61503627186513","Sponsored Products","0.00","USD"
"2026-02-04","312711508263023","Sponsored Products","0.00","AUD"
"2026-02-11","140453739775668","Sponsored Products","1.29","USD"
"2026-02-10","354036750973331","Sponsored Products","1.20","CAD"
"2026-02-01","384986795476042","Sponsored Brands","2.52","CAD"
"2026-02-27","96060745446945","Sponsored Products","0.00","USD"
"2026-02-11","14582572617569","Sponsored Products","1.40","USD"
"2026-02-08","281235849108344","Sponsored Products","12.07","USD"
"2026-02-05","243204708497477","Sponsored Products","0.00","USD"
"2026-02-21","346023186686134","Sponsored Brands","2.85","USD"
"2026-02-20","455688132780953","Sponsored Brands","2.96","USD"
"2026-02-27","261580610725925","Sponsored Products","0.00","AUD"
"2026-02-18","48433117829801","Sponsored Products","2.01","USD"
"2026-02-03","458452283549074","Sponsored Brands","0.00","CAD"
"2026-02-15","270513944391898","Sponsored Products","0.37","USD"
"2026-02-23","205922105032655","Sponsored Products","0.00","USD"
"2026-02-15","65271102777505","Sponsored Products","0.00","USD"
"2026-02-26","560000811916391","Sponsored Brands","26.55","USD"
"2026-02-13","411197191773342","Sponsored Products","0.00","AUD"
"2026-02-08","441276644656791","Sponsored Brands","2.49","AUD"
"2026-02-04","281110747056753","Sponsored Products","0.00","USD"
"2026-02-16","271780514756108","Sponsored Products","0.00","USD"
"2026-02-17","482686146435604","Sponsored Brands","2.64","USD"
"2026-02-09","291612323170971","Sponsored Products","2.46","CAD"
"2026-02-05","320522945603717","Sponsored Brands","1.10","CAD"
"2026-02-02","22348745290500","Sponsored Products","6.78","USD"
"2026-02-22","175777768252798","Sponsored Products","0.00","USD"
"2026-02-06","511828144987995","Sponsored Products","0.00","GBP"
"2026-02-05","152555236474228","Sponsored Products","0.00","USD"
"2026-02-10","373593607967581","Sponsored Display","0.00","AUD"
"2026-02-14","44065507618346","Sponsored Products","0.00","USD"
"2026-02-06","224639482376841","Sponsored Products","24.27","USD"
"2026-02-07","215176800738804","Sponsored Products","9.59","USD"
"2026-02-25","149626049979530","Sponsored Products","0.00","USD"
"2026-02-14","138135222992233","Sponsored Products","0.00","USD"
"2026-02-16","164743561215297","Sponsored Products","0.00","USD"
"2026-02-06","288851430690246","Sponsored Products","0.00","GBP"
"2026-02-03","321879822518995","Sponsored Products","0.00","AUD"
"2026-02-04","130912331972988","Sponsored Products","0.00","USD"
"2026-02-11","18193170148935","Sponsored Products","0.00","USD"
"2026-02-08","551134208715253","Sponsored Products","0.00","AUD"
"2026-02-20","495677195822245","Sponsored Brands","0.21","USD"
"2026-02-05","280528554873543","Sponsored Products","4.25","USD"
"2026-02-05","429216730447678","Sponsored Products","0.00","AUD"
"2026-02-02","94121140300347","Sponsored Products","6.86","USD"
"2026-02-14","407444835513369","Sponsored Brands","0.00","CAD"
"2026-02-15","138135222992233","Sponsored Products","0.00","USD"
"2026-02-10","375880567146391","Sponsored Display","0.00","AUD"
"2026-02-13","407444835513369","Sponsored Brands","1.75","CAD"
"2026-02-05","54386198712419","Sponsored Products","0.00","USD"
"2026-02-07","121446500477002","Sponsored Products","0.92","USD"
"2026-02-11","149942312994880","Sponsored Products","0.00","USD"
"2026-02-02","262727752997615","Sponsored Products","5.82","USD"
"2026-02-03","383486487068158","Sponsored Display","4.86","GBP"
"2026-02-11","437016942104478","Sponsored Brands","0.00","CAD"
"2026-02-14","77231525415892","Sponsored Products","0.00","USD"
"2026-02-11","115764500761375","Sponsored Products","2.64","USD"
"2026-02-10","263531397076178","Sponsored Products","0.00","USD"
"2026-02-07","360412290312296","Sponsored Brands","1.74","CAD"
"2026-02-04","348184859637636","Sponsored Brands","10.62","USD"
"2026-02-21","545989665090053","Sponsored Brands","2.81","GBP"
"2026-02-16","101459965063202","Sponsored Products","23.85","USD"
"2026-02-21","79620432535917","Sponsored Products","7.97","USD"
"2026-02-06","44065507618346","Sponsored Products","0.00","USD"
"2026-02-02","215176800738804","Sponsored Products","1.75","USD"
"2026-02-04","452082306058129","Sponsored Brands","3.39","CAD"
"2026-02-15","96060745446945","Sponsored Products","0.00","USD"
"2026-02-01","546618773117950","Sponsored Brands","0.00","AUD"
"2026-02-10","423471492340141","Sponsored Brands","6.51","USD"
"2026-02-23","101965336081409","Sponsored Products","0.00","USD"
"2026-02-26","259323671730401","Sponsored Products","8.75","USD"
"2026-02-07","348184859637636","Sponsored Brands","13.79","USD"
"2026-02-04","128770506922317","Sponsored Products","1.57","USD"
"2026-02-24","128835884603962","Sponsored Products","0.00","USD"
"2026-02-27","101459965063202","Sponsored Products","4.66","USD"
"2026-02-14","61503627186513","Sponsored Products","0.00","USD"
"2026-02-14","239677460933975","Sponsored Products","25.17","USD"
"2026-02-23","255100442617527","Sponsored Products","0.00","USD"
"2026-02-19","186804517918072","Sponsored Products","10.61","USD"
"2026-02-26","134777743429986","Sponsored Products","0.00","USD"
"2026-02-13","145958940968220","Sponsored Products","0.00","USD"
"2026-02-11","158171452508120","Sponsored Products","0.00","USD"
"2026-02-26","280528554873543","Sponsored Products","0.00","USD"
"2026-02-04","402744546317623","Sponsored Brands","0.00","GBP"
"2026-02-03","176992507771254","Sponsored Products","3.45","USD"
"2026-02-07","441276644656791","Sponsored Brands","0.00","AUD"
"2026-02-04","348537181713557","Sponsored Products","0.00","GBP"
"2026-02-05","312632253610695","Sponsored Brands","0.00","USD"
"2026-02-15","455100983218716","Sponsored Brands","2.18","USD"
"2026-02-10","476877916686317","Sponsored Brands","0.82","AUD"
"2026-02-16","53404531347848","Sponsored Products","2.01","USD"
"2026-02-06","133846876580591","Sponsored Products","4.06","USD"
"2026-02-02","398859393836995","Sponsored Products","4.40","GBP"
"2026-02-07","484239021223334","Sponsored Products","0.00","AUD"
"2026-02-03","140453739775668","Sponsored Products","0.92","USD"
"2026-02-06","429216730447678","Sponsored Products","0.00","AUD"
"2026-02-02","27661898820374","Sponsored Products","0.00","USD"
"2026-02-10","455983082050138","Sponsored Products","0.00","CAD"
"2026-02-18","153491409585454","Sponsored Products","3.83","USD"
"2026-02-03","555516622120091","Sponsored Brands","0.00","GBP"
"2026-02-22","259201002739674","Sponsored Products","15.43","USD"
"2026-02-10","455688132780953","Sponsored Brands","0.70","USD"
"2026-02-20","276797522102375","Sponsored Products","0.35","USD"
"2026-02-05","297335215332435","Sponsored Products","1.47","CAD"
"2026-02-07","554517553013265","Sponsored Products","0.00","CAD"
"2026-02-03","198809778193730","Sponsored Products","187.09","USD"
"2026-02-03","317413414518930","Sponsored Products","0.00","GBP"
"2026-02-24","202299611765170","Sponsored Products","0.35","USD"
"2026-02-18","270513944391898","Sponsored Products","1.44","USD"
"2026-02-19","346023186686134","Sponsored Brands","0.49","USD"
"2026-02-07","198809778193730","Sponsored Products","174.64","USD"
"2026-02-06","454571413921997","Sponsored Products","0.00","GBP"
"2026-02-04","342468627864471","Sponsored Products","0.00","GBP"
"2026-02-14","259201002739674","Sponsored Products","1.50","USD"
"2026-02-27","32571611634774","Sponsored Products","0.00","USD"
"2026-02-06","443805539282973","Sponsored Brands","0.00","CAD"
"2026-02-22","94073967562900","Sponsored Products","0.62","USD"
"2026-02-15","83677388471868","Sponsored Products","0.00","USD"
"2026-02-09","61503627186513","Sponsored Products","0.00","USD"
"2026-02-01","323864334787492","Sponsored Products","0.06","AUD"
"2026-02-12","386920533914758","Sponsored Brands","0.00","CAD"
"2026-02-14","133846876580591","Sponsored Products","7.14","USD"
"2026-02-06","437016942104478","Sponsored Brands","1.70","CAD"
"2026-02-20","42141939819441","Sponsored Products","1.37","USD"
"2026-02-03","347536643859180","Sponsored Products","0.00","GBP"
"2026-02-11","366616645988820","Sponsored Products","0.00","CAD"
"2026-02-28","192968792078402","Sponsored Products","0.00","USD"
"2026-02-10","22348745290500","Sponsored Products","0.00","USD"
"2026-02-02","11143044290906","Sponsored Products","0.00","USD"
"2026-02-05","30651955945418","Sponsored Products","0.00","USD"
"2026-02-04","498311429491057","Sponsored Display","0.00","CAD"
"2026-02-13","202228555422966","Sponsored Products","0.00","USD"
"2026-02-04","453754530299965","Sponsored Brands","21.45","USD"
"2026-02-08","482686146435604","Sponsored Brands","3.28","USD"
"2026-02-21","246452377117901","Sponsored Products","0.00","USD"
"2026-02-15","188545556962991","Sponsored Products","12.31","USD"
"2026-02-14","115764500761375","Sponsored Products","0.00","USD"
"2026-02-07","128835884603962","Sponsored Products","0.00","USD"
"2026-02-27","1069464513580","Sponsored Products","10.99","USD"
"2026-02-27","188279469264899","Sponsored Products","0.00","USD"
"2026-02-14","58475731073369","Sponsored Products","0.32","USD"
"2026-02-11","493216310640409","Sponsored Brands","0.00","USD"
"2026-02-10","48192245895031","Sponsored Products","0.00","USD"
"2026-02-02","555625239663839","Sponsored Products","0.00","USD"
"2026-02-20","545989665090053","Sponsored Brands","4.02","GBP"
"2026-02-08","18193170148935","Sponsored Products","0.00","USD"
"2026-02-22","141648422510979","Sponsored Products","0.00","USD"
"2026-02-01","536492240546443","Sponsored Products","0.00","CAD"
"2026-02-18","65861573413220","Sponsored Products","0.00","USD"
"2026-02-09","411197191773342","Sponsored Products","0.00","AUD"
"2026-02-03","286601245904247","Sponsored Products","0.60","CAD"
"2026-02-06","407346576799567","Sponsored Products","0.00","AUD"
"2026-02-05","303344079444236","Sponsored Brands","0.00","GBP"
"2026-02-10","484271755377666","Sponsored Products","0.00","CAD"
"2026-02-01","318399173824872","Sponsored Products","1.01","GBP"
"2026-02-17","560000811916391","Sponsored Brands","14.04","USD"
"2026-02-01","383486487068158","Sponsored Display","6.64","GBP"
"2026-02-21","82064097659476","Sponsored Products","0.00","USD"
"2026-02-06","316207062053537","Sponsored Products","0.00","AUD"
"2026-02-02","101459965063202","Sponsored Products","11.98","USD"
"2026-02-06","198809778193730","Sponsored Products","40.71","USD"
"2026-02-09","154118694541854","Sponsored Products","0.00","USD"
"2026-02-09","559365035833525","Sponsored Brands","0.00","AUD"
"2026-02-07","239772993878028","Sponsored Products","2.10","USD"
"2026-02-12","494590942145867","Sponsored Products","5.16","CAD"
"2026-02-09","419764168918332","Sponsored Brands","2.79","AUD"
"2026-02-26","194838680698310","Sponsored Products","0.00","USD"
"2026-02-14","261659564571062","Sponsored Products","0.59","USD"
"2026-02-01","546191132663927","Sponsored Brands","0.00","USD"
"2026-02-02","224639482376841","Sponsored Products","11.69","USD"
"2026-02-15","174719285602701","Sponsored Products","0.00","USD"
"2026-02-22","39061317933304","Sponsored Products","0.00","USD"
"2026-02-10","452065263384491","Sponsored Brands","0.00","USD"
"2026-02-14","515637010546761","Sponsored Brands","0.00","USD"
"2026-02-17","266158523203302","Sponsored Products","1.94","USD"
"2026-02-14","317772463042332","Sponsored Products","0.00","AUD"
"2026-02-09","56338703455249","Sponsored Products","33.64","USD"
"2026-02-26","11588448157956","Sponsored Products","0.00","USD"
"2026-02-24","441925918527435","Sponsored Brands","5.37","USD"
"2026-02-06","310318758176650","Sponsored Products","0.00","CAD"
"2026-02-12","419764168918332","Sponsored Brands","3.22","AUD"
"2026-02-02","303344079444236","Sponsored Brands","1.02","GBP"
"2026-02-22","325883174926875","Sponsored Brands","0.00","USD"
"2026-02-06","539931100075119","Sponsored Brands","8.14","USD"
"2026-02-24","246452377117901","Sponsored Products","0.00","USD"
"2026-02-14","254109808305934","Sponsored Products","11.84","USD"
"2026-02-20","65271102777505","Sponsored Products","0.69","USD"
"2026-02-14","280528554873543","Sponsored Products","1.38","USD"
"2026-02-05","65861573413220","Sponsored Products","0.00","USD"
"2026-02-04","43460676635147","Sponsored Products","0.00","USD"
"2026-02-19","277250351840071","Sponsored Products","1.31","USD"
"2026-02-23","261580610725925","Sponsored Products","0.02","AUD"
"2026-02-19","18193170148935","Sponsored Products","0.00","USD"
"2026-02-03","406487274006731","Sponsored Products","0.00","AUD"
"2026-02-12","561131507618203","Sponsored Products","0.20","AUD"
"2026-02-10","378858058113466","Sponsored Products","0.00","CAD"
"2026-02-05","429345285920060","Sponsored Brands","2.63","GBP"
"2026-02-01","32571611634774","Sponsored Products","1.79","USD"
"2026-02-16","239677460933975","Sponsored Products","12.59","USD"
"2026-02-08","126638359335345","Sponsored Products","0.00","USD"
"2026-02-07","303784488331012","Sponsored Display","0.00","AUD"
"2026-02-25","48192245895031","Sponsored Products","0.00","USD"
"2026-02-07","504962652065858","Sponsored Brands","0.00","AUD"
"2026-02-05","172779439196738","Sponsored Products","0.00","USD"
"2026-02-06","199076365376964","Sponsored Products","0.00","USD"
"2026-02-07","314318800479242","Sponsored Products","0.00","AUD"
"2026-02-11","300354268849742","Sponsored Brands","0.00","CAD"
"2026-02-01","561131507618203","Sponsored Products","15.78","AUD"
"2026-02-13","345230959620455","Sponsored Products","0.00","CAD"
"2026-02-06","321879822518995","Sponsored Products","0.12","AUD"
"2026-02-18","38682977693457","Sponsored Products","0.00","USD"
"2026-02-17","48192245895031","Sponsored Products","0.00","USD"
"2026-02-05","423447600502988","Sponsored Brands","0.25","CAD"
"2026-02-01","329222077811459","Sponsored Brands","0.98","GBP"
"2026-02-22","174719285602701","Sponsored Products","0.00","USD"
"2026-02-06","61090477012622","Sponsored Products","0.00","USD"
"2026-02-02","522533017982048","Sponsored Products","0.00","CAD"
"2026-02-13","126638359335345","Sponsored Products","0.00","USD"
"2026-02-06","292138679780956","Sponsored Products","0.00","AUD"
"2026-02-26","11143044290906","Sponsored Products","0.00","USD"
"2026-02-24","218351835233699","Sponsored Products","33.23","GBP"
"2026-02-12","271780514756108","Sponsored Products","0.00","USD"
"2026-02-11","545989665090053","Sponsored Brands","2.28","GBP"
"2026-02-14","32571611634774","Sponsored Products","0.00","USD"
"2026-02-12","42141939819441","Sponsored Products","0.00","USD"
"2026-02-17","88056195803598","Sponsored Products","0.36","USD"
"2026-02-08","224639482376841","Sponsored Products","14.98","USD"
"2026-02-10","555516622120091","Sponsored Brands","0.00","GBP"
"2026-02-19","34478632960968","Sponsored Products","13.20","USD"
"2026-02-12","363551194960955","Sponsored Products","0.00","CAD"
"2026-02-16","176035476248713","Sponsored Products","0.00","USD"
"2026-02-01","366616645988820","Sponsored Products","0.00","CAD"
"2026-02-24","82064097659476","Sponsored Products","0.00","USD"
"2026-02-08","437016942104478","Sponsored Brands","0.00","CAD"
"2026-02-13","495677195822245","Sponsored Brands","0.00","USD"
"2026-02-26","138135222992233","Sponsored Products","0.00","USD"
"2026-02-04","551134208715253","Sponsored Products","0.00","AUD"
"2026-02-02","417555316939613","Sponsored Brands","0.00","AUD"
"2026-02-21","115764500761375","Sponsored Products","1.47","USD"
"2026-02-02","452065263384491","Sponsored Brands","4.81","USD"
"2026-02-01","28565058702355","Sponsored Products","12.77","USD"
"2026-02-07","378771240092800","Sponsored Products","0.00","AUD"
"2026-02-02","531194039320877","Sponsored Products","0.00","CAD"
"2026-02-03","11143044290906","Sponsored Products","0.00","USD"
"2026-02-24","134777743429986","Sponsored Products","0.00","USD"
"2026-02-05","307534770253902","Sponsored Products","0.00","CAD"
"2026-02-20","348184859637636","Sponsored Brands","1.25","USD"
"2026-02-28","173362871105297","Sponsored Products","1.93","USD"
"2026-02-05","443207948405482","Sponsored Products","0.41","CAD"
"2026-02-05","539750977499191","Sponsored Products","3.33","CAD"
"2026-02-25","77231525415892","Sponsored Products","0.00","USD"
"2026-02-20","188545556962991","Sponsored Products","0.00","USD"
"2026-02-20","257373022214500","Sponsored Products","4.51","USD"
"2026-02-22","267283875717235","Sponsored Products","0.00","USD"
"2026-02-21","202838039381314","Sponsored Products","0.00","USD"
"2026-02-27","94121140300347","Sponsored Products","0.00","USD"
"2026-02-07","396524009311704","Sponsored Brands","4.77","CAD"
"2026-02-05","453187476718269","Sponsored Display","0.00","CAD"
"2026-02-24","83677388471868","Sponsored Products","0.00","USD"
"2026-02-18","192420944790293","Sponsored Products","4.00","GBP"
"2026-02-04","463874563272935","Sponsored Brands","0.00","AUD"
"2026-02-10","312632253610695","Sponsored Brands","0.55","USD"
"2026-02-05","417555316939613","Sponsored Brands","0.00","AUD"
"2026-02-07","243204708497477","Sponsored Products","0.00","USD"
"2026-02-24","198809778193730","Sponsored Products","13.68","USD"
"2026-02-26","22348745290500","Sponsored Products","0.00","USD"
"2026-02-14","48758698369103","Sponsored Products","0.00","USD"
"2026-02-21","81320226496883","Sponsored Products","0.00","USD"
"2026-02-13","276488907454289","Sponsored Products","0.00","USD"
"2026-02-20","101459965063202","Sponsored Products","1.66","USD"
"2026-02-08","280884599605823","Sponsored Products","0.00","USD"
"2026-02-18","34639218619625","Sponsored Products","0.00","USD"
"2026-02-03","394083050171294","Sponsored Products","0.00","USD"
"2026-02-27","243038183553247","Sponsored Products","0.00","USD"
"2026-02-07","480355060288556","Sponsored Products","0.00","AUD"
"2026-02-01","314318800479242","Sponsored Products","2.25","AUD"
"2026-02-19","453754530299965","Sponsored Brands","11.91","USD"
"2026-02-04","399703016940832","Sponsored Brands","1.34","CAD"
"2026-02-18","215966552761313","Sponsored Products","1.59","USD"
"2026-02-11","448149727236636","Sponsored Products","0.00","AUD"
"2026-02-03","8078369968995","Sponsored Products","0.82","USD"
"2026-02-02","454564300195235","Sponsored Products","3.32","GBP"
"2026-02-04","531194039320877","Sponsored Products","0.00","CAD"
"2026-02-12","461803854184467","Sponsored Products","0.00","CAD"
"2026-02-03","400936883710783","Sponsored Products","2.60","AUD"
"2026-02-09","369371745062988","Sponsored Products","0.00","CAD"
"2026-02-10","72921898703277","Sponsored Products","0.00","USD"
"2026-02-05","278626821184075","Sponsored Products","6.01","USD"
"2026-02-09","354036750973331","Sponsored Products","3.13","CAD"
"2026-02-03","363579801300326","Sponsored Products","0.00","CAD"
"2026-02-06","124202126398060","Sponsored Products","2.57","USD"
"2026-02-26","246452377117901","Sponsored Products","0.00","USD"
"2026-02-15","239695922795958","Sponsored Products","0.00","USD"
"2026-02-04","32030113168570","Sponsored Products","0.00","USD"
"2026-02-07","561131507618203","Sponsored Products","1.72","AUD"
"2026-02-02","14582572617569","Sponsored Products","0.00","USD"
"2026-02-22","128770506922317","Sponsored Products","0.00","USD"
"2026-02-11","128770506922317","Sponsored Products","0.45","USD"
"2026-02-26","72790979016813","Sponsored Products","0.00","USD"
"2026-02-19","215966552761313","Sponsored Products","0.00","USD"
"2026-02-15","545989665090053","Sponsored Brands","1.43","GBP"
"2026-02-05","541042710567147","Sponsored Products","0.00","USD"
"2026-02-23","277250351840071","Sponsored Products","3.47","USD"
"2026-02-04","422044464968254","Sponsored Products","14.59","GBP"
"2026-02-26","67855357390881","Sponsored Products","0.00","USD"
"2026-02-05","286855949125211","Sponsored Products","12.48","AUD"
"2026-02-24","154085784178560","Sponsored Products","0.00","USD"
"2026-02-01","79620432535917","Sponsored Products","10.46","USD"
"2026-02-24","101965336081409","Sponsored Products","0.00","USD"
"2026-02-15","158724595401869","Sponsored Products","0.00","USD"
"2026-02-25","246452377117901","Sponsored Products","0.00","USD"
"2026-02-13","291618943691121","Sponsored Brands","0.00","AUD"
"2026-02-02","530543664696574","Sponsored Products","0.00","AUD"
"2026-02-14","60802440953180","Sponsored Products","0.89","USD"
"2026-02-11","339568026468029","Sponsored Brands","0.35","CAD"
"2026-02-02","281235849108344","Sponsored Products","13.60","USD"
"2026-02-04","44065507618346","Sponsored Products","1.06","USD"
"2026-02-06","218351835233699","Sponsored Products","24.78","GBP"
"2026-02-04","82064097659476","Sponsored Products","3.83","USD"
"2026-02-20","149818563042691","Sponsored Products","0.00","USD"
"2026-02-26","54386198712419","Sponsored Products","1.26","USD"
"2026-02-05","491366396962687","Sponsored Brands","9.01","USD"
"2026-02-05","154118694541854","Sponsored Products","5.73","USD"
"2026-02-22","28565058702355","Sponsored Products","19.21","USD"
"2026-02-04","413308568322873","Sponsored Brands","0.20","USD"
"2026-02-09","443805539282973","Sponsored Brands","0.00","CAD"
"2026-02-09","505299994018527","Sponsored Products","0.00","CAD"
"2026-02-01","375262111034104","Sponsored Brands","5.71","USD"
"2026-02-08","267283875717235","Sponsored Products","0.00","USD"
"2026-02-07","328156874590794","Sponsored Brands","0.00","USD"
"2026-02-04","325883174926875","Sponsored Brands","0.52","USD"
"2026-02-07","392972027720670","Sponsored Products","0.00","CAD"
"2026-02-12","409249674990450","Sponsored Products","1.22","AUD"
"2026-02-04","363551194960955","Sponsored Products","0.00","CAD"
"2026-02-28","134777743429986","Sponsored Products","0.00","USD"
"2026-02-15","141648422510979","Sponsored Products","0.00","USD"
"2026-02-23","261659564571062","Sponsored Products","0.00","USD"
"2026-02-17","210638600694486","Sponsored Products","0.00","USD"
"2026-02-11","375880567146391","Sponsored Display","0.00","AUD"
"2026-02-12","241960271286519","Sponsored Products","0.00","USD"
"2026-02-12","194838680698310","Sponsored Products","12.75","USD"
"2026-02-14","14582572617569","Sponsored Products","0.00","USD"
"2026-02-15","164743561215297","Sponsored Products","1.41","USD"
"2026-02-06","32571611634774","Sponsored Products","0.00","USD"
"2026-02-13","81320226496883","Sponsored Products","1.28","USD"
"2026-02-22","30651955945418","Sponsored Products","1.40","USD"
"2026-02-02","184593163947523","Sponsored Products","0.00","USD"
"2026-02-08","455100983218716","Sponsored Brands","0.00","USD"
"2026-02-07","210638600694486","Sponsored Products","17.31","USD"
"2026-02-19","210638600694486","Sponsored Products","0.32","USD"
"2026-02-16","27661898820374","Sponsored Products","0.00","USD"
"2026-02-09","406964010755868","Sponsored Products","6.92","CAD"
"2026-02-18","158724595401869","Sponsored Products","0.00","USD"
"2026-02-08","286308132559342","Sponsored Brands","0.00","AUD"
"2026-02-06","354627207584492","Sponsored Products","0.00","CAD"
"2026-02-19","94073967562900","Sponsored Products","0.00","USD"
"2026-02-05","218351835233699","Sponsored Products","0.00","GBP"
"2026-02-28","11143044290906","Sponsored Products","0.00","USD"
"2026-02-24","357384467879967","Sponsored Brands","16.11","USD"
"2026-02-05","64790741448016","Sponsored Products","0.00","USD"
"2026-02-07","440997775738977","Sponsored Products","0.00","AUD"
"2026-02-02","558297049226516","Sponsored Brands","1.49","CAD"
"2026-02-08","174719285602701","Sponsored Products","0.00","USD"
"2026-02-22","453754530299965","Sponsored Brands","8.12","USD"
"2026-02-09","314318800479242","Sponsored Products","0.00","AUD"
"2026-02-12","206968068657618","Sponsored Products","0.00","USD"
"2026-02-28","48758698369103","Sponsored Products","0.00","USD"
"2026-02-04","174719285602701","Sponsored Products","12.93","USD"
"2026-02-08","453754530299965","Sponsored Brands","9.04","USD"
"2026-02-03","154085784178560","Sponsored Products","9.47","USD"
"2026-02-13","298636506131156","Sponsored Brands","0.00","AUD"
"2026-02-19","255100442617527","Sponsored Products","0.00","USD"
"2026-02-02","484239021223334","Sponsored Products","0.00","AUD"
"2026-02-15","202299611765170","Sponsored Products","0.00","USD"
"2026-02-07","411197191773342","Sponsored Products","0.00","AUD"
"2026-02-15","132476300811824","Sponsored Products","10.26","CAD"
"2026-02-03","354484097353439","Sponsored Products","2.44","GBP"
"2026-02-22","115764500761375","Sponsored Products","3.26","USD"
"2026-02-03","314318800479242","Sponsored Products","0.00","AUD"
"2026-02-18","202228555422966","Sponsored Products","0.00","USD"
"2026-02-19","130912331972988","Sponsored Products","6.60","USD"
"2026-02-08","542333703103187","Sponsored Products","0.00","AUD"
"2026-02-01","67855357390881","Sponsored Products","0.00","USD"
"2026-02-03","27661898820374","Sponsored Products","0.00","USD"
"2026-02-07","309601314328778","Sponsored Products","0.36","CAD"
"2026-02-02","440997775738977","Sponsored Products","0.00","AUD"
"2026-02-06","34478632960968","Sponsored Products","23.60","USD"
"2026-02-01","429345285920060","Sponsored Brands","4.21","GBP"
"2026-02-26","102474552529229","Sponsored Products","0.00","USD"
"2026-02-02","53404531347848","Sponsored Products","5.20","USD"
"2026-02-02","432013629308606","Sponsored Brands","1.62","CAD"
"2026-02-07","83677388471868","Sponsored Products","1.88","USD"
"2026-02-09","291680855614624","Sponsored Brands","0.57","GBP"
"2026-02-11","392699328377229","Sponsored Products","0.00","AUD"
"2026-02-17","34639218619625","Sponsored Products","1.00","USD"
"2026-02-10","413308568322873","Sponsored Brands","0.00","USD"
"2026-02-01","409249674990450","Sponsored Products","2.01","AUD"
"2026-02-04","323864334787492","Sponsored Products","0.00","AUD"
"2026-02-06","60802440953180","Sponsored Products","0.00","USD"
"2026-02-20","202228555422966","Sponsored Products","0.00","USD"
"2026-02-26","257373022214500","Sponsored Products","0.00","USD"
"2026-02-22","128835884603962","Sponsored Products","0.00","USD"
"2026-02-01","446701085946014","Sponsored Products","0.00","GBP"
"2026-02-21","48192245895031","Sponsored Products","0.00","USD"
"2026-02-08","213530912619228","Sponsored Products","0.00","USD"
"2026-02-24","22515666501366","Sponsored Products","0.84","USD"
"2026-02-03","428914757065848","Sponsored Products","0.80","CAD"
"2026-02-06","255100442617527","Sponsored Products","0.00","USD"
"2026-02-01","239677460933975","Sponsored Products","20.64","USD"
"2026-02-16","194512325763287","Sponsored Products","0.00","USD"
"2026-02-05","373593607967581","Sponsored Display","0.00","AUD"
"2026-02-05","380439551325000","Sponsored Products","4.84","GBP"
"2026-02-21","224639482376841","Sponsored Products","0.45","USD"
"2026-02-07","94073967562900","Sponsored Products","0.86","USD"
"2026-02-19","61503627186513","Sponsored Products","0.00","USD"
"2026-02-04","357384467879967","Sponsored Brands","14.58","USD"
"2026-02-09","464658704178346","Sponsored Brands","0.68","USD"
"2026-02-18","18193170148935","Sponsored Products","0.00","USD"
"2026-02-25","277250351840071","Sponsored Products","8.64","USD"
"2026-02-13","409249674990450","Sponsored Products","0.00","AUD"
"2026-02-27","270513944391898","Sponsored Products","0.65","USD"
"2026-02-18","464658704178346","Sponsored Brands","0.67","USD"
"2026-02-03","423538576850039","Sponsored Products","0.00","AUD"
"2026-02-05","399857229182854","Sponsored Brands","0.00","GBP"
"2026-02-21","48433117829801","Sponsored Products","0.26","USD"
"2026-02-05","560541401556849","Sponsored Products","1.34","GBP"
"2026-02-26","375262111034104","Sponsored Brands","0.00","USD"
"2026-02-10","48433117829801","Sponsored Products","6.86","USD"
"2026-02-28","238790977416237","Sponsored Products","0.00","USD"
"2026-02-16","115758363210245","Sponsored Products","1.41","USD"
"2026-02-17","154118694541854","Sponsored Products","0.00","USD"
"2026-02-02","137772430611725","Sponsored Products","2.83","USD"
"2026-02-20","218351835233699","Sponsored Products","27.22","GBP"
"2026-02-15","261580610725925","Sponsored Products","1.61","AUD"
"2026-02-19","207367106415924","Sponsored Products","12.84","GBP"
"2026-02-15","11143044290906","Sponsored Products","0.00","USD"
"2026-02-04","441925918527435","Sponsored Brands","14.74","USD"
"2026-02-06","286308132559342","Sponsored Brands","0.00","AUD"
"2026-02-22","88056195803598","Sponsored Products","0.00","USD"
"2026-02-28","202299611765170","Sponsored Products","0.00","USD"
"2026-02-08","291680855614624","Sponsored Brands","1.69","GBP"
"2026-02-15","67855357390881","Sponsored Products","0.92","USD"
"2026-02-03","348184859637636","Sponsored Brands","7.35","USD"
"2026-02-09","137772430611725","Sponsored Products","1.93","USD"
"2026-02-13","502907079288115","Sponsored Products","0.00","CAD"
"2026-02-08","392598200964005","Sponsored Products","4.14","CAD"
"2026-02-06","148265992493931","Sponsored Products","0.00","USD"
"2026-02-13","206968068657618","Sponsored Products","0.00","USD"
"2026-02-20","61090477012622","Sponsored Products","1.80","USD"
"2026-02-28","38682977693457","Sponsored Products","0.00","USD"
"2026-02-14","231848232455644","Sponsored Products","9.59","USD"
"2026-02-28","82064097659476","Sponsored Products","0.00","USD"
"2026-02-01","101459965063202","Sponsored Products","11.34","USD"
"2026-02-05","199698435439447","Sponsored Products","0.00","USD"
"2026-02-06","226743970768774","Sponsored Products","0.00","USD"
"2026-02-04","276797522102375","Sponsored Products","38.25","USD"
"2026-02-09","48433117829801","Sponsored Products","11.52","USD"
"2026-02-13","467633236874996","Sponsored Products","0.50","AUD"
"2026-02-06","317772463042332","Sponsored Products","1.66","AUD"
"2026-02-26","281024885672869","Sponsored Products","0.00","USD"
"2026-02-20","231848232455644","Sponsored Products","0.00","USD"
"2026-02-11","286601245904247","Sponsored Products","0.00","CAD"
"2026-02-13","316207062053537","Sponsored Products","0.00","AUD"
"2026-02-10","555360954347903","Sponsored Products","0.00","CAD"
"2026-02-02","453187476718269","Sponsored Display","0.00","CAD"
"2026-02-10","255100442617527","Sponsored Products","3.84","USD"
"2026-02-20","206968068657618","Sponsored Products","0.00","USD"
"2026-02-16","172779439196738","Sponsored Products","0.00","USD"
"2026-02-22","419764168918332","Sponsored Brands","0.00","AUD"
"2026-02-01","459488439760934","Sponsored Products","0.00","GBP"
"2026-02-26","277250351840071","Sponsored Products","0.61","USD"
"2026-02-10","239677460933975","Sponsored Products","31.43","USD"
"2026-02-01","545989665090053","Sponsored Brands","2.57","GBP"
"2026-02-02","443805539282973","Sponsored Brands","0.00","CAD"
"2026-02-04","96473122408354","Sponsored Products","0.00","USD"
"2026-02-21","413308568322873","Sponsored Brands","0.00","USD"
"2026-02-20","423471492340141","Sponsored Brands","4.29","USD"
"2026-02-07","96473122408354","Sponsored Products","0.00","USD"
"2026-02-01","224639482376841","Sponsored Products","19.30","USD"
"2026-02-09","530353594830018","Sponsored Display","0.00","CAD"
"2026-02-06","266158523203302","Sponsored Products","0.00","USD"
"2026-02-09","360836238849040","Sponsored Products","0.00","AUD"
"2026-02-18","72790979016813","Sponsored Products","0.76","USD"
"2026-02-09","184593163947523","Sponsored Products","0.00","USD"
"2026-02-17","246452377117901","Sponsored Products","0.00","USD"
"2026-02-04","58475731073369","Sponsored Products","0.00","USD"
"2026-02-10","386893543852916","Sponsored Products","0.00","CAD"
"2026-02-28","246452377117901","Sponsored Products","0.00","USD"
"2026-02-02","204544178017947","Sponsored Products","0.00","USD"
"2026-02-08","94121140300347","Sponsored Products","0.00","USD"
"2026-02-01","493216310640409","Sponsored Brands","0.00","USD"
"2026-02-01","441925918527435","Sponsored Brands","6.71","USD"
"2026-02-20","346023186686134","Sponsored Brands","0.56","USD"
"2026-02-23","296615200458181","Sponsored Brands","14.91","USD"
"2026-02-08","138135222992233","Sponsored Products","2.68","USD"
"2026-02-13","53404531347848","Sponsored Products","1.34","USD"
"2026-02-09","407530123839349","Sponsored Products","0.00","AUD"
"2026-02-06","380662946968621","Sponsored Display","0.18","USD"
"2026-02-06","557814926181675","Sponsored Products","1.41","CAD"
"2026-02-26","94073967562900","Sponsored Products","0.00","USD"
"2026-02-04","363048566293204","Sponsored Brands","0.00","GBP"
"2026-02-10","486830706800832","Sponsored Products","0.00","CAD"
"2026-02-04","538771699321102","Sponsored Products","0.00","AUD"
"2026-02-04","288851430690246","Sponsored Products","0.00","GBP"
"2026-02-03","461174245552414","Sponsored Products","1.95","AUD"
"2026-02-24","30651955945418","Sponsored Products","1.49","USD"
"2026-02-27","141648422510979","Sponsored Products","0.00","USD"
"2026-02-18","296615200458181","Sponsored Brands","23.81","USD"
"2026-02-03","339568026468029","Sponsored Brands","0.00","CAD"
"2026-02-20","77231525415892","Sponsored Products","0.00","USD"
"2026-02-26","259201002739674","Sponsored Products","14.96","USD"
"2026-02-05","205922105032655","Sponsored Products","0.00","USD"
"2026-02-20","1861066386589","Sponsored Products","0.00","USD"
"2026-02-09","263531397076178","Sponsored Products","0.00","USD"
"2026-02-11","428914757065848","Sponsored Products","0.00","CAD"
"2026-02-15","9627520751858","Sponsored Products","17.79","USD"
"2026-02-21","128770506922317","Sponsored Products","0.00","USD"
"2026-02-18","325883174926875","Sponsored Brands","0.61","USD"
"2026-02-09","54386198712419","Sponsored Products","0.00","USD"
"2026-02-02","103204875656014","Sponsored Products","5.18","USD"
"2026-02-03","402744546317623","Sponsored Brands","0.00","GBP"
"2026-02-25","257373022214500","Sponsored Products","0.00","USD"
"2026-02-06","277250351840071","Sponsored Products","15.72","USD"
"2026-02-19","158724595401869","Sponsored Products","0.00","USD"
"2026-02-23","48192245895031","Sponsored Products","0.00","USD"
"2026-02-05","434871922933588","Sponsored Brands","3.94","CAD"
"2026-02-26","145958940968220","Sponsored Products","2.74","USD"
"2026-02-04","380662946968621","Sponsored Display","0.09","USD"
"2026-02-12","58475731073369","Sponsored Products","0.38","USD"
"2026-02-07","441925918527435","Sponsored Brands","0.00","USD"
"2026-02-17","392537273853228","Sponsored Brands","0.00","AUD"
"2026-02-10","28864493115463","Sponsored Products","1.05","USD"
"2026-02-12","148265992493931","Sponsored Products","0.00","USD"
"2026-02-18","126638359335345","Sponsored Products","0.00","USD"
"2026-02-04","555516622120091","Sponsored Brands","1.05","GBP"
"2026-02-13","48758698369103","Sponsored Products","0.00","USD"
"2026-02-14","72921898703277","Sponsored Products","2.75","USD"
"2026-02-07","407444835513369","Sponsored Brands","3.79","CAD"
"2026-02-16","262727752997615","Sponsored Products","0.00","USD"
"2026-02-08","145958940968220","Sponsored Products","0.00","USD"
"2026-02-07","138135222992233","Sponsored Products","10.03","USD"
"2026-02-02","77231525415892","Sponsored Products","0.00","USD"
"2026-02-03","366616645988820","Sponsored Products","0.00","CAD"
"2026-02-17","261580610725925","Sponsored Products","1.99","AUD"
"2026-02-10","559365035833525","Sponsored Brands","0.00","AUD"
"2026-02-20","2414736156339","Sponsored Products","12.03","USD"
"2026-02-23","22515666501366","Sponsored Products","2.34","USD"
"2026-02-15","2414736156339","Sponsored Products","0.00","USD"
"2026-02-04","467633236874996","Sponsored Products","0.00","AUD"
"2026-02-05","280513164622908","Sponsored Products","0.00","USD"
"2026-02-01","518228166841375","Sponsored Brands","1.00","GBP"
"2026-02-21","8078369968995","Sponsored Products","0.00","USD"
"2026-02-08","99206488936490","Sponsored Products","0.00","USD"
"2026-02-10","39061317933304","Sponsored Products","0.00","USD"
"2026-02-27","81320226496883","Sponsored Products","0.00","USD"
"2026-02-18","96060745446945","Sponsored Products","0.00","USD"
"2026-02-20","176992507771254","Sponsored Products","0.00","USD"
"2026-02-05","562873832621330","Sponsored Products","0.00","GBP"
"2026-02-22","225946958740637","Sponsored Products","0.57","USD"
"2026-02-28","141552428309171","Sponsored Products","51.22","USD"
"2026-02-21","192420944790293","Sponsored Products","6.51","GBP"
"2026-02-08","354036750973331","Sponsored Products","2.10","CAD"
"2026-02-07","434170639918769","Sponsored Brands","6.50","USD"
"2026-02-10","40237294180920","Sponsored Products","0.00","USD"
"2026-02-09","494590942145867","Sponsored Products","24.29","CAD"
"2026-02-03","360836238849040","Sponsored Products","0.18","AUD"
"2026-02-10","176992507771254","Sponsored Products","2.47","USD"
"2026-02-24","539931100075119","Sponsored Brands","14.94","USD"
"2026-02-09","281235849108344","Sponsored Products","9.97","USD"
"2026-02-11","22348745290500","Sponsored Products","0.90","USD"
"2026-02-24","27661898820374","Sponsored Products","0.41","USD"
"2026-02-06","318148591057223","Sponsored Products","0.00","GBP"
"2026-02-12","205922105032655","Sponsored Products","0.00","USD"
"2026-02-23","187735718741416","Sponsored Products","0.00","USD"
"2026-02-24","133846876580591","Sponsored Products","0.00","USD"
"2026-02-05","557814926181675","Sponsored Products","0.00","CAD"
"2026-02-10","439663157752722","Sponsored Brands","0.00","USD"
"2026-02-08","428914757065848","Sponsored Products","11.00","CAD"
"2026-02-14","296615200458181","Sponsored Brands","33.37","USD"
"2026-02-03","320522945603717","Sponsored Brands","0.00","CAD"
"2026-02-18","145958940968220","Sponsored Products","0.00","USD"
"2026-02-07","417555316939613","Sponsored Brands","0.00","AUD"
"2026-02-20","140453739775668","Sponsored Products","0.00","USD"
"2026-02-16","491366396962687","Sponsored Brands","2.51","USD"
"2026-02-03","23854220044300","Sponsored Products","4.02","USD"
"2026-02-03","263910374759225","Sponsored Products","7.68","CAD"
"2026-02-20","138135222992233","Sponsored Products","0.00","USD"
"2026-02-01","345230959620455","Sponsored Products","1.36","CAD"
"2026-02-28","346023186686134","Sponsored Brands","0.97","USD"
"2026-02-11","378858058113466","Sponsored Products","0.00","CAD"
"2026-02-02","406487274006731","Sponsored Products","0.00","AUD"
"2026-02-03","392972027720670","Sponsored Products","0.00","CAD"
"2026-02-26","254109808305934","Sponsored Products","3.35","USD"
"2026-02-21","173362871105297","Sponsored Products","0.46","USD"
"2026-02-18","174719285602701","Sponsored Products","0.00","USD"
"2026-02-12","484271755377666","Sponsored Products","0.00","CAD"
"2026-02-18","553804041062258","Sponsored Products","0.00","USD"
"2026-02-02","363048566293204","Sponsored Brands","0.00","GBP"
"2026-02-19","176992507771254","Sponsored Products","0.08","USD"
"2026-02-13","406487274006731","Sponsored Products","0.00","AUD"
"2026-02-20","156285188540724","Sponsored Products","4.92","USD"
"2026-02-03","194838680698310","Sponsored Products","19.97","USD"
"2026-02-10","409249674990450","Sponsored Products","0.00","AUD"
"2026-02-04","202228555422966","Sponsored Products","0.00","USD"
"2026-02-14","207367106415924","Sponsored Products","8.48","GBP"
"2026-02-21","423471492340141","Sponsored Brands","4.67","USD"
"2026-02-04","346023186686134","Sponsored Brands","0.00","USD"
"2026-02-23","241960271286519","Sponsored Products","0.00","USD"
"2026-02-06","529845821022802","Sponsored Products","0.00","AUD"
"2026-02-03","48433117829801","Sponsored Products","12.32","USD"
"2026-02-15","72921898703277","Sponsored Products","0.00","USD"
"2026-02-11","272711015971799","Sponsored Products","1.69","USD"
"2026-02-04","94073967562900","Sponsored Products","0.00","USD"
"2026-02-13","194838680698310","Sponsored Products","16.27","USD"
"2026-02-24","545989665090053","Sponsored Brands","1.03","GBP"
"2026-02-20","156989235380210","Sponsored Products","253.50","USD"
"2026-02-12","434170639918769","Sponsored Brands","1.35","USD"
"2026-02-12","11143044290906","Sponsored Products","0.00","USD"
"2026-02-12","407444835513369","Sponsored Brands","0.41","CAD"
"2026-02-14","162987026418786","Sponsored Products","0.00","USD"
"2026-02-04","134777743429986","Sponsored Products","0.00","USD"
"2026-02-13","259323671730401","Sponsored Products","8.04","USD"
"2026-02-17","77231525415892","Sponsored Products","0.00","USD"
"2026-02-12","280528554873543","Sponsored Products","0.00","USD"
"2026-02-14","99206488936490","Sponsored Products","0.00","USD"
"2026-02-07","469814503032884","Sponsored Products","0.50","AUD"
"2026-02-06","464658704178346","Sponsored Brands","0.42","USD"
"2026-02-12","448149727236636","Sponsored Products","0.00","AUD"
"2026-02-05","384986795476042","Sponsored Brands","0.66","CAD"
"2026-02-06","281024885672869","Sponsored Products","0.00","USD"
"2026-02-07","443207948405482","Sponsored Products","0.00","CAD"
"2026-02-08","428015197375542","Sponsored Products","0.00","AUD"
"2026-02-24","270513944391898","Sponsored Products","1.13","USD"
"2026-02-03","194512325763287","Sponsored Products","2.44","USD"
"2026-02-14","267283875717235","Sponsored Products","0.00","USD"
"2026-02-07","255100442617527","Sponsored Products","11.20","USD"
"2026-02-15","27661898820374","Sponsored Products","0.00","USD"
"2026-02-03","318148591057223","Sponsored Products","0.00","GBP"
"2026-02-25","30651955945418","Sponsored Products","1.85","USD"
"2026-02-04","205922105032655","Sponsored Products","0.00","USD"
"2026-02-01","276488907454289","Sponsored Products","0.00","USD"
"2026-02-07","392537273853228","Sponsored Brands","0.00","AUD"
"2026-02-24","149626049979530","Sponsored Products","0.00","USD"
"2026-02-10","397652540263806","Sponsored Products","0.00","CAD"
"2026-02-09","360412290312296","Sponsored Brands","1.60","CAD"
"2026-02-07","434871922933588","Sponsored Brands","6.36","CAD"
"2026-02-08","399629340308947","Sponsored Brands","0.00","AUD"
"2026-02-14","545989665090053","Sponsored Brands","1.12","GBP"
"2026-02-22","54673378227395","Sponsored Products","0.00","USD"
"2026-02-10","34478632960968","Sponsored Products","10.35","USD"
"2026-02-06","303784488331012","Sponsored Display","0.34","AUD"
"2026-02-10","267283875717235","Sponsored Products","0.00","USD"
"2026-02-25","81320226496883","Sponsored Products","0.00","USD"
"2026-02-05","164743561215297","Sponsored Products","0.61","USD"
"2026-02-02","486701736662809","Sponsored Products","0.00","AUD"
"2026-02-22","205764417979436","Sponsored Products","0.00","USD"
"2026-02-25","254109808305934","Sponsored Products","6.27","USD"
"2026-02-17","30651955945418","Sponsored Products","1.34","USD"
"2026-02-01","464658704178346","Sponsored Brands","3.98","USD"
"2026-02-07","529845821022802","Sponsored Products","0.00","AUD"
"2026-02-12","461174245552414","Sponsored Products","0.06","AUD"
"2026-02-09","22348745290500","Sponsored Products","0.00","USD"
"2026-02-23","156285188540724","Sponsored Products","5.69","USD"
"2026-02-28","132476300811824","Sponsored Products","32.97","CAD"
"2026-02-17","186804517918072","Sponsored Products","4.02","USD"
"2026-02-01","548511206574211","Sponsored Brands","0.00","AUD"
"2026-02-04","137772430611725","Sponsored Products","7.30","USD"
"2026-02-16","174719285602701","Sponsored Products","2.64","USD"
"2026-02-06","455100983218716","Sponsored Brands","0.00","USD"
"2026-02-01","453239686745418","Sponsored Products","1.93","GBP"
"2026-02-28","202838039381314","Sponsored Products","0.00","USD"
"2026-02-05","413308568322873","Sponsored Brands","0.00","USD"
"2026-02-11","406487274006731","Sponsored Products","0.00","AUD"
"2026-02-27","137772430611725","Sponsored Products","0.00","USD"
"2026-02-07","218351835233699","Sponsored Products","35.36","GBP"
"2026-02-26","115758363210245","Sponsored Products","23.66","USD"
"2026-02-18","482686146435604","Sponsored Brands","4.14","USD"
"2026-02-26","205922105032655","Sponsored Products","0.79","USD"
"2026-02-21","168803396873792","Sponsored Products","0.00","USD"
"2026-02-07","262727752997615","Sponsored Products","3.59","USD"
"2026-02-05","192420944790293","Sponsored Products","0.44","GBP"
"2026-02-04","239772993878028","Sponsored Products","5.97","USD"
"2026-02-06","473740316381787","Sponsored Products","5.84","GBP"
"2026-02-08","83677388471868","Sponsored Products","0.00","USD"
"2026-02-02","205922105032655","Sponsored Products","0.00","USD"
"2026-02-05","560000811916391","Sponsored Brands","5.99","USD"
"2026-02-03","486701736662809","Sponsored Products","0.00","AUD"
"2026-02-11","239695922795958","Sponsored Products","0.45","USD"
"2026-02-05","303784488331012","Sponsored Display","0.00","AUD"
"2026-02-21","261659564571062","Sponsored Products","7.80","USD"
"2026-02-14","202838039381314","Sponsored Products","0.00","USD"
"2026-02-12","417555316939613","Sponsored Brands","0.00","AUD"
"2026-02-18","23854220044300","Sponsored Products","1.10","USD"
"2026-02-17","455100983218716","Sponsored Brands","2.71","USD"
"2026-02-10","259201002739674","Sponsored Products","1.52","USD"
"2026-02-05","23854220044300","Sponsored Products","0.00","USD"
"2026-02-26","53404531347848","Sponsored Products","0.00","USD"
"2026-02-09","192420944790293","Sponsored Products","19.77","GBP"
"2026-02-12","469814503032884","Sponsored Products","0.00","AUD"
"2026-02-19","284096201830626","Sponsored Display","4.42","USD"
"2026-02-04","83042096012825","Sponsored Products","0.00","USD"
"2026-02-25","83677388471868","Sponsored Products","0.00","USD"
"2026-02-03","530543664696574","Sponsored Products","0.00","AUD"
"2026-02-09","284096201830626","Sponsored Display","0.60","USD"
"2026-02-10","184593163947523","Sponsored Products","0.00","USD"
"2026-02-28","263531397076178","Sponsored Products","1.09","USD"
"2026-02-10","461803854184467","Sponsored Products","0.00","CAD"
"2026-02-18","198809778193730","Sponsored Products","26.18","USD"
"2026-02-04","384986795476042","Sponsored Brands","0.30","CAD"
"2026-02-18","231032487711466","Sponsored Products","0.28","AUD"
"2026-02-12","346023186686134","Sponsored Brands","0.00","USD"
"2026-02-20","452065263384491","Sponsored Brands","3.85","USD"
"2026-02-03","202838039381314","Sponsored Products","3.89","USD"
"2026-02-11","218351835233699","Sponsored Products","40.49","GBP"
"2026-02-10","452082306058129","Sponsored Brands","1.60","CAD"
"2026-02-07","245503802057093","Sponsored Products","0.00","USD"
"2026-02-05","407346576799567","Sponsored Products","0.00","AUD"
"2026-02-12","476877916686317","Sponsored Brands","0.00","AUD"
"2026-02-08","423447600502988","Sponsored Brands","0.00","CAD"
"2026-02-28","9627520751858","Sponsored Products","7.10","USD"
"2026-02-16","2414736156339","Sponsored Products","1.35","USD"
"2026-02-01","455983082050138","Sponsored Products","3.46","CAD"
"2026-02-10","375262111034104","Sponsored Brands","1.07","USD"
"2026-02-28","267283875717235","Sponsored Products","0.00","USD"
"2026-02-12","392972027720670","Sponsored Products","0.00","CAD"
"2026-02-27","202838039381314","Sponsored Products","0.00","USD"
"2026-02-10","363551194960955","Sponsored Products","0.00","CAD"
"2026-02-04","409249674990450","Sponsored Products","0.86","AUD"
"2026-02-02","423538576850039","Sponsored Products","0.00","AUD"
"2026-02-27","32030113168570","Sponsored Products","0.00","USD"
"2026-02-02","162987026418786","Sponsored Products","0.00","USD"
"2026-02-05","277250351840071","Sponsored Products","4.91","USD"
"2026-02-05","288851430690246","Sponsored Products","0.00","GBP"
"2026-02-14","277250351840071","Sponsored Products","3.93","USD"
"2026-02-18","48758698369103","Sponsored Products","0.00","USD"
"2026-02-10","363579801300326","Sponsored Products","0.00","CAD"
"2026-02-03","1861066386589","Sponsored Products","0.00","USD"
"2026-02-06","14582572617569","Sponsored Products","1.37","USD"
"2026-02-17","134777743429986","Sponsored Products","0.00","USD"
"2026-02-10","360836238849040","Sponsored Products","0.00","AUD"
"2026-02-02","205764417979436","Sponsored Products","0.00","USD"
"2026-02-07","162987026418786","Sponsored Products","0.00","USD"
"2026-02-20","128835884603962","Sponsored Products","0.00","USD"
"2026-02-05","239677460933975","Sponsored Products","20.43","USD"
"2026-02-04","72790979016813","Sponsored Products","0.00","USD"
"2026-02-09","67855357390881","Sponsored Products","0.00","USD"
"2026-02-02","48758698369103","Sponsored Products","10.16","USD"
"2026-02-12","560000811916391","Sponsored Brands","11.50","USD"
"2026-02-07","344717374719347","Sponsored Display","0.00","CAD"
"2026-02-01","239772993878028","Sponsored Products","0.00","USD"
"2026-02-16","218351835233699","Sponsored Products","47.06","GBP"
"2026-02-15","281024885672869","Sponsored Products","0.00","USD"
"2026-02-23","77231525415892","Sponsored Products","0.00","USD"
"2026-02-12","380662946968621","Sponsored Display","0.00","USD"
"2026-02-04","539931100075119","Sponsored Brands","16.82","USD"
"2026-02-01","321516368269611","Sponsored Products","0.34","CAD"
"2026-02-11","531194039320877","Sponsored Products","0.00","CAD"
"2026-02-03","476511840833684","Sponsored Products","0.00","GBP"
"2026-02-22","241960271286519","Sponsored Products","0.00","USD"
"2026-02-25","206968068657618","Sponsored Products","0.00","USD"
"2026-02-14","168803396873792","Sponsored Products","0.00","USD"
"2026-02-08","463570831006082","Sponsored Products","0.00","CAD"
"2026-02-14","102474552529229","Sponsored Products","0.00","USD"
"2026-02-05","271002646812055","Sponsored Products","0.00","USD"
"2026-02-17","233888031600237","Sponsored Products","0.00","USD"
"2026-02-27","14582572617569","Sponsored Products","0.00","USD"
"2026-02-05","422044464968254","Sponsored Products","4.80","GBP"
"2026-02-21","204544178017947","Sponsored Products","0.00","USD"
"2026-02-26","65271102777505","Sponsored Products","0.00","USD"
"2026-02-10","382263989834817","Sponsored Products","0.00","AUD"
"2026-02-22","53404531347848","Sponsored Products","0.00","USD"
"2026-02-18","187735718741416","Sponsored Products","1.77","USD"
"2026-02-05","464658704178346","Sponsored Brands","0.65","USD"
"2026-02-13","455983082050138","Sponsored Products","0.00","CAD"
"2026-02-15","11588448157956","Sponsored Products","0.00","USD"
"2026-02-17","61090477012622","Sponsored Products","1.53","USD"
"2026-02-10","291612323170971","Sponsored Products","0.00","CAD"
"2026-02-02","398122169001461","Sponsored Products","0.65","AUD"
"2026-02-03","453239686745418","Sponsored Products","0.78","GBP"
"2026-02-26","2414736156339","Sponsored Products","9.14","USD"
"2026-02-24","32571611634774","Sponsored Products","0.00","USD"
"2026-02-13","23854220044300","Sponsored Products","0.00","USD"
"2026-02-12","373188657935606","Sponsored Products","0.48","AUD"
"2026-02-04","312632253610695","Sponsored Brands","0.31","USD"
"2026-02-01","291618943691121","Sponsored Brands","0.00","AUD"
"2026-02-03","164743561215297","Sponsored Products","0.00","USD"
"2026-02-16","278626821184075","Sponsored Products","10.06","USD"
"2026-02-20","278626821184075","Sponsored Products","0.00","USD"
"2026-02-16","124202126398060","Sponsored Products","1.85","USD"
"2026-02-10","321516368269611","Sponsored Products","0.00","CAD"
"2026-02-01","342468627864471","Sponsored Products","0.00","GBP"
"2026-02-12","463570831006082","Sponsored Products","0.00","CAD"
"2026-02-03","417555316939613","Sponsored Brands","0.00","AUD"
"2026-02-21","134777743429986","Sponsored Products","0.00","USD"
"2026-02-16","266158523203302","Sponsored Products","0.00","USD"
"2026-02-06","443207948405482","Sponsored Products","0.38","CAD"
"2026-02-18","11143044290906","Sponsored Products","0.00","USD"
"2026-02-10","32030113168570","Sponsored Products","0.00","USD"
"2026-02-09","255100442617527","Sponsored Products","3.85","USD"
"2026-02-04","375880567146391","Sponsored Display","0.57","AUD"
"2026-02-27","130912331972988","Sponsored Products","0.00","USD"
"2026-02-03","280528554873543","Sponsored Products","5.57","USD"
"2026-02-21","156285188540724","Sponsored Products","11.86","USD"
"2026-02-01","278400043801722","Sponsored Products","0.00","GBP"
"2026-02-12","423447600502988","Sponsored Brands","0.00","CAD"
"2026-02-16","291680855614624","Sponsored Brands","0.00","GBP"
"2026-02-23","495677195822245","Sponsored Brands","2.73","USD"
"2026-02-03","454564300195235","Sponsored Products","2.62","GBP"
"2026-02-08","72921898703277","Sponsored Products","0.00","USD"
"2026-02-10","345230959620455","Sponsored Products","0.00","CAD"
"2026-02-21","206968068657618","Sponsored Products","0.00","USD"
"2026-02-04","344717374719347","Sponsored Display","0.00","CAD"
"2026-02-08","176992507771254","Sponsored Products","0.00","USD"
"2026-02-16","216925562826343","Sponsored Products","0.00","USD"
"2026-02-21","187735718741416","Sponsored Products","0.00","USD"
"2026-02-10","145958940968220","Sponsored Products","0.00","USD"
"2026-02-02","189380234928822","Sponsored Products","0.00","USD"
"2026-02-02","373188657935606","Sponsored Products","0.41","AUD"
"2026-02-11","202299611765170","Sponsored Products","0.00","USD"
"2026-02-03","270513944391898","Sponsored Products","4.54","USD"
"2026-02-20","94073967562900","Sponsored Products","0.00","USD"
"2026-02-04","324740828073799","Sponsored Products","0.00","AUD"
"2026-02-06","392972027720670","Sponsored Products","0.00","CAD"
"2026-02-21","164743561215297","Sponsored Products","0.00","USD"
"2026-02-08","455983082050138","Sponsored Products","2.60","CAD"
"2026-02-14","54386198712419","Sponsored Products","0.94","USD"
"2026-02-10","102474552529229","Sponsored Products","0.00","USD"
"2026-02-25","48758698369103","Sponsored Products","0.00","USD"
"2026-02-06","461803854184467","Sponsored Products","0.00","CAD"
"2026-02-27","9627520751858","Sponsored Products","2.82","USD"
"2026-02-03","300894362771504","Sponsored Products","0.60","GBP"
"2026-02-08","384986795476042","Sponsored Brands","0.00","CAD"
"2026-02-13","439663157752722","Sponsored Brands","0.00","USD"
"2026-02-22","132476300811824","Sponsored Products","34.49","CAD"
"2026-02-07","422044464968254","Sponsored Products","0.00","GBP"
"2026-02-13","557802220335065","Sponsored Products","0.00","CAD"
"2026-02-01","32030113168570","Sponsored Products","3.87","USD"
"2026-02-17","202299611765170","Sponsored Products","0.00","USD"
"2026-02-18","243038183553247","Sponsored Products","0.00","USD"
"2026-02-02","133846876580591","Sponsored Products","5.31","USD"
"2026-02-21","34639218619625","Sponsored Products","1.78","USD"
"2026-02-28","158171452508120","Sponsored Products","0.00","USD"
"2026-02-02","317772463042332","Sponsored Products","0.16","AUD"
"2026-02-23","175777768252798","Sponsored Products","6.35","USD"
"2026-02-13","239772993878028","Sponsored Products","0.00","USD"
"2026-02-12","72790979016813","Sponsored Products","0.88","USD"
"2026-02-23","145958940968220","Sponsored Products","0.00","USD"
"2026-02-02","459488439760934","Sponsored Products","0.37","GBP"
"2026-02-05","133846876580591","Sponsored Products","0.00","USD"
"2026-02-19","30651955945418","Sponsored Products","0.00","USD"
"2026-02-06","205764417979436","Sponsored Products","0.00","USD"
"2026-02-11","439118795538688","Sponsored Brands","0.00","CAD"
"2026-02-28","11588448157956","Sponsored Products","0.00","USD"
"2026-02-12","538771699321102","Sponsored Products","0.00","AUD"
"2026-02-11","176992507771254","Sponsored Products","3.83","USD"
"2026-02-05","194838680698310","Sponsored Products","37.11","USD"
"2026-02-11","61090477012622","Sponsored Products","0.00","USD"
"2026-02-09","423447600502988","Sponsored Brands","0.00","CAD"
"2026-02-12","194512325763287","Sponsored Products","0.00","USD"
"2026-02-09","286308132559342","Sponsored Brands","0.00","AUD"
"2026-02-02","314318800479242","Sponsored Products","1.05","AUD"
"2026-02-02","206968068657618","Sponsored Products","0.00","USD"
"2026-02-11","399629340308947","Sponsored Brands","0.00","AUD"
"2026-02-04","99206488936490","Sponsored Products","0.00","USD"
"2026-02-21","188545556962991","Sponsored Products","0.00","USD"
"2026-02-16","254109808305934","Sponsored Products","5.97","USD"
"2026-02-04","93539819506468","Sponsored Products","0.00","USD"
"2026-02-06","121446500477002","Sponsored Products","0.00","USD"
"2026-02-06","493216310640409","Sponsored Brands","0.00","USD"
"2026-02-02","539750977499191","Sponsored Products","0.00","CAD"
"2026-02-07","406964010755868","Sponsored Products","0.00","CAD"
"2026-02-25","94121140300347","Sponsored Products","6.48","USD"
"2026-02-07","407346576799567","Sponsored Products","0.00","AUD"
"2026-02-14","202228555422966","Sponsored Products","0.00","USD"
"2026-02-07","101459965063202","Sponsored Products","14.33","USD"
"2026-02-05","38682977693457","Sponsored Products","0.00","USD"
"2026-02-25","133243849204741","Sponsored Products","0.00","USD"
"2026-02-03","94121140300347","Sponsored Products","4.20","USD"
"2026-02-04","263531397076178","Sponsored Products","0.00","USD"
"2026-02-08","455688132780953","Sponsored Brands","8.31","USD"
"2026-02-13","551134208715253","Sponsored Products","0.00","AUD"
"2026-02-05","194512325763287","Sponsored Products","1.96","USD"
"2026-02-13","254109808305934","Sponsored Products","4.02","USD"
"2026-02-06","453187476718269","Sponsored Display","0.00","CAD"
"2026-02-04","204544178017947","Sponsored Products","2.49","USD"
"2026-02-03","399629340308947","Sponsored Brands","1.02","AUD"
"2026-02-24","276488907454289","Sponsored Products","0.00","USD"
"2026-02-22","348184859637636","Sponsored Brands","1.17","USD"
"2026-02-05","153491409585454","Sponsored Products","17.16","USD"
"2026-02-12","188279469264899","Sponsored Products","0.00","USD"
"2026-02-03","205764417979436","Sponsored Products","0.00","USD"
"2026-02-08","22348745290500","Sponsored Products","0.33","USD"
"2026-02-06","11143044290906","Sponsored Products","0.00","USD"
"2026-02-16","207367106415924","Sponsored Products","20.89","GBP"
"2026-02-21","101965336081409","Sponsored Products","1.01","USD"
"2026-02-24","149818563042691","Sponsored Products","0.00","USD"
"2026-02-02","267283875717235","Sponsored Products","0.00","USD"
"2026-02-14","312632253610695","Sponsored Brands","0.95","USD"
"2026-02-10","411197191773342","Sponsored Products","0.00","AUD"
"2026-02-03","554029658228344","Sponsored Display","0.14","GBP"
"2026-02-07","54386198712419","Sponsored Products","0.00","USD"
"2026-02-25","482686146435604","Sponsored Brands","3.81","USD"
"2026-02-15","278626821184075","Sponsored Products","4.91","USD"
"2026-02-06","392537273853228","Sponsored Brands","0.00","AUD"
"2026-02-15","154118694541854","Sponsored Products","0.00","USD"
"2026-02-07","213530912619228","Sponsored Products","0.00","USD"
"2026-02-11","360836238849040","Sponsored Products","0.00","AUD"
"2026-02-04","491366396962687","Sponsored Brands","11.37","USD"
"2026-02-20","188279469264899","Sponsored Products","0.68","USD"
"2026-02-12","375262111034104","Sponsored Brands","0.44","USD"
"2026-02-25","204544178017947","Sponsored Products","1.32","USD"
"2026-02-07","259323671730401","Sponsored Products","22.08","USD"
"2026-02-28","2414736156339","Sponsored Products","18.84","USD"
"2026-02-12","263531397076178","Sponsored Products","0.00","USD"
"2026-02-22","148265992493931","Sponsored Products","0.00","USD"
"2026-02-25","194838680698310","Sponsored Products","3.37","USD"
"2026-02-03","373188657935606","Sponsored Products","0.00","AUD"
"2026-02-11","286308132559342","Sponsored Brands","0.00","AUD"
"2026-02-21","555625239663839","Sponsored Products","0.00","USD"
"2026-02-19","278626821184075","Sponsored Products","2.71","USD"
"2026-02-16","231032487711466","Sponsored Products","5.23","AUD"
"2026-02-03","375451164709840","Sponsored Products","0.00","GBP"
"2026-02-08","461803854184467","Sponsored Products","0.81","CAD"
"2026-02-23","48758698369103","Sponsored Products","0.00","USD"
"2026-02-09","303784488331012","Sponsored Display","0.00","AUD"
"2026-02-03","407444835513369","Sponsored Brands","1.88","CAD"
"2026-02-02","380439551325000","Sponsored Products","2.54","GBP"
"2026-02-19","198809778193730","Sponsored Products","35.82","USD"
"2026-02-27","233888031600237","Sponsored Products","0.00","USD"
"2026-02-27","215966552761313","Sponsored Products","0.00","USD"
"2026-02-07","172779439196738","Sponsored Products","1.32","USD"
"2026-02-21","115943131527635","Sponsored Products","0.00","USD"
"2026-02-10","467633236874996","Sponsored Products","0.10","AUD"
"2026-02-02","325883174926875","Sponsored Brands","5.19","USD"
"2026-02-10","482686146435604","Sponsored Brands","5.74","USD"
"2026-02-25","175777768252798","Sponsored Products","1.25","USD"
"2026-02-08","325883174926875","Sponsored Brands","0.89","USD"
"2026-02-01","38682977693457","Sponsored Products","0.00","USD"
"2026-02-22","192968792078402","Sponsored Products","0.00","USD"
"2026-02-03","128770506922317","Sponsored Products","4.17","USD"
"2026-02-05","536850070634966","Sponsored Products","2.89","GBP"
"2026-02-16","186804517918072","Sponsored Products","1.18","USD"
"2026-02-02","101965336081409","Sponsored Products","9.82","USD"
"2026-02-02","360412290312296","Sponsored Brands","3.05","CAD"
"2026-02-09","375262111034104","Sponsored Brands","1.35","USD"
"2026-02-08","392537273853228","Sponsored Brands","0.00","AUD"
"2026-02-22","27661898820374","Sponsored Products","2.68","USD"
"2026-02-21","34478632960968","Sponsored Products","13.46","USD"
"2026-02-04","280513164622908","Sponsored Products","0.00","USD"
"2026-02-02","263910374759225","Sponsored Products","4.16","CAD"
"2026-02-04","30651955945418","Sponsored Products","0.00","USD"
"2026-02-13","141648422510979","Sponsored Products","6.60","USD"
"2026-02-09","124202126398060","Sponsored Products","2.12","USD"
"2026-02-03","448149727236636","Sponsored Products","0.00","AUD"
"2026-02-13","251197015848063","Sponsored Products","8.85","CAD"
"2026-02-07","153491409585454","Sponsored Products","20.22","USD"
"2026-02-03","276797522102375","Sponsored Products","12.27","USD"
"2026-02-22","407444835513369","Sponsored Brands","0.00","CAD"
"2026-02-06","28565058702355","Sponsored Products","10.97","USD"
"2026-02-22","94121140300347","Sponsored Products","0.00","USD"
"2026-02-05","495677195822245","Sponsored Brands","0.00","USD"
"2026-02-12","452065263384491","Sponsored Brands","0.00","USD"
"2026-02-09","455983082050138","Sponsored Products","0.00","CAD"
"2026-02-04","407530123839349","Sponsored Products","0.00","AUD"
"2026-02-01","101965336081409","Sponsored Products","10.86","USD"
"2026-02-14","316207062053537","Sponsored Products","0.00","AUD"
"2026-02-27","194512325763287","Sponsored Products","1.54","USD"
"2026-02-14","156285188540724","Sponsored Products","17.95","USD"
"2026-02-03","101965336081409","Sponsored Products","11.32","USD"
"2026-02-15","491366396962687","Sponsored Brands","6.01","USD"
"2026-02-24","72790979016813","Sponsored Products","0.00","USD"
"2026-02-17","261659564571062","Sponsored Products","1.39","USD"
"2026-02-01","411197191773342","Sponsored Products","0.00","AUD"
"2026-02-08","530353594830018","Sponsored Display","0.00","CAD"
"2026-02-04","194512325763287","Sponsored Products","3.66","USD"
"2026-02-10","494994223093944","Sponsored Brands","0.72","AUD"
"2026-02-15","162987026418786","Sponsored Products","0.00","USD"
"2026-02-25","8078369968995","Sponsored Products","0.00","USD"
"2026-02-27","102474552529229","Sponsored Products","4.93","USD"
"2026-02-22","82064097659476","Sponsored Products","0.00","USD"
"2026-02-17","140453739775668","Sponsored Products","0.90","USD"
"2026-02-08","40237294180920","Sponsored Products","0.00","USD"
"2026-02-21","560000811916391","Sponsored Brands","10.08","USD"
"2026-02-23","58475731073369","Sponsored Products","1.01","USD"
"2026-02-01","490007501473330","Sponsored Products","0.00","USD"
"2026-02-28","176035476248713","Sponsored Products","0.00","USD"
"2026-02-09","2414736156339","Sponsored Products","0.00","USD"
"2026-02-23","28565058702355","Sponsored Products","12.30","USD"
"2026-02-12","176992507771254","Sponsored Products","2.06","USD"
"2026-02-20","213530912619228","Sponsored Products","0.00","USD"
"2026-02-05","327323455598643","Sponsored Products","0.00","GBP"
"2026-02-11","30651955945418","Sponsored Products","0.00","USD"
"2026-02-10","386920533914758","Sponsored Brands","0.80","CAD"
"2026-02-01","202838039381314","Sponsored Products","0.00","USD"
"2026-02-02","452082306058129","Sponsored Brands","2.67","CAD"
"2026-02-12","348184859637636","Sponsored Brands","0.71","USD"
"2026-02-09","397652540263806","Sponsored Products","0.00","CAD"
"2026-02-06","58475731073369","Sponsored Products","0.00","USD"
"2026-02-01","296615200458181","Sponsored Brands","29.11","USD"
"2026-02-25","325883174926875","Sponsored Brands","0.00","USD"
"2026-02-02","345230959620455","Sponsored Products","2.37","CAD"
"2026-02-09","409429087898453","Sponsored Display","0.00","CAD"
"2026-02-02","434170639918769","Sponsored Brands","0.85","USD"
"2026-02-06","476511840833684","Sponsored Products","0.25","GBP"
"2026-02-13","255100442617527","Sponsored Products","1.90","USD"
"2026-02-03","210638600694486","Sponsored Products","10.55","USD"
"2026-02-16","455688132780953","Sponsored Brands","2.06","USD"
"2026-02-20","413308568322873","Sponsored Brands","0.00","USD"
"2026-02-18","194838680698310","Sponsored Products","4.16","USD"
"2026-02-08","558297049226516","Sponsored Brands","0.00","CAD"
"2026-02-15","23854220044300","Sponsored Products","0.00","USD"
"2026-02-08","498311429491057","Sponsored Display","0.00","CAD"
"2026-02-27","82064097659476","Sponsored Products","0.00","USD"
"2026-02-08","128835884603962","Sponsored Products","0.00","USD"
"2026-02-06","371604599978031","Sponsored Products","0.00","AUD"
"2026-02-21","277250351840071","Sponsored Products","5.89","USD"
"2026-02-26","173362871105297","Sponsored Products","0.00","USD"
"2026-02-18","54673378227395","Sponsored Products","0.00","USD"
"2026-02-18","48192245895031","Sponsored Products","0.00","USD"
"2026-02-13","386865813070708","Sponsored Products","0.00","USD"
"2026-02-04","443207948405482","Sponsored Products","0.16","CAD"
"2026-02-12","162987026418786","Sponsored Products","0.00","USD"
"2026-02-26","202299611765170","Sponsored Products","0.00","USD"
"2026-02-24","132476300811824","Sponsored Products","33.71","CAD"
"2026-02-06","440997775738977","Sponsored Products","0.00","AUD"
"2026-02-20","93539819506468","Sponsored Products","0.00","USD"
"2026-02-28","14582572617569","Sponsored Products","2.15","USD"
"2026-02-23","65271102777505","Sponsored Products","0.00","USD"
"2026-02-07","99206488936490","Sponsored Products","0.70","USD"
"2026-02-21","455100983218716","Sponsored Brands","2.13","USD"
"2026-02-11","96060745446945","Sponsored Products","0.00","USD"
"2026-02-04","321879822518995","Sponsored Products","0.00","AUD"
"2026-02-04","548511206574211","Sponsored Brands","0.00","AUD"
"2026-02-07","291618943691121","Sponsored Brands","0.00","AUD"
"2026-02-10","529845821022802","Sponsored Products","0.00","AUD"
"2026-02-02","321879822518995","Sponsored Products","0.06","AUD"
"2026-02-19","189380234928822","Sponsored Products","0.00","USD"
"2026-02-18","259323671730401","Sponsored Products","14.27","USD"
"2026-02-26","188545556962991","Sponsored Products","0.00","USD"
"2026-02-17","22348745290500","Sponsored Products","0.00","USD"
"2026-02-24","375262111034104","Sponsored Brands","0.00","USD"
"2026-02-28","270513944391898","Sponsored Products","1.10","USD"
"2026-02-01","434170639918769","Sponsored Brands","2.63","USD"
"2026-02-04","115943131527635","Sponsored Products","0.00","USD"
"2026-02-04","316207062053537","Sponsored Products","0.00","AUD"
"2026-02-03","281235849108344","Sponsored Products","11.64","USD"
"2026-02-25","243204708497477","Sponsored Products","0.00","USD"
"2026-02-18","134777743429986","Sponsored Products","0.00","USD"
"2026-02-14","184593163947523","Sponsored Products","0.00","USD"
"2026-02-18","194512325763287","Sponsored Products","0.00","USD"
"2026-02-28","96473122408354","Sponsored Products","0.00","USD"
"2026-02-01","226743970768774","Sponsored Products","0.00","USD"
"2026-02-12","486830706800832","Sponsored Products","0.00","CAD"
"2026-02-24","58475731073369","Sponsored Products","2.79","USD"
"2026-02-01","482686146435604","Sponsored Brands","4.86","USD"
"2026-02-01","555360954347903","Sponsored Products","0.00","CAD"
"2026-02-03","325883174926875","Sponsored Brands","1.18","USD"
"2026-02-21","65861573413220","Sponsored Products","0.00","USD"
"2026-02-10","280528554873543","Sponsored Products","0.52","USD"
"2026-02-04","39061317933304","Sponsored Products","0.00","USD"
"2026-02-10","428015197375542","Sponsored Products","0.00","AUD"
"2026-02-06","259201002739674","Sponsored Products","1.02","USD"
"2026-02-09","486701736662809","Sponsored Products","0.00","AUD"
"2026-02-21","9627520751858","Sponsored Products","20.83","USD"
"2026-02-27","276797522102375","Sponsored Products","0.50","USD"
"2026-02-01","281110747056753","Sponsored Products","0.00","USD"
"2026-02-20","325883174926875","Sponsored Brands","0.00","USD"
"2026-02-22","65861573413220","Sponsored Products","0.00","USD"
"2026-02-03","262727752997615","Sponsored Products","7.69","USD"
"2026-02-02","134777743429986","Sponsored Products","0.00","USD"
"2026-02-22","281024885672869","Sponsored Products","1.40","USD"
"2026-02-10","14582572617569","Sponsored Products","1.41","USD"
"2026-02-07","72790979016813","Sponsored Products","0.00","USD"
"2026-02-03","503460776607859","Sponsored Brands","0.00","CAD"
"2026-02-26","162987026418786","Sponsored Products","0.00","USD"
"2026-02-02","48192245895031","Sponsored Products","0.00","USD"
"2026-02-04","278400043801722","Sponsored Products","0.00","GBP"
"2026-02-22","233888031600237","Sponsored Products","0.00","USD"
"2026-02-23","9627520751858","Sponsored Products","3.28","USD"
"2026-02-21","18193170148935","Sponsored Products","0.00","USD"
"2026-02-14","65271102777505","Sponsored Products","0.00","USD"
"2026-02-13","463874563272935","Sponsored Brands","0.00","AUD"
"2026-02-08","398122169001461","Sponsored Products","0.00","AUD"
"2026-02-06","560541401556849","Sponsored Products","0.00","GBP"
"2026-02-24","94121140300347","Sponsored Products","0.00","USD"
"2026-02-21","138135222992233","Sponsored Products","0.00","USD"
"2026-02-07","402744546317623","Sponsored Brands","0.00","GBP"
"2026-02-24","40237294180920","Sponsored Products","0.00","USD"
"2026-02-07","284235017891966","Sponsored Products","4.20","CAD"
"2026-02-12","286601245904247","Sponsored Products","0.54","CAD"
"2026-02-27","357384467879967","Sponsored Brands","5.42","USD"
"2026-02-05","296615200458181","Sponsored Brands","26.27","USD"
"2026-02-05","352761064226908","Sponsored Brands","0.00","CAD"
"2026-02-16","88056195803598","Sponsored Products","0.00","USD"
"2026-02-03","189380234928822","Sponsored Products","0.00","USD"
"2026-02-25","312632253610695","Sponsored Brands","1.82","USD"
"2026-02-07","30651955945418","Sponsored Products","0.00","USD"
"2026-02-19","40237294180920","Sponsored Products","0.00","USD"
"2026-02-10","458452283549074","Sponsored Brands","0.00","CAD"
"2026-02-21","251197015848063","Sponsored Products","4.31","CAD"
"2026-02-01","254109808305934","Sponsored Products","3.03","USD"
"2026-02-26","18193170148935","Sponsored Products","0.00","USD"
"2026-02-17","176992507771254","Sponsored Products","0.00","USD"
"2026-02-16","241960271286519","Sponsored Products","0.00","USD"
"2026-02-10","498311429491057","Sponsored Display","0.00","CAD"
"2026-02-13","397652540263806","Sponsored Products","0.00","CAD"
"2026-02-22","206968068657618","Sponsored Products","0.00","USD"
"2026-02-04","148265992493931","Sponsored Products","1.61","USD"
"2026-02-22","261580610725925","Sponsored Products","0.98","AUD"
"2026-02-21","61090477012622","Sponsored Products","1.57","USD"
"2026-02-27","539931100075119","Sponsored Brands","12.40","USD"
"2026-02-10","312711508263023","Sponsored Products","0.00","AUD"
"2026-02-01","344717374719347","Sponsored Display","0.00","CAD"
"2026-02-21","357384467879967","Sponsored Brands","17.53","USD"
"2026-02-25","281110747056753","Sponsored Products","0.00","USD"
"2026-02-19","97079585612330","Sponsored Products","0.00","USD"
"2026-02-04","321516368269611","Sponsored Products","0.76","CAD"
"2026-02-03","436562742415834","Sponsored Products","1.01","GBP"
"2026-02-06","152555236474228","Sponsored Products","0.00","USD"
"2026-02-04","360836238849040","Sponsored Products","0.00","AUD"
"2026-02-04","291618943691121","Sponsored Brands","0.00","AUD"
"2026-02-01","480355060288556","Sponsored Products","0.00","AUD"
"2026-02-11","406964010755868","Sponsored Products","0.00","CAD"
"2026-02-16","272711015971799","Sponsored Products","0.00","USD"
"2026-02-03","1069464513580","Sponsored Products","22.99","USD"
"2026-02-26","251197015848063","Sponsored Products","0.00","CAD"
"2026-02-12","243204708497477","Sponsored Products","0.00","USD"
"2026-02-03","202228555422966","Sponsored Products","0.00","USD"
"2026-02-23","153491409585454","Sponsored Products","2.82","USD"
"2026-02-03","378771240092800","Sponsored Products","0.00","AUD"
"2026-02-03","399857229182854","Sponsored Brands","0.75","GBP"
"2026-02-03","291612323170971","Sponsored Products","0.00","CAD"
"2026-02-04","172779439196738","Sponsored Products","2.36","USD"
"2026-02-06","557802220335065","Sponsored Products","0.00","CAD"
"2026-02-11","521187964040554","Sponsored Products","1.54","CAD"
"2026-02-13","441276644656791","Sponsored Brands","0.00","AUD"
"2026-02-25","58475731073369","Sponsored Products","1.22","USD"
"2026-02-06","83042096012825","Sponsored Products","0.00","USD"
"2026-02-20","375262111034104","Sponsored Brands","10.74","USD"
"2026-02-06","434871922933588","Sponsored Brands","2.11","CAD"
"2026-02-13","482686146435604","Sponsored Brands","6.91","USD"
"2026-02-15","44065507618346","Sponsored Products","1.50","USD"
"2026-02-08","284235017891966","Sponsored Products","4.13","CAD"
"2026-02-06","259323671730401","Sponsored Products","3.30","USD"
"2026-02-01","504962652065858","Sponsored Brands","0.00","AUD"
"2026-02-08","96473122408354","Sponsored Products","0.00","USD"
"2026-02-04","375262111034104","Sponsored Brands","6.90","USD"
"2026-02-11","559365035833525","Sponsored Brands","0.00","AUD"
"2026-02-08","96060745446945","Sponsored Products","0.00","USD"
"2026-02-28","243204708497477","Sponsored Products","0.00","USD"
"2026-02-07","81320226496883","Sponsored Products","0.00","USD"
"2026-02-16","22515666501366","Sponsored Products","0.00","USD"
"2026-02-07","491366396962687","Sponsored Brands","10.24","USD"
"2026-02-05","81320226496883","Sponsored Products","0.78","USD"
"2026-02-15","271780514756108","Sponsored Products","0.00","USD"
"2026-02-21","1861066386589","Sponsored Products","0.00","USD"
"2026-02-10","130912331972988","Sponsored Products","2.84","USD"
"2026-02-19","560000811916391","Sponsored Brands","19.99","USD"
"2026-02-02","156285188540724","Sponsored Products","14.10","USD"
"2026-02-11","267283875717235","Sponsored Products","0.00","USD"
"2026-02-08","77231525415892","Sponsored Products","0.00","USD"
"2026-02-13","215966552761313","Sponsored Products","0.00","USD"
"2026-02-26","23854220044300","Sponsored Products","14.17","USD"
"2026-02-11","61503627186513","Sponsored Products","0.00","USD"
"2026-02-06","93539819506468","Sponsored Products","1.44","USD"
"2026-02-05","371604599978031","Sponsored Products","0.00","AUD"
"2026-02-27","22348745290500","Sponsored Products","0.00","USD"
"2026-02-01","288851430690246","Sponsored Products","0.00","GBP"
"2026-02-26","188279469264899","Sponsored Products","0.00","USD"
"2026-02-22","115758363210245","Sponsored Products","3.15","USD"
"2026-02-06","538771699321102","Sponsored Products","0.00","AUD"
"2026-02-05","494590942145867","Sponsored Products","22.58","CAD"
"2026-02-13","529845821022802","Sponsored Products","0.00","AUD"
"2026-02-05","65271102777505","Sponsored Products","0.00","USD"
"2026-02-13","65861573413220","Sponsored Products","0.00","USD"
"2026-02-06","54386198712419","Sponsored Products","0.00","USD"
"2026-02-05","241960271286519","Sponsored Products","0.00","USD"
"2026-02-24","207367106415924","Sponsored Products","30.02","GBP"
"2026-02-14","23854220044300","Sponsored Products","0.80","USD"
"2026-02-10","206968068657618","Sponsored Products","0.00","USD"
"2026-02-04","476877916686317","Sponsored Brands","0.00","AUD"
"2026-02-22","455100983218716","Sponsored Brands","4.36","USD"
"2026-02-13","263910374759225","Sponsored Products","1.43","CAD"
"2026-02-27","176035476248713","Sponsored Products","0.00","USD"
"2026-02-08","539750977499191","Sponsored Products","3.64","CAD"
"2026-02-02","291680855614624","Sponsored Brands","1.83","GBP"
"2026-02-01","511828144987995","Sponsored Products","4.29","GBP"
"2026-02-06","115758363210245","Sponsored Products","0.49","USD"
"2026-02-16","452065263384491","Sponsored Brands","1.00","USD"
"2026-02-19","455688132780953","Sponsored Brands","1.67","USD"
"2026-02-25","138135222992233","Sponsored Products","0.00","USD"
"2026-02-01","202228555422966","Sponsored Products","0.00","USD"
"2026-02-04","226743970768774","Sponsored Products","0.00","USD"
"2026-02-01","276797522102375","Sponsored Products","10.67","USD"
"2026-02-27","205764417979436","Sponsored Products","0.00","USD"
"2026-02-11","561131507618203","Sponsored Products","0.00","AUD"
"2026-02-15","423471492340141","Sponsored Brands","4.06","USD"
"2026-02-01","204544178017947","Sponsored Products","1.81","USD"
"2026-02-02","383706936707329","Sponsored Brands","0.00","USD"
"2026-02-08","459130146103681","Sponsored Display","0.00","AUD"
"2026-02-02","529845821022802","Sponsored Products","0.00","AUD"
"2026-02-05","495242868805173","Sponsored Products","0.00","GBP"
"2026-02-03","539931100075119","Sponsored Brands","13.26","USD"
"2026-02-22","560000811916391","Sponsored Brands","10.50","USD"
"2026-02-03","441276644656791","Sponsored Brands","0.00","AUD"
"2026-02-14","346023186686134","Sponsored Brands","0.00","USD"
"2026-02-14","205764417979436","Sponsored Products","0.00","USD"
"2026-02-03","531194039320877","Sponsored Products","0.00","CAD"
"2026-02-09","439663157752722","Sponsored Brands","0.15","USD"
"2026-02-25","269935586939823","Sponsored Products","9.34","CAD"
"2026-02-24","1069464513580","Sponsored Products","16.99","USD"
"2026-02-01","439118795538688","Sponsored Brands","0.00","CAD"
"2026-02-26","154118694541854","Sponsored Products","2.21","USD"
"2026-02-19","375262111034104","Sponsored Brands","1.85","USD"
"2026-02-03","291680855614624","Sponsored Brands","5.68","GBP"
"2026-02-04","375451164709840","Sponsored Products","0.00","GBP"
"2026-02-28","205764417979436","Sponsored Products","0.00","USD"
"2026-02-08","115943131527635","Sponsored Products","1.54","USD"
"2026-02-04","186804517918072","Sponsored Products","0.00","USD"
"2026-02-17","30179169319725","Sponsored Products","2.85","AUD"
"2026-02-09","348184859637636","Sponsored Brands","2.27","USD"
"2026-02-07","40237294180920","Sponsored Products","0.00","USD"
"2026-02-08","141552428309171","Sponsored Products","156.27","USD"
"2026-02-12","339568026468029","Sponsored Brands","0.00","CAD"
"2026-02-18","262727752997615","Sponsored Products","0.00","USD"
"2026-02-15","261659564571062","Sponsored Products","3.28","USD"
"2026-02-22","133243849204741","Sponsored Products","0.00","USD"
"2026-02-01","417555316939613","Sponsored Brands","0.56","AUD"
"2026-02-23","272711015971799","Sponsored Products","0.00","USD"
"2026-02-04","113013759920940","Sponsored Products","8.46","USD"
"2026-02-13","423538576850039","Sponsored Products","0.00","AUD"
"2026-02-22","162987026418786","Sponsored Products","0.00","USD"
"2026-02-13","320522945603717","Sponsored Brands","0.00","CAD"
"2026-02-24","94073967562900","Sponsored Products","0.00","USD"
"2026-02-12","188545556962991","Sponsored Products","0.00","USD"
"2026-02-03","398122169001461","Sponsored Products","0.75","AUD"
"2026-02-09","140453739775668","Sponsored Products","5.65","USD"
"2026-02-02","434871922933588","Sponsored Brands","1.90","CAD"
"2026-02-15","267283875717235","Sponsored Products","0.00","USD"
"2026-02-16","371021037712738","Sponsored Products","0.00","USD"
"2026-02-09","284235017891966","Sponsored Products","0.97","CAD"
"2026-02-25","14582572617569","Sponsored Products","0.00","USD"
"2026-02-22","32030113168570","Sponsored Products","0.00","USD"
"2026-02-06","400936883710783","Sponsored Products","3.84","AUD"
"2026-02-13","419764168918332","Sponsored Brands","4.56","AUD"
"2026-02-22","243204708497477","Sponsored Products","0.00","USD"
"2026-02-13","491366396962687","Sponsored Brands","2.63","USD"
"2026-02-04","400936883710783","Sponsored Products","5.37","AUD"
"2026-02-15","115943131527635","Sponsored Products","0.00","USD"
"2026-02-01","396524009311704","Sponsored Brands","5.29","CAD"
"2026-02-09","23854220044300","Sponsored Products","0.45","USD"
"2026-02-22","42141939819441","Sponsored Products","0.00","USD"
"2026-02-06","453239686745418","Sponsored Products","0.00","GBP"
"2026-02-04","11588448157956","Sponsored Products","2.89","USD"
"2026-02-06","386893543852916","Sponsored Products","0.91","CAD"
"2026-02-11","491366396962687","Sponsored Brands","11.57","USD"
"2026-02-18","115943131527635","Sponsored Products","0.00","USD"
"2026-02-27","44065507618346","Sponsored Products","0.00","USD"
"2026-02-21","140453739775668","Sponsored Products","2.31","USD"
"2026-02-10","154118694541854","Sponsored Products","1.67","USD"
"2026-02-16","205922105032655","Sponsored Products","0.00","USD"
"2026-02-26","77231525415892","Sponsored Products","0.00","USD"
"2026-02-04","419802202221779","Sponsored Products","0.97","CAD"
"2026-02-11","539750977499191","Sponsored Products","0.00","CAD"
"2026-02-04","453503689032806","Sponsored Products","0.00","GBP"
"2026-02-13","243204708497477","Sponsored Products","0.00","USD"
"2026-02-03","42141939819441","Sponsored Products","0.00","USD"
"2026-02-13","192420944790293","Sponsored Products","8.30","GBP"
"2026-02-11","555379102425019","Sponsored Products","0.00","CAD"
"2026-02-01","126638359335345","Sponsored Products","0.00","USD"
"2026-02-23","137772430611725","Sponsored Products","0.00","USD"
"2026-02-20","455100983218716","Sponsored Brands","6.16","USD"
"2026-02-22","156989235380210","Sponsored Products","320.78","USD"
"2026-02-12","130912331972988","Sponsored Products","0.00","USD"
"2026-02-14","189380234928822","Sponsored Products","0.00","USD"
"2026-02-08","443805539282973","Sponsored Brands","0.00","CAD"
"2026-02-27","246452377117901","Sponsored Products","0.00","USD"
"2026-02-22","97079585612330","Sponsored Products","4.52","USD"
"2026-02-28","93539819506468","Sponsored Products","12.60","USD"
"2026-02-28","168803396873792","Sponsored Products","0.00","USD"
"2026-02-28","148265992493931","Sponsored Products","0.54","USD"
"2026-02-28","434170639918769","Sponsored Brands","0.16","USD"
"2026-02-02","481343337793629","Sponsored Products","0.00","GBP"
"2026-02-05","34639218619625","Sponsored Products","6.66","USD"
"2026-02-15","194838680698310","Sponsored Products","6.17","USD"
"2026-02-11","551134208715253","Sponsored Products","0.00","AUD"
"2026-02-14","243038183553247","Sponsored Products","0.00","USD"
"2026-02-24","491366396962687","Sponsored Brands","1.29","USD"
"2026-02-22","121446500477002","Sponsored Products","0.00","USD"
"2026-02-18","357384467879967","Sponsored Brands","10.66","USD"
"2026-02-04","561131507618203","Sponsored Products","4.33","AUD"
"2026-02-03","517050919084211","Sponsored Products","0.88","CAD"
"2026-02-26","93539819506468","Sponsored Products","7.92","USD"
"2026-02-03","354627207584492","Sponsored Products","0.00","CAD"
"2026-02-17","130912331972988","Sponsored Products","2.39","USD"
"2026-02-04","366616645988820","Sponsored Products","0.00","CAD"
"2026-02-05","473740316381787","Sponsored Products","4.95","GBP"
"2026-02-05","156989235380210","Sponsored Products","141.96","USD"
"2026-02-15","186804517918072","Sponsored Products","1.51","USD"
"2026-02-19","48192245895031","Sponsored Products","0.00","USD"
"2026-02-24","61503627186513","Sponsored Products","0.00","USD"
"2026-02-04","164743561215297","Sponsored Products","0.00","USD"
"2026-02-06","276488907454289","Sponsored Products","0.00","USD"
"2026-02-05","271780514756108","Sponsored Products","0.00","USD"
"2026-02-18","277250351840071","Sponsored Products","3.48","USD"
"2026-02-09","134777743429986","Sponsored Products","0.00","USD"
"2026-02-03","455983082050138","Sponsored Products","0.00","CAD"
"2026-02-02","516157903732083","Sponsored Products","2.60","GBP"
"2026-02-10","396524009311704","Sponsored Brands","1.81","CAD"
"2026-02-07","32030113168570","Sponsored Products","1.93","USD"
"2026-02-09","561131507618203","Sponsored Products","1.33","AUD"
"2026-02-16","128770506922317","Sponsored Products","0.00","USD"
"2026-02-01","527711743915708","Sponsored Products","0.00","USD"
"2026-02-02","149942312994880","Sponsored Products","0.00","USD"
"2026-02-06","184593163947523","Sponsored Products","1.40","USD"
"2026-02-03","284096201830626","Sponsored Display","3.35","USD"
"2026-02-16","455100983218716","Sponsored Brands","5.24","USD"
"2026-02-04","562873832621330","Sponsored Products","0.17","GBP"
"2026-02-13","128835884603962","Sponsored Products","0.00","USD"
"2026-02-18","176992507771254","Sponsored Products","0.60","USD"
"2026-02-03","539750977499191","Sponsored Products","1.90","CAD"
"2026-02-26","28864493115463","Sponsored Products","1.66","USD"
"2026-02-03","134777743429986","Sponsored Products","0.00","USD"
"2026-02-23","215966552761313","Sponsored Products","0.00","USD"
"2026-02-17","284096201830626","Sponsored Display","0.12","USD"
"2026-02-06","246452377117901","Sponsored Products","0.00","USD"
"2026-02-05","386893543852916","Sponsored Products","2.16","CAD"
"2026-02-11","72921898703277","Sponsored Products","2.93","USD"
"2026-02-14","96060745446945","Sponsored Products","0.00","USD"
"2026-02-28","539931100075119","Sponsored Brands","5.00","USD"
"2026-02-01","281024885672869","Sponsored Products","0.00","USD"
"2026-02-24","280528554873543","Sponsored Products","0.00","USD"
"2026-02-19","141552428309171","Sponsored Products","60.30","USD"
"2026-02-09","113013759920940","Sponsored Products","1.02","USD"
"2026-02-11","354627207584492","Sponsored Products","0.00","CAD"
"2026-02-05","386920533914758","Sponsored Brands","0.00","CAD"
"2026-02-03","386893543852916","Sponsored Products","0.00","CAD"
"2026-02-25","276797522102375","Sponsored Products","6.89","USD"
"2026-02-18","42141939819441","Sponsored Products","0.00","USD"
"2026-02-09","239695922795958","Sponsored Products","0.00","USD"
"2026-02-04","542333703103187","Sponsored Products","0.00","AUD"
"2026-02-22","23854220044300","Sponsored Products","0.19","USD"
"2026-02-05","554517553013265","Sponsored Products","0.00","CAD"
"2026-02-13","441925918527435","Sponsored Brands","3.03","USD"
"2026-02-02","386893543852916","Sponsored Products","4.61","CAD"
"2026-02-21","312632253610695","Sponsored Brands","0.00","USD"
"2026-02-05","128835884603962","Sponsored Products","0.00","USD"
"2026-02-26","154085784178560","Sponsored Products","0.00","USD"
"2026-02-12","126638359335345","Sponsored Products","0.19","USD"
"2026-02-18","132476300811824","Sponsored Products","17.93","CAD"
"2026-02-10","65861573413220","Sponsored Products","0.00","USD"
"2026-02-02","83042096012825","Sponsored Products","0.00","USD"
"2026-02-27","174719285602701","Sponsored Products","0.00","USD"
"2026-02-05","292726552706968","Sponsored Products","0.00","USD"
"2026-02-19","545989665090053","Sponsored Brands","4.05","GBP"
"2026-02-11","490007501473330","Sponsored Products","0.00","USD"
"2026-02-05","255100442617527","Sponsored Products","1.10","USD"
"2026-02-13","158171452508120","Sponsored Products","0.00","USD"
"2026-02-14","413308568322873","Sponsored Brands","2.93","USD"
"2026-02-08","202228555422966","Sponsored Products","0.00","USD"
"2026-02-06","320522945603717","Sponsored Brands","0.00","CAD"
"2026-02-26","413308568322873","Sponsored Brands","0.79","USD"
"2026-02-04","259201002739674","Sponsored Products","0.00","USD"
"2026-02-05","213530912619228","Sponsored Products","0.00","USD"
"2026-02-21","243204708497477","Sponsored Products","0.00","USD"
"2026-02-03","521187964040554","Sponsored Products","0.49","CAD"
"2026-02-17","11588448157956","Sponsored Products","0.00","USD"
"2026-02-04","517050919084211","Sponsored Products","0.44","CAD"
"2026-02-23","2414736156339","Sponsored Products","11.29","USD"
"2026-02-02","277250351840071","Sponsored Products","4.73","USD"
"2026-02-08","439118795538688","Sponsored Brands","0.00","CAD"
"2026-02-06","279125239605082","Sponsored Products","1.31","USD"
"2026-02-28","205922105032655","Sponsored Products","0.00","USD"
"2026-02-09","560000811916391","Sponsored Brands","12.77","USD"
"2026-02-22","192420944790293","Sponsored Products","16.81","GBP"
"2026-02-05","551134208715253","Sponsored Products","0.67","AUD"
"2026-02-01","48192245895031","Sponsored Products","0.00","USD"
"2026-02-02","502907079288115","Sponsored Products","1.11","CAD"
"2026-02-08","158171452508120","Sponsored Products","0.00","USD"
"2026-02-21","96473122408354","Sponsored Products","0.00","USD"
"2026-02-02","545146961820010","Sponsored Products","2.13","GBP"
"2026-02-25","270584116199369","Sponsored Products","0.00","USD"
"2026-02-13","262727752997615","Sponsored Products","5.54","USD"
"2026-02-08","558782683947956","Sponsored Products","0.00","CAD"
"2026-02-19","53404531347848","Sponsored Products","0.00","USD"
"2026-02-01","128770506922317","Sponsored Products","19.56","USD"
"2026-02-23","198809778193730","Sponsored Products","21.13","USD"
"2026-02-18","280528554873543","Sponsored Products","0.00","USD"
"2026-02-09","307534770253902","Sponsored Products","0.00","CAD"
"2026-02-03","437016942104478","Sponsored Brands","0.00","CAD"
"2026-02-07","241960271286519","Sponsored Products","0.00","USD"
"2026-02-01","498311429491057","Sponsored Display","0.00","CAD"
"2026-02-28","515637010546761","Sponsored Brands","0.64","USD"
"2026-02-23","133243849204741","Sponsored Products","0.00","USD"
"2026-02-08","407530123839349","Sponsored Products","0.00","AUD"
"2026-02-11","27661898820374","Sponsored Products","0.00","USD"
"2026-02-06","40237294180920","Sponsored Products","0.00","USD"
"2026-02-05","494994223093944","Sponsored Brands","0.00","AUD"
"2026-02-13","314318800479242","Sponsored Products","0.00","AUD"
"2026-02-13","348184859637636","Sponsored Brands","0.00","USD"
"2026-02-06","342468627864471","Sponsored Products","0.00","GBP"
"2026-02-07","557802220335065","Sponsored Products","0.00","CAD"
"2026-02-02","555360954347903","Sponsored Products","0.00","CAD"
"2026-02-16","42141939819441","Sponsored Products","2.93","USD"
"2026-02-07","27661898820374","Sponsored Products","0.00","USD"
"2026-02-02","363551194960955","Sponsored Products","0.00","CAD"
"2026-02-03","495242868805173","Sponsored Products","1.75","GBP"
"2026-02-24","77231525415892","Sponsored Products","0.00","USD"
"2026-02-09","555360954347903","Sponsored Products","0.00","CAD"
"2026-02-04","276488907454289","Sponsored Products","0.00","USD"
"2026-02-15","133243849204741","Sponsored Products","0.00","USD"
"2026-02-15","126638359335345","Sponsored Products","0.00","USD"
"2026-02-08","192968792078402","Sponsored Products","0.00","USD"
"2026-02-16","243038183553247","Sponsored Products","0.00","USD"
"2026-02-19","11143044290906","Sponsored Products","0.00","USD"
"2026-02-10","530353594830018","Sponsored Display","0.00","CAD"
"2026-02-27","154118694541854","Sponsored Products","0.00","USD"
"2026-02-22","54386198712419","Sponsored Products","2.03","USD"
"2026-02-23","65861573413220","Sponsored Products","0.00","USD"
"2026-02-16","83677388471868","Sponsored Products","0.00","USD"
"2026-02-26","241960271286519","Sponsored Products","0.00","USD"
"2026-02-08","493216310640409","Sponsored Brands","0.95","USD"
"2026-02-01","475621849553010","Sponsored Brands","0.00","CAD"
"2026-02-13","11588448157956","Sponsored Products","0.00","USD"
"2026-02-11","246452377117901","Sponsored Products","0.00","USD"
"2026-02-15","1861066386589","Sponsored Products","0.00","USD"
"2026-02-05","423538576850039","Sponsored Products","0.00","AUD"
"2026-02-06","271780514756108","Sponsored Products","0.00","USD"
"2026-02-26","61090477012622","Sponsored Products","0.00","USD"
"2026-02-01","198809778193730","Sponsored Products","53.44","USD"
"2026-02-17","194512325763287","Sponsored Products","0.00","USD"
"2026-02-24","141552428309171","Sponsored Products","36.13","USD"
"2026-02-14","218351835233699","Sponsored Products","31.11","GBP"
"2026-02-02","115943131527635","Sponsored Products","3.60","USD"
"2026-02-23","44065507618346","Sponsored Products","1.39","USD"
"2026-02-03","65271102777505","Sponsored Products","7.44","USD"
"2026-02-27","53404531347848","Sponsored Products","0.00","USD"
"2026-02-05","455688132780953","Sponsored Brands","5.84","USD"
"2026-02-18","439663157752722","Sponsored Brands","4.51","USD"
"2026-02-28","96060745446945","Sponsored Products","0.00","USD"
"2026-02-02","486830706800832","Sponsored Products","0.00","CAD"
"2026-02-23","30651955945418","Sponsored Products","0.00","USD"
"2026-02-03","382263989834817","Sponsored Products","0.00","AUD"
"2026-02-08","56338703455249","Sponsored Products","0.00","USD"
"2026-02-07","93539819506468","Sponsored Products","6.07","USD"
"2026-02-17","491366396962687","Sponsored Brands","2.80","USD"
"2026-02-16","137772430611725","Sponsored Products","0.00","USD"
"2026-02-12","491366396962687","Sponsored Brands","5.21","USD"
"2026-02-20","202838039381314","Sponsored Products","0.80","USD"
"2026-02-06","539750977499191","Sponsored Products","1.72","CAD"
"2026-02-26","121446500477002","Sponsored Products","1.36","USD"
"2026-02-03","395304589984653","Sponsored Products","0.00","CAD"
"2026-02-07","453187476718269","Sponsored Display","0.00","CAD"
"2026-02-14","270513944391898","Sponsored Products","2.22","USD"
"2026-02-20","186804517918072","Sponsored Products","7.40","USD"
"2026-02-26","1069464513580","Sponsored Products","22.59","USD"
"2026-02-13","28565058702355","Sponsored Products","3.16","USD"
"2026-02-08","271780514756108","Sponsored Products","0.00","USD"
"2026-02-27","8347630917879","Sponsored Products","1.14","USD"
"2026-02-11","383486487068158","Sponsored Display","0.00","GBP"
"2026-02-22","130912331972988","Sponsored Products","0.00","USD"
"2026-02-19","233888031600237","Sponsored Products","0.00","USD"
"2026-02-02","266158523203302","Sponsored Products","0.00","USD"
"2026-02-07","164743561215297","Sponsored Products","0.00","USD"
"2026-02-08","407346576799567","Sponsored Products","0.00","AUD"
"2026-02-16","225946958740637","Sponsored Products","2.84","USD"
"2026-02-01","192968792078402","Sponsored Products","0.00","USD"
"2026-02-02","188279469264899","Sponsored Products","0.00","USD"
"2026-02-22","141552428309171","Sponsored Products","68.65","USD"
"2026-02-08","1861066386589","Sponsored Products","0.00","USD"
"2026-02-03","82064097659476","Sponsored Products","0.00","USD"
"2026-02-02","64790741448016","Sponsored Products","0.00","USD"
"2026-02-22","271780514756108","Sponsored Products","0.00","USD"
"2026-02-18","22515666501366","Sponsored Products","0.00","USD"
"2026-02-13","156989235380210","Sponsored Products","214.04","USD"
"2026-02-24","48758698369103","Sponsored Products","0.00","USD"
"2026-02-08","314318800479242","Sponsored Products","0.00","AUD"
"2026-02-07","484271755377666","Sponsored Products","0.00","CAD"
"2026-02-05","205764417979436","Sponsored Products","0.00","USD"
"2026-02-14","83677388471868","Sponsored Products","1.09","USD"
"2026-02-17","357384467879967","Sponsored Brands","3.83","USD"
"2026-02-19","218351835233699","Sponsored Products","31.88","GBP"
"2026-02-11","291612323170971","Sponsored Products","2.90","CAD"
"2026-02-05","482686146435604","Sponsored Brands","3.02","USD"
"2026-02-19","259201002739674","Sponsored Products","11.62","USD"
"2026-02-15","210638600694486","Sponsored Products","1.22","USD"
"2026-02-23","189380234928822","Sponsored Products","0.60","USD"
"2026-02-28","325883174926875","Sponsored Brands","0.00","USD"
"2026-02-24","65271102777505","Sponsored Products","0.00","USD"
"2026-02-27","455100983218716","Sponsored Brands","1.34","USD"
"2026-02-08","440997775738977","Sponsored Products","0.00","AUD"
"2026-02-21","133846876580591","Sponsored Products","0.00","USD"
"2026-02-02","441925918527435","Sponsored Brands","4.28","USD"
"2026-02-02","1861066386589","Sponsored Products","0.00","USD"
"2026-02-12","452082306058129","Sponsored Brands","3.79","CAD"
"2026-02-17","153491409585454","Sponsored Products","3.68","USD"
"2026-02-05","345230959620455","Sponsored Products","0.00","CAD"
"2026-02-06","204544178017947","Sponsored Products","0.00","USD"
"2026-02-08","288669281122601","Sponsored Products","1.50","AUD"
"2026-02-13","188279469264899","Sponsored Products","0.00","USD"
"2026-02-25","198809778193730","Sponsored Products","14.05","USD"
"2026-02-19","175777768252798","Sponsored Products","10.42","USD"
"2026-02-02","310318758176650","Sponsored Products","0.30","CAD"
"2026-02-25","1861066386589","Sponsored Products","0.00","USD"
"2026-02-07","286601245904247","Sponsored Products","0.00","CAD"
"2026-02-01","406964010755868","Sponsored Products","1.36","CAD"
"2026-02-13","463570831006082","Sponsored Products","0.00","CAD"
"2026-02-11","241960271286519","Sponsored Products","0.00","USD"
"2026-02-17","255100442617527","Sponsored Products","2.28","USD"
"2026-02-10","558782683947956","Sponsored Products","0.47","CAD"
"2026-02-06","291612323170971","Sponsored Products","1.26","CAD"
"2026-02-04","121446500477002","Sponsored Products","0.00","USD"
"2026-02-07","463874563272935","Sponsored Brands","0.00","AUD"
"2026-02-14","188279469264899","Sponsored Products","0.00","USD"
"2026-02-08","502907079288115","Sponsored Products","2.70","CAD"
"2026-02-03","154118694541854","Sponsored Products","9.71","USD"
"2026-02-28","257373022214500","Sponsored Products","0.00","USD"
"2026-02-22","48433117829801","Sponsored Products","0.95","USD"
"2026-02-12","23854220044300","Sponsored Products","0.00","USD"
"2026-02-28","101459965063202","Sponsored Products","9.40","USD"
"2026-02-06","455688132780953","Sponsored Brands","7.27","USD"
"2026-02-02","395304589984653","Sponsored Products","0.47","CAD"
"2026-02-23","413308568322873","Sponsored Brands","0.00","USD"
"2026-02-16","188279469264899","Sponsored Products","0.54","USD"
"2026-02-26","124202126398060","Sponsored Products","0.96","USD"
"2026-02-24","423471492340141","Sponsored Brands","2.22","USD"
"2026-02-24","115758363210245","Sponsored Products","2.38","USD"
"2026-02-22","413308568322873","Sponsored Brands","0.00","USD"
"2026-02-20","132476300811824","Sponsored Products","7.71","CAD"
"2026-02-09","325883174926875","Sponsored Brands","1.56","USD"
"2026-02-14","72790979016813","Sponsored Products","0.00","USD"
"2026-02-11","291618943691121","Sponsored Brands","0.00","AUD"
"2026-02-14","199698435439447","Sponsored Products","0.00","USD"
"2026-02-14","215966552761313","Sponsored Products","0.00","USD"
"2026-02-27","239677460933975","Sponsored Products","2.91","USD"
"2026-02-02","369371745062988","Sponsored Products","0.00","CAD"
"2026-02-27","257373022214500","Sponsored Products","0.00","USD"
"2026-02-14","452065263384491","Sponsored Brands","0.00","USD"
"2026-02-15","130912331972988","Sponsored Products","1.19","USD"
"2026-02-13","373188657935606","Sponsored Products","0.39","AUD"
"2026-02-19","11588448157956","Sponsored Products","0.00","USD"
"2026-02-01","407444835513369","Sponsored Brands","0.37","CAD"
"2026-02-03","288669281122601","Sponsored Products","0.00","AUD"
"2026-02-06","536850070634966","Sponsored Products","0.00","GBP"
"2026-02-19","202299611765170","Sponsored Products","0.36","USD"
"2026-02-06","349690804752896","Sponsored Products","0.00","USD"
"2026-02-05","355737664148283","Sponsored Brands","0.00","USD"
"2026-02-03","452065263384491","Sponsored Brands","3.84","USD"
"2026-02-04","398859393836995","Sponsored Products","3.79","GBP"
"2026-02-17","27661898820374","Sponsored Products","1.34","USD"
"2026-02-21","348184859637636","Sponsored Brands","3.75","USD"
"2026-02-05","141552428309171","Sponsored Products","171.74","USD"
"2026-02-05","424413890381694","Sponsored Products","0.00","USD"
"2026-02-16","423471492340141","Sponsored Brands","3.98","USD"
"2026-02-03","310318758176650","Sponsored Products","0.35","CAD"
"2026-02-20","262727752997615","Sponsored Products","0.00","USD"
"2026-02-05","562763694980171","Sponsored Products","0.00","GBP"
"2026-02-16","156989235380210","Sponsored Products","191.63","USD"
"2026-02-01","215176800738804","Sponsored Products","0.45","USD"
"2026-02-04","297335215332435","Sponsored Products","3.30","CAD"
"2026-02-17","231032487711466","Sponsored Products","1.42","AUD"
"2026-02-21","96060745446945","Sponsored Products","0.00","USD"
"2026-02-09","539931100075119","Sponsored Brands","5.94","USD"
"2026-02-16","156285188540724","Sponsored Products","8.69","USD"
"2026-02-09","102474552529229","Sponsored Products","3.37","USD"
"2026-02-03","199698435439447","Sponsored Products","0.00","USD"
"2026-02-13","48433117829801","Sponsored Products","2.69","USD"
"2026-02-06","482686146435604","Sponsored Brands","10.74","USD"
"2026-02-27","194838680698310","Sponsored Products","3.24","USD"
"2026-02-10","439118795538688","Sponsored Brands","0.00","CAD"
"2026-02-11","423447600502988","Sponsored Brands","0.00","CAD"
"2026-02-10","56338703455249","Sponsored Products","35.42","USD"
"2026-02-15","463874563272935","Sponsored Brands","0.00","AUD"
"2026-02-02","511828144987995","Sponsored Products","0.79","GBP"
"2026-02-04","441276644656791","Sponsored Brands","0.00","AUD"
"2026-02-12","530353594830018","Sponsored Display","0.00","CAD"
"2026-02-21","124202126398060","Sponsored Products","2.89","USD"
"2026-02-08","162987026418786","Sponsored Products","0.38","USD"
"2026-02-11","463874563272935","Sponsored Brands","0.19","AUD"
"2026-02-06","153491409585454","Sponsored Products","30.33","USD"
"2026-02-26","357384467879967","Sponsored Brands","11.17","USD"
"2026-02-18","30179169319725","Sponsored Products","2.52","AUD"
"2026-02-03","115943131527635","Sponsored Products","4.62","USD"
"2026-02-11","548511206574211","Sponsored Brands","0.00","AUD"
"2026-02-22","18193170148935","Sponsored Products","0.45","USD"
"2026-02-11","186804517918072","Sponsored Products","12.74","USD"
"2026-02-01","542333703103187","Sponsored Products","0.00","AUD"
"2026-02-09","441925918527435","Sponsored Brands","3.71","USD"
"2026-02-13","199698435439447","Sponsored Products","0.00","USD"
"2026-02-07","140453739775668","Sponsored Products","13.15","USD"
"2026-02-23","54673378227395","Sponsored Products","0.60","USD"
"2026-02-05","276488907454289","Sponsored Products","0.00","USD"
"2026-02-01","327323455598643","Sponsored Products","0.00","GBP"
"2026-02-16","375262111034104","Sponsored Brands","3.56","USD"
"2026-02-14","40237294180920","Sponsored Products","0.00","USD"
"2026-02-09","40237294180920","Sponsored Products","0.00","USD"
"2026-02-11","380662946968621","Sponsored Display","3.28","USD"
"2026-02-03","2414736156339","Sponsored Products","0.08","USD"
"2026-02-02","407444835513369","Sponsored Brands","0.00","CAD"
"2026-02-15","205922105032655","Sponsored Products","0.00","USD"
"2026-02-22","194838680698310","Sponsored Products","3.28","USD"
"2026-02-27","213530912619228","Sponsored Products","0.00","USD"
"2026-02-04","266158523203302","Sponsored Products","0.00","USD"
"2026-02-11","320522945603717","Sponsored Brands","0.00","CAD"
"2026-02-21","439663157752722","Sponsored Brands","7.22","USD"
"2026-02-17","42141939819441","Sponsored Products","0.00","USD"
"2026-02-19","39061317933304","Sponsored Products","0.00","USD"
"2026-02-14","551134208715253","Sponsored Products","0.00","AUD"
"2026-02-04","32571611634774","Sponsored Products","11.66","USD"
"2026-02-04","255100442617527","Sponsored Products","0.00","USD"
"2026-02-12","53404531347848","Sponsored Products","0.00","USD"
"2026-02-05","239772993878028","Sponsored Products","5.86","USD"
"2026-02-01","530911335551258","Sponsored Products","0.00","CAD"
"2026-02-03","168803396873792","Sponsored Products","0.00","USD"
"2026-02-05","538771699321102","Sponsored Products","0.00","AUD"
"2026-02-22","34639218619625","Sponsored Products","1.22","USD"
"2026-02-28","133243849204741","Sponsored Products","0.00","USD"
"2026-02-02","399629340308947","Sponsored Brands","0.00","AUD"
"2026-02-04","522533017982048","Sponsored Products","0.00","CAD"
"2026-02-22","402078469217372","Sponsored Products","0.00","USD"
"2026-02-28","58475731073369","Sponsored Products","0.28","USD"
"2026-02-26","202228555422966","Sponsored Products","0.00","USD"
"2026-02-24","380662946968621","Sponsored Display","0.00","USD"
"2026-02-27","375880567146391","Sponsored Display","0.00","AUD"
"2026-02-19","27661898820374","Sponsored Products","0.00","USD"
"2026-02-24","210638600694486","Sponsored Products","0.24","USD"
"2026-02-28","357384467879967","Sponsored Brands","6.42","USD"
"2026-02-16","320522945603717","Sponsored Brands","0.00","CAD"
"2026-02-21","137772430611725","Sponsored Products","0.00","USD"
"2026-02-14","48433117829801","Sponsored Products","13.19","USD"
"2026-02-21","186804517918072","Sponsored Products","4.54","USD"
"2026-02-26","187735718741416","Sponsored Products","1.91","USD"
"2026-02-19","280528554873543","Sponsored Products","0.00","USD"
"2026-02-17","259323671730401","Sponsored Products","7.88","USD"
"2026-02-01","461803854184467","Sponsored Products","2.07","CAD"
"2026-02-24","141648422510979","Sponsored Products","0.00","USD"
"2026-02-18","202299611765170","Sponsored Products","0.49","USD"
"2026-02-22","154085784178560","Sponsored Products","0.00","USD"
"2026-02-02","505299994018527","Sponsored Products","0.00","CAD"
"2026-02-12","369371745062988","Sponsored Products","0.00","CAD"
"2026-02-04","9627520751858","Sponsored Products","13.37","USD"
"2026-02-25","189380234928822","Sponsored Products","0.71","USD"
"2026-02-27","121446500477002","Sponsored Products","0.00","USD"
"2026-02-12","531187508971652","Sponsored Display","0.00","CAD"
"2026-02-01","439663157752722","Sponsored Brands","0.38","USD"
"2026-02-01","380439551325000","Sponsored Products","0.45","GBP"
"2026-02-02","296615200458181","Sponsored Brands","27.89","USD"
"2026-02-06","548511206574211","Sponsored Brands","0.00","AUD"
"2026-02-26","198809778193730","Sponsored Products","12.99","USD"
"2026-02-02","475621849553010","Sponsored Brands","0.00","CAD"
"2026-02-09","354627207584492","Sponsored Products","0.00","CAD"
"2026-02-05","96060745446945","Sponsored Products","0.00","USD"
"2026-02-11","434170639918769","Sponsored Brands","4.95","USD"
"2026-02-05","555516622120091","Sponsored Brands","0.61","GBP"
"2026-02-26","137772430611725","Sponsored Products","0.95","USD"
"2026-02-16","132476300811824","Sponsored Products","3.79","CAD"
"2026-02-20","238790977416237","Sponsored Products","0.00","USD"
"2026-02-02","259323671730401","Sponsored Products","1.63","USD"
"2026-02-10","133243849204741","Sponsored Products","4.76","USD"
"2026-02-24","162987026418786","Sponsored Products","0.00","USD"
"2026-02-24","113013759920940","Sponsored Products","0.00","USD"
"2026-02-07","321516368269611","Sponsored Products","1.24","CAD"
"2026-02-04","162987026418786","Sponsored Products","0.00","USD"
"2026-02-21","213530912619228","Sponsored Products","0.00","USD"
"2026-02-15","72790979016813","Sponsored Products","2.31","USD"
"2026-02-06","495677195822245","Sponsored Brands","0.00","USD"
"2026-02-10","505299994018527","Sponsored Products","0.00","CAD"
"2026-02-11","54673378227395","Sponsored Products","1.23","USD"
"2026-02-09","558782683947956","Sponsored Products","0.00","CAD"
"2026-02-01","348537181713557","Sponsored Products","0.00","GBP"
"2026-02-07","115764500761375","Sponsored Products","8.03","USD"
"2026-02-10","246452377117901","Sponsored Products","0.00","USD"
"2026-02-18","168803396873792","Sponsored Products","0.48","USD"
"2026-02-08","407444835513369","Sponsored Brands","2.30","CAD"
"2026-02-10","243204708497477","Sponsored Products","0.61","USD"
"2026-02-05","493216310640409","Sponsored Brands","0.00","USD"
"2026-02-08","371021037712738","Sponsored Products","0.00","USD"
"2026-02-16","270513944391898","Sponsored Products","0.54","USD"
"2026-02-13","494590942145867","Sponsored Products","0.51","CAD"
"2026-02-23","312632253610695","Sponsored Brands","0.00","USD"
"2026-02-24","188279469264899","Sponsored Products","1.32","USD"
"2026-02-07","557738489078024","Sponsored Products","0.00","CAD"
"2026-02-28","164743561215297","Sponsored Products","0.00","USD"
"2026-02-12","259323671730401","Sponsored Products","4.23","USD"
"2026-02-08","1069464513580","Sponsored Products","37.16","USD"
"2026-02-03","384986795476042","Sponsored Brands","0.00","CAD"
"2026-02-23","346023186686134","Sponsored Brands","0.00","USD"
"2026-02-07","281235849108344","Sponsored Products","9.50","USD"
"2026-02-17","453754530299965","Sponsored Brands","10.68","USD"
"2026-02-10","261659564571062","Sponsored Products","1.89","USD"
"2026-02-27","72790979016813","Sponsored Products","0.00","USD"
"2026-02-05","254109808305934","Sponsored Products","1.32","USD"
"2026-02-14","455100983218716","Sponsored Brands","0.29","USD"
"2026-02-19","2414736156339","Sponsored Products","3.51","USD"
"2026-02-07","128770506922317","Sponsored Products","0.00","USD"
"2026-02-01","266158523203302","Sponsored Products","0.00","USD"
"2026-02-01","300354268849742","Sponsored Brands","0.00","CAD"
"2026-02-04","48433117829801","Sponsored Products","12.95","USD"
"2026-02-03","463570831006082","Sponsored Products","0.00","CAD"
"2026-02-26","164743561215297","Sponsored Products","0.00","USD"
"2026-02-09","32030113168570","Sponsored Products","0.00","USD"
"2026-02-17","269935586939823","Sponsored Products","5.79","CAD"
"2026-02-01","99206488936490","Sponsored Products","0.47","USD"
"2026-02-03","546618773117950","Sponsored Brands","2.01","AUD"
"2026-02-11","202228555422966","Sponsored Products","0.00","USD"
"2026-02-13","30651955945418","Sponsored Products","0.00","USD"
"2026-02-03","429216730447678","Sponsored Products","0.00","AUD"
"2026-02-06","354036750973331","Sponsored Products","1.99","CAD"
"2026-02-20","251197015848063","Sponsored Products","10.04","CAD"
"2026-02-02","286601245904247","Sponsored Products","0.00","CAD"
"2026-02-03","278626821184075","Sponsored Products","0.68","USD"
"2026-02-13","423447600502988","Sponsored Brands","0.00","CAD"
"2026-02-26","225946958740637","Sponsored Products","0.00","USD"
"2026-02-13","140453739775668","Sponsored Products","0.00","USD"
"2026-02-18","94121140300347","Sponsored Products","0.00","USD"
"2026-02-12","284096201830626","Sponsored Display","0.00","USD"
"2026-02-28","158724595401869","Sponsored Products","0.93","USD"
"2026-02-05","206968068657618","Sponsored Products","0.00","USD"
"2026-02-08","54673378227395","Sponsored Products","0.00","USD"
"2026-02-17","263531397076178","Sponsored Products","0.00","USD"
"2026-02-09","461174245552414","Sponsored Products","6.72","AUD"
"2026-02-10","551134208715253","Sponsored Products","0.00","AUD"
"2026-02-13","137772430611725","Sponsored Products","0.00","USD"
"2026-02-03","158171452508120","Sponsored Products","0.00","USD"
"2026-02-21","83677388471868","Sponsored Products","0.00","USD"
"2026-02-28","133846876580591","Sponsored Products","0.00","USD"
"2026-02-15","176992507771254","Sponsored Products","1.46","USD"
"2026-02-12","361646797125820","Sponsored Products","0.00","AUD"
"2026-02-25","40237294180920","Sponsored Products","0.00","USD"
"2026-02-06","505299994018527","Sponsored Products","0.00","CAD"
"2026-02-08","32030113168570","Sponsored Products","0.00","USD"
"2026-02-05","395304589984653","Sponsored Products","0.00","CAD"
"2026-02-01","164743561215297","Sponsored Products","0.00","USD"
"2026-02-25","113013759920940","Sponsored Products","1.92","USD"
"2026-02-12","360836238849040","Sponsored Products","0.00","AUD"
"2026-02-10","491366396962687","Sponsored Brands","1.91","USD"
"2026-02-07","316207062053537","Sponsored Products","2.30","AUD"
"2026-02-17","192968792078402","Sponsored Products","0.00","USD"
"2026-02-02","495242868805173","Sponsored Products","1.75","GBP"
"2026-02-16","30651955945418","Sponsored Products","1.22","USD"
"2026-02-27","154085784178560","Sponsored Products","0.00","USD"
"2026-02-25","441925918527435","Sponsored Brands","14.88","USD"
"2026-02-07","557814926181675","Sponsored Products","0.00","CAD"
"2026-02-18","40237294180920","Sponsored Products","0.00","USD"
"2026-02-22","257373022214500","Sponsored Products","0.00","USD"
"2026-02-02","239677460933975","Sponsored Products","19.92","USD"
"2026-02-23","11588448157956","Sponsored Products","0.00","USD"
"2026-02-03","298636506131156","Sponsored Brands","0.00","AUD"
"2026-02-13","133243849204741","Sponsored Products","0.00","USD"
"2026-02-16","261580610725925","Sponsored Products","0.35","AUD"
"2026-02-05","437016942104478","Sponsored Brands","0.00","CAD"
"2026-02-22","202838039381314","Sponsored Products","0.00","USD"
"2026-02-05","61503627186513","Sponsored Products","0.00","USD"
"2026-02-24","272711015971799","Sponsored Products","0.00","USD"
"2026-02-20","189380234928822","Sponsored Products","0.00","USD"
"2026-02-28","81320226496883","Sponsored Products","0.00","USD"
"2026-02-06","386920533914758","Sponsored Brands","1.33","CAD"
"2026-02-16","276797522102375","Sponsored Products","3.65","USD"
"2026-02-12","192420944790293","Sponsored Products","20.49","GBP"
"2026-02-26","32030113168570","Sponsored Products","0.00","USD"
"2026-02-04","439663157752722","Sponsored Brands","0.00","USD"
"2026-02-15","206968068657618","Sponsored Products","0.00","USD"
"2026-02-07","459130146103681","Sponsored Display","0.00","AUD"
"2026-02-26","39061317933304","Sponsored Products","0.00","USD"
"2026-02-20","28565058702355","Sponsored Products","4.14","USD"
"2026-02-09","202299611765170","Sponsored Products","0.00","USD"
"2026-02-03","480355060288556","Sponsored Products","0.00","AUD"
"2026-02-06","428015197375542","Sponsored Products","0.92","AUD"
"2026-02-04","455688132780953","Sponsored Brands","12.47","USD"
"2026-02-15","192420944790293","Sponsored Products","10.79","GBP"
"2026-02-20","243038183553247","Sponsored Products","0.00","USD"
"2026-02-24","81320226496883","Sponsored Products","0.00","USD"
"2026-02-17","2414736156339","Sponsored Products","0.00","USD"
"2026-02-06","428914757065848","Sponsored Products","4.77","CAD"
"2026-02-21","54673378227395","Sponsored Products","0.00","USD"
"2026-02-14","149818563042691","Sponsored Products","0.00","USD"
"2026-02-09","321516368269611","Sponsored Products","0.43","CAD"
"2026-02-27","149818563042691","Sponsored Products","0.00","USD"
"2026-02-09","320522945603717","Sponsored Brands","0.00","CAD"
"2026-02-08","300354268849742","Sponsored Brands","0.00","CAD"
"2026-02-04","291612323170971","Sponsored Products","3.90","CAD"
"2026-02-05","558297049226516","Sponsored Brands","0.00","CAD"
"2026-02-24","158724595401869","Sponsored Products","0.00","USD"
"2026-02-08","539931100075119","Sponsored Brands","10.20","USD"
"2026-02-25","202228555422966","Sponsored Products","0.00","USD"
"2026-02-03","464658704178346","Sponsored Brands","0.00","USD"
"2026-02-18","246452377117901","Sponsored Products","0.00","USD"
"2026-02-25","28864493115463","Sponsored Products","0.00","USD"
"2026-02-17","156285188540724","Sponsored Products","5.87","USD"
"2026-02-04","373593607967581","Sponsored Display","0.00","AUD"
"2026-02-14","94073967562900","Sponsored Products","0.00","USD"
"2026-02-07","323864334787492","Sponsored Products","0.00","AUD"
"2026-02-06","83677388471868","Sponsored Products","1.18","USD"
"2026-02-19","148265992493931","Sponsored Products","0.00","USD"
"2026-02-03","239772993878028","Sponsored Products","8.47","USD"
"2026-02-05","40237294180920","Sponsored Products","6.44","USD"
"2026-02-16","246452377117901","Sponsored Products","0.00","USD"
"2026-02-01","241960271286519","Sponsored Products","1.18","USD"
"2026-02-10","539931100075119","Sponsored Brands","8.83","USD"
"2026-02-05","321879822518995","Sponsored Products","0.50","AUD"
"2026-02-15","172779439196738","Sponsored Products","0.00","USD"
"2026-02-13","231848232455644","Sponsored Products","4.06","USD"
"2026-02-15","270584116199369","Sponsored Products","0.00","USD"
"2026-02-01","115943131527635","Sponsored Products","0.76","USD"
"2026-02-09","551134208715253","Sponsored Products","0.00","AUD"
"2026-02-15","279125239605082","Sponsored Products","0.00","USD"
"2026-02-19","9627520751858","Sponsored Products","19.08","USD"
"2026-02-14","440997775738977","Sponsored Products","0.00","AUD"
"2026-02-05","461174245552414","Sponsored Products","4.15","AUD"
"2026-02-28","291680855614624","Sponsored Brands","1.58","GBP"
"2026-02-21","199076365376964","Sponsored Products","0.00","USD"
"2026-02-11","314318800479242","Sponsored Products","0.00","AUD"
"2026-02-08","317772463042332","Sponsored Products","0.00","AUD"
"2026-02-03","380662946968621","Sponsored Display","0.56","USD"
"2026-02-13","291612323170971","Sponsored Products","0.00","CAD"
"2026-02-18","149818563042691","Sponsored Products","0.00","USD"
"2026-02-17","434170639918769","Sponsored Brands","2.18","USD"
"2026-02-02","281024885672869","Sponsored Products","0.00","USD"
"2026-02-04","395304589984653","Sponsored Products","0.00","CAD"
"2026-02-23","148265992493931","Sponsored Products","0.42","USD"
"2026-02-23","375262111034104","Sponsored Brands","0.00","USD"
"2026-02-16","251197015848063","Sponsored Products","16.52","CAD"
"2026-02-04","262727752997615","Sponsored Products","7.08","USD"
"2026-02-28","153491409585454","Sponsored Products","2.28","USD"
"2026-02-01","363579801300326","Sponsored Products","0.00","CAD"
"2026-02-06","484239021223334","Sponsored Products","0.00","AUD"
"2026-02-08","395304589984653","Sponsored Products","0.00","CAD"
"2026-02-16","206968068657618","Sponsored Products","0.00","USD"
"2026-02-04","72921898703277","Sponsored Products","2.02","USD"
"2026-02-20","380662946968621","Sponsored Display","0.76","USD"
"2026-02-26","545989665090053","Sponsored Brands","0.72","GBP"
"2026-02-27","452065263384491","Sponsored Brands","1.79","USD"
"2026-02-22","375262111034104","Sponsored Brands","6.08","USD"
"2026-02-16","153491409585454","Sponsored Products","2.12","USD"
"2026-02-06","174719285602701","Sponsored Products","1.80","USD"
"2026-02-26","455100983218716","Sponsored Brands","2.10","USD"
"2026-02-12","467633236874996","Sponsored Products","0.00","AUD"
"2026-02-15","225946958740637","Sponsored Products","4.76","USD"
"2026-02-04","300354268849742","Sponsored Brands","0.00","CAD"
"2026-02-04","434170639918769","Sponsored Brands","5.54","USD"
"2026-02-04","352761064226908","Sponsored Brands","0.00","CAD"
"2026-02-20","48192245895031","Sponsored Products","0.00","USD"
"2026-02-07","44065507618346","Sponsored Products","1.11","USD"
"2026-02-21","233888031600237","Sponsored Products","0.00","USD"
"2026-02-09","158724595401869","Sponsored Products","12.65","USD"
"2026-02-28","277250351840071","Sponsored Products","4.99","USD"
"2026-02-17","175777768252798","Sponsored Products","8.66","USD"
"2026-02-18","164743561215297","Sponsored Products","0.00","USD"
"2026-02-23","210638600694486","Sponsored Products","0.37","USD"
"2026-02-11","79620432535917","Sponsored Products","5.93","USD"
"2026-02-03","554517553013265","Sponsored Products","0.00","CAD"
"2026-02-05","158171452508120","Sponsored Products","0.00","USD"
"2026-02-06","216925562826343","Sponsored Products","3.53","USD"
"2026-02-12","198809778193730","Sponsored Products","15.56","USD"
"2026-02-06","276797522102375","Sponsored Products","9.90","USD"
"2026-02-14","42141939819441","Sponsored Products","0.00","USD"
"2026-02-14","263531397076178","Sponsored Products","0.00","USD"
"2026-02-03","396524009311704","Sponsored Brands","0.76","CAD"
"2026-02-26","97079585612330","Sponsored Products","3.26","USD"
"2026-02-09","482686146435604","Sponsored Brands","2.31","USD"
"2026-02-02","380662946968621","Sponsored Display","0.32","USD"
"2026-02-03","423447600502988","Sponsored Brands","0.00","CAD"
"2026-02-08","137772430611725","Sponsored Products","4.12","USD"
"2026-02-08","375880567146391","Sponsored Display","0.61","AUD"
"2026-02-13","352761064226908","Sponsored Brands","4.12","CAD"
"2026-02-02","54386198712419","Sponsored Products","0.00","USD"
"2026-02-21","176992507771254","Sponsored Products","0.00","USD"
"2026-02-06","154085784178560","Sponsored Products","0.00","USD"
"2026-02-12","407530123839349","Sponsored Products","0.00","AUD"
"2026-02-14","206968068657618","Sponsored Products","0.00","USD"
"2026-02-12","559365035833525","Sponsored Brands","0.00","AUD"
"2026-02-21","202299611765170","Sponsored Products","0.00","USD"
"2026-02-23","126638359335345","Sponsored Products","0.00","USD"
"2026-02-03","560541401556849","Sponsored Products","0.00","GBP"
"2026-02-02","542395622943712","Sponsored Products","0.00","GBP"
"2026-02-05","284235017891966","Sponsored Products","4.62","CAD"
"2026-02-23","254109808305934","Sponsored Products","0.00","USD"
"2026-02-16","101965336081409","Sponsored Products","2.25","USD"
"2026-02-14","360836238849040","Sponsored Products","0.00","AUD"
"2026-02-02","548511206574211","Sponsored Brands","0.00","AUD"
"2026-02-12","373593607967581","Sponsored Display","0.00","AUD"
"2026-02-24","288086271468562","Sponsored Products","0.00","USD"
"2026-02-04","54386198712419","Sponsored Products","1.18","USD"
"2026-02-19","58475731073369","Sponsored Products","0.00","USD"
"2026-02-23","233888031600237","Sponsored Products","0.00","USD"
"2026-02-06","531187508971652","Sponsored Display","0.00","CAD"
"2026-02-27","560000811916391","Sponsored Brands","5.70","USD"
"2026-02-04","469438672280657","Sponsored Products","0.00","GBP"
"2026-02-05","44065507618346","Sponsored Products","0.00","USD"
"2026-02-23","134777743429986","Sponsored Products","0.00","USD"
"2026-02-11","153491409585454","Sponsored Products","9.80","USD"
"2026-02-01","158171452508120","Sponsored Products","0.00","USD"
"2026-02-23","154118694541854","Sponsored Products","1.20","USD"
"2026-02-05","375451164709840","Sponsored Products","0.77","GBP"
"2026-02-05","443805539282973","Sponsored Brands","0.00","CAD"
"2026-02-02","292138679780956","Sponsored Products","0.00","AUD"
"2026-02-08","194838680698310","Sponsored Products","27.07","USD"
"2026-02-15","38682977693457","Sponsored Products","0.90","USD"
"2026-02-02","303784488331012","Sponsored Display","0.00","AUD"
"2026-02-16","441925918527435","Sponsored Brands","1.68","USD"
"2026-02-07","476877916686317","Sponsored Brands","5.79","AUD"
"2026-02-20","134777743429986","Sponsored Products","0.00","USD"
"2026-02-01","291612323170971","Sponsored Products","0.00","CAD"
"2026-02-06","414778030564989","Sponsored Products","2.00","GBP"
"2026-02-25","1069464513580","Sponsored Products","20.20","USD"
"2026-02-28","72790979016813","Sponsored Products","0.00","USD"
"2026-02-02","38682977693457","Sponsored Products","0.00","USD"
"2026-02-01","312711508263023","Sponsored Products","0.00","AUD"
"2026-02-27","296615200458181","Sponsored Brands","57.16","USD"
"2026-02-04","511519443187302","Sponsored Products","1.50","GBP"
"2026-02-23","202838039381314","Sponsored Products","0.00","USD"
"2026-02-17","128835884603962","Sponsored Products","0.00","USD"
"2026-02-08","434871922933588","Sponsored Brands","8.39","CAD"
"2026-02-14","121446500477002","Sponsored Products","0.97","USD"
"2026-02-07","276488907454289","Sponsored Products","0.00","USD"
"2026-02-07","502907079288115","Sponsored Products","4.45","CAD"
"2026-02-21","452065263384491","Sponsored Brands","2.04","USD"
"2026-02-18","101459965063202","Sponsored Products","7.03","USD"
"2026-02-12","281024885672869","Sponsored Products","0.00","USD"
"2026-02-07","373593607967581","Sponsored Display","0.00","AUD"
"2026-02-10","257373022214500","Sponsored Products","2.10","USD"
"2026-02-01","148265992493931","Sponsored Products","1.29","USD"
"2026-02-04","243204708497477","Sponsored Products","0.00","USD"
"2026-02-01","398122169001461","Sponsored Products","0.72","AUD"
"2026-02-12","96473122408354","Sponsored Products","1.33","USD"
"2026-02-21","88056195803598","Sponsored Products","0.00","USD"
"2026-02-05","162987026418786","Sponsored Products","0.00","USD"
"2026-02-24","560000811916391","Sponsored Brands","13.58","USD"
"2026-02-01","555625239663839","Sponsored Products","0.00","USD"
"2026-02-06","517050919084211","Sponsored Products","0.43","CAD"
"2026-02-22","30179169319725","Sponsored Products","9.09","AUD"
"2026-02-19","413308568322873","Sponsored Brands","1.76","USD"
"2026-02-01","145958940968220","Sponsored Products","0.00","USD"
"2026-02-14","281024885672869","Sponsored Products","0.00","USD"
"2026-02-22","101459965063202","Sponsored Products","5.87","USD"
"2026-02-23","18193170148935","Sponsored Products","0.00","USD"
"2026-02-05","392699328377229","Sponsored Products","0.00","AUD"
"2026-02-14","115758363210245","Sponsored Products","8.43","USD"
"2026-02-15","303344079444236","Sponsored Brands","0.25","GBP"
"2026-02-26","128770506922317","Sponsored Products","0.00","USD"
"2026-02-23","39061317933304","Sponsored Products","0.00","USD"
"2026-02-09","441276644656791","Sponsored Brands","0.00","AUD"
"2026-02-25","137772430611725","Sponsored Products","1.18","USD"
"2026-02-16","263531397076178","Sponsored Products","0.00","USD"
"2026-02-01","536850070634966","Sponsored Products","2.26","GBP"
"2026-02-08","529845821022802","Sponsored Products","0.00","AUD"
"2026-02-21","366993568403124","Sponsored Products","0.00","USD"
"2026-02-03","375262111034104","Sponsored Brands","3.91","USD"
"2026-02-04","392598200964005","Sponsored Products","0.00","CAD"
"2026-02-14","137772430611725","Sponsored Products","0.00","USD"
"2026-02-15","281110747056753","Sponsored Products","0.00","USD"
"2026-02-25","126638359335345","Sponsored Products","0.00","USD"
"2026-02-09","406487274006731","Sponsored Products","0.00","AUD"
"2026-02-06","303344079444236","Sponsored Brands","0.18","GBP"
"2026-02-20","153491409585454","Sponsored Products","0.00","USD"
"2026-02-12","154118694541854","Sponsored Products","0.00","USD"
"2026-02-04","463570831006082","Sponsored Products","0.00","CAD"
"2026-02-25","140453739775668","Sponsored Products","0.00","USD"
"2026-02-10","419764168918332","Sponsored Brands","2.60","AUD"
"2026-02-12","186804517918072","Sponsored Products","2.94","USD"
"2026-02-25","560000811916391","Sponsored Brands","8.51","USD"
"2026-02-08","484271755377666","Sponsored Products","0.00","CAD"
"2026-02-23","23854220044300","Sponsored Products","2.60","USD"
"2026-02-15","284096201830626","Sponsored Display","2.33","USD"
"2026-02-12","396524009311704","Sponsored Brands","1.76","CAD"
"2026-02-12","428914757065848","Sponsored Products","4.40","CAD"
"2026-02-13","44065507618346","Sponsored Products","2.98","USD"
"2026-02-01","176992507771254","Sponsored Products","3.21","USD"
"2026-02-25","276488907454289","Sponsored Products","0.00","USD"
"2026-02-28","54386198712419","Sponsored Products","2.44","USD"
"2026-02-15","188279469264899","Sponsored Products","0.00","USD"
"2026-02-16","202838039381314","Sponsored Products","0.00","USD"
"2026-02-01","434871922933588","Sponsored Brands","5.01","CAD"
"2026-02-07","103204875656014","Sponsored Products","0.00","USD"
"2026-02-11","97079585612330","Sponsored Products","0.00","USD"
"2026-02-10","284096201830626","Sponsored Display","3.47","USD"
"2026-02-05","267283875717235","Sponsored Products","0.00","USD"
"2026-02-16","134777743429986","Sponsored Products","0.00","USD"
"2026-02-14","154118694541854","Sponsored Products","4.84","USD"
"2026-02-27","168803396873792","Sponsored Products","0.00","USD"
"2026-02-04","455100983218716","Sponsored Brands","0.46","USD"
"2026-02-12","399629340308947","Sponsored Brands","0.00","AUD"
"2026-02-02","536850070634966","Sponsored Products","1.41","GBP"
"2026-02-13","375262111034104","Sponsored Brands","1.04","USD"
"2026-02-03","398859393836995","Sponsored Products","6.04","GBP"
"2026-02-01","495242868805173","Sponsored Products","0.00","GBP"
"2026-02-20","215966552761313","Sponsored Products","0.00","USD"
"2026-02-17","495677195822245","Sponsored Brands","0.84","USD"
"2026-02-15","14582572617569","Sponsored Products","0.00","USD"
"2026-02-07","137772430611725","Sponsored Products","3.82","USD"
"2026-02-05","383486487068158","Sponsored Display","4.23","GBP"
"2026-02-06","461174245552414","Sponsored Products","2.46","AUD"
"2026-02-04","461174245552414","Sponsored Products","0.53","AUD"
"2026-02-26","407444835513369","Sponsored Brands","0.00","CAD"
"2026-02-27","263531397076178","Sponsored Products","0.00","USD"
"2026-02-22","83677388471868","Sponsored Products","0.00","USD"
"2026-02-19","257373022214500","Sponsored Products","0.00","USD"
"2026-02-04","241960271286519","Sponsored Products","0.00","USD"
"2026-02-07","455983082050138","Sponsored Products","0.00","CAD"
"2026-02-15","82064097659476","Sponsored Products","4.25","USD"
"2026-02-25","141648422510979","Sponsored Products","0.00","USD"
"2026-02-26","453754530299965","Sponsored Brands","1.54","USD"
"2026-02-08","113013759920940","Sponsored Products","0.00","USD"
"2026-02-07","79620432535917","Sponsored Products","10.76","USD"
"2026-02-26","491366396962687","Sponsored Brands","3.95","USD"
"2026-02-24","407787068225839","Sponsored Display","0.00","AUD"
"2026-02-11","243204708497477","Sponsored Products","0.00","USD"
"2026-02-26","269935586939823","Sponsored Products","4.93","CAD"
"2026-02-03","346023186686134","Sponsored Brands","0.00","USD"
"2026-02-28","97079585612330","Sponsored Products","0.00","USD"
"2026-02-18","158171452508120","Sponsored Products","0.00","USD"
"2026-02-10","303784488331012","Sponsored Display","0.00","AUD"
"2026-02-14","149626049979530","Sponsored Products","0.00","USD"
"2026-02-09","309601314328778","Sponsored Products","0.00","CAD"
"2026-02-01","467633236874996","Sponsored Products","2.09","AUD"
"2026-02-04","539750977499191","Sponsored Products","0.00","CAD"
"2026-02-23","225946958740637","Sponsored Products","1.09","USD"
"2026-02-28","225946958740637","Sponsored Products","0.00","USD"
"2026-02-04","473740316381787","Sponsored Products","6.87","GBP"
"2026-02-12","429345285920060","Sponsored Brands","0.00","GBP"
"2026-02-09","53404531347848","Sponsored Products","18.16","USD"
"2026-02-28","261659564571062","Sponsored Products","0.00","USD"
"2026-02-21","61503627186513","Sponsored Products","0.86","USD"
"2026-02-04","292138679780956","Sponsored Products","0.00","AUD"
"2026-02-20","158171452508120","Sponsored Products","0.00","USD"
"2026-02-09","345230959620455","Sponsored Products","0.00","CAD"
"2026-02-10","409429087898453","Sponsored Display","0.00","CAD"
"2026-02-27","439663157752722","Sponsored Brands","0.98","USD"
"2026-02-05","375880567146391","Sponsored Display","0.23","AUD"
"2026-02-11","58475731073369","Sponsored Products","0.71","USD"
"2026-02-18","79620432535917","Sponsored Products","3.37","USD"
"2026-02-15","407444835513369","Sponsored Brands","0.00","CAD"
"2026-02-07","383486487068158","Sponsored Display","0.00","GBP"
"2026-02-24","276797522102375","Sponsored Products","1.89","USD"
"2026-02-21","58475731073369","Sponsored Products","0.66","USD"
"2026-02-05","398859393836995","Sponsored Products","0.00","GBP"
"2026-02-12","61503627186513","Sponsored Products","0.00","USD"
"2026-02-02","348537181713557","Sponsored Products","0.00","GBP"
"2026-02-18","188545556962991","Sponsored Products","26.98","USD"
"2026-02-25","82064097659476","Sponsored Products","0.00","USD"
"2026-02-18","204544178017947","Sponsored Products","1.88","USD"
"2026-02-04","382263989834817","Sponsored Products","0.00","AUD"
"2026-02-04","280528554873543","Sponsored Products","2.78","USD"
"2026-02-02","164743561215297","Sponsored Products","0.00","USD"
"2026-02-06","559365035833525","Sponsored Brands","0.00","AUD"
"2026-02-05","467633236874996","Sponsored Products","0.00","AUD"
"2026-02-04","215176800738804","Sponsored Products","8.73","USD"
"2026-02-16","28565058702355","Sponsored Products","14.09","USD"
"2026-02-08","463874563272935","Sponsored Brands","0.00","AUD"
"2026-02-20","491366396962687","Sponsored Brands","1.74","USD"
"2026-02-04","96060745446945","Sponsored Products","0.00","USD"
"2026-02-25","53404531347848","Sponsored Products","0.00","USD"
"2026-02-04","434871922933588","Sponsored Brands","5.26","CAD"
"2026-02-03","101459965063202","Sponsored Products","4.65","USD"
"2026-02-10","162987026418786","Sponsored Products","0.00","USD"
"2026-02-12","444969564092992","Sponsored Products","0.00","CAD"
"2026-02-09","355940295532015","Sponsored Brands","0.00","AUD"
"2026-02-14","81320226496883","Sponsored Products","0.00","USD"
"2026-02-01","138135222992233","Sponsored Products","10.71","USD"
"2026-02-01","455688132780953","Sponsored Brands","17.60","USD"
"2026-02-16","48192245895031","Sponsored Products","0.00","USD"
"2026-02-22","380662946968621","Sponsored Display","0.09","USD"
"2026-02-09","428015197375542","Sponsored Products","0.00","AUD"
"2026-02-24","495677195822245","Sponsored Brands","2.16","USD"
"2026-02-10","79620432535917","Sponsored Products","5.48","USD"
"2026-02-02","405261002610411","Sponsored Products","0.00","GBP"
"2026-02-27","141552428309171","Sponsored Products","41.94","USD"
"2026-02-28","113013759920940","Sponsored Products","0.00","USD"
"2026-02-27","8078369968995","Sponsored Products","0.00","USD"
"2026-02-15","199698435439447","Sponsored Products","0.00","USD"
"2026-02-26","1861066386589","Sponsored Products","0.00","USD"
"2026-02-02","354627207584492","Sponsored Products","0.00","CAD"
"2026-02-22","261659564571062","Sponsored Products","2.89","USD"
"2026-02-02","115758363210245","Sponsored Products","13.55","USD"
"2026-02-18","224639482376841","Sponsored Products","0.00","USD"
"2026-02-01","243204708497477","Sponsored Products","0.81","USD"
"2026-02-06","54673378227395","Sponsored Products","0.00","USD"
"2026-02-08","296615200458181","Sponsored Brands","47.23","USD"
"2026-02-24","173362871105297","Sponsored Products","1.27","USD"
"2026-02-01","539750977499191","Sponsored Products","0.88","CAD"
"2026-02-05","233888031600237","Sponsored Products","0.00","USD"
"2026-02-04","560541401556849","Sponsored Products","1.31","GBP"
"2026-02-07","400936883710783","Sponsored Products","0.94","AUD"
"2026-02-02","18193170148935","Sponsored Products","0.00","USD"
"2026-02-02","339568026468029","Sponsored Brands","0.00","CAD"
"2026-02-26","101965336081409","Sponsored Products","0.00","USD"
"2026-02-25","251197015848063","Sponsored Products","3.15","CAD"
"2026-02-28","34478632960968","Sponsored Products","13.89","USD"
"2026-02-02","428914757065848","Sponsored Products","0.00","CAD"
"2026-02-17","441925918527435","Sponsored Brands","0.61","USD"
"2026-02-16","141552428309171","Sponsored Products","59.45","USD"
"2026-02-09","261659564571062","Sponsored Products","0.00","USD"
"2026-02-05","103204875656014","Sponsored Products","1.18","USD"
"2026-02-07","363579801300326","Sponsored Products","0.00","CAD"
"2026-02-08","382263989834817","Sponsored Products","0.00","AUD"
"2026-02-11","546618773117950","Sponsored Brands","0.00","AUD"
"2026-02-09","432013629308606","Sponsored Brands","0.00","CAD"
"2026-02-24","215966552761313","Sponsored Products","3.43","USD"
"2026-02-12","22348745290500","Sponsored Products","0.00","USD"
"2026-02-27","97079585612330","Sponsored Products","2.73","USD"
"2026-02-07","130912331972988","Sponsored Products","0.00","USD"
"2026-02-20","270513944391898","Sponsored Products","0.78","USD"
"2026-02-08","348184859637636","Sponsored Brands","5.35","USD"
"2026-02-17","452065263384491","Sponsored Brands","0.00","USD"
"2026-02-08","154118694541854","Sponsored Products","0.45","USD"
"2026-02-01","293287193628180","Sponsored Brands","0.00","GBP"
"2026-02-10","323864334787492","Sponsored Products","0.00","AUD"
"2026-02-20","205922105032655","Sponsored Products","0.00","USD"
"2026-02-08","419764168918332","Sponsored Brands","1.01","AUD"
"2026-02-17","28864493115463","Sponsored Products","1.95","USD"
"2026-02-13","504962652065858","Sponsored Brands","5.72","AUD"
"2026-02-07","423447600502988","Sponsored Brands","0.74","CAD"
"2026-02-25","65271102777505","Sponsored Products","0.00","USD"
"2026-02-01","505299994018527","Sponsored Products","0.00","CAD"
"2026-02-07","291680855614624","Sponsored Brands","0.62","GBP"
"2026-02-18","130912331972988","Sponsored Products","3.67","USD"
"2026-02-16","154085784178560","Sponsored Products","0.00","USD"
"2026-02-11","325883174926875","Sponsored Brands","1.14","USD"
"2026-02-02","342468627864471","Sponsored Products","0.00","GBP"
"2026-02-02","375412452273685","Sponsored Products","2.59","GBP"
"2026-02-05","42141939819441","Sponsored Products","0.00","USD"
"2026-02-21","30651955945418","Sponsored Products","0.93","USD"
"2026-02-05","124202126398060","Sponsored Products","2.44","USD"
"2026-02-07","452082306058129","Sponsored Brands","1.71","CAD"
"2026-02-27","1861066386589","Sponsored Products","0.90","USD"
"2026-02-08","65861573413220","Sponsored Products","0.52","USD"
"2026-02-10","392972027720670","Sponsored Products","0.00","CAD"
"2026-02-16","39061317933304","Sponsored Products","0.00","USD"
"2026-02-20","54386198712419","Sponsored Products","1.14","USD"
"2026-02-07","382263989834817","Sponsored Products","0.00","AUD"
"2026-02-05","555379102425019","Sponsored Products","4.87","CAD"
"2026-02-02","439663157752722","Sponsored Brands","0.33","USD"
"2026-02-08","186804517918072","Sponsored Products","1.24","USD"
"2026-02-28","202228555422966","Sponsored Products","0.00","USD"
"2026-02-19","28565058702355","Sponsored Products","2.44","USD"
"2026-02-15","32030113168570","Sponsored Products","0.00","USD"
"2026-02-16","54673378227395","Sponsored Products","0.00","USD"
"2026-02-01","398859393836995","Sponsored Products","1.41","GBP"
"2026-02-09","554517553013265","Sponsored Products","0.00","CAD"
"2026-02-10","207367106415924","Sponsored Products","5.22","GBP"
"2026-02-05","434170639918769","Sponsored Brands","3.55","USD"
"2026-02-04","270513944391898","Sponsored Products","1.97","USD"
"2026-02-10","437016942104478","Sponsored Brands","0.00","CAD"
"2026-02-04","536850070634966","Sponsored Products","0.76","GBP"
"2026-02-15","539931100075119","Sponsored Brands","6.38","USD"
"2026-02-20","259323671730401","Sponsored Products","7.71","USD"
"2026-02-01","64790741448016","Sponsored Products","5.58","USD"
"2026-02-13","346023186686134","Sponsored Brands","0.00","USD"
"2026-02-12","291680855614624","Sponsored Brands","1.34","GBP"
"2026-02-28","269935586939823","Sponsored Products","24.76","CAD"
"2026-02-11","99206488936490","Sponsored Products","0.00","USD"
"2026-02-18","495677195822245","Sponsored Brands","0.21","USD"
"2026-02-04","156285188540724","Sponsored Products","19.53","USD"
"2026-02-06","2414736156339","Sponsored Products","0.00","USD"
"2026-02-07","65271102777505","Sponsored Products","1.48","USD"
"2026-02-04","423447600502988","Sponsored Brands","0.25","CAD"
"2026-02-06","172779439196738","Sponsored Products","0.00","USD"
"2026-02-05","48433117829801","Sponsored Products","7.53","USD"
"2026-02-02","346023186686134","Sponsored Brands","0.00","USD"
"2026-02-15","198809778193730","Sponsored Products","33.64","USD"
"2026-02-05","278400043801722","Sponsored Products","0.00","GBP"
"2026-02-19","72790979016813","Sponsored Products","0.00","USD"
"2026-02-08","277250351840071","Sponsored Products","7.90","USD"
"2026-02-06","562873832621330","Sponsored Products","0.00","GBP"
"2026-02-27","140453739775668","Sponsored Products","1.24","USD"
"2026-02-01","463874563272935","Sponsored Brands","2.23","AUD"
"2026-02-05","61090477012622","Sponsored Products","0.00","USD"
"2026-02-08","115764500761375","Sponsored Products","7.03","USD"
"2026-02-13","453187476718269","Sponsored Display","0.00","CAD"
"2026-02-02","34639218619625","Sponsored Products","9.86","USD"
"2026-02-07","152555236474228","Sponsored Products","0.94","USD"
"2026-02-13","176992507771254","Sponsored Products","0.62","USD"
"2026-02-16","463874563272935","Sponsored Brands","0.00","AUD"
"2026-02-22","149818563042691","Sponsored Products","0.00","USD"
"2026-02-06","164743561215297","Sponsored Products","0.00","USD"
"2026-02-18","269935586939823","Sponsored Products","14.68","CAD"
"2026-02-10","561131507618203","Sponsored Products","0.00","AUD"
"2026-02-16","192968792078402","Sponsored Products","0.00","USD"
"2026-02-16","560000811916391","Sponsored Brands","11.26","USD"
"2026-02-10","1861066386589","Sponsored Products","0.00","USD"
"2026-02-07","202299611765170","Sponsored Products","0.71","USD"
"2026-02-22","215176800738804","Sponsored Products","2.02","USD"
"2026-02-10","158724595401869","Sponsored Products","3.01","USD"
"2026-02-08","360412290312296","Sponsored Brands","3.28","CAD"
"2026-02-21","132476300811824","Sponsored Products","7.19","CAD"
"2026-02-03","38682977693457","Sponsored Products","0.00","USD"
"2026-02-13","281110747056753","Sponsored Products","0.00","USD"
"2026-02-15","357384467879967","Sponsored Brands","9.82","USD"
"2026-02-10","54673378227395","Sponsored Products","0.00","USD"
"2026-02-14","491366396962687","Sponsored Brands","9.57","USD"
"2026-02-18","1069464513580","Sponsored Products","61.25","USD"
"2026-02-14","259323671730401","Sponsored Products","4.32","USD"
"2026-02-02","216925562826343","Sponsored Products","0.00","USD"
"2026-02-16","198809778193730","Sponsored Products","18.25","USD"
"2026-02-21","243038183553247","Sponsored Products","0.00","USD"
"2026-02-08","352761064226908","Sponsored Brands","10.99","CAD"
"2026-02-20","72790979016813","Sponsored Products","0.00","USD"
"2026-02-23","34478632960968","Sponsored Products","7.57","USD"
"2026-02-13","162987026418786","Sponsored Products","0.00","USD"
"2026-02-01","54386198712419","Sponsored Products","0.00","USD"
"2026-02-21","65271102777505","Sponsored Products","0.95","USD"
"2026-02-10","463874563272935","Sponsored Brands","0.00","AUD"
"2026-02-14","348184859637636","Sponsored Brands","0.00","USD"
"2026-02-02","443207948405482","Sponsored Products","0.00","CAD"
"2026-02-14","164743561215297","Sponsored Products","1.34","USD"
"2026-02-22","154118694541854","Sponsored Products","3.71","USD"
"2026-02-06","339568026468029","Sponsored Brands","0.57","CAD"
"2026-02-15","434170639918769","Sponsored Brands","2.94","USD"
"2026-02-14","303344079444236","Sponsored Brands","0.00","GBP"
"2026-02-03","498311429491057","Sponsored Display","0.00","CAD"
"2026-02-06","455983082050138","Sponsored Products","2.84","CAD"
"2026-02-03","434170639918769","Sponsored Brands","8.05","USD"
"2026-02-25","238790977416237","Sponsored Products","0.00","USD"
"2026-02-15","375262111034104","Sponsored Brands","0.64","USD"
"2026-02-13","557814926181675","Sponsored Products","0.00","CAD"
"2026-02-23","455688132780953","Sponsored Brands","2.32","USD"
"2026-02-10","453754530299965","Sponsored Brands","2.38","USD"
"2026-02-11","1069464513580","Sponsored Products","66.62","USD"
"2026-02-14","79620432535917","Sponsored Products","5.87","USD"
"2026-02-15","88056195803598","Sponsored Products","0.82","USD"
"2026-02-18","133846876580591","Sponsored Products","0.00","USD"
"2026-02-07","158171452508120","Sponsored Products","0.95","USD"
"2026-02-26","65861573413220","Sponsored Products","0.00","USD"
"2026-02-04","194838680698310","Sponsored Products","15.05","USD"
"2026-02-12","101965336081409","Sponsored Products","0.00","USD"
"2026-02-07","339568026468029","Sponsored Brands","0.00","CAD"
"2026-02-05","259201002739674","Sponsored Products","8.46","USD"
"2026-02-07","276797522102375","Sponsored Products","34.24","USD"
"2026-02-28","54673378227395","Sponsored Products","0.00","USD"
"2026-02-19","96473122408354","Sponsored Products","0.00","USD"
"2026-02-01","554517553013265","Sponsored Products","0.00","CAD"
"2026-02-09","323864334787492","Sponsored Products","0.00","AUD"
"2026-02-05","440503817971150","Sponsored Products","0.00","USD"
"2026-02-09","270513944391898","Sponsored Products","7.55","USD"
"2026-02-07","546618773117950","Sponsored Brands","0.00","AUD"
"2026-02-02","239695922795958","Sponsored Products","1.12","USD"
"2026-02-01","83042096012825","Sponsored Products","0.00","USD"
"2026-02-06","484271755377666","Sponsored Products","0.00","CAD"
"2026-02-02","153491409585454","Sponsored Products","4.46","USD"
"2026-02-10","158171452508120","Sponsored Products","0.00","USD"
"2026-02-10","205764417979436","Sponsored Products","0.00","USD"
"2026-02-05","128770506922317","Sponsored Products","0.00","USD"
"2026-02-02","202299611765170","Sponsored Products","4.84","USD"
"2026-02-06","162987026418786","Sponsored Products","0.00","USD"
"2026-02-04","530353594830018","Sponsored Display","0.00","CAD"
"2026-02-16","464658704178346","Sponsored Brands","5.44","USD"
"2026-02-01","30651955945418","Sponsored Products","0.00","USD"
"2026-02-04","440997775738977","Sponsored Products","0.00","AUD"
"2026-02-12","397652540263806","Sponsored Products","0.00","CAD"
"2026-02-20","30651955945418","Sponsored Products","0.00","USD"
"2026-02-03","14582572617569","Sponsored Products","9.58","USD"
"2026-02-11","373188657935606","Sponsored Products","0.00","AUD"
"2026-02-28","495677195822245","Sponsored Brands","3.00","USD"
"2026-02-13","399629340308947","Sponsored Brands","0.00","AUD"
"2026-02-05","291680855614624","Sponsored Brands","2.45","GBP"
"2026-02-18","281235849108344","Sponsored Products","17.34","USD"
"2026-02-05","1069464513580","Sponsored Products","26.36","USD"
"2026-02-25","34478632960968","Sponsored Products","4.10","USD"
"2026-02-22","255100442617527","Sponsored Products","0.00","USD"
"2026-02-21","269935586939823","Sponsored Products","8.20","CAD"
"2026-02-08","286601245904247","Sponsored Products","0.00","CAD"
"2026-02-04","371021037712738","Sponsored Products","0.00","USD"
"2026-02-20","205764417979436","Sponsored Products","0.00","USD"
"2026-02-02","561131507618203","Sponsored Products","1.43","AUD"
"2026-02-18","545989665090053","Sponsored Brands","1.53","GBP"
"2026-02-24","67855357390881","Sponsored Products","1.17","USD"
"2026-02-25","216925562826343","Sponsored Products","0.00","USD"
"2026-02-01","284235017891966","Sponsored Products","5.33","CAD"
"2026-02-03","172779439196738","Sponsored Products","0.00","USD"
"2026-02-11","494590942145867","Sponsored Products","4.86","CAD"
"2026-02-01","511519443187302","Sponsored Products","2.39","GBP"
"2026-02-27","162987026418786","Sponsored Products","0.00","USD"
"2026-02-05","399629340308947","Sponsored Brands","0.00","AUD"
"2026-02-17","270513944391898","Sponsored Products","0.69","USD"
"2026-02-28","1861066386589","Sponsored Products","0.00","USD"
"2026-02-15","348184859637636","Sponsored Brands","2.34","USD"
"2026-02-21","115758363210245","Sponsored Products","1.37","USD"
"2026-02-20","145958940968220","Sponsored Products","0.00","USD"
"2026-02-15","380662946968621","Sponsored Display","0.08","USD"
"2026-02-26","539931100075119","Sponsored Brands","12.68","USD"
"2026-02-16","210638600694486","Sponsored Products","0.65","USD"
"2026-02-15","22515666501366","Sponsored Products","0.00","USD"
"2026-02-14","428015197375542","Sponsored Products","0.00","AUD"
"2026-02-15","65861573413220","Sponsored Products","0.00","USD"
"2026-02-14","545146961820010","Sponsored Products","0.00","GBP"
"2026-02-25","194512325763287","Sponsored Products","0.00","USD"
"2026-02-23","202299611765170","Sponsored Products","0.33","USD"
"2026-02-15","58475731073369","Sponsored Products","1.95","USD"
"2026-02-21","42141939819441","Sponsored Products","1.54","USD"
"2026-02-12","443207948405482","Sponsored Products","0.00","CAD"
"2026-02-04","345230959620455","Sponsored Products","0.00","CAD"
"2026-02-04","168803396873792","Sponsored Products","0.00","USD"
"2026-02-03","215176800738804","Sponsored Products","1.22","USD"
"2026-02-02","504962652065858","Sponsored Brands","0.00","AUD"
"2026-02-01","432013629308606","Sponsored Brands","4.87","CAD"
"2026-02-22","101965336081409","Sponsored Products","0.00","USD"
"2026-02-28","149818563042691","Sponsored Products","0.00","USD"
"2026-02-01","409429087898453","Sponsored Display","0.00","CAD"
"2026-02-16","115764500761375","Sponsored Products","0.00","USD"
"2026-02-06","156285188540724","Sponsored Products","13.04","USD"
"2026-02-08","279125239605082","Sponsored Products","0.00","USD"
"2026-02-14","30651955945418","Sponsored Products","0.71","USD"
"2026-02-05","452065263384491","Sponsored Brands","2.23","USD"
"2026-02-10","53404531347848","Sponsored Products","3.17","USD"
"2026-02-04","257373022214500","Sponsored Products","2.22","USD"
"2026-02-01","2414736156339","Sponsored Products","0.00","USD"
"2026-02-03","446701085946014","Sponsored Products","0.00","GBP"
"2026-02-08","491366396962687","Sponsored Brands","8.43","USD"
"2026-02-19","423471492340141","Sponsored Brands","8.28","USD"
"2026-02-19","261580610725925","Sponsored Products","2.55","AUD"
"2026-02-26","158171452508120","Sponsored Products","0.00","USD"
"2026-02-08","281024885672869","Sponsored Products","0.00","USD"
"2026-02-01","93539819506468","Sponsored Products","0.00","USD"
"2026-02-04","140453739775668","Sponsored Products","1.86","USD"
"2026-02-12","18193170148935","Sponsored Products","0.00","USD"
"2026-02-01","375412452273685","Sponsored Products","6.71","GBP"
"2026-02-06","202838039381314","Sponsored Products","7.02","USD"
"2026-02-04","175777768252798","Sponsored Products","17.06","USD"
"2026-02-04","432013629308606","Sponsored Brands","2.43","CAD"
"2026-02-21","128835884603962","Sponsored Products","0.00","USD"
"2026-02-09","417555316939613","Sponsored Brands","0.00","AUD"
"2026-02-09","243204708497477","Sponsored Products","0.00","USD"
"2026-02-11","291680855614624","Sponsored Brands","0.80","GBP"
"2026-02-24","115764500761375","Sponsored Products","1.41","USD"
"2026-02-20","267283875717235","Sponsored Products","0.00","USD"
"2026-02-06","281235849108344","Sponsored Products","12.03","USD"
"2026-02-01","469438672280657","Sponsored Products","0.00","GBP"
"2026-02-20","126638359335345","Sponsored Products","0.00","USD"
"2026-02-11","452082306058129","Sponsored Brands","2.63","CAD"
"2026-02-27","259201002739674","Sponsored Products","0.00","USD"
"2026-02-25","102474552529229","Sponsored Products","1.19","USD"
"2026-02-21","261580610725925","Sponsored Products","0.62","AUD"
"2026-02-10","494590942145867","Sponsored Products","9.85","CAD"
"2026-02-14","174719285602701","Sponsored Products","1.19","USD"
"2026-02-07","39061317933304","Sponsored Products","0.55","USD"
"2026-02-03","439663157752722","Sponsored Brands","0.00","USD"
"2026-02-05","439118795538688","Sponsored Brands","0.00","CAD"
"2026-02-04","423471492340141","Sponsored Brands","13.74","USD"
"2026-02-18","67855357390881","Sponsored Products","0.00","USD"
"2026-02-14","192968792078402","Sponsored Products","0.00","USD"
"2026-02-05","441276644656791","Sponsored Brands","2.26","AUD"
"2026-02-03","354036750973331","Sponsored Products","1.83","CAD"
"2026-02-07","175777768252798","Sponsored Products","0.00","USD"
"2026-02-19","44065507618346","Sponsored Products","0.00","USD"
"2026-02-03","545146961820010","Sponsored Products","2.67","GBP"
"2026-02-09","378858058113466","Sponsored Products","0.00","CAD"
"2026-02-04","42141939819441","Sponsored Products","0.00","USD"
"2026-02-08","378858058113466","Sponsored Products","0.00","CAD"
"2026-02-28","61090477012622","Sponsored Products","0.00","USD"
"2026-02-25","202838039381314","Sponsored Products","6.48","USD"
"2026-02-04","23854220044300","Sponsored Products","5.38","USD"
"2026-02-28","27661898820374","Sponsored Products","9.00","USD"
"2026-02-01","300894362771504","Sponsored Products","0.00","GBP"
"2026-02-14","463874563272935","Sponsored Brands","0.00","AUD"
"2026-02-08","444969564092992","Sponsored Products","0.03","CAD"
"2026-02-25","96060745446945","Sponsored Products","0.00","USD"
"2026-02-03","371623685288534","Sponsored Brands","2.70","GBP"
"2026-02-01","448149727236636","Sponsored Products","0.00","AUD"
"2026-02-23","284096201830626","Sponsored Display","0.00","USD"
"2026-02-13","417555316939613","Sponsored Brands","0.00","AUD"
"2026-02-01","369371745062988","Sponsored Products","0.00","CAD"
"2026-02-06","43460676635147","Sponsored Products","0.00","USD"
"2026-02-25","54673378227395","Sponsored Products","0.00","USD"
"2026-02-06","72921898703277","Sponsored Products","1.65","USD"
"2026-02-21","77231525415892","Sponsored Products","0.00","USD"
"2026-02-14","276797522102375","Sponsored Products","11.45","USD"
"2026-02-12","482686146435604","Sponsored Brands","2.19","USD"
"2026-02-13","456837390130096","Sponsored Products","0.00","AUD"
"2026-02-02","141552428309171","Sponsored Products","108.31","USD"
"2026-02-28","296615200458181","Sponsored Brands","31.82","USD"
"2026-02-05","546191132663927","Sponsored Brands","0.00","USD"
"2026-02-07","174719285602701","Sponsored Products","1.54","USD"
"2026-02-11","428015197375542","Sponsored Products","0.00","AUD"
"2026-02-12","406487274006731","Sponsored Products","0.00","AUD"
"2026-02-20","225946958740637","Sponsored Products","0.00","USD"
"2026-02-28","188279469264899","Sponsored Products","1.42","USD"
"2026-02-01","413308568322873","Sponsored Brands","1.22","USD"
"2026-02-04","278626821184075","Sponsored Products","8.37","USD"
"2026-02-03","459130146103681","Sponsored Display","0.00","AUD"
"2026-02-03","243204708497477","Sponsored Products","0.00","USD"
"2026-02-09","463570831006082","Sponsored Products","0.00","CAD"
"2026-02-22","48192245895031","Sponsored Products","0.00","USD"
"2026-02-02","494590942145867","Sponsored Products","24.34","CAD"
"2026-02-02","461174245552414","Sponsored Products","4.82","AUD"
"2026-02-13","281235849108344","Sponsored Products","2.23","USD"
"2026-02-05","312711508263023","Sponsored Products","0.00","AUD"
"2026-02-08","189380234928822","Sponsored Products","0.00","USD"
"2026-02-27","164743561215297","Sponsored Products","0.00","USD"
"2026-02-09","186804517918072","Sponsored Products","1.96","USD"
"2026-02-03","318399173824872","Sponsored Products","1.78","GBP"
"2026-02-14","251197015848063","Sponsored Products","23.42","CAD"
"2026-02-12","61090477012622","Sponsored Products","0.00","USD"
"2026-02-28","545989665090053","Sponsored Brands","7.28","GBP"
"2026-02-19","194838680698310","Sponsored Products","8.52","USD"
"2026-02-19","188545556962991","Sponsored Products","0.00","USD"
"2026-02-05","298636506131156","Sponsored Brands","0.00","AUD"
"2026-02-05","300354268849742","Sponsored Brands","0.00","CAD"
"2026-02-22","495677195822245","Sponsored Brands","2.67","USD"
"2026-02-14","233888031600237","Sponsored Products","0.00","USD"
"2026-02-07","386893543852916","Sponsored Products","3.22","CAD"
"2026-02-19","225946958740637","Sponsored Products","0.00","USD"
"2026-02-19","101459965063202","Sponsored Products","5.18","USD"
"2026-02-18","213530912619228","Sponsored Products","0.56","USD"
"2026-02-23","206968068657618","Sponsored Products","0.00","USD"
"2026-02-17","277250351840071","Sponsored Products","2.47","USD"
"2026-02-03","413308568322873","Sponsored Brands","0.00","USD"
"2026-02-20","284096201830626","Sponsored Display","1.40","USD"
"2026-02-10","560000811916391","Sponsored Brands","10.27","USD"
"2026-02-24","204544178017947","Sponsored Products","0.00","USD"
"2026-02-28","194838680698310","Sponsored Products","0.00","USD"
"2026-02-10","363801591495934","Sponsored Brands","0.00","CAD"
"2026-02-07","77231525415892","Sponsored Products","0.00","USD"
"2026-02-21","149626049979530","Sponsored Products","0.00","USD"
"2026-02-13","384986795476042","Sponsored Brands","0.00","CAD"
"2026-02-08","367083122067501","Sponsored Display","0.00","USD"
"2026-02-08","423538576850039","Sponsored Products","0.00","AUD"
"2026-02-12","291612323170971","Sponsored Products","5.92","CAD"
"2026-02-24","79620432535917","Sponsored Products","7.31","USD"
"2026-02-14","141648422510979","Sponsored Products","8.81","USD"
"2026-02-26","115943131527635","Sponsored Products","0.00","USD"
"2026-02-05","531187508971652","Sponsored Display","0.01","CAD"
"2026-02-03","277250351840071","Sponsored Products","0.64","USD"
"2026-02-03","133846876580591","Sponsored Products","0.00","USD"
"2026-02-23","199076365376964","Sponsored Products","3.72","USD"
"2026-02-14","312711508263023","Sponsored Products","0.00","AUD"
"2026-02-10","1069464513580","Sponsored Products","23.23","USD"
"2026-02-13","415068636925262","Sponsored Brands","0.00","AUD"
"2026-02-07","296615200458181","Sponsored Brands","35.47","USD"
"2026-02-08","316207062053537","Sponsored Products","4.37","AUD"
"2026-02-05","441925918527435","Sponsored Brands","11.39","USD"
"2026-02-04","188279469264899","Sponsored Products","1.18","USD"
"2026-02-27","11588448157956","Sponsored Products","0.00","USD"
"2026-02-17","176035476248713","Sponsored Products","0.00","USD"
"2026-02-11","369371745062988","Sponsored Products","0.00","CAD"
"2026-02-12","67855357390881","Sponsored Products","0.80","USD"
"2026-02-25","423471492340141","Sponsored Brands","1.27","USD"
"2026-02-01","280513164622908","Sponsored Products","0.45","USD"
"2026-02-10","134777743429986","Sponsored Products","0.38","USD"
"2026-02-14","149942312994880","Sponsored Products","0.00","USD"
"2026-02-15","187735718741416","Sponsored Products","0.00","USD"
"2026-02-08","530543664696574","Sponsored Products","0.00","AUD"
"2026-02-08","557802220335065","Sponsored Products","0.00","CAD"
"2026-02-10","392598200964005","Sponsored Products","1.33","CAD"
"2026-02-10","352761064226908","Sponsored Brands","12.78","CAD"
"2026-02-21","210638600694486","Sponsored Products","0.96","USD"
"2026-02-01","324740828073799","Sponsored Products","0.00","AUD"
"2026-02-10","298636506131156","Sponsored Brands","3.80","AUD"
"2026-02-09","94073967562900","Sponsored Products","0.00","USD"
"2026-02-13","539750977499191","Sponsored Products","0.00","CAD"
"2026-02-06","254109808305934","Sponsored Products","5.61","USD"
"2026-02-06","48192245895031","Sponsored Products","0.00","USD"
"2026-02-05","354627207584492","Sponsored Products","0.00","CAD"
"2026-02-16","205764417979436","Sponsored Products","0.00","USD"
"2026-02-14","213530912619228","Sponsored Products","0.00","USD"
"2026-02-19","173362871105297","Sponsored Products","2.40","USD"
"2026-02-02","239772993878028","Sponsored Products","1.99","USD"
"2026-02-27","312632253610695","Sponsored Brands","0.00","USD"
"2026-02-18","137772430611725","Sponsored Products","0.00","USD"
"2026-02-09","272711015971799","Sponsored Products","0.00","USD"
"2026-02-21","303344079444236","Sponsored Brands","0.71","GBP"
"2026-02-03","206968068657618","Sponsored Products","0.00","USD"
"2026-02-16","77231525415892","Sponsored Products","0.00","USD"
"2026-02-07","53404531347848","Sponsored Products","0.00","USD"
"2026-02-18","58475731073369","Sponsored Products","0.00","USD"
"2026-02-14","199076365376964","Sponsored Products","10.57","USD"
"2026-02-07","437016942104478","Sponsored Brands","0.00","CAD"
"2026-02-13","174719285602701","Sponsored Products","1.40","USD"
"2026-02-02","246452377117901","Sponsored Products","0.00","USD"
"2026-02-11","316207062053537","Sponsored Products","0.00","AUD"
"2026-02-02","318148591057223","Sponsored Products","0.00","GBP"
"2026-02-01","399857229182854","Sponsored Brands","0.90","GBP"
"2026-02-15","325883174926875","Sponsored Brands","2.04","USD"
"2026-02-05","318399173824872","Sponsored Products","0.00","GBP"
"2026-02-01","194512325763287","Sponsored Products","0.00","USD"
"2026-02-26","30179169319725","Sponsored Products","4.31","AUD"
"2026-02-03","348537181713557","Sponsored Products","0.00","GBP"
"2026-02-23","357384467879967","Sponsored Brands","14.54","USD"
"2026-02-19","156285188540724","Sponsored Products","6.15","USD"
"2026-02-06","324740828073799","Sponsored Products","0.00","AUD"
"2026-02-02","83677388471868","Sponsored Products","21.45","USD"
"2026-02-23","482686146435604","Sponsored Brands","2.80","USD"
"2026-02-03","380439551325000","Sponsored Products","2.24","GBP"
"2026-02-09","363579801300326","Sponsored Products","0.00","CAD"
"2026-02-03","456837390130096","Sponsored Products","0.00","AUD"
"2026-02-28","278626821184075","Sponsored Products","0.00","USD"
"2026-02-01","81320226496883","Sponsored Products","0.00","USD"
"2026-02-18","140453739775668","Sponsored Products","1.17","USD"
"2026-02-02","455100983218716","Sponsored Brands","0.00","USD"
"2026-02-15","48433117829801","Sponsored Products","4.60","USD"
"2026-02-21","156989235380210","Sponsored Products","282.31","USD"
"2026-02-22","173362871105297","Sponsored Products","0.00","USD"
"2026-02-27","423471492340141","Sponsored Brands","1.41","USD"
"2026-02-19","188279469264899","Sponsored Products","0.00","USD"
"2026-02-01","61503627186513","Sponsored Products","0.00","USD"
"2026-02-01","428015197375542","Sponsored Products","0.00","AUD"
"2026-02-12","1861066386589","Sponsored Products","0.00","USD"
"2026-02-24","30179169319725","Sponsored Products","2.11","AUD"
"2026-02-20","44065507618346","Sponsored Products","0.00","USD"
"2026-02-25","434170639918769","Sponsored Brands","2.88","USD"
"2026-02-24","267283875717235","Sponsored Products","0.00","USD"
"2026-02-06","413308568322873","Sponsored Brands","0.00","USD"
"2026-02-06","317413414518930","Sponsored Products","0.00","GBP"
"2026-02-01","562873832621330","Sponsored Products","0.00","GBP"
"2026-02-06","511519443187302","Sponsored Products","4.37","GBP"
"2026-02-20","560000811916391","Sponsored Brands","6.11","USD"
"2026-02-25","22515666501366","Sponsored Products","0.83","USD"
"2026-02-07","443805539282973","Sponsored Brands","0.00","CAD"
"2026-02-07","312711508263023","Sponsored Products","0.00","AUD"
"2026-02-24","11588448157956","Sponsored Products","0.00","USD"
"2026-02-07","239695922795958","Sponsored Products","0.00","USD"
"2026-02-02","440503817971150","Sponsored Products","0.00","USD"
"2026-02-22","2414736156339","Sponsored Products","5.26","USD"
"2026-02-01","325883174926875","Sponsored Brands","8.92","USD"
"2026-02-05","354484097353439","Sponsored Products","0.00","GBP"
"2026-02-08","210638600694486","Sponsored Products","5.16","USD"
"2026-02-27","281024885672869","Sponsored Products","1.62","USD"
"2026-02-02","128835884603962","Sponsored Products","0.00","USD"
"2026-02-02","254109808305934","Sponsored Products","13.80","USD"
"2026-02-10","545989665090053","Sponsored Brands","1.15","GBP"
"2026-02-24","251197015848063","Sponsored Products","3.74","CAD"
"2026-02-07","206968068657618","Sponsored Products","0.00","USD"
"2026-02-11","317772463042332","Sponsored Products","0.74","AUD"
"2026-02-12","432013629308606","Sponsored Brands","0.00","CAD"
"2026-02-09","226743970768774","Sponsored Products","0.98","USD"
"2026-02-13","538771699321102","Sponsored Products","0.00","AUD"
"2026-02-01","9627520751858","Sponsored Products","13.40","USD"
"2026-02-02","23854220044300","Sponsored Products","4.41","USD"
"2026-02-04","428201110992726","Sponsored Products","0.00","USD"
"2026-02-15","1069464513580","Sponsored Products","19.62","USD"
"2026-02-03","324740828073799","Sponsored Products","0.00","AUD"
"2026-02-05","409429087898453","Sponsored Display","0.00","CAD"
"2026-02-15","30651955945418","Sponsored Products","1.89","USD"
"2026-02-11","257373022214500","Sponsored Products","2.65","USD"
"2026-02-13","284096201830626","Sponsored Display","3.21","USD"
"2026-02-04","476511840833684","Sponsored Products","0.00","GBP"
"2026-02-13","154118694541854","Sponsored Products","1.93","USD"
"2026-02-27","88056195803598","Sponsored Products","0.00","USD"
"2026-02-16","231848232455644","Sponsored Products","10.10","USD"
"2026-02-04","428914757065848","Sponsored Products","8.84","CAD"
"2026-02-04","149942312994880","Sponsored Products","0.00","USD"
"2026-02-27","28565058702355","Sponsored Products","7.81","USD"
"2026-02-05","22348745290500","Sponsored Products","2.02","USD"
"2026-02-23","28864493115463","Sponsored Products","0.00","USD"
"2026-02-05","511519443187302","Sponsored Products","2.84","GBP"
"2026-02-02","321516368269611","Sponsored Products","0.00","CAD"
"2026-02-14","34478632960968","Sponsored Products","9.42","USD"
"2026-02-25","279125239605082","Sponsored Products","0.00","USD"
"2026-02-07","124202126398060","Sponsored Products","5.96","USD"
"2026-02-22","176992507771254","Sponsored Products","0.81","USD"
"2026-02-09","440997775738977","Sponsored Products","0.00","AUD"
"2026-02-11","441276644656791","Sponsored Brands","3.93","AUD"
"2026-02-01","406487274006731","Sponsored Products","0.00","AUD"
"2026-02-04","481343337793629","Sponsored Products","0.00","GBP"
"2026-02-22","224639482376841","Sponsored Products","0.00","USD"
"2026-02-08","259323671730401","Sponsored Products","19.78","USD"
"2026-02-27","145958940968220","Sponsored Products","0.74","USD"
"2026-02-07","498311429491057","Sponsored Display","0.00","CAD"
"2026-02-05","366616645988820","Sponsored Products","0.00","CAD"
"2026-02-04","455983082050138","Sponsored Products","0.00","CAD"
"2026-02-15","251197015848063","Sponsored Products","6.84","CAD"
"2026-02-12","354627207584492","Sponsored Products","0.00","CAD"
"2026-02-10","558297049226516","Sponsored Brands","0.00","CAD"
"2026-02-27","48758698369103","Sponsored Products","0.00","USD"
"2026-02-17","325883174926875","Sponsored Brands","0.00","USD"
"2026-02-28","156285188540724","Sponsored Products","1.26","USD"
"2026-02-06","130912331972988","Sponsored Products","1.82","USD"
"2026-02-07","202838039381314","Sponsored Products","5.13","USD"
"2026-02-21","281110747056753","Sponsored Products","0.00","USD"
"2026-02-12","204544178017947","Sponsored Products","0.00","USD"
"2026-02-16","434170639918769","Sponsored Brands","0.00","USD"
"2026-02-06","380439551325000","Sponsored Products","0.75","GBP"
"2026-02-09","189380234928822","Sponsored Products","0.00","USD"
"2026-02-03","149942312994880","Sponsored Products","0.00","USD"
"2026-02-03","72921898703277","Sponsored Products","0.00","USD"
"2026-02-12","28864493115463","Sponsored Products","1.18","USD"
"2026-02-16","277250351840071","Sponsored Products","4.75","USD"
"2026-02-13","72921898703277","Sponsored Products","0.00","USD"
"2026-02-03","531187508971652","Sponsored Display","0.00","CAD"
"2026-02-25","199698435439447","Sponsored Products","0.00","USD"
"2026-02-17","40237294180920","Sponsored Products","0.00","USD"
"2026-02-13","561131507618203","Sponsored Products","0.00","AUD"
"2026-02-09","357384467879967","Sponsored Brands","11.05","USD"
"2026-02-21","23854220044300","Sponsored Products","1.07","USD"
"2026-02-03","286855949125211","Sponsored Products","6.67","AUD"
"2026-02-07","467633236874996","Sponsored Products","0.00","AUD"
"2026-02-22","22515666501366","Sponsored Products","0.90","USD"
"2026-02-13","480355060288556","Sponsored Products","0.00","AUD"
"2026-02-03","188279469264899","Sponsored Products","0.00","USD"
"2026-02-18","22348745290500","Sponsored Products","0.02","USD"
"2026-02-11","303344079444236","Sponsored Brands","0.34","GBP"
"2026-02-17","65271102777505","Sponsored Products","0.00","USD"
"2026-02-24","174719285602701","Sponsored Products","0.00","USD"
"2026-02-11","429216730447678","Sponsored Products","0.00","AUD"
"2026-02-14","204544178017947","Sponsored Products","0.00","USD"
"2026-02-08","175777768252798","Sponsored Products","8.91","USD"
"2026-02-06","409429087898453","Sponsored Display","0.00","CAD"
"2026-02-10","554517553013265","Sponsored Products","0.00","CAD"
"2026-02-15","453754530299965","Sponsored Brands","0.00","USD"
"2026-02-11","502907079288115","Sponsored Products","0.00","CAD"
"2026-02-18","61090477012622","Sponsored Products","2.44","USD"
"2026-02-06","397652540263806","Sponsored Products","0.00","CAD"
"2026-02-09","96060745446945","Sponsored Products","0.00","USD"
"2026-02-07","522533017982048","Sponsored Products","0.00","CAD"
"2026-02-01","398718122329444","Sponsored Products","1.06","GBP"
"2026-02-03","530911335551258","Sponsored Products","0.00","CAD"
"2026-02-19","145958940968220","Sponsored Products","0.00","USD"
"2026-02-13","187735718741416","Sponsored Products","1.57","USD"
"2026-02-09","44065507618346","Sponsored Products","1.26","USD"
"2026-02-13","484239021223334","Sponsored Products","0.00","AUD"
"2026-02-14","342468627864471","Sponsored Products","0.00","GBP"
"2026-02-02","498311429491057","Sponsored Display","0.00","CAD"
"2026-02-03","375880567146391","Sponsored Display","0.13","AUD"
"2026-02-01","257373022214500","Sponsored Products","0.00","USD"
"2026-02-03","186804517918072","Sponsored Products","0.00","USD"
"2026-02-27","34478632960968","Sponsored Products","12.39","USD"
"2026-02-19","128770506922317","Sponsored Products","0.00","USD"
"2026-02-06","94121140300347","Sponsored Products","7.48","USD"
"2026-02-23","102474552529229","Sponsored Products","0.00","USD"
"2026-02-03","432013629308606","Sponsored Brands","0.00","CAD"
"2026-02-01","360412290312296","Sponsored Brands","1.98","CAD"
"2026-02-22","238790977416237","Sponsored Products","0.00","USD"
"2026-02-22","539931100075119","Sponsored Brands","17.44","USD"
"2026-02-06","11588448157956","Sponsored Products","0.00","USD"
"2026-02-06","475621849553010","Sponsored Brands","0.00","CAD"
"2026-02-06","42141939819441","Sponsored Products","0.00","USD"
"2026-02-09","486830706800832","Sponsored Products","0.00","CAD"
"2026-02-09","259201002739674","Sponsored Products","2.66","USD"
"2026-02-12","392598200964005","Sponsored Products","0.00","CAD"
"2026-02-10","23854220044300","Sponsored Products","0.84","USD"
"2026-02-12","145958940968220","Sponsored Products","0.00","USD"
"2026-02-07","199698435439447","Sponsored Products","0.00","USD"
"2026-02-25","346023186686134","Sponsored Brands","1.00","USD"
"2026-02-19","79620432535917","Sponsored Products","3.41","USD"
"2026-02-19","243204708497477","Sponsored Products","0.00","USD"
"2026-02-14","280513164622908","Sponsored Products","0.00","USD"
"2026-02-22","115943131527635","Sponsored Products","0.00","USD"
"2026-02-04","298636506131156","Sponsored Brands","0.00","AUD"
"2026-02-23","491366396962687","Sponsored Brands","2.19","USD"
"2026-02-01","517050919084211","Sponsored Products","0.00","CAD"
"2026-02-07","548511206574211","Sponsored Brands","0.00","AUD"
"2026-02-17","94073967562900","Sponsored Products","0.00","USD"
"2026-02-09","440503817971150","Sponsored Products","0.00","USD"
"2026-02-07","154118694541854","Sponsored Products","0.00","USD"
"2026-02-21","225946958740637","Sponsored Products","1.72","USD"
"2026-02-17","79620432535917","Sponsored Products","5.78","USD"
"2026-02-05","204544178017947","Sponsored Products","2.10","USD"
"2026-02-12","455688132780953","Sponsored Brands","2.73","USD"
"2026-02-09","300354268849742","Sponsored Brands","0.00","CAD"
"2026-02-17","257373022214500","Sponsored Products","2.65","USD"
"2026-02-05","455983082050138","Sponsored Products","0.48","CAD"
"2026-02-26","158724595401869","Sponsored Products","1.27","USD"
"2026-02-10","539750977499191","Sponsored Products","0.00","CAD"
"2026-02-07","271002646812055","Sponsored Products","0.00","USD"
"2026-02-12","456837390130096","Sponsored Products","0.00","AUD"
"2026-02-05","406487274006731","Sponsored Products","0.00","AUD"
"2026-02-01","436562742415834","Sponsored Products","0.00","GBP"
"2026-02-01","286855949125211","Sponsored Products","6.15","AUD"
"2026-02-15","246452377117901","Sponsored Products","0.00","USD"
"2026-02-16","413308568322873","Sponsored Brands","0.00","USD"
"2026-02-04","97079585612330","Sponsored Products","0.00","USD"
"2026-02-13","88056195803598","Sponsored Products","1.25","USD"
"2026-02-10","272711015971799","Sponsored Products","2.25","USD"
"2026-02-08","453187476718269","Sponsored Display","0.00","CAD"
"2026-02-08","133846876580591","Sponsored Products","0.00","USD"
"2026-02-14","22348745290500","Sponsored Products","0.00","USD"
"2026-02-19","205764417979436","Sponsored Products","0.00","USD"
"2026-02-17","132476300811824","Sponsored Products","4.01","CAD"
"2026-02-01","429216730447678","Sponsored Products","0.00","AUD"
"2026-02-25","172779439196738","Sponsored Products","0.00","USD"
"2026-02-02","9627520751858","Sponsored Products","12.96","USD"
"2026-02-03","444969564092992","Sponsored Products","0.00","CAD"
"2026-02-19","251197015848063","Sponsored Products","2.08","CAD"
"2026-02-02","363579801300326","Sponsored Products","0.00","CAD"
"2026-02-07","270513944391898","Sponsored Products","12.50","USD"
"2026-02-01","93061813718954","Sponsored Products","0.00","USD"
"2026-02-19","213530912619228","Sponsored Products","1.70","USD"
"2026-02-14","134777743429986","Sponsored Products","0.00","USD"
"2026-02-03","303784488331012","Sponsored Display","2.03","AUD"
"2026-02-17","173362871105297","Sponsored Products","0.00","USD"
"2026-02-17","187735718741416","Sponsored Products","0.00","USD"
"2026-02-04","153491409585454","Sponsored Products","15.96","USD"
"2026-02-05","286308132559342","Sponsored Brands","0.00","AUD"
"2026-02-07","371604599978031","Sponsored Products","0.00","AUD"
"2026-02-02","148265992493931","Sponsored Products","0.87","USD"
"2026-02-04","439118795538688","Sponsored Brands","0.00","CAD"
"2026-02-24","101459965063202","Sponsored Products","4.27","USD"
"2026-02-02","375262111034104","Sponsored Brands","4.99","USD"
"2026-02-16","224639482376841","Sponsored Products","2.68","USD"
"2026-02-17","463874563272935","Sponsored Brands","0.00","AUD"
"2026-02-13","115758363210245","Sponsored Products","4.27","USD"
"2026-02-23","205764417979436","Sponsored Products","0.00","USD"
"2026-02-06","327323455598643","Sponsored Products","0.00","GBP"
"2026-02-27","325883174926875","Sponsored Brands","0.00","USD"
"2026-02-03","557802220335065","Sponsored Products","0.00","CAD"
"2026-02-05","406964010755868","Sponsored Products","0.00","CAD"
"2026-02-17","121446500477002","Sponsored Products","0.68","USD"
"2026-02-22","44065507618346","Sponsored Products","1.72","USD"
"2026-02-22","278626821184075","Sponsored Products","0.00","USD"
"2026-02-12","378858058113466","Sponsored Products","0.00","CAD"
"2026-02-16","204544178017947","Sponsored Products","0.00","USD"
"2026-02-04","409429087898453","Sponsored Display","0.00","CAD"
"2026-02-26","130912331972988","Sponsored Products","0.00","USD"
"2026-02-18","154085784178560","Sponsored Products","0.00","USD"
"2026-02-03","459488439760934","Sponsored Products","0.00","GBP"
"2026-02-07","23854220044300","Sponsored Products","2.02","USD"
"2026-02-16","280513164622908","Sponsored Products","0.00","USD"
"2026-02-24","97079585612330","Sponsored Products","5.94","USD"
"2026-02-04","316018693107855","Sponsored Products","0.00","USD"
"2026-02-20","207367106415924","Sponsored Products","24.20","GBP"
"2026-02-01","153491409585454","Sponsored Products","1.22","USD"
"2026-02-03","115758363210245","Sponsored Products","10.11","USD"
"2026-02-26","132476300811824","Sponsored Products","13.63","CAD"
"2026-02-17","225946958740637","Sponsored Products","3.69","USD"
"2026-02-06","409249674990450","Sponsored Products","0.55","AUD"
"2026-02-05","317772463042332","Sponsored Products","0.00","AUD"
"2026-02-18","225946958740637","Sponsored Products","1.92","USD"
"2026-02-23","128770506922317","Sponsored Products","0.00","USD"
"2026-02-02","454571413921997","Sponsored Products","0.00","GBP"
"2026-02-06","398718122329444","Sponsored Products","0.24","GBP"
"2026-02-10","417555316939613","Sponsored Brands","0.00","AUD"
"2026-02-15","495677195822245","Sponsored Brands","0.00","USD"
"2026-02-08","184593163947523","Sponsored Products","0.00","USD"
"2026-02-22","32571611634774","Sponsored Products","0.00","USD"
"2026-02-03","434871922933588","Sponsored Brands","0.00","CAD"
"2026-02-02","406964010755868","Sponsored Products","0.00","CAD"
"2026-02-08","199698435439447","Sponsored Products","0.45","USD"
"2026-02-06","213530912619228","Sponsored Products","0.53","USD"
"2026-02-12","314318800479242","Sponsored Products","0.00","AUD"
"2026-02-08","522533017982048","Sponsored Products","0.00","CAD"
"2026-02-07","288669281122601","Sponsored Products","0.00","AUD"
"2026-02-06","271002646812055","Sponsored Products","0.00","USD"
"2026-02-02","113013759920940","Sponsored Products","5.17","USD"
"2026-02-24","407444835513369","Sponsored Brands","0.00","CAD"
"2026-02-28","348184859637636","Sponsored Brands","0.00","USD"
"2026-02-19","93539819506468","Sponsored Products","0.00","USD"
"2026-02-20","453754530299965","Sponsored Brands","4.71","USD"
"2026-02-05","279125239605082","Sponsored Products","1.56","USD"
"2026-02-19","60802440953180","Sponsored Products","0.00","USD"
"2026-02-15","141552428309171","Sponsored Products","108.54","USD"
"2026-02-22","8078369968995","Sponsored Products","0.00","USD"
"2026-02-13","357384467879967","Sponsored Brands","7.43","USD"
"2026-02-06","312711508263023","Sponsored Products","0.00","AUD"
"2026-02-02","360836238849040","Sponsored Products","0.07","AUD"
"2026-02-05","226743970768774","Sponsored Products","3.05","USD"
"2026-02-06","278626821184075","Sponsored Products","28.94","USD"
"2026-02-09","452065263384491","Sponsored Brands","0.23","USD"
"2026-02-26","204544178017947","Sponsored Products","0.00","USD"
"2026-02-01","303784488331012","Sponsored Display","0.00","AUD"
"2026-02-24","482686146435604","Sponsored Brands","2.62","USD"
"2026-02-23","325883174926875","Sponsored Brands","0.32","USD"
"2026-02-01","134777743429986","Sponsored Products","0.00","USD"
"2026-02-06","300354268849742","Sponsored Brands","0.27","CAD"
"2026-02-16","126638359335345","Sponsored Products","0.00","USD"
"2026-02-11","96473122408354","Sponsored Products","0.00","USD"
"2026-02-24","28565058702355","Sponsored Products","11.42","USD"
"2026-02-21","238790977416237","Sponsored Products","0.00","USD"
"2026-02-04","65271102777505","Sponsored Products","0.00","USD"
"2026-02-06","555379102425019","Sponsored Products","0.00","CAD"
"2026-02-18","434170639918769","Sponsored Brands","1.01","USD"
"2026-02-13","317772463042332","Sponsored Products","0.00","AUD"
"2026-02-19","259323671730401","Sponsored Products","10.96","USD"
"2026-02-12","124202126398060","Sponsored Products","2.91","USD"
"2026-02-14","124202126398060","Sponsored Products","1.99","USD"
"2026-02-11","486830706800832","Sponsored Products","0.00","CAD"
"2026-02-16","325883174926875","Sponsored Brands","0.00","USD"
"2026-02-16","1069464513580","Sponsored Products","37.40","USD"
"2026-02-10","126638359335345","Sponsored Products","0.00","USD"
"2026-02-19","132476300811824","Sponsored Products","20.23","CAD"
"2026-02-05","398718122329444","Sponsored Products","3.37","GBP"
"2026-02-09","126638359335345","Sponsored Products","0.00","USD"
"2026-02-01","162987026418786","Sponsored Products","0.70","USD"
"2026-02-22","452065263384491","Sponsored Brands","7.51","USD"
"2026-02-01","318148591057223","Sponsored Products","4.98","GBP"
"2026-02-03","511828144987995","Sponsored Products","0.00","GBP"
"2026-02-20","32571611634774","Sponsored Products","0.00","USD"
"2026-02-03","505299994018527","Sponsored Products","0.00","CAD"
"2026-02-02","555379102425019","Sponsored Products","3.12","CAD"
"2026-02-09","192968792078402","Sponsored Products","0.00","USD"
"2026-02-09","546618773117950","Sponsored Brands","0.00","AUD"
"2026-02-08","27661898820374","Sponsored Products","0.00","USD"
"2026-02-11","34639218619625","Sponsored Products","0.00","USD"
"2026-02-10","93539819506468","Sponsored Products","0.00","USD"
"2026-02-14","406487274006731","Sponsored Products","0.00","AUD"
"2026-02-11","298636506131156","Sponsored Brands","1.68","AUD"
"2026-02-04","558297049226516","Sponsored Brands","0.00","CAD"
"2026-02-09","153491409585454","Sponsored Products","12.50","USD"
"2026-02-07","428015197375542","Sponsored Products","0.00","AUD"
"2026-02-13","278626821184075","Sponsored Products","7.13","USD"
"2026-02-13","172779439196738","Sponsored Products","0.00","USD"
"2026-02-10","555379102425019","Sponsored Products","1.82","CAD"
"2026-02-02","536492240546443","Sponsored Products","0.00","CAD"
"2026-02-10","321879822518995","Sponsored Products","0.12","AUD"
"2026-02-24","18193170148935","Sponsored Products","0.00","USD"
"2026-02-07","216925562826343","Sponsored Products","4.91","USD"
"2026-02-20","130912331972988","Sponsored Products","1.26","USD"
"2026-02-07","428914757065848","Sponsored Products","5.35","CAD"
"2026-02-11","175777768252798","Sponsored Products","0.00","USD"
"2026-02-19","238790977416237","Sponsored Products","1.53","USD"
"2026-02-21","482686146435604","Sponsored Brands","1.33","USD"
"2026-02-02","378858058113466","Sponsored Products","1.11","CAD"
"2026-02-10","320522945603717","Sponsored Brands","0.00","CAD"
"2026-02-22","464658704178346","Sponsored Brands","0.00","USD"
"2026-02-20","224639482376841","Sponsored Products","0.00","USD"
"2026-02-01","440997775738977","Sponsored Products","0.00","AUD"
"2026-02-27","224639482376841","Sponsored Products","0.00","USD"
"2026-02-12","292138679780956","Sponsored Products","0.00","AUD"
"2026-02-05","505299994018527","Sponsored Products","0.00","CAD"
"2026-02-06","516157903732083","Sponsored Products","0.00","GBP"
"2026-02-27","192420944790293","Sponsored Products","1.52","GBP"
"2026-02-16","189380234928822","Sponsored Products","0.00","USD"
"2026-02-15","413308568322873","Sponsored Brands","2.82","USD"
"2026-02-08","292138679780956","Sponsored Products","1.31","AUD"
"2026-02-09","455100983218716","Sponsored Brands","0.00","USD"
"2026-02-01","495677195822245","Sponsored Brands","0.20","USD"
"2026-02-16","48758698369103","Sponsored Products","0.00","USD"
"2026-02-22","357384467879967","Sponsored Brands","20.91","USD"
"2026-02-12","65861573413220","Sponsored Products","0.00","USD"
"2026-02-14","482686146435604","Sponsored Brands","6.87","USD"
"2026-02-10","194838680698310","Sponsored Products","26.48","USD"
"2026-02-15","455688132780953","Sponsored Brands","4.55","USD"
"2026-02-07","399629340308947","Sponsored Brands","0.00","AUD"
"2026-02-07","286855949125211","Sponsored Products","2.47","AUD"
"2026-02-11","375262111034104","Sponsored Brands","1.46","USD"
"2026-02-02","213530912619228","Sponsored Products","0.00","USD"
"2026-02-27","210638600694486","Sponsored Products","0.91","USD"
"2026-02-25","174719285602701","Sponsored Products","0.00","USD"
"2026-02-28","30179169319725","Sponsored Products","9.02","AUD"
"2026-02-19","168803396873792","Sponsored Products","1.17","USD"
"2026-02-01","423538576850039","Sponsored Products","0.00","AUD"
"2026-02-04","407346576799567","Sponsored Products","0.00","AUD"
"2026-02-28","83677388471868","Sponsored Products","0.00","USD"
"2026-02-05","192968792078402","Sponsored Products","0.00","USD"
"2026-02-11","504962652065858","Sponsored Brands","0.00","AUD"
"2026-02-24","88056195803598","Sponsored Products","0.00","USD"
"2026-02-18","124202126398060","Sponsored Products","1.59","USD"
"2026-02-10","278626821184075","Sponsored Products","7.62","USD"
"2026-02-12","503460776607859","Sponsored Brands","0.00","CAD"
"2026-02-03","481343337793629","Sponsored Products","0.00","GBP"
"2026-02-22","246452377117901","Sponsored Products","0.00","USD"
"2026-02-14","34639218619625","Sponsored Products","0.00","USD"
"2026-02-01","303344079444236","Sponsored Brands","0.61","GBP"
"2026-02-13","555379102425019","Sponsored Products","0.00","CAD"
"2026-02-02","455688132780953","Sponsored Brands","6.11","USD"
"2026-02-09","198809778193730","Sponsored Products","184.11","USD"
"2026-02-04","386865813070708","Sponsored Products","0.00","USD"
"2026-02-03","124202126398060","Sponsored Products","9.68","USD"
"2026-02-11","486701736662809","Sponsored Products","0.00","AUD"
"2026-02-02","444969564092992","Sponsored Products","0.00","CAD"
"2026-02-28","303344079444236","Sponsored Brands","0.00","GBP"
"2026-02-04","557814926181675","Sponsored Products","0.00","CAD"
"2026-02-09","175777768252798","Sponsored Products","0.45","USD"
"2026-02-27","202228555422966","Sponsored Products","0.00","USD"
"2026-02-11","148265992493931","Sponsored Products","0.00","USD"
"2026-02-23","239677460933975","Sponsored Products","0.72","USD"
"2026-02-09","145958940968220","Sponsored Products","0.22","USD"
"2026-02-01","186804517918072","Sponsored Products","1.53","USD"
"2026-02-24","194512325763287","Sponsored Products","0.00","USD"
"2026-02-14","128835884603962","Sponsored Products","0.00","USD"
"2026-02-09","141552428309171","Sponsored Products","117.99","USD"
"2026-02-11","34478632960968","Sponsored Products","25.69","USD"
"2026-02-01","259323671730401","Sponsored Products","10.53","USD"
"2026-02-13","428914757065848","Sponsored Products","2.67","CAD"
"2026-02-02","344717374719347","Sponsored Display","0.00","CAD"
"2026-02-01","494994223093944","Sponsored Brands","0.00","AUD"
"2026-02-17","168803396873792","Sponsored Products","0.00","USD"
"2026-02-12","539750977499191","Sponsored Products","0.00","CAD"
"2026-02-02","156989235380210","Sponsored Products","69.00","USD"
"2026-02-06","79620432535917","Sponsored Products","2.49","USD"
"2026-02-11","205764417979436","Sponsored Products","0.00","USD"
"2026-02-06","530353594830018","Sponsored Display","0.51","CAD"
"2026-02-02","323864334787492","Sponsored Products","0.00","AUD"
"2026-02-14","65861573413220","Sponsored Products","0.00","USD"
"2026-02-23","453754530299965","Sponsored Brands","3.52","USD"
"2026-02-08","495677195822245","Sponsored Brands","0.00","USD"
"2026-02-15","149942312994880","Sponsored Products","0.00","USD"
"2026-02-06","396524009311704","Sponsored Brands","2.56","CAD"
"2026-02-02","491366396962687","Sponsored Brands","10.55","USD"
"2026-02-25","495677195822245","Sponsored Brands","3.43","USD"
"2026-02-20","291680855614624","Sponsored Brands","1.86","GBP"
"2026-02-27","176992507771254","Sponsored Products","1.56","USD"
"2026-02-14","194838680698310","Sponsored Products","1.01","USD"
"2026-02-27","54673378227395","Sponsored Products","0.97","USD"
"2026-02-15","254109808305934","Sponsored Products","3.60","USD"
"2026-02-16","357384467879967","Sponsored Brands","3.99","USD"
"2026-02-21","22348745290500","Sponsored Products","0.00","USD"
"2026-02-23","42141939819441","Sponsored Products","0.00","USD"
"2026-02-11","281024885672869","Sponsored Products","0.00","USD"
"2026-02-19","239677460933975","Sponsored Products","3.29","USD"
"2026-02-01","94121140300347","Sponsored Products","2.51","USD"
"2026-02-16","94073967562900","Sponsored Products","0.00","USD"
"2026-02-11","192968792078402","Sponsored Products","1.95","USD"
"2026-02-26","168803396873792","Sponsored Products","0.00","USD"
"2026-02-08","286855949125211","Sponsored Products","3.53","AUD"
"2026-02-05","1861066386589","Sponsored Products","0.00","USD"
"2026-02-02","286308132559342","Sponsored Brands","0.00","AUD"
"2026-02-21","14582572617569","Sponsored Products","1.39","USD"
"2026-02-01","189380234928822","Sponsored Products","3.77","USD"
"2026-02-25","281235849108344","Sponsored Products","6.85","USD"
"2026-02-19","67855357390881","Sponsored Products","0.00","USD"
"2026-02-07","1861066386589","Sponsored Products","0.00","USD"
"2026-02-02","280513164622908","Sponsored Products","0.00","USD"
"2026-02-05","363551194960955","Sponsored Products","0.00","CAD"
"2026-02-13","303784488331012","Sponsored Display","0.00","AUD"
"2026-02-01","545146961820010","Sponsored Products","1.20","GBP"
"2026-02-04","202299611765170","Sponsored Products","0.94","USD"
"2026-02-22","96060745446945","Sponsored Products","0.00","USD"
"2026-02-03","461803854184467","Sponsored Products","0.00","CAD"
"2026-02-24","158171452508120","Sponsored Products","0.00","USD"
"2026-02-27","453754530299965","Sponsored Brands","0.42","USD"
"2026-02-07","22348745290500","Sponsored Products","0.00","USD"
"2026-02-09","392972027720670","Sponsored Products","0.00","CAD"
"2026-02-24","202228555422966","Sponsored Products","0.00","USD"
"2026-02-23","271780514756108","Sponsored Products","0.00","USD"
"2026-02-02","199698435439447","Sponsored Products","0.00","USD"
"2026-02-18","121446500477002","Sponsored Products","0.00","USD"
"2026-02-02","402744546317623","Sponsored Brands","0.00","GBP"
"2026-02-26","262727752997615","Sponsored Products","0.00","USD"
"2026-02-17","124202126398060","Sponsored Products","1.03","USD"
"2026-02-08","560000811916391","Sponsored Brands","5.61","USD"
"2026-02-07","357384467879967","Sponsored Brands","15.42","USD"
"2026-02-02","278626821184075","Sponsored Products","14.98","USD"
"2026-02-08","310318758176650","Sponsored Products","0.00","CAD"
"2026-02-12","363579801300326","Sponsored Products","0.00","CAD"
"2026-02-02","175777768252798","Sponsored Products","5.95","USD"
"2026-02-08","321879822518995","Sponsored Products","0.00","AUD"
"2026-02-14","1861066386589","Sponsored Products","0.00","USD"
"2026-02-06","210638600694486","Sponsored Products","12.93","USD"
"2026-02-24","34639218619625","Sponsored Products","1.17","USD"
"2026-02-07","455688132780953","Sponsored Brands","6.17","USD"
"2026-02-04","354627207584492","Sponsored Products","0.45","CAD"
"2026-02-12","88056195803598","Sponsored Products","0.00","USD"
"2026-02-05","58475731073369","Sponsored Products","0.43","USD"
"2026-02-04","392537273853228","Sponsored Brands","0.00","AUD"
"2026-02-16","269935586939823","Sponsored Products","8.80","CAD"
"2026-02-09","538771699321102","Sponsored Products","0.00","AUD"
"2026-02-05","360836238849040","Sponsored Products","0.00","AUD"
"2026-02-24","187735718741416","Sponsored Products","0.00","USD"
"2026-02-13","96060745446945","Sponsored Products","0.00","USD"
"2026-02-01","557814926181675","Sponsored Products","0.00","CAD"
"2026-02-23","96060745446945","Sponsored Products","0.00","USD"
"2026-02-14","187735718741416","Sponsored Products","0.00","USD"
"2026-02-10","168803396873792","Sponsored Products","0.00","USD"
"2026-02-25","27661898820374","Sponsored Products","2.98","USD"
"2026-02-09","206968068657618","Sponsored Products","0.00","USD"
"2026-02-16","407444835513369","Sponsored Brands","0.00","CAD"
"2026-02-17","18193170148935","Sponsored Products","0.00","USD"
"2026-02-05","149818563042691","Sponsored Products","2.24","USD"
"2026-02-23","83677388471868","Sponsored Products","0.00","USD"
"2026-02-02","124202126398060","Sponsored Products","3.40","USD"
"2026-02-28","56338703455249","Sponsored Products","2.19","USD"
"2026-02-08","65271102777505","Sponsored Products","4.67","USD"
"2026-02-10","192420944790293","Sponsored Products","30.00","GBP"
"2026-02-17","423471492340141","Sponsored Brands","2.67","USD"
"2026-02-03","463874563272935","Sponsored Brands","1.65","AUD"
"2026-02-09","246452377117901","Sponsored Products","0.00","USD"
"2026-02-11","194838680698310","Sponsored Products","21.72","USD"
"2026-02-17","133243849204741","Sponsored Products","0.00","USD"
"2026-02-01","137772430611725","Sponsored Products","8.41","USD"
"2026-02-17","137772430611725","Sponsored Products","0.00","USD"
"2026-02-13","202299611765170","Sponsored Products","0.00","USD"
"2026-02-18","207367106415924","Sponsored Products","7.60","GBP"
"2026-02-20","215176800738804","Sponsored Products","0.00","USD"
"2026-02-03","72790979016813","Sponsored Products","0.00","USD"
"2026-02-07","215966552761313","Sponsored Products","2.12","USD"
"2026-02-03","422044464968254","Sponsored Products","2.47","GBP"
"2026-02-09","352761064226908","Sponsored Brands","11.40","CAD"
"2026-02-10","175777768252798","Sponsored Products","0.00","USD"
"2026-02-16","54386198712419","Sponsored Products","0.00","USD"
"2026-02-03","204544178017947","Sponsored Products","0.00","USD"
"2026-02-15","281235849108344","Sponsored Products","1.30","USD"
"2026-02-03","545989665090053","Sponsored Brands","1.28","GBP"
"2026-02-22","168803396873792","Sponsored Products","0.00","USD"
"2026-02-17","452082306058129","Sponsored Brands","0.00","CAD"
"2026-02-05","11143044290906","Sponsored Products","1.98","USD"
"2026-02-05","276797522102375","Sponsored Products","11.73","USD"
"2026-02-06","27661898820374","Sponsored Products","0.00","USD"
"2026-02-05","83042096012825","Sponsored Products","0.00","USD"
"2026-02-07","101965336081409","Sponsored Products","3.17","USD"
"2026-02-09","128770506922317","Sponsored Products","0.00","USD"
"2026-02-10","149626049979530","Sponsored Products","0.00","USD"
"2026-02-14","407530123839349","Sponsored Products","0.00","AUD"
"2026-02-05","284096201830626","Sponsored Display","2.65","USD"
"2026-02-04","198809778193730","Sponsored Products","185.96","USD"
"2026-02-23","281235849108344","Sponsored Products","0.76","USD"
"2026-02-17","539931100075119","Sponsored Brands","11.09","USD"
"2026-02-05","439663157752722","Sponsored Brands","0.00","USD"
"2026-02-07","521187964040554","Sponsored Products","1.90","CAD"
"2026-02-13","60802440953180","Sponsored Products","0.00","USD"
"2026-02-26","81320226496883","Sponsored Products","0.00","USD"
"2026-02-04","411197191773342","Sponsored Products","0.00","AUD"
"2026-02-04","28565058702355","Sponsored Products","15.62","USD"
"2026-02-07","233888031600237","Sponsored Products","0.00","USD"
"2026-02-06","82064097659476","Sponsored Products","0.00","USD"
"2026-02-17","464658704178346","Sponsored Brands","1.86","USD"
"2026-02-01","172779439196738","Sponsored Products","0.87","USD"
"2026-02-02","316207062053537","Sponsored Products","0.00","AUD"
"2026-02-18","254109808305934","Sponsored Products","2.10","USD"
"2026-02-11","443805539282973","Sponsored Brands","1.23","CAD"
"2026-02-02","312711508263023","Sponsored Products","0.00","AUD"
"2026-02-13","65271102777505","Sponsored Products","0.00","USD"
"2026-02-16","176992507771254","Sponsored Products","1.81","USD"
"2026-02-03","18193170148935","Sponsored Products","0.00","USD"
"2026-02-01","399629340308947","Sponsored Brands","0.00","AUD"
"2026-02-05","453503689032806","Sponsored Products","0.89","GBP"
"2026-02-05","411197191773342","Sponsored Products","0.00","AUD"
"2026-02-28","276797522102375","Sponsored Products","0.52","USD"
"2026-02-11","539931100075119","Sponsored Brands","6.49","USD"
"2026-02-16","34639218619625","Sponsored Products","0.00","USD"
"2026-02-27","262727752997615","Sponsored Products","0.00","USD"
"2026-02-07","452065263384491","Sponsored Brands","0.67","USD"
"2026-02-28","79620432535917","Sponsored Products","1.01","USD"
"2026-02-21","97079585612330","Sponsored Products","0.93","USD"
"2026-02-03","511519443187302","Sponsored Products","3.83","GBP"
"2026-02-03","296615200458181","Sponsored Brands","34.05","USD"
"2026-02-06","262727752997615","Sponsored Products","10.54","USD"
"2026-02-10","428914757065848","Sponsored Products","5.47","CAD"
"2026-02-27","128835884603962","Sponsored Products","0.00","USD"
"2026-02-05","398122169001461","Sponsored Products","2.18","AUD"
"2026-02-01","522533017982048","Sponsored Products","0.00","CAD"
"2026-02-19","96060745446945","Sponsored Products","0.00","USD"
"2026-02-08","366616645988820","Sponsored Products","0.00","CAD"
"2026-02-15","8078369968995","Sponsored Products","1.26","USD"
"2026-02-03","386920533914758","Sponsored Brands","0.55","CAD"
"2026-02-21","441925918527435","Sponsored Brands","0.72","USD"
"2026-02-02","96473122408354","Sponsored Products","0.00","USD"
"2026-02-10","189380234928822","Sponsored Products","0.00","USD"
"2026-02-25","303344079444236","Sponsored Brands","0.00","GBP"
"2026-02-15","184593163947523","Sponsored Products","0.00","USD"
"2026-02-25","115758363210245","Sponsored Products","4.72","USD"
"2026-02-10","459130146103681","Sponsored Display","0.00","AUD"
"2026-02-25","192420944790293","Sponsored Products","5.09","GBP"
"2026-02-08","259201002739674","Sponsored Products","0.00","USD"
"2026-02-26","291680855614624","Sponsored Brands","0.81","GBP"
"2026-02-12","138135222992233","Sponsored Products","0.46","USD"
"2026-02-13","1861066386589","Sponsored Products","0.00","USD"
"2026-02-21","153491409585454","Sponsored Products","2.45","USD"
"2026-02-22","284096201830626","Sponsored Display","0.51","USD"
"2026-02-13","216925562826343","Sponsored Products","0.00","USD"
"2026-02-06","558782683947956","Sponsored Products","0.00","CAD"
"2026-02-01","402744546317623","Sponsored Brands","0.00","GBP"
"2026-02-11","423471492340141","Sponsored Brands","7.94","USD"
"2026-02-10","504962652065858","Sponsored Brands","0.00","AUD"
"2026-02-08","239677460933975","Sponsored Products","21.02","USD"
"2026-02-18","34478632960968","Sponsored Products","12.23","USD"
"2026-02-13","77231525415892","Sponsored Products","0.00","USD"
"2026-02-13","363551194960955","Sponsored Products","0.00","CAD"
"2026-02-03","156989235380210","Sponsored Products","82.31","USD"
"2026-02-04","494994223093944","Sponsored Brands","1.25","AUD"
"2026-02-01","392972027720670","Sponsored Products","0.00","CAD"
"2026-02-05","239695922795958","Sponsored Products","0.09","USD"
"2026-02-16","81320226496883","Sponsored Products","0.00","USD"
"2026-02-04","199076365376964","Sponsored Products","0.00","USD"
"2026-02-12","65271102777505","Sponsored Products","0.00","USD"
"2026-02-22","312632253610695","Sponsored Brands","0.67","USD"
"2026-02-20","67855357390881","Sponsored Products","0.00","USD"
"2026-02-01","312632253610695","Sponsored Brands","0.82","USD"
"2026-02-16","245503802057093","Sponsored Products","0.00","USD"
"2026-02-03","555379102425019","Sponsored Products","1.82","CAD"
"2026-02-25","11143044290906","Sponsored Products","1.16","USD"
"2026-02-04","189380234928822","Sponsored Products","0.00","USD"
"2026-02-21","205922105032655","Sponsored Products","0.69","USD"
"2026-02-05","83677388471868","Sponsored Products","0.00","USD"
"2026-02-03","455100983218716","Sponsored Brands","0.60","USD"
"2026-02-05","392972027720670","Sponsored Products","0.00","CAD"
"2026-02-24","23854220044300","Sponsored Products","2.71","USD"
"2026-02-05","175777768252798","Sponsored Products","15.70","USD"
"2026-02-14","48192245895031","Sponsored Products","0.00","USD"
"2026-02-21","259323671730401","Sponsored Products","13.71","USD"
"2026-02-10","406964010755868","Sponsored Products","2.85","CAD"
"2026-02-15","153491409585454","Sponsored Products","4.60","USD"
"2026-02-06","545989665090053","Sponsored Brands","1.72","GBP"
"2026-02-13","224639482376841","Sponsored Products","15.95","USD"
"2026-02-03","482686146435604","Sponsored Brands","1.97","USD"
"2026-02-22","9627520751858","Sponsored Products","10.59","USD"
"2026-02-12","464658704178346","Sponsored Brands","0.00","USD"
"2026-02-26","48433117829801","Sponsored Products","1.39","USD"
"2026-02-24","439663157752722","Sponsored Brands","3.18","USD"
"2026-02-14","101965336081409","Sponsored Products","0.00","USD"
"2026-02-04","8078369968995","Sponsored Products","0.00","USD"
"2026-02-02","386920533914758","Sponsored Brands","0.00","CAD"
"2026-02-05","202838039381314","Sponsored Products","0.00","USD"
"2026-02-10","44065507618346","Sponsored Products","0.91","USD"
"2026-02-04","271002646812055","Sponsored Products","25.46","USD"
"2026-02-01","437016942104478","Sponsored Brands","0.00","CAD"
"2026-02-16","202228555422966","Sponsored Products","0.00","USD"
"2026-02-27","261659564571062","Sponsored Products","0.00","USD"
"2026-02-01","96060745446945","Sponsored Products","0.00","USD"
"2026-02-07","284096201830626","Sponsored Display","7.66","USD"
"2026-02-08","72790979016813","Sponsored Products","0.00","USD"
"2026-02-21","239677460933975","Sponsored Products","3.16","USD"
"2026-02-15","158171452508120","Sponsored Products","0.00","USD"
"2026-02-25","453754530299965","Sponsored Brands","0.66","USD"
"2026-02-10","128770506922317","Sponsored Products","0.00","USD"
"2026-02-06","399629340308947","Sponsored Brands","0.00","AUD"
"2026-02-15","452065263384491","Sponsored Brands","0.25","USD"
"2026-02-17","141552428309171","Sponsored Products","73.00","USD"
"2026-02-01","515637010546761","Sponsored Brands","16.30","USD"
"2026-02-09","96473122408354","Sponsored Products","0.00","USD"
"2026-02-28","187735718741416","Sponsored Products","0.00","USD"
"2026-02-27","255100442617527","Sponsored Products","1.27","USD"
"2026-02-12","366616645988820","Sponsored Products","0.00","CAD"
"2026-02-25","61090477012622","Sponsored Products","0.89","USD"
"2026-02-17","148265992493931","Sponsored Products","0.00","USD"
"2026-02-08","486701736662809","Sponsored Products","0.06","AUD"
"2026-02-04","154085784178560","Sponsored Products","9.73","USD"
"2026-02-11","288669281122601","Sponsored Products","0.74","AUD"
"2026-02-08","270513944391898","Sponsored Products","13.60","USD"
"2026-02-19","464658704178346","Sponsored Brands","0.00","USD"
"2026-02-07","545146961820010","Sponsored Products","0.00","GBP"
"2026-02-01","484271755377666","Sponsored Products","0.00","CAD"
"2026-02-28","128770506922317","Sponsored Products","0.00","USD"
"2026-02-03","561131507618203","Sponsored Products","0.40","AUD"
"2026-02-02","554029658228344","Sponsored Display","0.00","GBP"
"2026-02-27","39061317933304","Sponsored Products","0.00","USD"
"2026-02-02","349690804752896","Sponsored Products","0.00","USD"
"2026-02-06","354484097353439","Sponsored Products","0.24","GBP"
"2026-02-03","130912331972988","Sponsored Products","0.00","USD"
"2026-02-03","406314828765201","Sponsored Products","0.00","AUD"
"2026-02-02","545989665090053","Sponsored Brands","0.66","GBP"
"2026-02-04","239677460933975","Sponsored Products","18.57","USD"
"2026-02-01","352761064226908","Sponsored Brands","8.94","CAD"
"2026-02-20","34478632960968","Sponsored Products","11.12","USD"
"2026-02-02","392598200964005","Sponsored Products","2.96","CAD"
"2026-02-02","382263989834817","Sponsored Products","0.00","AUD"
"2026-02-01","48758698369103","Sponsored Products","10.73","USD"
"2026-02-08","128770506922317","Sponsored Products","0.00","USD"
"2026-02-06","411197191773342","Sponsored Products","0.00","AUD"
"2026-02-11","134777743429986","Sponsored Products","0.00","USD"
"2026-02-07","409429087898453","Sponsored Display","0.93","CAD"
"2026-02-18","259201002739674","Sponsored Products","25.50","USD"
"2026-02-18","138135222992233","Sponsored Products","0.00","USD"
"2026-02-04","213530912619228","Sponsored Products","0.94","USD"
"2026-02-18","156989235380210","Sponsored Products","301.28","USD"
"2026-02-24","2414736156339","Sponsored Products","20.54","USD"
"2026-02-09","411564343397398","Sponsored Products","0.00","USD"
"2026-02-21","281024885672869","Sponsored Products","0.00","USD"
"2026-02-08","432013629308606","Sponsored Brands","1.50","CAD"
"2026-02-06","469438672280657","Sponsored Products","0.00","GBP"
"2026-02-04","532209379687062","Sponsored Display","1.87","GBP"
"2026-02-07","464658704178346","Sponsored Brands","1.28","USD"
"2026-02-08","504962652065858","Sponsored Brands","0.00","AUD"
"2026-02-13","93539819506468","Sponsored Products","0.00","USD"
"2026-02-08","409249674990450","Sponsored Products","0.91","AUD"
"2026-02-09","346023186686134","Sponsored Brands","2.71","USD"
"2026-02-06","134777743429986","Sponsored Products","0.00","USD"
"2026-02-07","34478632960968","Sponsored Products","10.85","USD"
"2026-02-04","386893543852916","Sponsored Products","4.74","CAD"
"2026-02-20","58475731073369","Sponsored Products","0.46","USD"
"2026-02-09","204544178017947","Sponsored Products","0.00","USD"
"2026-02-02","423471492340141","Sponsored Brands","14.23","USD"
"2026-02-24","213530912619228","Sponsored Products","0.00","USD"
"2026-02-17","281235849108344","Sponsored Products","2.40","USD"
"2026-02-16","539931100075119","Sponsored Brands","12.20","USD"
"2026-02-03","184593163947523","Sponsored Products","0.00","USD"
"2026-02-01","542395622943712","Sponsored Products","1.49","GBP"
"2026-02-27","199076365376964","Sponsored Products","8.73","USD"
"2026-02-09","121446500477002","Sponsored Products","0.00","USD"
"2026-02-06","205922105032655","Sponsored Products","0.00","USD"
"2026-02-19","32030113168570","Sponsored Products","0.00","USD"
"2026-02-08","531194039320877","Sponsored Products","0.00","CAD"
"2026-02-03","378858058113466","Sponsored Products","1.11","CAD"
"2026-02-03","266158523203302","Sponsored Products","0.00","USD"
"2026-02-05","32571611634774","Sponsored Products","0.45","USD"
"2026-02-14","281235849108344","Sponsored Products","9.95","USD"
"2026-02-04","61090477012622","Sponsored Products","7.84","USD"
"2026-02-22","434170639918769","Sponsored Brands","0.42","USD"
"2026-02-06","463570831006082","Sponsored Products","0.00","CAD"
"2026-02-10","270513944391898","Sponsored Products","7.08","USD"
"2026-02-12","317772463042332","Sponsored Products","0.00","AUD"
"2026-02-05","371623685288534","Sponsored Brands","0.90","GBP"
"2026-02-25","261580610725925","Sponsored Products","1.95","AUD"
"2026-02-24","186804517918072","Sponsored Products","8.44","USD"
"2026-02-04","1069464513580","Sponsored Products","13.71","USD"
"2026-02-07","354627207584492","Sponsored Products","0.00","CAD"
"2026-02-08","324740828073799","Sponsored Products","0.00","AUD"
"2026-02-10","115943131527635","Sponsored Products","0.00","USD"
"2026-02-19","407444835513369","Sponsored Brands","0.00","CAD"
"2026-02-08","467633236874996","Sponsored Products","0.55","AUD"
"2026-02-21","194838680698310","Sponsored Products","3.76","USD"
"2026-02-23","202228555422966","Sponsored Products","0.00","USD"
"2026-02-01","476511840833684","Sponsored Products","1.27","GBP"
"2026-02-26","27661898820374","Sponsored Products","0.59","USD"
"2026-02-08","378771240092800","Sponsored Products","0.00","AUD"
"2026-02-06","453503689032806","Sponsored Products","0.00","GBP"
"2026-02-19","1861066386589","Sponsored Products","0.00","USD"
"2026-02-13","115764500761375","Sponsored Products","0.00","USD"
"2026-02-08","216925562826343","Sponsored Products","0.00","USD"
"2026-02-06","434170639918769","Sponsored Brands","4.04","USD"
"2026-02-04","128835884603962","Sponsored Products","0.00","USD"
"2026-02-24","278626821184075","Sponsored Products","3.47","USD"
"2026-02-14","419764168918332","Sponsored Brands","0.00","AUD"
"2026-02-07","413308568322873","Sponsored Brands","1.58","USD"
"2026-02-07","226743970768774","Sponsored Products","0.00","USD"
"2026-02-12","11588448157956","Sponsored Products","0.00","USD"
"2026-02-02","152555236474228","Sponsored Products","8.18","USD"
"2026-02-08","58475731073369","Sponsored Products","0.08","USD"
"2026-02-02","515637010546761","Sponsored Brands","13.86","USD"
"2026-02-23","280528554873543","Sponsored Products","1.70","USD"
"2026-02-02","271002646812055","Sponsored Products","0.00","USD"
"2026-02-04","149818563042691","Sponsored Products","1.60","USD"
"2026-02-06","399703016940832","Sponsored Brands","1.29","CAD"
"2026-02-06","392598200964005","Sponsored Products","0.95","CAD"
"2026-02-10","440997775738977","Sponsored Products","0.00","AUD"
"2026-02-05","476877916686317","Sponsored Brands","1.13","AUD"
"2026-02-02","194838680698310","Sponsored Products","15.04","USD"
"2026-02-11","459130146103681","Sponsored Display","0.71","AUD"
"2026-02-02","32030113168570","Sponsored Products","0.00","USD"
"2026-02-20","204544178017947","Sponsored Products","0.00","USD"
"2026-02-05","531194039320877","Sponsored Products","0.00","CAD"
"2026-02-24","115943131527635","Sponsored Products","0.00","USD"
"2026-02-04","436562742415834","Sponsored Products","0.48","GBP"
"2026-02-10","138135222992233","Sponsored Products","1.17","USD"
"2026-02-25","28565058702355","Sponsored Products","4.75","USD"
"2026-02-07","312632253610695","Sponsored Brands","0.89","USD"
"2026-02-01","443805539282973","Sponsored Brands","0.00","CAD"
"2026-02-26","176992507771254","Sponsored Products","0.00","USD"
"2026-02-17","48433117829801","Sponsored Products","1.61","USD"
"2026-02-01","473740316381787","Sponsored Products","9.28","GBP"
"2026-02-04","141552428309171","Sponsored Products","163.11","USD"
"2026-02-11","392537273853228","Sponsored Brands","0.00","AUD"
"2026-02-08","202838039381314","Sponsored Products","0.93","USD"
"2026-02-04","488081803937581","Sponsored Products","0.00","GBP"
"2026-02-28","241960271286519","Sponsored Products","0.00","USD"
"2026-02-17","158171452508120","Sponsored Products","0.00","USD"
"2026-02-20","141648422510979","Sponsored Products","0.00","USD"
"2026-02-09","48192245895031","Sponsored Products","0.00","USD"
"2026-02-19","28864493115463","Sponsored Products","0.93","USD"
"2026-02-21","194512325763287","Sponsored Products","0.00","USD"
"2026-02-12","298636506131156","Sponsored Brands","0.00","AUD"
"2026-02-12","480355060288556","Sponsored Products","0.00","AUD"
"2026-02-03","297335215332435","Sponsored Products","2.04","CAD"
"2026-02-19","124202126398060","Sponsored Products","2.42","USD"
"2026-02-12","360412290312296","Sponsored Brands","0.00","CAD"
"2026-02-07","539750977499191","Sponsored Products","0.00","CAD"
"2026-02-03","213530912619228","Sponsored Products","0.00","USD"
"2026-02-08","243204708497477","Sponsored Products","0.00","USD"
"2026-02-25","243038183553247","Sponsored Products","0.00","USD"
"2026-02-03","281110747056753","Sponsored Products","0.00","USD"
"2026-02-02","327323455598643","Sponsored Products","0.00","GBP"
"2026-02-24","61090477012622","Sponsored Products","2.87","USD"
"2026-02-19","113013759920940","Sponsored Products","0.00","USD"
"2026-02-01","558297049226516","Sponsored Brands","0.00","CAD"
"2026-02-23","291680855614624","Sponsored Brands","0.46","GBP"
"2026-02-09","297335215332435","Sponsored Products","0.85","CAD"
"2026-02-13","270513944391898","Sponsored Products","12.13","USD"
"2026-02-13","27661898820374","Sponsored Products","0.52","USD"
"2026-02-11","558801050351146","Sponsored Brands","0.00","AUD"
"2026-02-21","434170639918769","Sponsored Brands","6.63","USD"
"2026-02-18","65271102777505","Sponsored Products","0.00","USD"
"2026-02-13","558782683947956","Sponsored Products","0.00","CAD"
"2026-02-07","363551194960955","Sponsored Products","0.00","CAD"
"2026-02-06","261659564571062","Sponsored Products","1.20","USD"
"2026-02-03","345230959620455","Sponsored Products","0.00","CAD"
"2026-02-10","310318758176650","Sponsored Products","0.00","CAD"
"2026-02-05","414778030564989","Sponsored Products","0.00","GBP"
"2026-02-10","226743970768774","Sponsored Products","0.00","USD"
"2026-02-13","558297049226516","Sponsored Brands","0.00","CAD"
"2026-02-07","360836238849040","Sponsored Products","0.00","AUD"
"2026-02-03","559365035833525","Sponsored Brands","0.00","AUD"
"2026-02-20","357384467879967","Sponsored Brands","6.18","USD"
"2026-02-08","79620432535917","Sponsored Products","33.00","USD"
"2026-02-01","280528554873543","Sponsored Products","0.76","USD"
"2026-02-20","102474552529229","Sponsored Products","0.00","USD"
"2026-02-21","188279469264899","Sponsored Products","0.00","USD"
"2026-02-20","269935586939823","Sponsored Products","8.07","CAD"
"2026-02-20","79620432535917","Sponsored Products","0.69","USD"
"2026-02-17","48758698369103","Sponsored Products","0.00","USD"
"2026-02-25","162987026418786","Sponsored Products","0.00","USD"
"2026-02-04","371623685288534","Sponsored Brands","1.63","GBP"
"2026-02-01","484239021223334","Sponsored Products","0.00","AUD"
"2026-02-26","346023186686134","Sponsored Brands","2.16","USD"
"2026-02-27","202299611765170","Sponsored Products","0.00","USD"
"2026-02-01","559365035833525","Sponsored Brands","0.00","AUD"
"2026-02-18","28864493115463","Sponsored Products","0.00","USD"
"2026-02-13","291680855614624","Sponsored Brands","0.00","GBP"
"2026-02-20","434170639918769","Sponsored Brands","3.69","USD"
"2026-02-03","284235017891966","Sponsored Products","5.38","CAD"
"2026-02-05","188279469264899","Sponsored Products","0.00","USD"
"2026-02-20","259201002739674","Sponsored Products","25.46","USD"
"2026-02-04","126638359335345","Sponsored Products","0.00","USD"
"2026-02-08","205922105032655","Sponsored Products","1.01","USD"
"2026-02-18","202838039381314","Sponsored Products","0.59","USD"
"2026-02-13","288669281122601","Sponsored Products","0.00","AUD"
"2026-02-17","231848232455644","Sponsored Products","1.30","USD"
"2026-02-11","357384467879967","Sponsored Brands","18.69","USD"
"2026-02-15","97079585612330","Sponsored Products","0.00","USD"
"2026-02-01","184593163947523","Sponsored Products","0.00","USD"
"2026-02-15","175777768252798","Sponsored Products","2.42","USD"
"2026-02-15","18193170148935","Sponsored Products","0.48","USD"
"2026-02-09","371623685288534","Sponsored Brands","0.00","GBP"
"2026-02-11","126638359335345","Sponsored Products","0.00","USD"
"2026-02-17","453239686745418","Sponsored Products","0.00","GBP"
"2026-02-11","444969564092992","Sponsored Products","0.00","CAD"
"2026-02-28","88056195803598","Sponsored Products","0.00","USD"
"2026-02-02","347536643859180","Sponsored Products","0.00","GBP"
"2026-02-15","48192245895031","Sponsored Products","0.00","USD"
"2026-02-04","284096201830626","Sponsored Display","6.30","USD"
"2026-02-04","224639482376841","Sponsored Products","13.64","USD"
"2026-02-22","81320226496883","Sponsored Products","0.00","USD"
"2026-02-15","34639218619625","Sponsored Products","0.00","USD"
"2026-02-22","67855357390881","Sponsored Products","0.00","USD"
"2026-02-08","192420944790293","Sponsored Products","19.85","GBP"
"2026-02-14","210638600694486","Sponsored Products","0.54","USD"
"2026-02-07","455100983218716","Sponsored Brands","0.00","USD"
"2026-02-08","443207948405482","Sponsored Products","0.38","CAD"
"2026-02-03","551785069524711","Sponsored Products","0.00","USD"
"2026-02-17","280528554873543","Sponsored Products","0.00","USD"
"2026-02-03","255100442617527","Sponsored Products","0.00","USD"
"2026-02-12","281235849108344","Sponsored Products","5.79","USD"
"2026-02-10","441925918527435","Sponsored Brands","0.20","USD"
"2026-02-26","148265992493931","Sponsored Products","0.00","USD"
"2026-02-09","511828144987995","Sponsored Products","0.00","GBP"
"2026-02-02","2414736156339","Sponsored Products","1.46","USD"
"2026-02-06","128770506922317","Sponsored Products","0.45","USD"
"2026-02-24","281235849108344","Sponsored Products","1.88","USD"
"2026-02-04","115758363210245","Sponsored Products","21.82","USD"
"2026-02-06","243038183553247","Sponsored Products","2.42","USD"
"2026-02-22","346023186686134","Sponsored Brands","1.92","USD"
"2026-02-08","257373022214500","Sponsored Products","2.64","USD"
"2026-02-04","288669281122601","Sponsored Products","0.00","AUD"
"2026-02-03","419802202221779","Sponsored Products","3.11","CAD"
"2026-02-12","259201002739674","Sponsored Products","0.00","USD"
"2026-02-20","128770506922317","Sponsored Products","0.00","USD"
"2026-02-08","373188657935606","Sponsored Products","0.00","AUD"
"2026-02-11","439663157752722","Sponsored Brands","0.00","USD"
"2026-02-20","88056195803598","Sponsored Products","0.00","USD"
"2026-02-19","115943131527635","Sponsored Products","0.00","USD"
"2026-02-20","34639218619625","Sponsored Products","0.00","USD"
"2026-02-28","126638359335345","Sponsored Products","0.00","USD"
"2026-02-26","218351835233699","Sponsored Products","20.44","GBP"
"2026-02-27","267283875717235","Sponsored Products","0.00","USD"
"2026-02-16","243204708497477","Sponsored Products","0.00","USD"
"2026-02-08","396524009311704","Sponsored Brands","4.26","CAD"
"2026-02-07","192420944790293","Sponsored Products","19.94","GBP"
"2026-02-07","439663157752722","Sponsored Brands","0.00","USD"
"2026-02-07","149942312994880","Sponsored Products","0.00","USD"
"2026-02-23","439663157752722","Sponsored Brands","7.23","USD"
"2026-02-13","378858058113466","Sponsored Products","1.11","CAD"
"2026-02-09","218351835233699","Sponsored Products","6.81","GBP"
"2026-02-21","72921898703277","Sponsored Products","0.00","USD"
"2026-02-13","101459965063202","Sponsored Products","11.71","USD"
"2026-02-19","48433117829801","Sponsored Products","0.41","USD"
"2026-02-03","54673378227395","Sponsored Products","0.00","USD"
"2026-02-27","207367106415924","Sponsored Products","39.20","GBP"
"2026-02-04","14582572617569","Sponsored Products","13.35","USD"
"2026-02-10","360412290312296","Sponsored Brands","1.81","CAD"
"2026-02-13","267283875717235","Sponsored Products","0.00","USD"
"2026-02-04","429216730447678","Sponsored Products","0.00","AUD"
"2026-02-07","494590942145867","Sponsored Products","36.03","CAD"
"2026-02-24","263531397076178","Sponsored Products","0.00","USD"
"2026-02-11","360412290312296","Sponsored Brands","0.00","CAD"
"2026-02-11","346023186686134","Sponsored Brands","2.23","USD"
"2026-02-13","546618773117950","Sponsored Brands","1.10","AUD"
"2026-02-09","428914757065848","Sponsored Products","2.65","CAD"
"2026-02-25","133846876580591","Sponsored Products","1.17","USD"
"2026-02-17","194838680698310","Sponsored Products","2.57","USD"
"2026-02-19","206968068657618","Sponsored Products","0.00","USD"
"2026-02-13","542333703103187","Sponsored Products","0.00","AUD"
"2026-02-04","317413414518930","Sponsored Products","0.00","GBP"
"2026-02-28","455100983218716","Sponsored Brands","4.27","USD"
"2026-02-28","141648422510979","Sponsored Products","0.00","USD"
"2026-02-07","375262111034104","Sponsored Brands","3.13","USD"
"2026-02-04","318399173824872","Sponsored Products","1.81","GBP"
"2026-02-27","455688132780953","Sponsored Brands","0.00","USD"
"2026-02-10","18193170148935","Sponsored Products","0.00","USD"
"2026-02-25","130912331972988","Sponsored Products","0.84","USD"
"2026-02-23","218351835233699","Sponsored Products","38.80","GBP"
"2026-02-21","154118694541854","Sponsored Products","0.00","USD"
"2026-02-08","536492240546443","Sponsored Products","0.00","CAD"
"2026-02-03","515637010546761","Sponsored Brands","7.12","USD"
"2026-02-01","128835884603962","Sponsored Products","5.41","USD"
"2026-02-24","241960271286519","Sponsored Products","0.00","USD"
"2026-02-05","558782683947956","Sponsored Products","0.00","CAD"
"2026-02-02","293287193628180","Sponsored Brands","0.00","GBP"
"2026-02-09","207367106415924","Sponsored Products","5.32","GBP"
"2026-02-17","239677460933975","Sponsored Products","0.80","USD"
"2026-02-07","202228555422966","Sponsored Products","0.00","USD"
"2026-02-17","115758363210245","Sponsored Products","3.23","USD"
"2026-02-03","145958940968220","Sponsored Products","0.87","USD"
"2026-02-09","536492240546443","Sponsored Products","0.00","CAD"
"2026-02-25","187735718741416","Sponsored Products","2.00","USD"
"2026-02-01","309601314328778","Sponsored Products","0.52","CAD"
"2026-02-23","246452377117901","Sponsored Products","0.00","USD"
"2026-02-07","531187508971652","Sponsored Display","0.00","CAD"
"2026-02-06","298636506131156","Sponsored Brands","0.00","AUD"
"2026-02-25","79620432535917","Sponsored Products","9.68","USD"
"2026-02-05","316265693147625","Sponsored Products","0.70","GBP"
"2026-02-20","115943131527635","Sponsored Products","0.00","USD"
"2026-02-23","88056195803598","Sponsored Products","0.00","USD"
"2026-02-04","101965336081409","Sponsored Products","9.86","USD"
"2026-02-13","94121140300347","Sponsored Products","5.37","USD"
"2026-02-24","43460676635147","Sponsored Products","0.00","USD"
"2026-02-12","277250351840071","Sponsored Products","9.97","USD"
"2026-02-08","487908370268380","Sponsored Products","0.00","USD"
"2026-02-18","156285188540724","Sponsored Products","13.14","USD"
"2026-02-16","22348745290500","Sponsored Products","0.00","USD"
"2026-02-09","548511206574211","Sponsored Brands","0.73","AUD"
"2026-02-20","441925918527435","Sponsored Brands","1.41","USD"
"2026-02-07","102474552529229","Sponsored Products","4.58","USD"
"2026-02-09","97079585612330","Sponsored Products","0.00","USD"
"2026-02-16","199076365376964","Sponsored Products","0.00","USD"
"2026-02-05","339568026468029","Sponsored Brands","0.00","CAD"
"2026-02-08","555360954347903","Sponsored Products","0.00","CAD"
"2026-02-05","317413414518930","Sponsored Products","0.00","GBP"
"2026-02-11","407444835513369","Sponsored Brands","3.22","CAD"
"2026-02-25","545989665090053","Sponsored Brands","1.28","GBP"
"2026-02-17","375262111034104","Sponsored Brands","1.01","USD"
"2026-02-16","267283875717235","Sponsored Products","0.00","USD"
"2026-02-02","40237294180920","Sponsored Products","0.00","USD"
"2026-02-24","233888031600237","Sponsored Products","0.00","USD"
"2026-02-09","280528554873543","Sponsored Products","0.00","USD"
"2026-02-04","34639218619625","Sponsored Products","5.30","USD"
"2026-02-12","546618773117950","Sponsored Brands","0.00","AUD"
"2026-02-16","149942312994880","Sponsored Products","0.00","USD"
"2026-02-24","192968792078402","Sponsored Products","0.00","USD"
"2026-02-10","441276644656791","Sponsored Brands","0.00","AUD"
"2026-02-06","207367106415924","Sponsored Products","1.33","GBP"
"2026-02-08","439663157752722","Sponsored Brands","0.00","USD"
"2026-02-06","419764168918332","Sponsored Brands","3.98","AUD"
"2026-02-01","175777768252798","Sponsored Products","11.90","USD"
"2026-02-06","141552428309171","Sponsored Products","169.03","USD"
"2026-02-17","407444835513369","Sponsored Brands","0.00","CAD"
"2026-02-13","286601245904247","Sponsored Products","0.00","CAD"
"2026-02-13","286308132559342","Sponsored Brands","0.00","AUD"
"2026-02-08","309601314328778","Sponsored Products","0.36","CAD"
"2026-02-26","267283875717235","Sponsored Products","0.00","USD"
"2026-02-22","1861066386589","Sponsored Products","0.00","USD"
"2026-02-08","399703016940832","Sponsored Brands","0.50","CAD"
"2026-02-25","176992507771254","Sponsored Products","4.84","USD"
"2026-02-19","115758363210245","Sponsored Products","5.19","USD"
"2026-02-08","218351835233699","Sponsored Products","19.95","GBP"
"2026-02-06","436562742415834","Sponsored Products","0.00","GBP"
"2026-02-27","58475731073369","Sponsored Products","1.05","USD"
"2026-02-22","14582572617569","Sponsored Products","0.29","USD"
"2026-02-09","423471492340141","Sponsored Brands","5.55","USD"
"2026-02-11","352761064226908","Sponsored Brands","10.77","CAD"
"2026-02-27","113013759920940","Sponsored Products","0.00","USD"
"2026-02-21","40237294180920","Sponsored Products","0.00","USD"
"2026-02-21","407444835513369","Sponsored Brands","0.00","CAD"
"2026-02-14","28864493115463","Sponsored Products","1.31","USD"
"2026-02-13","246452377117901","Sponsored Products","0.00","USD"
"2026-02-02","562763694980171","Sponsored Products","0.00","GBP"
"2026-02-23","11143044290906","Sponsored Products","1.50","USD"
"2026-02-04","210638600694486","Sponsored Products","9.19","USD"
"2026-02-04","307534770253902","Sponsored Products","0.00","CAD"
"2026-02-19","281110747056753","Sponsored Products","0.00","USD"
"2026-02-10","271780514756108","Sponsored Products","0.00","USD"
"2026-02-25","380662946968621","Sponsored Display","0.00","USD"
"2026-02-19","241960271286519","Sponsored Products","0.00","USD"
"2026-02-26","186804517918072","Sponsored Products","1.95","USD"
"2026-02-27","61503627186513","Sponsored Products","0.00","USD"
"2026-02-04","286601245904247","Sponsored Products","0.00","CAD"
"2026-02-08","417555316939613","Sponsored Brands","0.23","AUD"
"2026-02-09","205922105032655","Sponsored Products","0.84","USD"
"2026-02-19","153491409585454","Sponsored Products","2.17","USD"
"2026-02-07","141552428309171","Sponsored Products","175.12","USD"
"2026-02-07","194512325763287","Sponsored Products","0.00","USD"
"2026-02-24","124202126398060","Sponsored Products","2.06","USD"
"2026-02-18","284096201830626","Sponsored Display","3.44","USD"
"2026-02-07","279125239605082","Sponsored Products","3.22","USD"
"2026-02-28","130912331972988","Sponsored Products","0.00","USD"
"2026-02-07","239677460933975","Sponsored Products","20.01","USD"
"2026-02-14","186804517918072","Sponsored Products","4.94","USD"
"2026-02-11","303784488331012","Sponsored Display","0.00","AUD"
"2026-02-24","11143044290906","Sponsored Products","1.72","USD"
"2026-02-10","406487274006731","Sponsored Products","0.00","AUD"
"2026-02-17","205764417979436","Sponsored Products","0.00","USD"
"2026-02-12","192968792078402","Sponsored Products","0.00","USD"
"2026-02-05","184593163947523","Sponsored Products","1.56","USD"
"2026-02-21","44065507618346","Sponsored Products","3.01","USD"
"2026-02-03","494590942145867","Sponsored Products","18.27","CAD"
"2026-02-21","455688132780953","Sponsored Brands","3.35","USD"
"2026-02-03","224639482376841","Sponsored Products","16.37","USD"
"2026-02-27","48192245895031","Sponsored Products","0.00","USD"
"2026-02-02","409429087898453","Sponsored Display","0.00","CAD"
"2026-02-18","102474552529229","Sponsored Products","0.00","USD"
"2026-02-01","414778030564989","Sponsored Products","0.00","GBP"
"2026-02-21","64790741448016","Sponsored Products","0.00","USD"
"2026-02-02","215966552761313","Sponsored Products","0.00","USD"
"2026-02-25","192968792078402","Sponsored Products","0.00","USD"
"2026-02-08","464658704178346","Sponsored Brands","0.36","USD"
"2026-02-13","386893543852916","Sponsored Products","0.00","CAD"
"2026-02-13","1069464513580","Sponsored Products","59.82","USD"
"2026-02-08","278626821184075","Sponsored Products","17.25","USD"
"2026-02-01","298636506131156","Sponsored Brands","0.00","AUD"
"2026-02-09","168803396873792","Sponsored Products","0.00","USD"
"2026-02-24","153491409585454","Sponsored Products","6.12","USD"
"2026-02-20","482686146435604","Sponsored Brands","4.13","USD"
"2026-02-23","149626049979530","Sponsored Products","0.00","USD"
"2026-02-12","320522945603717","Sponsored Brands","0.00","CAD"
"2026-02-28","138135222992233","Sponsored Products","1.38","USD"
"2026-02-24","96060745446945","Sponsored Products","1.26","USD"
"2026-02-01","213530912619228","Sponsored Products","0.00","USD"
"2026-02-18","54386198712419","Sponsored Products","0.00","USD"
"2026-02-26","455688132780953","Sponsored Brands","0.00","USD"
"2026-02-22","77231525415892","Sponsored Products","0.00","USD"
"2026-02-08","380662946968621","Sponsored Display","0.00","USD"
"2026-02-07","378858058113466","Sponsored Products","0.00","CAD"
"2026-02-11","162987026418786","Sponsored Products","1.01","USD"
"2026-02-11","101965336081409","Sponsored Products","0.00","USD"
"2026-02-07","482686146435604","Sponsored Brands","15.20","USD"
"2026-02-02","174719285602701","Sponsored Products","8.76","USD"
"2026-02-13","130912331972988","Sponsored Products","0.00","USD"
"2026-02-08","42141939819441","Sponsored Products","0.00","USD"
"2026-02-18","172779439196738","Sponsored Products","0.00","USD"
"2026-02-12","441276644656791","Sponsored Brands","0.00","AUD"
"2026-02-07","194838680698310","Sponsored Products","24.83","USD"
"2026-02-28","413308568322873","Sponsored Brands","0.00","USD"
"2026-02-08","239695922795958","Sponsored Products","0.40","USD"
"2026-02-09","101459965063202","Sponsored Products","0.87","USD"
"2026-02-21","255100442617527","Sponsored Products","0.83","USD"
"2026-02-05","458452283549074","Sponsored Brands","0.00","CAD"
"2026-02-03","532209379687062","Sponsored Display","0.73","GBP"
"2026-02-03","215966552761313","Sponsored Products","0.00","USD"
"2026-02-25","44065507618346","Sponsored Products","3.44","USD"
"2026-02-11","355940295532015","Sponsored Brands","0.00","AUD"
"2026-02-25","205922105032655","Sponsored Products","0.00","USD"
"2026-02-07","297335215332435","Sponsored Products","0.00","CAD"
"2026-02-02","324740828073799","Sponsored Products","1.35","AUD"
"2026-02-01","11143044290906","Sponsored Products","0.95","USD"
"2026-02-28","175777768252798","Sponsored Products","2.21","USD"
"2026-02-28","60802440953180","Sponsored Products","5.06","USD"
"2026-02-11","187735718741416","Sponsored Products","10.31","USD"
"2026-02-24","103204875656014","Sponsored Products","0.00","USD"
"2026-02-03","309601314328778","Sponsored Products","0.33","CAD"
"2026-02-08","239772993878028","Sponsored Products","0.00","USD"
"2026-02-17","204544178017947","Sponsored Products","0.00","USD"
"2026-02-07","48433117829801","Sponsored Products","16.18","USD"
"2026-02-08","419802202221779","Sponsored Products","3.27","CAD"
"2026-02-27","545989665090053","Sponsored Brands","2.03","GBP"
"2026-02-08","81320226496883","Sponsored Products","1.50","USD"
"2026-02-24","455100983218716","Sponsored Brands","1.73","USD"
"2026-02-05","300894362771504","Sponsored Products","0.00","GBP"
"2026-02-05","257373022214500","Sponsored Products","3.78","USD"
"2026-02-21","267283875717235","Sponsored Products","0.00","USD"
"2026-02-01","53404531347848","Sponsored Products","0.00","USD"
"2026-02-21","259201002739674","Sponsored Products","16.47","USD"
"2026-02-10","373188657935606","Sponsored Products","0.00","AUD"
"2026-02-10","218351835233699","Sponsored Products","11.83","GBP"
"2026-02-07","280528554873543","Sponsored Products","4.48","USD"
"2026-02-25","348184859637636","Sponsored Brands","1.09","USD"
"2026-02-10","194512325763287","Sponsored Products","0.00","USD"
"2026-02-18","251197015848063","Sponsored Products","5.29","CAD"
"2026-02-23","194512325763287","Sponsored Products","0.00","USD"
"2026-02-13","8078369968995","Sponsored Products","0.00","USD"
"2026-02-28","188545556962991","Sponsored Products","0.65","USD"
"2026-02-10","281110747056753","Sponsored Products","0.00","USD"
"2026-02-13","138135222992233","Sponsored Products","0.69","USD"
"2026-02-09","286601245904247","Sponsored Products","0.00","CAD"
"2026-02-24","53404531347848","Sponsored Products","0.00","USD"
"2026-02-24","455688132780953","Sponsored Brands","0.00","USD"
"2026-02-08","373593607967581","Sponsored Display","0.00","AUD"
"2026-02-06","382263989834817","Sponsored Products","0.00","AUD"
"2026-02-01","1069464513580","Sponsored Products","10.26","USD"
"2026-02-12","149626049979530","Sponsored Products","0.00","USD"
"2026-02-11","72790979016813","Sponsored Products","0.00","USD"
"2026-02-21","30179169319725","Sponsored Products","4.48","AUD"
"2026-02-02","158171452508120","Sponsored Products","0.00","USD"
"2026-02-23","560000811916391","Sponsored Brands","9.12","USD"
"2026-02-22","441925918527435","Sponsored Brands","0.00","USD"
"2026-02-08","413308568322873","Sponsored Brands","1.34","USD"
"2026-02-10","546618773117950","Sponsored Brands","0.00","AUD"
"2026-02-20","154118694541854","Sponsored Products","1.82","USD"
"2026-02-06","557738489078024","Sponsored Products","0.00","CAD"
"2026-02-28","199076365376964","Sponsored Products","16.78","USD"
"2026-02-06","422044464968254","Sponsored Products","3.29","GBP"
"2026-02-03","406964010755868","Sponsored Products","1.31","CAD"
"2026-02-23","1861066386589","Sponsored Products","0.96","USD"
"2026-02-11","345230959620455","Sponsored Products","0.00","CAD"
"2026-02-02","366993568403124","Sponsored Products","0.00","USD"
"2026-02-02","279125239605082","Sponsored Products","2.75","USD"
"2026-02-21","101459965063202","Sponsored Products","3.30","USD"
"2026-02-01","281235849108344","Sponsored Products","6.50","USD"
"2026-02-14","373188657935606","Sponsored Products","0.00","AUD"
"2026-02-10","205922105032655","Sponsored Products","0.00","USD"
"2026-02-06","81320226496883","Sponsored Products","1.75","USD"
"2026-02-02","384986795476042","Sponsored Brands","0.78","CAD"
"2026-02-24","277250351840071","Sponsored Products","3.81","USD"
"2026-02-28","140453739775668","Sponsored Products","2.30","USD"
"2026-02-01","518653489850740","Sponsored Brands","0.00","USD"
"2026-02-07","495677195822245","Sponsored Brands","0.00","USD"
"2026-02-07","113013759920940","Sponsored Products","1.61","USD"
"2026-02-25","148265992493931","Sponsored Products","0.81","USD"
"2026-02-10","141552428309171","Sponsored Products","66.75","USD"
"2026-02-25","213530912619228","Sponsored Products","0.00","USD"
"2026-02-12","156989235380210","Sponsored Products","254.85","USD"
"2026-02-10","77231525415892","Sponsored Products","0.00","USD"
"2026-02-02","436562742415834","Sponsored Products","0.00","GBP"
"2026-02-08","148265992493931","Sponsored Products","0.00","USD"
"2026-02-10","241960271286519","Sponsored Products","0.00","USD"
"2026-02-04","454564300195235","Sponsored Products","2.52","GBP"
"2026-02-03","58475731073369","Sponsored Products","0.49","USD"
"2026-02-15","176035476248713","Sponsored Products","3.77","USD"
"2026-02-27","27661898820374","Sponsored Products","4.90","USD"
"2026-02-14","54673378227395","Sponsored Products","0.00","USD"
"2026-02-11","154118694541854","Sponsored Products","8.40","USD"
"2026-02-11","296615200458181","Sponsored Brands","35.70","USD"
"2026-02-08","194512325763287","Sponsored Products","0.00","USD"
"2026-02-12","291618943691121","Sponsored Brands","0.00","AUD"
"2026-02-22","276488907454289","Sponsored Products","0.00","USD"
"2026-02-14","172779439196738","Sponsored Products","0.00","USD"
"2026-02-17","312632253610695","Sponsored Brands","0.00","USD"
"2026-02-06","476877916686317","Sponsored Brands","0.00","AUD"
"2026-02-01","239695922795958","Sponsored Products","0.00","USD"
"2026-02-14","411197191773342","Sponsored Products","0.00","AUD"
"2026-02-06","48433117829801","Sponsored Products","15.46","USD"
"2026-02-07","530543664696574","Sponsored Products","0.00","AUD"
"2026-02-02","414778030564989","Sponsored Products","0.00","GBP"
"2026-02-18","278626821184075","Sponsored Products","0.00","USD"
"2026-02-21","94073967562900","Sponsored Products","0.00","USD"
"2026-02-15","243038183553247","Sponsored Products","0.00","USD"
"2026-02-17","545989665090053","Sponsored Brands","0.60","GBP"
"2026-02-26","88056195803598","Sponsored Products","0.00","USD"
"2026-02-09","194838680698310","Sponsored Products","25.21","USD"
"2026-02-20","97079585612330","Sponsored Products","0.00","USD"
"2026-02-09","452082306058129","Sponsored Brands","0.97","CAD"
"2026-02-01","320522945603717","Sponsored Brands","0.00","CAD"
"2026-02-18","261580610725925","Sponsored Products","2.92","AUD"
"2026-02-19","539931100075119","Sponsored Brands","14.80","USD"
"2026-02-01","205764417979436","Sponsored Products","0.00","USD"
"2026-02-03","454571413921997","Sponsored Products","0.00","GBP"
"2026-02-13","213530912619228","Sponsored Products","0.00","USD"
"2026-02-12","239677460933975","Sponsored Products","18.63","USD"
"2026-02-04","464658704178346","Sponsored Brands","0.41","USD"
"2026-02-22","124202126398060","Sponsored Products","0.95","USD"
"2026-02-01","210638600694486","Sponsored Products","4.65","USD"
"2026-02-20","280528554873543","Sponsored Products","0.00","USD"
"2026-02-27","189380234928822","Sponsored Products","0.66","USD"
"2026-02-02","186804517918072","Sponsored Products","0.00","USD"
"2026-02-20","239677460933975","Sponsored Products","4.87","USD"
"2026-02-11","93539819506468","Sponsored Products","0.00","USD"
"2026-02-08","312711508263023","Sponsored Products","0.00","AUD"
"2026-02-04","281235849108344","Sponsored Products","9.42","USD"
"2026-02-22","215966552761313","Sponsored Products","0.00","USD"
"2026-02-05","94121140300347","Sponsored Products","7.42","USD"
"2026-02-10","259323671730401","Sponsored Products","9.14","USD"
"2026-02-27","281235849108344","Sponsored Products","1.18","USD"
"2026-02-10","101459965063202","Sponsored Products","6.71","USD"
"2026-02-02","392537273853228","Sponsored Brands","0.00","AUD"
"2026-02-25","9627520751858","Sponsored Products","7.72","USD"
"2026-02-21","453754530299965","Sponsored Brands","25.55","USD"
"2026-02-09","375880567146391","Sponsored Display","2.00","AUD"
"2026-02-08","101965336081409","Sponsored Products","5.61","USD"
"2026-02-20","22515666501366","Sponsored Products","1.50","USD"
"2026-02-04","215966552761313","Sponsored Products","2.05","USD"
"2026-02-21","113013759920940","Sponsored Products","0.00","USD"
"2026-02-25","455100983218716","Sponsored Brands","0.84","USD"
"2026-02-17","188545556962991","Sponsored Products","26.17","USD"
"2026-02-09","267283875717235","Sponsored Products","0.00","USD"
"2026-02-06","300894362771504","Sponsored Products","0.00","GBP"
"2026-02-15","439663157752722","Sponsored Brands","2.94","USD"
"2026-02-02","463570831006082","Sponsored Products","0.00","CAD"
"2026-02-01","61090477012622","Sponsored Products","27.95","USD"
"2026-02-01","168803396873792","Sponsored Products","0.56","USD"
"2026-02-02","467633236874996","Sponsored Products","0.00","AUD"
"2026-02-12","121446500477002","Sponsored Products","1.65","USD"
"2026-02-06","515637010546761","Sponsored Brands","0.00","USD"
"2026-02-05","407444835513369","Sponsored Brands","0.00","CAD"
"2026-02-04","555379102425019","Sponsored Products","3.10","CAD"
"2026-02-21","67855357390881","Sponsored Products","0.00","USD"
"2026-02-17","202228555422966","Sponsored Products","0.00","USD"
"2026-02-20","11588448157956","Sponsored Products","0.00","USD"
"2026-02-07","542333703103187","Sponsored Products","0.00","AUD"
"2026-02-23","434170639918769","Sponsored Brands","4.57","USD"
"2026-02-08","207367106415924","Sponsored Products","6.66","GBP"
"2026-02-05","8078369968995","Sponsored Products","1.08","USD"
"2026-02-22","276797522102375","Sponsored Products","0.44","USD"
"2026-02-23","79620432535917","Sponsored Products","14.27","USD"
"2026-02-10","263910374759225","Sponsored Products","1.33","CAD"
"2026-02-19","156989235380210","Sponsored Products","326.69","USD"
"2026-02-09","463874563272935","Sponsored Brands","0.00","AUD"
"2026-02-08","153491409585454","Sponsored Products","22.68","USD"
"2026-02-16","8078369968995","Sponsored Products","0.88","USD"
"2026-02-11","440997775738977","Sponsored Products","0.00","AUD"
"2026-02-09","30651955945418","Sponsored Products","0.00","USD"
"2026-02-03","329222077811459","Sponsored Brands","0.00","GBP"
"2026-02-11","542333703103187","Sponsored Products","0.00","AUD"
"2026-02-07","205764417979436","Sponsored Products","0.00","USD"
"2026-02-13","32571611634774","Sponsored Products","0.00","USD"
"2026-02-28","156989235380210","Sponsored Products","286.80","USD"
"2026-02-02","316086976315498","Sponsored Brands","0.00","USD"
"2026-02-18","539931100075119","Sponsored Brands","9.67","USD"
"2026-02-10","296615200458181","Sponsored Brands","22.33","USD"
"2026-02-03","409429087898453","Sponsored Display","0.00","CAD"
"2026-02-25","43460676635147","Sponsored Products","0.00","USD"
"2026-02-13","94073967562900","Sponsored Products","0.00","USD"
"2026-02-06","96060745446945","Sponsored Products","0.00","USD"
"2026-02-14","434170639918769","Sponsored Brands","5.01","USD"
"2026-02-19","192420944790293","Sponsored Products","5.71","GBP"
"2026-02-26","56338703455249","Sponsored Products","0.00","USD"
"2026-02-06","257373022214500","Sponsored Products","2.38","USD"
"2026-02-26","312632253610695","Sponsored Brands","3.50","USD"
"2026-02-21","271780514756108","Sponsored Products","0.00","USD"
"2026-02-08","545989665090053","Sponsored Brands","1.36","GBP"
"2026-02-10","314318800479242","Sponsored Products","0.00","AUD"
"2026-02-09","58475731073369","Sponsored Products","0.00","USD"
"2026-02-07","186804517918072","Sponsored Products","1.64","USD"
"2026-02-03","316207062053537","Sponsored Products","0.00","AUD"
"2026-02-07","342468627864471","Sponsored Products","0.00","GBP"
"2026-02-17","11143044290906","Sponsored Products","0.00","USD"
"2026-02-27","133243849204741","Sponsored Products","0.00","USD"
"2026-02-22","61090477012622","Sponsored Products","1.94","USD"
"2026-02-16","23854220044300","Sponsored Products","0.91","USD"
"2026-02-15","121446500477002","Sponsored Products","0.00","USD"
"2026-02-12","429216730447678","Sponsored Products","0.00","AUD"
"2026-02-23","94073967562900","Sponsored Products","0.00","USD"
"2026-02-04","329222077811459","Sponsored Brands","0.00","GBP"
"2026-02-08","363579801300326","Sponsored Products","0.00","CAD"
"2026-02-20","263531397076178","Sponsored Products","0.00","USD"
"2026-02-11","277250351840071","Sponsored Products","9.23","USD"
"2026-02-06","562763694980171","Sponsored Products","0.00","GBP"
"2026-02-16","312632253610695","Sponsored Brands","0.44","USD"
"2026-02-13","241960271286519","Sponsored Products","0.00","USD"
"2026-02-13","11143044290906","Sponsored Products","0.00","USD"
"2026-02-01","452065263384491","Sponsored Brands","4.46","USD"
"2026-02-15","156285188540724","Sponsored Products","4.21","USD"
"2026-02-01","65271102777505","Sponsored Products","7.18","USD"
"2026-02-08","452082306058129","Sponsored Brands","4.62","CAD"
"2026-02-06","291618943691121","Sponsored Brands","0.00","AUD"
"2026-02-02","194512325763287","Sponsored Products","0.00","USD"
"2026-02-16","40237294180920","Sponsored Products","0.45","USD"
"2026-02-19","246452377117901","Sponsored Products","0.00","USD"
"2026-02-27","243204708497477","Sponsored Products","0.00","USD"
"2026-02-25","439663157752722","Sponsored Brands","0.46","USD"
"2026-02-16","43460676635147","Sponsored Products","0.00","USD"
"2026-02-20","272711015971799","Sponsored Products","0.00","USD"
"2026-02-12","102474552529229","Sponsored Products","0.00","USD"
"2026-02-22","126638359335345","Sponsored Products","0.00","USD"
"2026-02-03","11588448157956","Sponsored Products","5.22","USD"
"2026-02-12","375880567146391","Sponsored Display","0.00","AUD"
"2026-02-03","94073967562900","Sponsored Products","0.00","USD"
"2026-02-03","542333703103187","Sponsored Products","0.00","AUD"
"2026-02-01","156285188540724","Sponsored Products","14.60","USD"
"2026-02-20","27661898820374","Sponsored Products","2.17","USD"
"2026-02-05","373188657935606","Sponsored Products","0.00","AUD"
"2026-02-02","176992507771254","Sponsored Products","0.00","USD"
"2026-02-05","309601314328778","Sponsored Products","0.50","CAD"
"2026-02-01","115758363210245","Sponsored Products","49.48","USD"
"2026-02-23","259201002739674","Sponsored Products","24.85","USD"
"2026-02-22","210638600694486","Sponsored Products","0.63","USD"
"2026-02-08","321516368269611","Sponsored Products","1.14","CAD"
"2026-02-26","263531397076178","Sponsored Products","0.00","USD"
"2026-02-12","153491409585454","Sponsored Products","8.26","USD"
"2026-02-06","215966552761313","Sponsored Products","0.00","USD"
"2026-02-14","224639482376841","Sponsored Products","20.41","USD"
"2026-02-12","413308568322873","Sponsored Brands","0.20","USD"
"2026-02-07","263531397076178","Sponsored Products","0.00","USD"
"2026-02-11","77231525415892","Sponsored Products","0.00","USD"
"2026-02-10","113013759920940","Sponsored Products","0.00","USD"
"2026-02-26","423471492340141","Sponsored Brands","5.69","USD"
"2026-02-03","280513164622908","Sponsored Products","0.32","USD"
"2026-02-24","259201002739674","Sponsored Products","13.28","USD"
"2026-02-19","434170639918769","Sponsored Brands","0.00","USD"
"2026-02-15","216925562826343","Sponsored Products","0.00","USD"
"2026-02-04","40237294180920","Sponsored Products","2.78","USD"
"2026-02-14","188545556962991","Sponsored Products","1.35","USD"
"2026-02-10","407444835513369","Sponsored Brands","0.46","CAD"
"2026-02-04","27661898820374","Sponsored Products","0.00","USD"
"2026-02-13","413308568322873","Sponsored Brands","0.00","USD"
"2026-02-01","453754530299965","Sponsored Brands","21.50","USD"
"2026-02-09","459130146103681","Sponsored Display","0.00","AUD"
"2026-02-27","495677195822245","Sponsored Brands","5.14","USD"
"2026-02-11","65861573413220","Sponsored Products","0.00","USD"
"2026-02-02","202838039381314","Sponsored Products","0.66","USD"
"2026-02-12","437016942104478","Sponsored Brands","0.00","CAD"
"2026-02-28","218351835233699","Sponsored Products","24.63","GBP"
"2026-02-18","281110747056753","Sponsored Products","0.00","USD"
"2026-02-10","325883174926875","Sponsored Brands","0.89","USD"
"2026-02-22","65271102777505","Sponsored Products","0.00","USD"
"2026-02-14","246452377117901","Sponsored Products","0.00","USD"
"2026-02-03","216925562826343","Sponsored Products","0.00","USD"
"2026-02-02","446701085946014","Sponsored Products","0.00","GBP"
"2026-02-06","423471492340141","Sponsored Brands","12.64","USD"
"2026-02-04","320522945603717","Sponsored Brands","0.00","CAD"
"2026-02-03","281024885672869","Sponsored Products","0.00","USD"
"2026-02-10","124202126398060","Sponsored Products","2.98","USD"
"2026-02-27","96473122408354","Sponsored Products","0.00","USD"
"2026-02-06","38682977693457","Sponsored Products","0.00","USD"
"2026-02-24","262727752997615","Sponsored Products","3.67","USD"
"2026-02-01","262727752997615","Sponsored Products","1.71","USD"
"2026-02-02","407346576799567","Sponsored Products","0.00","AUD"
"2026-02-25","115943131527635","Sponsored Products","0.00","USD"
"2026-02-01","124202126398060","Sponsored Products","20.19","USD"
"2026-02-02","168803396873792","Sponsored Products","0.00","USD"
"2026-02-25","93539819506468","Sponsored Products","8.61","USD"
"2026-02-28","28565058702355","Sponsored Products","12.56","USD"
"2026-02-23","269935586939823","Sponsored Products","19.70","CAD"
"2026-02-27","48433117829801","Sponsored Products","2.20","USD"
"2026-02-14","453754530299965","Sponsored Brands","0.80","USD"
"2026-02-27","271780514756108","Sponsored Products","0.00","USD"
"2026-02-19","380662946968621","Sponsored Display","0.00","USD"
"2026-02-24","225946958740637","Sponsored Products","0.63","USD"
"2026-02-05","463874563272935","Sponsored Brands","0.00","AUD"
"2026-02-05","72921898703277","Sponsored Products","0.00","USD"
"2026-02-13","453754530299965","Sponsored Brands","1.61","USD"
"2026-02-13","399703016940832","Sponsored Brands","0.00","CAD"
"2026-02-24","296615200458181","Sponsored Brands","30.25","USD"
"2026-02-22","263531397076178","Sponsored Products","0.00","USD"
"2026-02-21","262727752997615","Sponsored Products","0.00","USD"
"2026-02-27","413308568322873","Sponsored Brands","0.00","USD"
"2026-02-17","413308568322873","Sponsored Brands","0.00","USD"
"2026-02-13","175777768252798","Sponsored Products","0.76","USD"
"2026-02-14","271780514756108","Sponsored Products","0.00","USD"
"2026-02-27","158171452508120","Sponsored Products","0.00","USD"
"2026-02-27","28864493115463","Sponsored Products","0.00","USD"
"2026-02-05","440997775738977","Sponsored Products","0.00","AUD"
"2026-02-05","380662946968621","Sponsored Display","1.08","USD"
"2026-02-03","300354268849742","Sponsored Brands","0.00","CAD"
"2026-02-14","380662946968621","Sponsored Display","1.25","USD"
"2026-02-07","324740828073799","Sponsored Products","0.00","AUD"
"2026-02-28","204544178017947","Sponsored Products","0.00","USD"
"2026-02-13","455688132780953","Sponsored Brands","4.98","USD"
"2026-02-09","115943131527635","Sponsored Products","0.00","USD"
"2026-02-06","137772430611725","Sponsored Products","3.43","USD"
"2026-02-11","484271755377666","Sponsored Products","0.00","CAD"
"2026-02-13","296615200458181","Sponsored Brands","31.11","USD"
"2026-02-02","34478632960968","Sponsored Products","0.90","USD"
"2026-02-26","276797522102375","Sponsored Products","0.00","USD"
"2026-02-07","555360954347903","Sponsored Products","0.00","CAD"
"2026-02-06","406487274006731","Sponsored Products","0.00","AUD"
"2026-02-26","126638359335345","Sponsored Products","0.00","USD"
"2026-02-10","11588448157956","Sponsored Products","0.00","USD"
"2026-02-16","18193170148935","Sponsored Products","0.54","USD"
"2026-02-14","455688132780953","Sponsored Brands","6.12","USD"
"2026-02-07","18193170148935","Sponsored Products","0.00","USD"
"2026-02-27","241960271286519","Sponsored Products","0.00","USD"
"2026-02-08","397652540263806","Sponsored Products","0.70","CAD"
"2026-02-19","65271102777505","Sponsored Products","0.00","USD"
"2026-02-14","243204708497477","Sponsored Products","0.00","USD"
"2026-02-12","213530912619228","Sponsored Products","0.00","USD"
"2026-02-01","419764168918332","Sponsored Brands","2.42","AUD"
"2026-02-21","281235849108344","Sponsored Products","6.49","USD"
"2026-02-06","272711015971799","Sponsored Products","2.08","USD"
"2026-02-02","307534770253902","Sponsored Products","0.00","CAD"
"2026-02-10","204544178017947","Sponsored Products","0.90","USD"
"2026-02-05","96473122408354","Sponsored Products","0.00","USD"
"2026-02-21","27661898820374","Sponsored Products","5.30","USD"
"2026-02-23","207367106415924","Sponsored Products","31.09","GBP"
"2026-02-10","156989235380210","Sponsored Products","103.81","USD"
"2026-02-14","101459965063202","Sponsored Products","19.13","USD"
"2026-02-26","140453739775668","Sponsored Products","0.00","USD"
"2026-02-24","452065263384491","Sponsored Brands","2.32","USD"
"2026-02-12","354036750973331","Sponsored Products","1.80","CAD"
"2026-02-01","34639218619625","Sponsored Products","6.37","USD"
"2026-02-25","199076365376964","Sponsored Products","0.87","USD"
"2026-02-14","423471492340141","Sponsored Brands","4.23","USD"
"2026-02-23","54386198712419","Sponsored Products","0.00","USD"
"2026-02-07","395304589984653","Sponsored Products","0.00","CAD"
"2026-02-04","386920533914758","Sponsored Brands","0.95","CAD"
"2026-02-18","346023186686134","Sponsored Brands","0.00","USD"
"2026-02-23","173362871105297","Sponsored Products","0.00","USD"
"2026-02-25","270513944391898","Sponsored Products","2.21","USD"
"2026-02-03","276488907454289","Sponsored Products","0.00","USD"
"2026-02-28","491366396962687","Sponsored Brands","3.33","USD"
"2026-02-01","557738489078024","Sponsored Products","0.00","CAD"
"2026-02-07","325883174926875","Sponsored Brands","1.87","USD"
"2026-02-12","558297049226516","Sponsored Brands","0.00","CAD"
"2026-02-16","128835884603962","Sponsored Products","0.00","USD"
"2026-02-14","560000811916391","Sponsored Brands","5.00","USD"
"2026-02-19","154118694541854","Sponsored Products","4.47","USD"
"2026-02-17","115943131527635","Sponsored Products","0.00","USD"
"2026-02-01","65861573413220","Sponsored Products","0.00","USD"
"2026-02-03","205922105032655","Sponsored Products","0.00","USD"
"2026-02-10","432013629308606","Sponsored Brands","0.00","CAD"
"2026-02-25","239677460933975","Sponsored Products","2.71","USD"
"2026-02-24","128770506922317","Sponsored Products","0.00","USD"
"2026-02-09","494994223093944","Sponsored Brands","0.00","AUD"
"2026-02-25","132476300811824","Sponsored Products","19.34","CAD"
"2026-02-26","48192245895031","Sponsored Products","0.00","USD"
"2026-02-22","43460676635147","Sponsored Products","0.00","USD"
"2026-02-22","251197015848063","Sponsored Products","3.67","CAD"
"2026-02-04","414778030564989","Sponsored Products","0.00","GBP"
"2026-02-07","373188657935606","Sponsored Products","0.00","AUD"
"2026-02-01","297335215332435","Sponsored Products","2.01","CAD"
"2026-02-05","115943131527635","Sponsored Products","0.00","USD"
"2026-02-07","461803854184467","Sponsored Products","0.00","CAD"
"2026-02-13","79620432535917","Sponsored Products","4.67","USD"
"2026-02-28","61837188685116","Sponsored Products","4.33","USD"
"2026-02-07","545989665090053","Sponsored Brands","0.41","GBP"
"2026-02-24","205764417979436","Sponsored Products","0.00","USD"
"2026-02-19","271780514756108","Sponsored Products","0.00","USD"
"2026-02-15","189380234928822","Sponsored Products","0.00","USD"
"2026-02-16","213530912619228","Sponsored Products","0.00","USD"
"2026-02-16","281110747056753","Sponsored Products","0.00","USD"
"2026-02-14","357384467879967","Sponsored Brands","8.37","USD"
"2026-02-05","452082306058129","Sponsored Brands","1.31","CAD"
"2026-02-25","413308568322873","Sponsored Brands","0.00","USD"
"2026-02-16","280528554873543","Sponsored Products","2.07","USD"
"2026-02-05","454571413921997","Sponsored Products","0.00","GBP"
"2026-02-03","32571611634774","Sponsored Products","0.00","USD"
"2026-02-11","280528554873543","Sponsored Products","2.50","USD"
"2026-02-02","300354268849742","Sponsored Brands","2.01","CAD"
"2026-02-05","542395622943712","Sponsored Products","0.37","GBP"
"2026-02-12","40237294180920","Sponsored Products","0.00","USD"
"2026-02-10","11143044290906","Sponsored Products","0.00","USD"
"2026-02-17","380662946968621","Sponsored Display","0.07","USD"
"2026-02-10","286308132559342","Sponsored Brands","0.00","AUD"
"2026-02-25","23854220044300","Sponsored Products","2.87","USD"
"2026-02-17","101965336081409","Sponsored Products","0.00","USD"
"2026-02-24","1861066386589","Sponsored Products","0.00","USD"
"2026-02-06","521187964040554","Sponsored Products","0.62","CAD"
"2026-02-13","115943131527635","Sponsored Products","0.00","USD"
"2026-02-08","354627207584492","Sponsored Products","0.00","CAD"
"2026-02-12","27661898820374","Sponsored Products","0.00","USD"
"2026-02-20","296615200458181","Sponsored Brands","9.65","USD"
"2026-02-08","303784488331012","Sponsored Display","0.00","AUD"
"2026-02-21","349690804752896","Sponsored Products","0.00","USD"
"2026-02-24","28864493115463","Sponsored Products","0.00","USD"
"2026-02-28","53404531347848","Sponsored Products","2.58","USD"
"2026-02-14","291680855614624","Sponsored Brands","0.00","GBP"
"2026-02-09","296615200458181","Sponsored Brands","21.40","USD"
"2026-02-21","272711015971799","Sponsored Products","3.22","USD"
"2026-02-01","539931100075119","Sponsored Brands","25.30","USD"
"2026-02-11","484239021223334","Sponsored Products","0.00","AUD"
"2026-02-14","269935586939823","Sponsored Products","8.90","CAD"
"2026-02-26","202838039381314","Sponsored Products","0.00","USD"
"2026-02-24","281110747056753","Sponsored Products","0.00","USD"
"2026-02-17","61503627186513","Sponsored Products","0.00","USD"
"2026-02-07","292138679780956","Sponsored Products","0.00","AUD"
"2026-02-23","93539819506468","Sponsored Products","0.00","USD"
"2026-02-09","517050919084211","Sponsored Products","0.00","CAD"
"2026-02-06","18193170148935","Sponsored Products","0.00","USD"
"2026-02-07","61090477012622","Sponsored Products","0.00","USD"
"2026-02-14","158724595401869","Sponsored Products","0.00","USD"
"2026-02-23","48433117829801","Sponsored Products","1.44","USD"
"2026-02-06","373593607967581","Sponsored Display","0.00","AUD"
"2026-02-07","246452377117901","Sponsored Products","0.00","USD"
"2026-02-22","158724595401869","Sponsored Products","0.00","USD"
"2026-02-25","280528554873543","Sponsored Products","0.00","USD"
"2026-02-12","399703016940832","Sponsored Brands","0.00","CAD"
"2026-02-21","380662946968621","Sponsored Display","0.04","USD"
"2026-02-05","375412452273685","Sponsored Products","10.71","GBP"
"2026-02-08","215176800738804","Sponsored Products","17.98","USD"
"2026-02-02","42141939819441","Sponsored Products","0.00","USD"
"2026-02-13","369371745062988","Sponsored Products","0.00","CAD"
"2026-02-10","210638600694486","Sponsored Products","2.50","USD"
"2026-02-28","203521351461363","Sponsored Products","9.24","USD"
"2026-02-12","278626821184075","Sponsored Products","0.00","USD"
"2026-02-28","8078369968995","Sponsored Products","0.00","USD"
"2026-02-28","194512325763287","Sponsored Products","2.26","USD"
"2026-02-17","145958940968220","Sponsored Products","0.78","USD"
"2026-02-25","32571611634774","Sponsored Products","0.00","USD"
"2026-02-07","406487274006731","Sponsored Products","0.00","AUD"
"2026-02-18","148265992493931","Sponsored Products","0.00","USD"
"2026-02-10","434170639918769","Sponsored Brands","1.44","USD"
"2026-02-26","439663157752722","Sponsored Brands","3.77","USD"
"2026-02-04","176992507771254","Sponsored Products","3.56","USD"
"2026-02-25","225946958740637","Sponsored Products","0.26","USD"
"2026-02-09","281024885672869","Sponsored Products","0.00","USD"
"2026-02-12","137772430611725","Sponsored Products","0.00","USD"
"2026-02-12","312632253610695","Sponsored Brands","0.80","USD"
"2026-02-01","386893543852916","Sponsored Products","10.08","CAD"
"2026-02-27","18193170148935","Sponsored Products","0.51","USD"
"2026-02-02","555516622120091","Sponsored Brands","1.39","GBP"
"2026-02-05","459488439760934","Sponsored Products","1.35","GBP"
"2026-02-26","210638600694486","Sponsored Products","0.40","USD"
"2026-02-08","291618943691121","Sponsored Brands","0.00","AUD"
"2026-02-02","340849210853799","Sponsored Products","0.00","USD"
"2026-02-08","400936883710783","Sponsored Products","3.47","AUD"
"2026-02-16","348184859637636","Sponsored Brands","0.40","USD"
"2026-02-01","267283875717235","Sponsored Products","5.41","USD"
"2026-02-06","194512325763287","Sponsored Products","0.97","USD"
"2026-02-11","413308568322873","Sponsored Brands","0.00","USD"
"2026-02-23","156989235380210","Sponsored Products","212.92","USD"
"2026-02-23","281110747056753","Sponsored Products","0.00","USD"
"2026-02-10","423447600502988","Sponsored Brands","0.00","CAD"
"2026-02-07","204544178017947","Sponsored Products","1.45","USD"
"2026-02-13","192968792078402","Sponsored Products","0.00","USD"
"2026-02-13","34478632960968","Sponsored Products","8.18","USD"
"2026-02-09","419802202221779","Sponsored Products","0.00","CAD"
"2026-02-03","137772430611725","Sponsored Products","5.88","USD"
"2026-02-11","529845821022802","Sponsored Products","0.00","AUD"
"2026-02-14","439663157752722","Sponsored Brands","5.07","USD"
"2026-02-09","434871922933588","Sponsored Brands","1.78","CAD"
"2026-02-06","384986795476042","Sponsored Brands","0.00","CAD"
"2026-02-27","115758363210245","Sponsored Products","56.60","USD"
"2026-02-01","328156874590794","Sponsored Brands","0.00","USD"
"2026-02-05","148265992493931","Sponsored Products","0.00","USD"
"2026-02-05","545146961820010","Sponsored Products","3.97","GBP"
"2026-02-10","215176800738804","Sponsored Products","1.35","USD"
"2026-02-03","453187476718269","Sponsored Display","0.00","CAD"
"2026-02-15","482686146435604","Sponsored Brands","4.83","USD"
"2026-02-17","271780514756108","Sponsored Products","0.00","USD"
"2026-02-17","60802440953180","Sponsored Products","13.94","USD"
"2026-02-01","40237294180920","Sponsored Products","0.67","USD"
"2026-02-17","72921898703277","Sponsored Products","0.00","USD"
"2026-02-13","464658704178346","Sponsored Brands","0.37","USD"
"2026-02-10","58475731073369","Sponsored Products","0.00","USD"
"2026-02-04","152555236474228","Sponsored Products","5.81","USD"
"2026-02-08","32571611634774","Sponsored Products","0.00","USD"
"2026-02-13","269935586939823","Sponsored Products","2.44","CAD"
"2026-02-24","243038183553247","Sponsored Products","0.00","USD"
"2026-02-16","138135222992233","Sponsored Products","0.00","USD"
"2026-02-03","414778030564989","Sponsored Products","2.22","GBP"
"2026-02-20","539931100075119","Sponsored Brands","23.97","USD"
"2026-02-21","133243849204741","Sponsored Products","0.00","USD"
"2026-02-13","560000811916391","Sponsored Brands","9.68","USD"
"2026-02-02","96060745446945","Sponsored Products","0.00","USD"
"2026-02-20","202299611765170","Sponsored Products","0.00","USD"
"2026-02-07","461174245552414","Sponsored Products","3.59","AUD"
"2026-02-12","312711508263023","Sponsored Products","0.00","AUD"
"2026-02-17","267283875717235","Sponsored Products","0.00","USD"
"2026-02-13","194512325763287","Sponsored Products","0.00","USD"
"2026-02-17","126638359335345","Sponsored Products","0.00","USD"
"2026-02-04","94121140300347","Sponsored Products","14.37","USD"
"2026-02-16","281024885672869","Sponsored Products","0.00","USD"
"2026-02-06","423447600502988","Sponsored Brands","0.00","CAD"
"2026-02-04","558782683947956","Sponsored Products","0.00","CAD"
"2026-02-07","54673378227395","Sponsored Products","1.54","USD"
"2026-02-06","444969564092992","Sponsored Products","0.00","CAD"
"2026-02-02","297335215332435","Sponsored Products","4.91","CAD"
"2026-02-08","312632253610695","Sponsored Brands","3.35","USD"
"2026-02-05","397652540263806","Sponsored Products","0.00","CAD"
"2026-02-26","224639482376841","Sponsored Products","0.00","USD"
"2026-02-17","259201002739674","Sponsored Products","2.47","USD"
"2026-02-15","280528554873543","Sponsored Products","2.90","USD"
"2026-02-27","186804517918072","Sponsored Products","4.13","USD"
"2026-02-01","27661898820374","Sponsored Products","11.73","USD"
"2026-02-23","115943131527635","Sponsored Products","0.00","USD"
"2026-02-07","419802202221779","Sponsored Products","0.47","CAD"
"2026-02-13","9627520751858","Sponsored Products","14.46","USD"
"2026-02-04","545989665090053","Sponsored Brands","1.22","GBP"
"2026-02-17","53404531347848","Sponsored Products","6.87","USD"
"2026-02-02","348184859637636","Sponsored Brands","8.08","USD"
"2026-02-02","39061317933304","Sponsored Products","0.02","USD"
"2026-02-07","133846876580591","Sponsored Products","4.54","USD"
"2026-02-02","480355060288556","Sponsored Products","0.00","AUD"
"2026-02-06","8078369968995","Sponsored Products","0.00","USD"
"2026-02-24","269935586939823","Sponsored Products","19.49","CAD"
"2026-02-06","439663157752722","Sponsored Brands","0.00","USD"
"2026-02-26","113013759920940","Sponsored Products","0.00","USD"
"2026-02-07","515637010546761","Sponsored Brands","0.00","USD"
"2026-02-08","386920533914758","Sponsored Brands","0.25","CAD"
"2026-02-06","486701736662809","Sponsored Products","0.46","AUD"
"2026-02-18","88056195803598","Sponsored Products","0.00","USD"
"2026-02-13","452082306058129","Sponsored Brands","0.00","CAD"
"2026-02-12","210638600694486","Sponsored Products","4.86","USD"
"2026-02-26","348184859637636","Sponsored Brands","2.94","USD"
"2026-02-13","128770506922317","Sponsored Products","0.00","USD"
"2026-02-16","30179169319725","Sponsored Products","5.45","AUD"
"2026-02-25","54386198712419","Sponsored Products","0.00","USD"
"2026-02-03","279125239605082","Sponsored Products","2.94","USD"
"2026-02-19","199076365376964","Sponsored Products","2.44","USD"
"2026-02-06","115943131527635","Sponsored Products","0.00","USD"
"2026-02-21","254109808305934","Sponsored Products","0.00","USD"
"2026-02-27","2414736156339","Sponsored Products","23.12","USD"
"2026-02-24","130912331972988","Sponsored Products","0.00","USD"
"2026-02-01","270513944391898","Sponsored Products","9.81","USD"
"2026-02-15","77231525415892","Sponsored Products","0.00","USD"
"2026-02-17","218351835233699","Sponsored Products","41.63","GBP"
"2026-02-03","257373022214500","Sponsored Products","7.37","USD"
"2026-02-04","373188657935606","Sponsored Products","0.00","AUD"
"2026-02-21","278626821184075","Sponsored Products","0.00","USD"
"2026-02-05","431386932028495","Sponsored Products","0.00","USD"
"2026-02-25","210638600694486","Sponsored Products","0.00","USD"
"2026-02-16","102474552529229","Sponsored Products","0.00","USD"
"2026-02-06","531194039320877","Sponsored Products","0.00","CAD"
"2026-02-05","199076365376964","Sponsored Products","0.65","USD"
"2026-02-05","198809778193730","Sponsored Products","131.58","USD"
"2026-02-01","286601245904247","Sponsored Products","0.00","CAD"
"2026-02-05","517050919084211","Sponsored Products","0.45","CAD"
"2026-02-07","444969564092992","Sponsored Products","0.00","CAD"
"2026-02-17","23854220044300","Sponsored Products","1.21","USD"
"2026-02-20","241960271286519","Sponsored Products","0.00","USD"
"2026-02-28","154085784178560","Sponsored Products","0.00","USD"
"2026-02-12","459130146103681","Sponsored Display","0.00","AUD"
"2026-02-15","128770506922317","Sponsored Products","0.60","USD"
"2026-02-26","199076365376964","Sponsored Products","0.00","USD"
"2026-02-04","138135222992233","Sponsored Products","12.82","USD"
"2026-02-19","134777743429986","Sponsored Products","0.00","USD"
"2026-02-08","429345285920060","Sponsored Brands","0.00","GBP"
"2026-02-04","419764168918332","Sponsored Brands","0.00","AUD"
"2026-02-02","463874563272935","Sponsored Brands","0.00","AUD"
"2026-02-25","121446500477002","Sponsored Products","0.00","USD"
"2026-02-08","429216730447678","Sponsored Products","0.00","AUD"
"2026-02-06","346023186686134","Sponsored Brands","0.00","USD"
"2026-02-08","23854220044300","Sponsored Products","1.15","USD"
"2026-02-14","261580610725925","Sponsored Products","0.86","AUD"
"2026-02-28","28864493115463","Sponsored Products","0.00","USD"
"2026-02-08","386893543852916","Sponsored Products","1.64","CAD"
"2026-02-13","82064097659476","Sponsored Products","0.00","USD"
"2026-02-15","205764417979436","Sponsored Products","0.00","USD"
"2026-02-26","58475731073369","Sponsored Products","2.09","USD"
"2026-02-20","82064097659476","Sponsored Products","0.00","USD"
"2026-02-27","206968068657618","Sponsored Products","0.00","USD"
"2026-02-11","455688132780953","Sponsored Brands","8.39","USD"
"2026-02-01","188279469264899","Sponsored Products","0.80","USD"
"2026-02-08","30651955945418","Sponsored Products","2.60","USD"
"2026-02-22","186804517918072","Sponsored Products","3.69","USD"
"2026-02-14","241960271286519","Sponsored Products","0.00","USD"
"2026-02-08","521187964040554","Sponsored Products","3.69","CAD"
"2026-02-03","558782683947956","Sponsored Products","0.00","CAD"
"2026-02-12","207367106415924","Sponsored Products","9.45","GBP"
"2026-02-10","291618943691121","Sponsored Brands","0.00","AUD"
"2026-02-18","407444835513369","Sponsored Brands","0.00","CAD"
"2026-02-24","205922105032655","Sponsored Products","1.16","USD"
"2026-02-04","339568026468029","Sponsored Brands","0.37","CAD"
"2026-02-03","77231525415892","Sponsored Products","0.45","USD"
"2026-02-10","202228555422966","Sponsored Products","0.00","USD"
"2026-02-14","175777768252798","Sponsored Products","0.00","USD"
"2026-02-08","102474552529229","Sponsored Products","1.65","USD"
"2026-02-15","202228555422966","Sponsored Products","0.00","USD"
"2026-02-01","486701736662809","Sponsored Products","17.57","AUD"
"2026-02-12","434871922933588","Sponsored Brands","0.90","CAD"
"2026-02-21","291680855614624","Sponsored Brands","0.85","GBP"
"2026-02-16","188545556962991","Sponsored Products","22.18","USD"
"2026-02-13","432013629308606","Sponsored Brands","0.00","CAD"
"2026-02-24","145958940968220","Sponsored Products","1.56","USD"
"2026-02-16","439663157752722","Sponsored Brands","7.78","USD"
"2026-02-26","96060745446945","Sponsored Products","0.00","USD"
"2026-02-25","267283875717235","Sponsored Products","0.00","USD"
"2026-02-23","22348745290500","Sponsored Products","0.00","USD"
"2026-02-18","128835884603962","Sponsored Products","0.00","USD"
"2026-02-06","459488439760934","Sponsored Products","0.50","GBP"
"2026-02-10","303344079444236","Sponsored Brands","0.00","GBP"
"2026-02-17","291680855614624","Sponsored Brands","0.00","GBP"
"2026-02-28","137772430611725","Sponsored Products","0.00","USD"
"2026-02-01","18193170148935","Sponsored Products","0.90","USD"
"2026-02-05","396524009311704","Sponsored Brands","3.81","CAD"
"2026-02-12","34639218619625","Sponsored Products","1.17","USD"
"2026-02-28","441925918527435","Sponsored Brands","11.00","USD"
"2026-02-04","115764500761375","Sponsored Products","10.45","USD"
"2026-02-14","93539819506468","Sponsored Products","0.00","USD"
"2026-02-05","18193170148935","Sponsored Products","0.00","USD"
"2026-02-25","205764417979436","Sponsored Products","0.00","USD"
"2026-02-01","348184859637636","Sponsored Brands","8.93","USD"
"2026-02-12","281110747056753","Sponsored Products","0.00","USD"
"2026-02-08","434170639918769","Sponsored Brands","8.40","USD"
"2026-02-04","81320226496883","Sponsored Products","1.51","USD"
"2026-02-24","138135222992233","Sponsored Products","0.00","USD"
"2026-02-05","557802220335065","Sponsored Products","0.00","CAD"
"2026-02-02","473740316381787","Sponsored Products","12.25","GBP"
"2026-02-25","115764500761375","Sponsored Products","17.48","USD"
"2026-02-04","383486487068158","Sponsored Display","6.93","GBP"
"2026-02-08","154085784178560","Sponsored Products","0.00","USD"
"2026-02-10","65271102777505","Sponsored Products","5.99","USD"
"2026-02-18","375262111034104","Sponsored Brands","1.00","USD"
"2026-02-18","239677460933975","Sponsored Products","3.16","USD"
"2026-02-10","357384467879967","Sponsored Brands","13.01","USD"
"2026-02-08","406964010755868","Sponsored Products","5.08","CAD"
"2026-02-24","312632253610695","Sponsored Brands","0.31","USD"
"2026-02-11","263910374759225","Sponsored Products","2.82","CAD"
"2026-02-13","58475731073369","Sponsored Products","0.43","USD"
"2026-02-28","284096201830626","Sponsored Display","1.53","USD"
"2026-02-23","168803396873792","Sponsored Products","0.00","USD"
"2026-02-13","2414736156339","Sponsored Products","0.00","USD"
"2026-02-17","198809778193730","Sponsored Products","10.99","USD"
"2026-02-12","255100442617527","Sponsored Products","2.71","USD"
"2026-02-08","452065263384491","Sponsored Brands","0.00","USD"
"2026-02-10","61090477012622","Sponsored Products","5.11","USD"
"2026-02-10","480355060288556","Sponsored Products","0.51","AUD"
"2026-02-16","44065507618346","Sponsored Products","8.77","USD"
"2026-02-06","231848232455644","Sponsored Products","0.00","USD"
"2026-02-26","9627520751858","Sponsored Products","7.44","USD"
"2026-02-08","101459965063202","Sponsored Products","1.15","USD"
"2026-02-07","375412452273685","Sponsored Products","0.00","GBP"
"2026-02-03","67855357390881","Sponsored Products","0.00","USD"
"2026-02-03","440997775738977","Sponsored Products","0.00","AUD"
"2026-02-07","397652540263806","Sponsored Products","0.00","CAD"
"2026-02-25","101459965063202","Sponsored Products","1.26","USD"
"2026-02-01","553804041062258","Sponsored Products","0.00","USD"
"2026-02-02","422044464968254","Sponsored Products","7.98","GBP"
"2026-02-25","173362871105297","Sponsored Products","0.00","USD"
"2026-02-25","218351835233699","Sponsored Products","24.16","GBP"
"2026-02-10","292138679780956","Sponsored Products","0.42","AUD"
"2026-02-11","239772993878028","Sponsored Products","0.00","USD"
"2026-02-05","382263989834817","Sponsored Products","0.00","AUD"
"2026-02-05","554029658228344","Sponsored Display","0.00","GBP"
"2026-02-11","141552428309171","Sponsored Products","123.57","USD"
"2026-02-17","349690804752896","Sponsored Products","0.00","USD"
"2026-02-06","504962652065858","Sponsored Brands","0.00","AUD"
"2026-02-01","96473122408354","Sponsored Products","0.00","USD"
"2026-02-16","194838680698310","Sponsored Products","1.82","USD"
"2026-02-03","43460676635147","Sponsored Products","0.00","USD"
"2026-02-07","65861573413220","Sponsored Products","0.00","USD"
"2026-02-08","346023186686134","Sponsored Brands","0.00","USD"
"2026-02-25","215176800738804","Sponsored Products","0.00","USD"
"2026-02-28","375262111034104","Sponsored Brands","0.00","USD"
"2026-02-11","121446500477002","Sponsored Products","1.57","USD"
"2026-02-05","32030113168570","Sponsored Products","0.00","USD"
"2026-02-25","284096201830626","Sponsored Display","0.95","USD"
"2026-02-09","93539819506468","Sponsored Products","1.23","USD"
"2026-02-10","2414736156339","Sponsored Products","0.00","USD"
"2026-02-22","455688132780953","Sponsored Brands","10.29","USD"
"2026-02-13","360836238849040","Sponsored Products","0.00","AUD"
"2026-02-24","44065507618346","Sponsored Products","0.94","USD"
"2026-02-20","30179169319725","Sponsored Products","4.87","AUD"
"2026-02-22","194512325763287","Sponsored Products","0.00","USD"
"2026-02-01","558782683947956","Sponsored Products","0.95","CAD"
"2026-02-03","44065507618346","Sponsored Products","1.47","USD"
"2026-02-23","141648422510979","Sponsored Products","0.00","USD"
"2026-02-06","441925918527435","Sponsored Brands","0.37","USD"
"2026-02-09","277250351840071","Sponsored Products","8.66","USD"
"2026-02-17","192420944790293","Sponsored Products","2.62","GBP"
"2026-02-04","458452283549074","Sponsored Brands","0.00","CAD"
"2026-02-07","307534770253902","Sponsored Products","0.00","CAD"
"2026-02-19","1069464513580","Sponsored Products","55.88","USD"
"2026-02-23","40237294180920","Sponsored Products","0.00","USD"
"2026-02-03","398718122329444","Sponsored Products","0.00","GBP"
"2026-02-04","399857229182854","Sponsored Brands","1.50","GBP"
"2026-02-22","188279469264899","Sponsored Products","0.95","USD"
"2026-02-12","141552428309171","Sponsored Products","50.08","USD"
"2026-02-06","558297049226516","Sponsored Brands","0.00","CAD"
"2026-02-03","407530123839349","Sponsored Products","0.00","AUD"
"2026-02-01","455100983218716","Sponsored Brands","3.97","USD"
"2026-02-24","140453739775668","Sponsored Products","0.00","USD"
"2026-02-11","557802220335065","Sponsored Products","0.00","CAD"
"2026-02-26","206968068657618","Sponsored Products","0.00","USD"
"2026-02-25","11588448157956","Sponsored Products","0.00","USD"
"2026-02-26","270513944391898","Sponsored Products","2.27","USD"
"2026-02-10","281235849108344","Sponsored Products","16.35","USD"
"2026-02-07","558782683947956","Sponsored Products","0.00","CAD"
"2026-02-13","184593163947523","Sponsored Products","0.00","USD"
"2026-02-01","357384467879967","Sponsored Brands","13.42","USD"
"2026-02-26","149818563042691","Sponsored Products","0.00","USD"
"2026-02-07","539931100075119","Sponsored Brands","16.30","USD"
"2026-02-08","134777743429986","Sponsored Products","0.00","USD"
"2026-02-07","486830706800832","Sponsored Products","0.00","CAD"
"2026-02-05","82064097659476","Sponsored Products","2.87","USD"
"2026-02-17","346023186686134","Sponsored Brands","2.77","USD"
"2026-02-28","452065263384491","Sponsored Brands","3.29","USD"
"2026-02-14","239695922795958","Sponsored Products","0.00","USD"
"2026-02-25","42141939819441","Sponsored Products","0.00","USD"
"2026-02-13","521187964040554","Sponsored Products","2.23","CAD"
"2026-02-11","145958940968220","Sponsored Products","0.00","USD"
"2026-02-18","554029658228344","Sponsored Display","0.00","GBP"
"2026-02-26","133243849204741","Sponsored Products","0.00","USD"
"2026-02-03","99206488936490","Sponsored Products","0.00","USD"
"2026-02-20","281235849108344","Sponsored Products","17.67","USD"
"2026-02-27","348184859637636","Sponsored Brands","0.00","USD"
"2026-02-14","158171452508120","Sponsored Products","1.33","USD"
"2026-02-03","397652540263806","Sponsored Products","0.00","CAD"
"2026-02-15","346023186686134","Sponsored Brands","1.18","USD"
"2026-02-25","158724595401869","Sponsored Products","0.00","USD"
"2026-02-05","399703016940832","Sponsored Brands","0.00","CAD"
"2026-02-24","189380234928822","Sponsored Products","0.00","USD"
"2026-02-18","233888031600237","Sponsored Products","0.00","USD"
"2026-02-09","373593607967581","Sponsored Display","0.00","AUD"
"2026-02-09","396524009311704","Sponsored Brands","1.17","CAD"
"2026-02-17","72790979016813","Sponsored Products","0.00","USD"
"2026-02-05","428914757065848","Sponsored Products","5.03","CAD"
"2026-02-14","140453739775668","Sponsored Products","0.00","USD"
"2026-02-09","502907079288115","Sponsored Products","0.00","CAD"
"2026-02-20","48433117829801","Sponsored Products","0.47","USD"
"2026-02-02","453754530299965","Sponsored Brands","12.45","USD"
"2026-02-05","486830706800832","Sponsored Products","0.00","CAD"
"2026-02-22","254109808305934","Sponsored Products","0.00","USD"
"2026-02-19","281235849108344","Sponsored Products","7.50","USD"
"2026-02-23","1069464513580","Sponsored Products","25.15","USD"
"2026-02-18","491366396962687","Sponsored Brands","5.21","USD"
"2026-02-27","198809778193730","Sponsored Products","12.03","USD"
"2026-02-02","375451164709840","Sponsored Products","0.00","GBP"
"2026-02-26","72921898703277","Sponsored Products","0.00","USD"
"2026-02-15","102474552529229","Sponsored Products","0.00","USD"
"2026-02-01","407346576799567","Sponsored Products","0.00","AUD"
"2026-02-03","103204875656014","Sponsored Products","0.45","USD"
"2026-02-18","128770506922317","Sponsored Products","0.00","USD"
"2026-02-26","434170639918769","Sponsored Brands","1.63","USD"
"2026-02-25","156989235380210","Sponsored Products","318.59","USD"
"2026-02-08","263910374759225","Sponsored Products","8.60","CAD"
"2026-02-13","531187508971652","Sponsored Display","0.00","CAD"
"2026-02-12","504962652065858","Sponsored Brands","0.00","AUD"
"2026-02-04","371604599978031","Sponsored Products","0.00","AUD"
"2026-02-10","455100983218716","Sponsored Brands","0.99","USD"
"2026-02-14","325883174926875","Sponsored Brands","1.20","USD"
"2026-02-08","284096201830626","Sponsored Display","5.65","USD"
"2026-02-23","113013759920940","Sponsored Products","1.71","USD"
"2026-02-22","102474552529229","Sponsored Products","1.15","USD"
"2026-02-22","153491409585454","Sponsored Products","6.13","USD"
"2026-02-05","281235849108344","Sponsored Products","10.04","USD"
"2026-02-09","158171452508120","Sponsored Products","0.00","USD"
"2026-02-26","175777768252798","Sponsored Products","0.00","USD"
"2026-02-28","48192245895031","Sponsored Products","0.00","USD"
"2026-02-17","102474552529229","Sponsored Products","0.00","USD"
"2026-02-13","363579801300326","Sponsored Products","0.00","CAD"
"2026-02-12","189380234928822","Sponsored Products","0.00","USD"
"2026-02-08","255100442617527","Sponsored Products","3.04","USD"
"2026-02-06","288669281122601","Sponsored Products","18.57","AUD"
"2026-02-10","557802220335065","Sponsored Products","0.00","CAD"
"2026-02-19","77231525415892","Sponsored Products","0.00","USD"
"2026-02-12","463874563272935","Sponsored Brands","1.44","AUD"
"2026-02-26","452065263384491","Sponsored Brands","4.93","USD"
"2026-02-20","199076365376964","Sponsored Products","1.68","USD"
"2026-02-04","318148591057223","Sponsored Products","3.56","GBP"
"2026-02-19","455100983218716","Sponsored Brands","7.28","USD"
"2026-02-21","130912331972988","Sponsored Products","13.17","USD"
"2026-02-25","455688132780953","Sponsored Brands","0.00","USD"
"2026-02-06","369371745062988","Sponsored Products","0.00","CAD"
"2026-02-14","2414736156339","Sponsored Products","0.00","USD"
"2026-02-18","291680855614624","Sponsored Brands","0.45","GBP"
"2026-02-02","441276644656791","Sponsored Brands","0.00","AUD"
"2026-02-28","198809778193730","Sponsored Products","23.97","USD"
"2026-02-03","162987026418786","Sponsored Products","0.33","USD"
"2026-02-12","175777768252798","Sponsored Products","0.00","USD"
"2026-02-13","494994223093944","Sponsored Brands","0.00","AUD"
"2026-02-27","115764500761375","Sponsored Products","19.50","USD"
"2026-02-17","455688132780953","Sponsored Brands","3.30","USD"
"2026-02-13","156285188540724","Sponsored Products","12.39","USD"
"2026-02-17","1069464513580","Sponsored Products","50.80","USD"
"2026-02-27","134777743429986","Sponsored Products","0.00","USD"
"2026-02-24","453754530299965","Sponsored Brands","1.64","USD"
"2026-02-03","61503627186513","Sponsored Products","0.00","USD"
"2026-02-01","141552428309171","Sponsored Products","134.03","USD"
"2026-02-16","72921898703277","Sponsored Products","0.00","USD"
"2026-02-27","277250351840071","Sponsored Products","1.92","USD"
"2026-02-07","1069464513580","Sponsored Products","27.39","USD"
"2026-02-03","48758698369103","Sponsored Products","7.02","USD"
"2026-02-08","548511206574211","Sponsored Brands","0.00","AUD"
"2026-02-12","115764500761375","Sponsored Products","7.51","USD"
"2026-02-11","94073967562900","Sponsored Products","0.00","USD"
"2026-02-01","286308132559342","Sponsored Brands","0.00","AUD"
"2026-02-28","281024885672869","Sponsored Products","0.85","USD"
"2026-02-06","65861573413220","Sponsored Products","1.06","USD"
"2026-02-10","281024885672869","Sponsored Products","0.00","USD"
"2026-02-15","156989235380210","Sponsored Products","373.67","USD"
"2026-02-27","281110747056753","Sponsored Products","0.00","USD"
"2026-02-13","448149727236636","Sponsored Products","0.00","AUD"
"2026-02-06","77231525415892","Sponsored Products","0.00","USD"
"2026-02-12","14582572617569","Sponsored Products","0.00","USD"
"2026-02-05","54673378227395","Sponsored Products","0.00","USD"
"2026-02-26","82064097659476","Sponsored Products","0.00","USD"
"2026-02-24","281024885672869","Sponsored Products","0.98","USD"
"2026-02-20","115758363210245","Sponsored Products","2.61","USD"
"2026-02-15","233888031600237","Sponsored Products","0.00","USD"
"2026-02-27","284096201830626","Sponsored Display","0.05","USD"
"2026-02-26","192968792078402","Sponsored Products","0.00","USD"
"2026-02-08","480355060288556","Sponsored Products","0.00","AUD"
"2026-02-06","115764500761375","Sponsored Products","4.61","USD"
"2026-02-20","210638600694486","Sponsored Products","0.00","USD"
"2026-02-02","413308568322873","Sponsored Brands","0.35","USD"
"2026-02-13","407530123839349","Sponsored Products","0.00","AUD"
"2026-02-07","272711015971799","Sponsored Products","2.07","USD"
"2026-02-01","402078469217372","Sponsored Products","0.00","USD"
"2026-02-12","168803396873792","Sponsored Products","0.00","USD"
"2026-02-08","441925918527435","Sponsored Brands","0.00","USD"
"2026-02-09","407444835513369","Sponsored Brands","0.00","CAD"
"2026-02-19","23854220044300","Sponsored Products","2.59","USD"
"2026-02-12","72921898703277","Sponsored Products","0.00","USD"
"2026-02-08","517050919084211","Sponsored Products","0.00","CAD"
"2026-02-07","392598200964005","Sponsored Products","0.00","CAD"
"2026-02-02","397652540263806","Sponsored Products","0.00","CAD"
"2026-02-22","482686146435604","Sponsored Brands","4.62","USD"
"2026-02-13","459130146103681","Sponsored Display","0.00","AUD"
"2026-02-07","259201002739674","Sponsored Products","1.71","USD"
"2026-02-26","482686146435604","Sponsored Brands","6.79","USD"
"2026-02-14","432013629308606","Sponsored Brands","0.00","CAD"
"2026-02-14","39061317933304","Sponsored Products","0.00","USD"
"2026-02-13","199076365376964","Sponsored Products","2.15","USD"
"2026-02-17","58475731073369","Sponsored Products","0.50","USD"
"2026-02-28","192420944790293","Sponsored Products","1.86","GBP"
"2026-02-05","392598200964005","Sponsored Products","1.11","CAD"
"2026-02-06","126638359335345","Sponsored Products","0.00","USD"
"2026-02-06","360412290312296","Sponsored Brands","1.28","CAD"
"2026-02-12","128770506922317","Sponsored Products","0.00","USD"
"2026-02-16","93539819506468","Sponsored Products","1.53","USD"
"2026-02-13","272711015971799","Sponsored Products","0.00","USD"
"2026-02-25","186804517918072","Sponsored Products","5.01","USD"
"2026-02-02","320522945603717","Sponsored Brands","0.00","CAD"
"2026-02-23","188279469264899","Sponsored Products","0.00","USD"
"2026-02-03","530353594830018","Sponsored Display","0.00","CAD"
"2026-02-08","168803396873792","Sponsored Products","0.00","USD"
"2026-02-06","347536643859180","Sponsored Products","0.00","GBP"
"2026-02-26","205764417979436","Sponsored Products","0.00","USD"
"2026-02-05","53404531347848","Sponsored Products","0.00","USD"
"2026-02-07","126638359335345","Sponsored Products","0.00","USD"
"2026-02-24","48192245895031","Sponsored Products","0.00","USD"
"2026-02-10","502907079288115","Sponsored Products","0.00","CAD"
"2026-02-21","28864493115463","Sponsored Products","2.25","USD"
"2026-02-09","316207062053537","Sponsored Products","6.81","AUD"
"2026-02-15","312632253610695","Sponsored Brands","0.46","USD"
"2026-02-02","286855949125211","Sponsored Products","3.05","AUD"
"2026-02-04","555360954347903","Sponsored Products","0.05","CAD"
"2026-02-23","303344079444236","Sponsored Brands","0.00","GBP"
"2026-02-03","292138679780956","Sponsored Products","0.00","AUD"
"2026-02-09","339568026468029","Sponsored Brands","0.58","CAD"
"2026-02-22","303344079444236","Sponsored Brands","0.20","GBP"
"2026-02-04","545146961820010","Sponsored Products","1.35","GBP"
"2026-02-27","132476300811824","Sponsored Products","31.54","CAD"
"2026-02-12","453754530299965","Sponsored Brands","0.83","USD"
"2026-02-24","245503802057093","Sponsored Products","0.00","USD"
"2026-02-20","255100442617527","Sponsored Products","0.00","USD"
"2026-02-03","239677460933975","Sponsored Products","20.21","USD"
"2026-02-12","439663157752722","Sponsored Brands","0.00","USD"
"2026-02-18","43460676635147","Sponsored Products","0.00","USD"
"2026-02-02","138135222992233","Sponsored Products","5.31","USD"
"2026-02-08","198809778193730","Sponsored Products","184.66","USD"
"2026-02-12","545989665090053","Sponsored Brands","7.95","GBP"
"2026-02-15","134777743429986","Sponsored Products","1.21","USD"
"2026-02-19","187735718741416","Sponsored Products","1.77","USD"
"2026-02-06","551134208715253","Sponsored Products","0.00","AUD"
"2026-02-03","423471492340141","Sponsored Brands","14.27","USD"
"2026-02-06","452082306058129","Sponsored Brands","0.00","CAD"
"2026-02-03","93539819506468","Sponsored Products","1.17","USD"
"2026-02-03","303344079444236","Sponsored Brands","2.15","GBP"
"2026-02-24","413308568322873","Sponsored Brands","0.00","USD"
"2026-02-05","286601245904247","Sponsored Products","0.60","CAD"
"2026-02-06","480355060288556","Sponsored Products","0.00","AUD"
"2026-02-02","8078369968995","Sponsored Products","0.00","USD"
"2026-02-15","257373022214500","Sponsored Products","1.46","USD"
"2026-02-21","215176800738804","Sponsored Products","0.00","USD"
"2026-02-06","417555316939613","Sponsored Brands","0.00","AUD"
"2026-02-03","494994223093944","Sponsored Brands","0.00","AUD"
"2026-02-04","281024885672869","Sponsored Products","0.00","USD"
"2026-02-21","257373022214500","Sponsored Products","2.22","USD"
"2026-02-16","303344079444236","Sponsored Brands","0.24","GBP"
"2026-02-08","494590942145867","Sponsored Products","30.11","CAD"
"2026-02-18","1861066386589","Sponsored Products","0.00","USD"
"2026-02-18","303344079444236","Sponsored Brands","0.00","GBP"
"2026-02-04","154118694541854","Sponsored Products","10.84","USD"
"2026-02-13","392537273853228","Sponsored Brands","0.12","AUD"
"2026-02-16","79620432535917","Sponsored Products","0.00","USD"
"2026-02-10","392537273853228","Sponsored Brands","0.00","AUD"
"2026-02-23","215176800738804","Sponsored Products","0.00","USD"
"2026-02-02","453503689032806","Sponsored Products","0.00","GBP"
"2026-02-13","371604599978031","Sponsored Products","0.00","AUD"
"2026-02-10","384986795476042","Sponsored Brands","3.66","CAD"
"2026-02-11","194512325763287","Sponsored Products","2.37","USD"
"2026-02-11","188545556962991","Sponsored Products","0.00","USD"
"2026-02-06","429345285920060","Sponsored Brands","0.00","GBP"
"2026-02-19","303344079444236","Sponsored Brands","0.00","GBP"
"2026-02-15","115758363210245","Sponsored Products","6.61","USD"
"2026-02-22","1069464513580","Sponsored Products","52.73","USD"
"2026-02-15","94121140300347","Sponsored Products","6.62","USD"
"2026-02-03","475621849553010","Sponsored Brands","0.00","CAD"
"2026-02-02","511519443187302","Sponsored Products","0.00","GBP"
"2026-02-17","215176800738804","Sponsored Products","0.00","USD"
"2026-02-18","199076365376964","Sponsored Products","3.09","USD"
"2026-02-04","494590942145867","Sponsored Products","30.31","CAD"
"2026-02-10","215966552761313","Sponsored Products","0.00","USD"
"2026-02-02","329222077811459","Sponsored Brands","0.00","GBP"
"2026-02-28","18193170148935","Sponsored Products","1.19","USD"
"2026-02-09","557802220335065","Sponsored Products","0.00","CAD"
"2026-02-24","348184859637636","Sponsored Brands","2.74","USD"
"2026-02-06","561131507618203","Sponsored Products","0.00","AUD"
"2026-02-08","246452377117901","Sponsored Products","0.00","USD"
"2026-02-12","115943131527635","Sponsored Products","0.00","USD"
"2026-02-22","280528554873543","Sponsored Products","0.00","USD"
"2026-02-11","1861066386589","Sponsored Products","0.00","USD"
"2026-02-16","130912331972988","Sponsored Products","6.39","USD"
"2026-02-22","79620432535917","Sponsored Products","8.23","USD"
"2026-02-19","357384467879967","Sponsored Brands","7.30","USD"
"2026-02-17","439663157752722","Sponsored Brands","5.63","USD"
"2026-02-02","79620432535917","Sponsored Products","11.57","USD"
"2026-02-21","102474552529229","Sponsored Products","4.77","USD"
"2026-02-19","137772430611725","Sponsored Products","0.00","USD"
"2026-02-12","1069464513580","Sponsored Products","50.20","USD"
"2026-02-02","407530123839349","Sponsored Products","0.00","AUD"
"2026-02-04","406487274006731","Sponsored Products","0.00","AUD"
"2026-02-08","48433117829801","Sponsored Products","12.32","USD"
"2026-02-06","267283875717235","Sponsored Products","0.00","USD"
"2026-02-15","124202126398060","Sponsored Products","0.76","USD"
"2026-02-13","14582572617569","Sponsored Products","0.00","USD"
"2026-02-06","555360954347903","Sponsored Products","0.00","CAD"
"2026-02-10","309601314328778","Sponsored Products","0.00","CAD"
"2026-02-01","113013759920940","Sponsored Products","2.13","USD"
"2026-02-04","521187964040554","Sponsored Products","0.00","CAD"
"2026-02-01","94073967562900","Sponsored Products","0.00","USD"
"2026-02-02","554517553013265","Sponsored Products","0.00","CAD"
"2026-02-03","409249674990450","Sponsored Products","0.00","AUD"
"2026-02-16","284096201830626","Sponsored Display","0.31","USD"
"2026-02-01","130912331972988","Sponsored Products","0.00","USD"
"2026-02-07","184593163947523","Sponsored Products","0.00","USD"
"2026-02-11","531187508971652","Sponsored Display","0.00","CAD"
"2026-02-16","482686146435604","Sponsored Brands","3.61","USD"
"2026-02-13","28864493115463","Sponsored Products","1.08","USD"
"2026-02-06","378858058113466","Sponsored Products","0.00","CAD"
"2026-02-22","113013759920940","Sponsored Products","0.00","USD"
"2026-02-06","65271102777505","Sponsored Products","0.81","USD"
"2026-02-06","542395622943712","Sponsored Products","0.00","GBP"
"2026-02-03","518228166841375","Sponsored Brands","2.91","GBP"
"2026-02-06","291680855614624","Sponsored Brands","1.05","GBP"
"2026-02-21","2414736156339","Sponsored Products","6.98","USD"
"2026-02-03","53404531347848","Sponsored Products","2.33","USD"
"2026-02-09","453754530299965","Sponsored Brands","0.40","USD"
"2026-02-27","56338703455249","Sponsored Products","0.00","USD"
"2026-02-28","254109808305934","Sponsored Products","2.32","USD"
"2026-02-13","539931100075119","Sponsored Brands","7.38","USD"
"2026-02-01","23854220044300","Sponsored Products","21.21","USD"
"2026-02-05","101965336081409","Sponsored Products","18.94","USD"
"2026-02-02","354036750973331","Sponsored Products","7.66","CAD"
"2026-02-23","128835884603962","Sponsored Products","0.00","USD"
"2026-02-06","459130146103681","Sponsored Display","0.00","AUD"
"2026-02-05","347536643859180","Sponsored Products","1.80","GBP"
"2026-02-24","156285188540724","Sponsored Products","6.89","USD"
"2026-02-08","369371745062988","Sponsored Products","0.00","CAD"
"2026-02-01","511509048867805","Sponsored Products","0.00","USD"
"2026-02-12","187735718741416","Sponsored Products","1.69","USD"
"2026-02-21","325883174926875","Sponsored Brands","1.59","USD"
"2026-02-08","11588448157956","Sponsored Products","0.00","USD"
"2026-02-12","257373022214500","Sponsored Products","2.52","USD"
"2026-02-13","444969564092992","Sponsored Products","1.11","CAD"
"2026-02-18","241960271286519","Sponsored Products","0.00","USD"
"2026-02-03","40237294180920","Sponsored Products","0.00","USD"
"2026-02-07","115943131527635","Sponsored Products","0.00","USD"
"2026-02-06","286855949125211","Sponsored Products","5.97","AUD"
"2026-02-05","419764168918332","Sponsored Brands","2.94","AUD"
"2026-02-10","422044464968254","Sponsored Products","0.00","GBP"
"2026-02-07","555379102425019","Sponsored Products","0.00","CAD"
"2026-02-11","417555316939613","Sponsored Brands","0.00","AUD"
"2026-02-02","316265693147625","Sponsored Products","0.00","GBP"
"2026-02-25","156285188540724","Sponsored Products","5.98","USD"
"2026-02-25","48433117829801","Sponsored Products","4.02","USD"
"2026-02-19","312632253610695","Sponsored Brands","0.00","USD"
"2026-02-06","296615200458181","Sponsored Brands","24.36","USD"
"2026-02-11","407530123839349","Sponsored Products","0.00","AUD"
"2026-02-24","188545556962991","Sponsored Products","0.00","USD"
"2026-02-09","298636506131156","Sponsored Brands","0.00","AUD"
"2026-02-18","261659564571062","Sponsored Products","9.15","USD"
"2026-02-28","154118694541854","Sponsored Products","2.36","USD"
"2026-02-07","298636506131156","Sponsored Brands","0.00","AUD"
"2026-02-05","375262111034104","Sponsored Brands","2.87","USD"
"2026-02-04","272711015971799","Sponsored Products","1.34","USD"
"2026-02-05","498311429491057","Sponsored Display","0.00","CAD"
"2026-02-16","32030113168570","Sponsored Products","0.00","USD"
"2026-02-25","154118694541854","Sponsored Products","2.22","USD"
"2026-02-02","318399173824872","Sponsored Products","1.23","GBP"
"2026-02-13","210638600694486","Sponsored Products","1.77","USD"
"2026-02-04","133846876580591","Sponsored Products","3.61","USD"
"2026-02-02","542333703103187","Sponsored Products","0.00","AUD"
"2026-02-22","291680855614624","Sponsored Brands","0.00","GBP"
"2026-02-28","172779439196738","Sponsored Products","0.00","USD"
"2026-02-06","270513944391898","Sponsored Products","13.34","USD"
"2026-02-04","79620432535917","Sponsored Products","14.20","USD"
"2026-02-06","446701085946014","Sponsored Products","0.00","GBP"
"2026-02-05","126638359335345","Sponsored Products","0.00","USD"
"2026-02-20","194512325763287","Sponsored Products","0.00","USD"
"2026-02-09","11143044290906","Sponsored Products","1.99","USD"
"2026-02-13","429216730447678","Sponsored Products","0.00","AUD"
"2026-02-02","448149727236636","Sponsored Products","0.00","AUD"
"2026-02-07","439118795538688","Sponsored Brands","0.00","CAD"
"2026-02-03","342468627864471","Sponsored Products","0.00","GBP"
"2026-02-01","121446500477002","Sponsored Products","0.00","USD"
"2026-02-06","452065263384491","Sponsored Brands","0.92","USD"
"2026-02-26","176035476248713","Sponsored Products","0.00","USD"
"2026-02-18","44065507618346","Sponsored Products","0.00","USD"
"2026-02-14","1069464513580","Sponsored Products","41.03","USD"
"2026-02-16","121446500477002","Sponsored Products","0.00","USD"
"2026-02-25","539931100075119","Sponsored Brands","7.34","USD"
"2026-02-18","115758363210245","Sponsored Products","3.55","USD"
"2026-02-24","224639482376841","Sponsored Products","1.65","USD"
"2026-02-21","491366396962687","Sponsored Brands","0.00","USD"
"2026-02-26","101459965063202","Sponsored Products","4.34","USD"
"2026-02-06","406964010755868","Sponsored Products","0.52","CAD"
"2026-02-03","113013759920940","Sponsored Products","2.29","USD"
"2026-02-05","316207062053537","Sponsored Products","0.16","AUD"
"2026-02-09","491366396962687","Sponsored Brands","4.26","USD"
"2026-02-14","216925562826343","Sponsored Products","0.00","USD"
"2026-02-06","53404531347848","Sponsored Products","0.00","USD"
"2026-02-15","259201002739674","Sponsored Products","0.00","USD"
"2026-02-25","280513164622908","Sponsored Products","0.00","USD"
"2026-02-23","158724595401869","Sponsored Products","0.00","USD"
"2026-02-12","352761064226908","Sponsored Brands","14.35","CAD"
"2026-02-07","286308132559342","Sponsored Brands","0.00","AUD"
"2026-02-11","284096201830626","Sponsored Display","5.51","USD"
"2026-02-07","94121140300347","Sponsored Products","7.58","USD"
"2026-02-02","488081803937581","Sponsored Products","0.19","GBP"
"2026-02-14","153491409585454","Sponsored Products","3.85","USD"
"2026-02-10","503460776607859","Sponsored Brands","0.00","CAD"
"2026-02-16","279125239605082","Sponsored Products","0.03","USD"
"2026-02-06","263531397076178","Sponsored Products","0.00","USD"
"2026-02-02","140453739775668","Sponsored Products","0.00","USD"
"2026-02-13","148265992493931","Sponsored Products","0.00","USD"
"2026-02-05","262727752997615","Sponsored Products","0.00","USD"
"2026-02-11","386920533914758","Sponsored Brands","0.95","CAD"
"2026-02-13","325883174926875","Sponsored Brands","1.64","USD"
"2026-02-10","453187476718269","Sponsored Display","0.00","CAD"
"2026-02-12","455983082050138","Sponsored Products","1.07","CAD"
"2026-02-16","38682977693457","Sponsored Products","0.00","USD"
"2026-02-22","188545556962991","Sponsored Products","0.00","USD"
"2026-02-07","267283875717235","Sponsored Products","0.00","USD"
"2026-02-18","205764417979436","Sponsored Products","0.00","USD"
"2026-02-11","363551194960955","Sponsored Products","0.98","CAD"
"2026-02-13","266158523203302","Sponsored Products","0.00","USD"
"2026-02-22","439663157752722","Sponsored Brands","9.62","USD"
"2026-02-12","77231525415892","Sponsored Products","0.00","USD"
"2026-02-08","561131507618203","Sponsored Products","8.04","AUD"
"2026-02-07","42141939819441","Sponsored Products","0.00","USD"
"2026-02-04","398122169001461","Sponsored Products","1.20","AUD"
"2026-02-23","464658704178346","Sponsored Brands","0.00","USD"
"2026-02-28","213530912619228","Sponsored Products","0.00","USD"
"2026-02-05","502907079288115","Sponsored Products","0.00","CAD"
"2026-02-20","40237294180920","Sponsored Products","0.00","USD"
"2026-02-11","133243849204741","Sponsored Products","21.16","USD"
"2026-02-18","60802440953180","Sponsored Products","6.48","USD"
"2026-02-10","429216730447678","Sponsored Products","3.64","AUD"
"2026-02-09","99206488936490","Sponsored Products","0.00","USD"
"2026-02-26","243204708497477","Sponsored Products","0.00","USD"
"2026-02-15","194512325763287","Sponsored Products","1.36","USD"
"2026-02-28","271780514756108","Sponsored Products","0.00","USD"
"2026-02-07","371623685288534","Sponsored Brands","0.00","GBP"
"2026-02-08","276797522102375","Sponsored Products","4.65","USD"
"2026-02-22","205922105032655","Sponsored Products","0.00","USD"
"2026-02-15","276797522102375","Sponsored Products","8.79","USD"
"2026-02-06","498311429491057","Sponsored Display","0.00","CAD"
"2026-02-12","392537273853228","Sponsored Brands","0.00","AUD"
"2026-02-03","254109808305934","Sponsored Products","4.53","USD"
"2026-02-19","348184859637636","Sponsored Brands","4.39","USD"
"2026-02-24","255100442617527","Sponsored Products","0.00","USD"
"2026-02-09","522533017982048","Sponsored Products","2.99","CAD"
"2026-02-02","495677195822245","Sponsored Brands","0.00","USD"
"2026-02-09","386920533914758","Sponsored Brands","0.37","CAD"
"2026-02-03","560000811916391","Sponsored Brands","4.30","USD"
"2026-02-27","254109808305934","Sponsored Products","3.49","USD"
"2026-02-01","77231525415892","Sponsored Products","0.00","USD"
"2026-02-14","30179169319725","Sponsored Products","5.05","AUD"
"2026-02-05","342468627864471","Sponsored Products","0.00","GBP"
"2026-02-15","94073967562900","Sponsored Products","0.00","USD"
"2026-02-20","8078369968995","Sponsored Products","0.00","USD"
"2026-02-07","14582572617569","Sponsored Products","6.54","USD"
"2026-02-05","291612323170971","Sponsored Products","5.32","CAD"
"2026-02-13","38682977693457","Sponsored Products","1.02","USD"
"2026-02-02","546618773117950","Sponsored Brands","9.38","AUD"
"2026-02-22","198809778193730","Sponsored Products","39.61","USD"
"2026-02-25","97079585612330","Sponsored Products","4.99","USD"
"2026-02-28","115764500761375","Sponsored Products","26.29","USD"
"2026-02-25","168803396873792","Sponsored Products","0.00","USD"
"2026-02-10","202299611765170","Sponsored Products","0.42","USD"
"2026-02-03","344717374719347","Sponsored Display","0.00","CAD"
"2026-02-01","378858058113466","Sponsored Products","2.22","CAD"
"2026-02-09","61090477012622","Sponsored Products","0.00","USD"
"2026-02-14","495677195822245","Sponsored Brands","0.46","USD"
"2026-02-03","484239021223334","Sponsored Products","0.00","AUD"
"2026-02-22","61503627186513","Sponsored Products","0.00","USD"
"2026-02-09","439118795538688","Sponsored Brands","0.00","CAD"
"2026-02-17","188279469264899","Sponsored Products","0.00","USD"
"2026-02-12","128835884603962","Sponsored Products","0.00","USD"
"2026-02-05","559365035833525","Sponsored Brands","0.00","AUD"
"2026-02-01","255100442617527","Sponsored Products","0.00","USD"
"2026-02-20","23854220044300","Sponsored Products","0.79","USD"
"2026-02-13","280528554873543","Sponsored Products","0.00","USD"
"2026-02-25","38682977693457","Sponsored Products","0.00","USD"
"2026-02-13","406314828765201","Sponsored Products","0.00","AUD"
"2026-02-12","202299611765170","Sponsored Products","0.00","USD"
"2026-02-18","189380234928822","Sponsored Products","0.00","USD"
"2026-02-08","149942312994880","Sponsored Products","0.00","USD"
"2026-02-06","312632253610695","Sponsored Brands","0.36","USD"
"2026-02-02","469438672280657","Sponsored Products","0.00","GBP"
"2026-02-26","28565058702355","Sponsored Products","8.50","USD"
"2026-02-20","261580610725925","Sponsored Products","0.00","AUD"
"2026-02-16","255100442617527","Sponsored Products","2.94","USD"
"2026-02-01","154085784178560","Sponsored Products","0.00","USD"
"2026-02-09","11588448157956","Sponsored Products","0.00","USD"
"2026-02-10","369371745062988","Sponsored Products","0.00","CAD"
"2026-02-04","428015197375542","Sponsored Products","3.09","AUD"
"2026-02-13","257373022214500","Sponsored Products","0.00","USD"
"2026-02-03","22348745290500","Sponsored Products","0.92","USD"
"2026-02-08","2414736156339","Sponsored Products","0.00","USD"
"2026-02-01","531194039320877","Sponsored Products","0.00","CAD"
"2026-02-15","32571611634774","Sponsored Products","0.00","USD"
"2026-02-02","317413414518930","Sponsored Products","1.43","GBP"
"2026-02-16","545989665090053","Sponsored Brands","1.67","GBP"
"2026-02-05","486701736662809","Sponsored Products","0.50","AUD"
"2026-02-28","94121140300347","Sponsored Products","0.00","USD"
"2026-02-03","522533017982048","Sponsored Products","0.00","CAD"
"2026-02-11","11143044290906","Sponsored Products","0.00","USD"
"2026-02-05","318148591057223","Sponsored Products","0.00","GBP"
"2026-02-22","423471492340141","Sponsored Brands","4.15","USD"
"2026-02-23","67855357390881","Sponsored Products","0.00","USD"
"2026-02-07","189380234928822","Sponsored Products","0.00","USD"
"2026-02-11","455100983218716","Sponsored Brands","10.32","USD"
"2026-02-02","429345285920060","Sponsored Brands","2.27","GBP"
"2026-02-07","168803396873792","Sponsored Products","0.39","USD"
"2026-02-09","363551194960955","Sponsored Products","0.00","CAD"
"2026-02-15","168803396873792","Sponsored Products","0.00","USD"
"2026-02-10","346023186686134","Sponsored Brands","3.95","USD"
"2026-02-12","288669281122601","Sponsored Products","2.45","AUD"
"2026-02-19","22515666501366","Sponsored Products","1.34","USD"
"2026-02-09","215176800738804","Sponsored Products","13.19","USD"
"2026-02-02","272711015971799","Sponsored Products","3.15","USD"
"2026-02-12","455100983218716","Sponsored Brands","8.54","USD"
"2026-02-15","81320226496883","Sponsored Products","3.82","USD"
"2026-02-23","213530912619228","Sponsored Products","0.58","USD"
"2026-02-02","551134208715253","Sponsored Products","0.00","AUD"
"2026-02-12","158171452508120","Sponsored Products","0.00","USD"
"2026-02-02","517050919084211","Sponsored Products","0.45","CAD"
"2026-02-04","360412290312296","Sponsored Brands","1.29","CAD"
"2026-02-20","173362871105297","Sponsored Products","0.00","USD"
"2026-02-01","42141939819441","Sponsored Products","1.00","USD"
"2026-02-22","281110747056753","Sponsored Products","0.00","USD"
"2026-02-25","263531397076178","Sponsored Products","0.00","USD"
"2026-02-09","434170639918769","Sponsored Brands","3.14","USD"
"2026-02-04","286308132559342","Sponsored Brands","0.00","AUD"
"2026-02-07","134777743429986","Sponsored Products","0.00","USD"
"2026-02-06","375262111034104","Sponsored Brands","11.04","USD"
"2026-02-02","276797522102375","Sponsored Products","8.14","USD"
"2026-02-02","226743970768774","Sponsored Products","0.00","USD"
"2026-02-04","317772463042332","Sponsored Products","1.01","AUD"
"2026-02-27","138135222992233","Sponsored Products","0.80","USD"
"2026-02-27","441925918527435","Sponsored Brands","5.53","USD"
"2026-02-11","270513944391898","Sponsored Products","11.12","USD"
"2026-02-01","521187964040554","Sponsored Products","2.65","CAD"
"2026-02-04","145958940968220","Sponsored Products","1.00","USD"
"2026-02-08","475621849553010","Sponsored Brands","0.00","CAD"
"2026-02-27","491366396962687","Sponsored Brands","4.12","USD"
"2026-02-10","291680855614624","Sponsored Brands","1.75","GBP"
"2026-02-12","484239021223334","Sponsored Products","0.00","AUD"
"2026-02-04","18193170148935","Sponsored Products","0.00","USD"
"2026-02-15","491770987077396","Sponsored Products","0.00","USD"
"2026-02-07","560000811916391","Sponsored Brands","4.02","USD"
"2026-02-26","441925918527435","Sponsored Brands","7.11","USD"
"2026-02-18","263531397076178","Sponsored Products","0.00","USD"
"2026-02-06","199698435439447","Sponsored Products","0.00","USD"
"2026-02-14","215176800738804","Sponsored Products","2.83","USD"
"2026-02-24","259323671730401","Sponsored Products","9.12","USD"
"2026-02-05","28565058702355","Sponsored Products","17.55","USD"
"2026-02-15","28864493115463","Sponsored Products","0.00","USD"
"2026-02-11","83677388471868","Sponsored Products","0.00","USD"
"2026-02-06","441276644656791","Sponsored Brands","0.00","AUD"
"2026-02-03","317772463042332","Sponsored Products","0.06","AUD"
"2026-02-20","101965336081409","Sponsored Products","0.00","USD"
"2026-02-14","11143044290906","Sponsored Products","0.00","USD"
"2026-02-05","463570831006082","Sponsored Products","0.00","CAD"
"2026-02-19","158171452508120","Sponsored Products","1.39","USD"
"2026-02-16","97079585612330","Sponsored Products","0.00","USD"
"2026-02-27","133846876580591","Sponsored Products","0.00","USD"
"2026-02-14","262727752997615","Sponsored Products","4.24","USD"
"2026-02-07","263910374759225","Sponsored Products","3.91","CAD"
"2026-02-13","202838039381314","Sponsored Products","0.00","USD"
"2026-02-22","545989665090053","Sponsored Brands","0.62","GBP"
"2026-02-08","124202126398060","Sponsored Products","6.89","USD"
"2026-02-04","216925562826343","Sponsored Products","0.98","USD"
"2026-02-01","133846876580591","Sponsored Products","3.24","USD"
"2026-02-26","296615200458181","Sponsored Brands","7.64","USD"
"2026-02-09","1861066386589","Sponsored Products","0.00","USD"
"2026-02-25","207367106415924","Sponsored Products","36.28","GBP"
